fund,quarter,quarter_label,portfolio_value,rank,ticker,company,weight
psc,2026Q2,2026   Q2,$19.5 B,1,UBER,Uber Technologies Inc.,0.1272
psc,2026Q2,2026   Q2,$19.5 B,2,BN,Brookfield Corp.,0.1258
psc,2026Q2,2026   Q2,$19.5 B,3,MSFT,Microsoft Corp.,0.1189
psc,2026Q2,2026   Q2,$19.5 B,4,AMZN,Amazon.com Inc.,0.10490000000000001
psc,2026Q2,2026   Q2,$19.5 B,5,HHH,Howard Hughes Holdings Inc.,0.1023
psc,2026Q2,2026   Q2,$19.5 B,6,QSR,Restaurant Brands International,0.0962
psc,2026Q2,2026   Q2,$19.5 B,7,META,Meta Platforms Inc.,0.0925
psc,2026Q2,2026   Q2,$19.5 B,8,V,Visa Inc.,0.0576
psc,2026Q2,2026   Q2,$19.5 B,9,MA,Mastercard Inc.,0.056100000000000004
psc,2026Q2,2026   Q2,$19.5 B,10,SPGI,S&P Global Inc.,0.054299999999999994
psc,2026Q2,2026   Q2,$19.5 B,11,NFLX,Netflix Inc.,0.048
psc,2026Q2,2026   Q2,$19.5 B,12,PSUS,Pershing Square Usa Ltd,0.0077
psc,2026Q2,2026   Q2,$19.5 B,13,SEG,Seaport Entertainment Group,0.0069
psc,2026Q2,2026   Q2,$19.5 B,14,HTZ,Hertz Global Hldgs Inc.,0.0017000000000000001
psc,2026Q1,2026   Q1,$13.7 B,1,BN,Brookfield Corp.,0.17620000000000002
psc,2026Q1,2026   Q1,$13.7 B,2,AMZN,Amazon.com Inc.,0.1739
psc,2026Q1,2026   Q1,$13.7 B,3,UBER,Uber Technologies Inc.,0.15710000000000002
psc,2026Q1,2026   Q1,$13.7 B,4,MSFT,Microsoft Corp.,0.15259999999999999
psc,2026Q1,2026   Q1,$13.7 B,5,QSR,Restaurant Brands International,0.122
psc,2026Q1,2026   Q1,$13.7 B,6,META,Meta Platforms Inc.,0.111
psc,2026Q1,2026   Q1,$13.7 B,7,HHH,Howard Hughes Holdings Inc.,0.087
psc,2026Q1,2026   Q1,$13.7 B,8,SEG,Seaport Entertainment Group,0.0079
psc,2026Q1,2026   Q1,$13.7 B,9,GOOG,Alphabet Inc. CL C,0.006500000000000001
psc,2026Q1,2026   Q1,$13.7 B,10,HTZ,Hertz Global Hldgs Inc.,0.0051
psc,2026Q1,2026   Q1,$13.7 B,11,GOOGL,Alphabet Inc.,0.0007000000000000001
psc,2025Q4,2025   Q4,$15.5 B,1,BN,Brookfield Corp.,0.1815
psc,2025Q4,2025   Q4,$15.5 B,2,UBER,Uber Technologies Inc.,0.159
psc,2025Q4,2025   Q4,$15.5 B,3,AMZN,Amazon.com Inc.,0.14279999999999998
psc,2025Q4,2025   Q4,$15.5 B,4,GOOG,Alphabet Inc. CL C,0.1246
psc,2025Q4,2025   Q4,$15.5 B,5,META,Meta Platforms Inc.,0.1137
psc,2025Q4,2025   Q4,$15.5 B,6,QSR,Restaurant Brands International,0.1005
psc,2025Q4,2025   Q4,$15.5 B,7,HHH,Howard Hughes Holdings Inc.,0.0969
psc,2025Q4,2025   Q4,$15.5 B,8,HLT,Hilton Worldwide Holdings,0.055999999999999994
psc,2025Q4,2025   Q4,$15.5 B,9,GOOGL,Alphabet Inc.,0.0137
psc,2025Q4,2025   Q4,$15.5 B,10,SEG,Seaport Entertainment Group,0.0064
psc,2025Q4,2025   Q4,$15.5 B,11,HTZ,Hertz Global Hldgs Inc.,0.005
psc,2025Q3,2025   Q3,$14.6 B,1,UBER,Uber Technologies Inc.,0.2025
psc,2025Q3,2025   Q3,$14.6 B,2,BN,Brookfield Corp.,0.19210000000000002
psc,2025Q3,2025   Q3,$14.6 B,3,HHH,Howard Hughes Holdings Inc.,0.1058
psc,2025Q3,2025   Q3,$14.6 B,4,GOOG,Alphabet Inc. CL C,0.1052
psc,2025Q3,2025   Q3,$14.6 B,5,QSR,Restaurant Brands International,0.10039999999999999
psc,2025Q3,2025   Q3,$14.6 B,6,AMZN,Amazon.com Inc.,0.0873
psc,2025Q3,2025   Q3,$14.6 B,7,GOOGL,Alphabet Inc.,0.08039999999999999
psc,2025Q3,2025   Q3,$14.6 B,8,CMG,Chipotle Mexican Grill Inc.,0.057699999999999994
psc,2025Q3,2025   Q3,$14.6 B,9,HLT,Hilton Worldwide Holdings,0.0537
psc,2025Q3,2025   Q3,$14.6 B,10,SEG,Seaport Entertainment Group,0.0079
psc,2025Q3,2025   Q3,$14.6 B,11,HTZ,Hertz Global Hldgs Inc.,0.0070999999999999995
psc,2025Q2,2025   Q2,$13.7 B,1,UBER,Uber Technologies Inc.,0.2059
psc,2025Q2,2025   Q2,$13.7 B,2,BN,Brookfield Corp.,0.18539999999999998
psc,2025Q2,2025   Q2,$13.7 B,3,QSR,Restaurant Brands International,0.11109999999999999
psc,2025Q2,2025   Q2,$13.7 B,4,AMZN,Amazon.com Inc.,0.0931
psc,2025Q2,2025   Q2,$13.7 B,5,HHH,Howard Hughes Holdings Inc.,0.09269999999999999
psc,2025Q2,2025   Q2,$13.7 B,6,CMG,Chipotle Mexican Grill Inc.,0.08810000000000001
psc,2025Q2,2025   Q2,$13.7 B,7,GOOG,Alphabet Inc. CL C,0.0817
psc,2025Q2,2025   Q2,$13.7 B,8,GOOGL,Alphabet Inc.,0.0688
psc,2025Q2,2025   Q2,$13.7 B,9,HLT,Hilton Worldwide Holdings,0.0588
psc,2025Q2,2025   Q2,$13.7 B,10,HTZ,Hertz Global Hldgs Inc.,0.0076
psc,2025Q2,2025   Q2,$13.7 B,11,SEG,Seaport Entertainment Group,0.0068000000000000005
psc,2025Q1,2025   Q1,$11.9 B,1,UBER,Uber Technologies Inc.,0.185
psc,2025Q1,2025   Q1,$11.9 B,2,BN,Brookfield Corp.,0.1801
psc,2025Q1,2025   Q1,$11.9 B,3,QSR,Restaurant Brands International,0.1285
psc,2025Q1,2025   Q1,$11.9 B,4,HHH,Howard Hughes Holdings Inc.,0.11710000000000001
psc,2025Q1,2025   Q1,$11.9 B,5,CMG,Chipotle Mexican Grill Inc.,0.0907
psc,2025Q1,2025   Q1,$11.9 B,6,CP,Canadian Pacific Kansas City,0.08710000000000001
psc,2025Q1,2025   Q1,$11.9 B,7,GOOG,Alphabet Inc. CL C,0.0828
psc,2025Q1,2025   Q1,$11.9 B,8,GOOGL,Alphabet Inc.,0.0575
psc,2025Q1,2025   Q1,$11.9 B,9,HLT,Hilton Worldwide Holdings,0.0572
psc,2025Q1,2025   Q1,$11.9 B,10,SEG,Seaport Entertainment Group,0.009000000000000001
psc,2025Q1,2025   Q1,$11.9 B,11,HTZ,Hertz Global Hldgs Inc.,0.005
psc,2024Q4,2024   Q4,$12.7 B,1,BN,Brookfield Corp.,0.1583
psc,2024Q4,2024   Q4,$12.7 B,2,QSR,Restaurant Brands International,0.1184
psc,2024Q4,2024   Q4,$12.7 B,3,CMG,Chipotle Mexican Grill Inc.,0.1174
psc,2024Q4,2024   Q4,$12.7 B,4,HHH,Howard Hughes Holdings Inc.,0.11449999999999999
psc,2024Q4,2024   Q4,$12.7 B,5,GOOG,Alphabet Inc. CL C,0.11349999999999999
psc,2024Q4,2024   Q4,$12.7 B,6,NKE,NIKE Inc.,0.11220000000000001
psc,2024Q4,2024   Q4,$12.7 B,7,HLT,Hilton Worldwide Holdings,0.10619999999999999
psc,2024Q4,2024   Q4,$12.7 B,8,CP,Canadian Pacific Kansas City,0.085
psc,2024Q4,2024   Q4,$12.7 B,9,GOOGL,Alphabet Inc.,0.0596
psc,2024Q4,2024   Q4,$12.7 B,10,SEG,Seaport Entertainment Group,0.0111
psc,2024Q4,2024   Q4,$12.7 B,11,HTZ,Hertz Global Hldgs Inc.,0.0037
psc,2024Q3,2024   Q3,$12.9 B,1,BN,Brookfield Corp.,0.1348
psc,2024Q3,2024   Q3,$12.9 B,2,HLT,Hilton Worldwide Holdings,0.1316
psc,2024Q3,2024   Q3,$12.9 B,3,CMG,Chipotle Mexican Grill Inc.,0.1286
psc,2024Q3,2024   Q3,$12.9 B,4,QSR,Restaurant Brands International,0.1285
psc,2024Q3,2024   Q3,$12.9 B,5,HHH,Howard Hughes Holdings Inc.,0.1131
psc,2024Q3,2024   Q3,$12.9 B,6,NKE,NIKE Inc.,0.1115
psc,2024Q3,2024   Q3,$12.9 B,7,CP,Canadian Pacific Kansas City,0.0986
psc,2024Q3,2024   Q3,$12.9 B,8,GOOG,Alphabet Inc. CL C,0.0977
psc,2024Q3,2024   Q3,$12.9 B,9,GOOGL,Alphabet Inc.,0.0512
psc,2024Q3,2024   Q3,$12.9 B,10,SEG,Seaport Entertainment Group,0.0044
psc,2024Q2,2024   Q2,$10.4 B,1,HLT,Hilton Worldwide Holdings,0.18760000000000002
psc,2024Q2,2024   Q2,$10.4 B,2,CMG,Chipotle Mexican Grill Inc.,0.1734
psc,2024Q2,2024   Q2,$10.4 B,3,QSR,Restaurant Brands International,0.1564
psc,2024Q2,2024   Q2,$10.4 B,4,GOOG,Alphabet Inc. CL C,0.133
psc,2024Q2,2024   Q2,$10.4 B,5,HHH,Howard Hughes Holdings Inc.,0.1174
psc,2024Q2,2024   Q2,$10.4 B,6,CP,Canadian Pacific Kansas City,0.11320000000000001
psc,2024Q2,2024   Q2,$10.4 B,7,GOOGL,Alphabet Inc.,0.0697
psc,2024Q2,2024   Q2,$10.4 B,8,BN,Brookfield Corp.,0.0273
psc,2024Q2,2024   Q2,$10.4 B,9,NKE,NIKE Inc.,0.022000000000000002
psc,2024Q1,2024   Q1,$10.8 B,1,CMG,Chipotle Mexican Grill Inc.,0.201
psc,2024Q1,2024   Q1,$10.8 B,2,HLT,Hilton Worldwide Holdings,0.182
psc,2024Q1,2024   Q1,$10.8 B,3,QSR,Restaurant Brands International,0.1724
psc,2024Q1,2024   Q1,$10.8 B,4,GOOG,Alphabet Inc. CL C,0.13269999999999998
psc,2024Q1,2024   Q1,$10.8 B,5,HHH,Howard Hughes Holdings Inc.,0.1272
psc,2024Q1,2024   Q1,$10.8 B,6,CP,Canadian Pacific Kansas City,0.12369999999999999
psc,2024Q1,2024   Q1,$10.8 B,7,GOOGL,Alphabet Inc.,0.0611
psc,2023Q4,2023   Q4,$10.4 B,1,CMG,Chipotle Mexican Grill Inc.,0.1815
psc,2023Q4,2023   Q4,$10.4 B,2,QSR,Restaurant Brands International,0.17550000000000002
psc,2023Q4,2023   Q4,$10.4 B,3,HLT,Hilton Worldwide Holdings,0.16079999999999997
psc,2023Q4,2023   Q4,$10.4 B,4,HHH,Howard Hughes Holdings Inc.,0.1551
psc,2023Q4,2023   Q4,$10.4 B,5,GOOG,Alphabet Inc. CL C,0.12710000000000002
psc,2023Q4,2023   Q4,$10.4 B,6,CP,Canadian Pacific Kansas City,0.1148
psc,2023Q4,2023   Q4,$10.4 B,7,GOOGL,Alphabet Inc.,0.058499999999999996
psc,2023Q4,2023   Q4,$10.4 B,8,LOW,Lowe's Cos.,0.026699999999999998
psc,2023Q3,2023   Q3,$10.5 B,1,CMG,Chipotle Mexican Grill Inc.,0.16649999999999998
psc,2023Q3,2023   Q3,$10.5 B,2,QSR,Restaurant Brands International,0.1482
psc,2023Q3,2023   Q3,$10.5 B,3,HLT,Hilton Worldwide Holdings,0.1475
psc,2023Q3,2023   Q3,$10.5 B,4,LOW,Lowe's Cos.,0.14
psc,2023Q3,2023   Q3,$10.5 B,5,HHH,Howard Hughes Holdings Inc.,0.11869999999999999
psc,2023Q3,2023   Q3,$10.5 B,6,GOOG,Alphabet Inc. CL C,0.11779999999999999
psc,2023Q3,2023   Q3,$10.5 B,7,CP,Canadian Pacific Kansas City,0.107
psc,2023Q3,2023   Q3,$10.5 B,8,GOOGL,Alphabet Inc.,0.054299999999999994
psc,2023Q2,2023   Q2,$10.8 B,1,CMG,Chipotle Mexican Grill Inc.,0.1886
psc,2023Q2,2023   Q2,$10.8 B,2,QSR,Restaurant Brands International,0.1673
psc,2023Q2,2023   Q2,$10.8 B,3,LOW,Lowe's Cos.,0.1558
psc,2023Q2,2023   Q2,$10.8 B,4,HLT,Hilton Worldwide Holdings,0.12560000000000002
psc,2023Q2,2023   Q2,$10.8 B,5,HHH,Howard Hughes Holdings Inc.,0.1209
psc,2023Q2,2023   Q2,$10.8 B,6,CP,Canadian Pacific Kansas City,0.1127
psc,2023Q2,2023   Q2,$10.8 B,7,GOOG,Alphabet Inc. CL C,0.10490000000000001
psc,2023Q2,2023   Q2,$10.8 B,8,GOOGL,Alphabet Inc.,0.0242
psc,2023Q1,2023   Q1,$10.2 B,1,LOW,Lowe's Cos.,0.19640000000000002
psc,2023Q1,2023   Q1,$10.2 B,2,CMG,Chipotle Mexican Grill Inc.,0.1721
psc,2023Q1,2023   Q1,$10.2 B,3,QSR,Restaurant Brands International,0.159
psc,2023Q1,2023   Q1,$10.2 B,4,HLT,Hilton Worldwide Holdings,0.1282
psc,2023Q1,2023   Q1,$10.2 B,5,HHH,Howard Hughes Holdings Inc.,0.1252
psc,2023Q1,2023   Q1,$10.2 B,6,CP,Canadian Pacific Kansas City,0.1148
psc,2023Q1,2023   Q1,$10.2 B,7,GOOG,Alphabet Inc. CL C,0.0821
psc,2023Q1,2023   Q1,$10.2 B,8,GOOGL,Alphabet Inc.,0.0222
psc,2022Q4,2022   Q4,$8.78 B,1,LOW,Lowe's Cos.,0.2353
psc,2022Q4,2022   Q4,$8.78 B,2,QSR,Restaurant Brands International,0.17809999999999998
psc,2022Q4,2022   Q4,$8.78 B,3,CMG,Chipotle Mexican Grill Inc.,0.1746
psc,2022Q4,2022   Q4,$8.78 B,4,HLT,Hilton Worldwide Holdings,0.14429999999999998
psc,2022Q4,2022   Q4,$8.78 B,5,HHH,Howard Hughes Holdings Inc.,0.1383
psc,2022Q4,2022   Q4,$8.78 B,6,CP,Canadian Pacific Kansas City,0.1294
psc,2022Q3,2022   Q3,$7.88 B,1,LOW,Lowe's Cos.,0.24739999999999998
psc,2022Q3,2022   Q3,$7.88 B,2,CMG,Chipotle Mexican Grill Inc.,0.2108
psc,2022Q3,2022   Q3,$7.88 B,3,QSR,Restaurant Brands International,0.16329999999999997
psc,2022Q3,2022   Q3,$7.88 B,4,HLT,Hilton Worldwide Holdings,0.1536
psc,2022Q3,2022   Q3,$7.88 B,5,CP,Canadian Pacific Kansas City,0.1291
psc,2022Q3,2022   Q3,$7.88 B,6,HHH,Howard Hughes Holdings Inc.,0.0958
psc,2022Q2,2022   Q2,$7.46 B,1,LOW,Lowe's Cos.,0.2389
psc,2022Q2,2022   Q2,$7.46 B,2,CMG,Chipotle Mexican Grill Inc.,0.1936
psc,2022Q2,2022   Q2,$7.46 B,3,QSR,Restaurant Brands International,0.16010000000000002
psc,2022Q2,2022   Q2,$7.46 B,4,HLT,Hilton Worldwide Holdings,0.14800000000000002
psc,2022Q2,2022   Q2,$7.46 B,5,HHH,Howard Hughes Holdings Inc.,0.1242
psc,2022Q2,2022   Q2,$7.46 B,6,DPZ,Dominos Pizza Inc.,0.1076
psc,2022Q2,2022   Q2,$7.46 B,7,CP,Canadian Pacific Kansas City,0.0276
psc,2022Q1,2022   Q1,$10.4 B,1,LOW,Lowe's Cos.,0.1986
psc,2022Q1,2022   Q1,$10.4 B,2,CMG,Chipotle Mexican Grill Inc.,0.1697
psc,2022Q1,2022   Q1,$10.4 B,3,HLT,Hilton Worldwide Holdings,0.14529999999999998
psc,2022Q1,2022   Q1,$10.4 B,4,HHH,Howard Hughes Holdings Inc.,0.1358
psc,2022Q1,2022   Q1,$10.4 B,5,QSR,Restaurant Brands International,0.1341
psc,2022Q1,2022   Q1,$10.4 B,6,NFLX,Netflix Inc.,0.1121
psc,2022Q1,2022   Q1,$10.4 B,7,DPZ,Dominos Pizza Inc.,0.081
psc,2022Q1,2022   Q1,$10.4 B,8,CP,Canadian Pacific Kansas City,0.023399999999999997
psc,2021Q4,2021   Q4,$10.8 B,1,LOW,Lowe's Cos.,0.24539999999999998
psc,2021Q4,2021   Q4,$10.8 B,2,HLT,Hilton Worldwide Holdings,0.1822
psc,2021Q4,2021   Q4,$10.8 B,3,CMG,Chipotle Mexican Grill Inc.,0.1808
psc,2021Q4,2021   Q4,$10.8 B,4,QSR,Restaurant Brands International,0.13470000000000001
psc,2021Q4,2021   Q4,$10.8 B,5,HHH,Howard Hughes Holdings Inc.,0.1286
psc,2021Q4,2021   Q4,$10.8 B,6,DPZ,Dominos Pizza Inc.,0.10949999999999999
psc,2021Q4,2021   Q4,$10.8 B,7,CP,Canadian Pacific Kansas City,0.018799999999999997
psc,2021Q3,2021   Q3,$9.46 B,1,LOW,Lowe's Cos.,0.2194
psc,2021Q3,2021   Q3,$9.46 B,2,CMG,Chipotle Mexican Grill Inc.,0.2141
psc,2021Q3,2021   Q3,$9.46 B,3,HLT,Hilton Worldwide Holdings,0.17989999999999998
psc,2021Q3,2021   Q3,$9.46 B,4,QSR,Restaurant Brands International,0.1548
psc,2021Q3,2021   Q3,$9.46 B,5,HHH,Howard Hughes Holdings Inc.,0.1264
psc,2021Q3,2021   Q3,$9.46 B,6,DPZ,Dominos Pizza Inc.,0.1054
psc,2021Q2,2021   Q2,$10.7 B,1,LOW,Lowe's Cos.,0.1837
psc,2021Q2,2021   Q2,$10.7 B,2,A,Agilent Technologies,0.16140000000000002
psc,2021Q2,2021   Q2,$10.7 B,3,CMG,Chipotle Mexican Grill Inc.,0.1572
psc,2021Q2,2021   Q2,$10.7 B,4,HLT,Hilton Worldwide Holdings,0.1437
psc,2021Q2,2021   Q2,$10.7 B,5,QSR,Restaurant Brands International,0.1426
psc,2021Q2,2021   Q2,$10.7 B,6,HHH,Howard Hughes Holdings Inc.,0.1226
psc,2021Q2,2021   Q2,$10.7 B,7,DPZ,Dominos Pizza Inc.,0.0888
psc,2021Q1,2021   Q1,$10.5 B,1,LOW,Lowe's Cos.,0.21739999999999998
psc,2021Q1,2021   Q1,$10.5 B,2,HLT,Hilton Worldwide Holdings,0.1489
psc,2021Q1,2021   Q1,$10.5 B,3,QSR,Restaurant Brands International,0.1487
psc,2021Q1,2021   Q1,$10.5 B,4,CMG,Chipotle Mexican Grill Inc.,0.1475
psc,2021Q1,2021   Q1,$10.5 B,5,A,Agilent Technologies,0.1435
psc,2021Q1,2021   Q1,$10.5 B,6,HHH,Howard Hughes Holdings Inc.,0.1225
psc,2021Q1,2021   Q1,$10.5 B,7,DPZ,Dominos Pizza Inc.,0.0716
psc,2020Q4,2020   Q4,$10 B,1,LOW,Lowe's Cos.,0.19879999999999998
psc,2020Q4,2020   Q4,$10 B,2,CMG,Chipotle Mexican Grill Inc.,0.161
psc,2020Q4,2020   Q4,$10 B,3,QSR,Restaurant Brands International,0.153
psc,2020Q4,2020   Q4,$10 B,4,HLT,Hilton Worldwide Holdings,0.1485
psc,2020Q4,2020   Q4,$10 B,5,A,Agilent Technologies,0.1449
psc,2020Q4,2020   Q4,$10 B,6,SBUX,Starbucks Corp.,0.10769999999999999
psc,2020Q4,2020   Q4,$10 B,7,HHH,Howard Hughes Holdings Inc.,0.0862
psc,2020Q3,2020   Q3,$8.82 B,1,LOW,Lowe's Cos.,0.23329999999999998
psc,2020Q3,2020   Q3,$8.82 B,2,CMG,Chipotle Mexican Grill Inc.,0.1637
psc,2020Q3,2020   Q3,$8.82 B,3,QSR,Restaurant Brands International,0.1637
psc,2020Q3,2020   Q3,$8.82 B,4,A,Agilent Technologies,0.1401
psc,2020Q3,2020   Q3,$8.82 B,5,HLT,Hilton Worldwide Holdings,0.1292
psc,2020Q3,2020   Q3,$8.82 B,6,SBUX,Starbucks Corp.,0.0987
psc,2020Q3,2020   Q3,$8.82 B,7,HHH,Howard Hughes Holdings Inc.,0.0713
psc,2020Q2,2020   Q2,$7.75 B,1,LOW,Lowe's Cos.,0.22149999999999997
psc,2020Q2,2020   Q2,$7.75 B,2,QSR,Restaurant Brands International,0.177
psc,2020Q2,2020   Q2,$7.75 B,3,CMG,Chipotle Mexican Grill Inc.,0.1576
psc,2020Q2,2020   Q2,$7.75 B,4,A,Agilent Technologies,0.1439
psc,2020Q2,2020   Q2,$7.75 B,5,HLT,Hilton Worldwide Holdings,0.1306
psc,2020Q2,2020   Q2,$7.75 B,6,SBUX,Starbucks Corp.,0.0962
psc,2020Q2,2020   Q2,$7.75 B,7,HHH,Howard Hughes Holdings Inc.,0.0732
psc,2020Q1,2020   Q1,$6.57 B,1,LOW,Lowe's Cos.,0.1604
psc,2020Q1,2020   Q1,$6.57 B,2,BRK.B,Berkshire Hathaway CL B,0.1517
psc,2020Q1,2020   Q1,$6.57 B,3,HLT,Hilton Worldwide Holdings,0.1432
psc,2020Q1,2020   Q1,$6.57 B,4,A,Agilent Technologies,0.1376
psc,2020Q1,2020   Q1,$6.57 B,5,CMG,Chipotle Mexican Grill Inc.,0.11560000000000001
psc,2020Q1,2020   Q1,$6.57 B,6,SBUX,Starbucks Corp.,0.1013
psc,2020Q1,2020   Q1,$6.57 B,7,HHH,Howard Hughes Holdings Inc.,0.09369999999999999
psc,2020Q1,2020   Q1,$6.57 B,8,QSR,Restaurant Brands International,0.0919
psc,2020Q1,2020   Q1,$6.57 B,9,BX,Blackstone Group,0.0038
psc,2020Q1,2020   Q1,$6.57 B,10,PK,Park Hotels & Resorts Inc.,0.0008
psc,2019Q4,2019   Q4,$6.55 B,1,CMG,Chipotle Mexican Grill Inc.,0.22030000000000002
psc,2019Q4,2019   Q4,$6.55 B,2,HLT,Hilton Worldwide Holdings,0.1787
psc,2019Q4,2019   Q4,$6.55 B,3,LOW,Lowe's Cos.,0.1574
psc,2019Q4,2019   Q4,$6.55 B,4,QSR,Restaurant Brands International,0.14679999999999999
psc,2019Q4,2019   Q4,$6.55 B,5,BRK.B,Berkshire Hathaway CL B,0.1388
psc,2019Q4,2019   Q4,$6.55 B,6,SBUX,Starbucks Corp.,0.0732
psc,2019Q4,2019   Q4,$6.55 B,7,HHH,Howard Hughes Holdings Inc.,0.0425
psc,2019Q4,2019   Q4,$6.55 B,8,A,Agilent Technologies,0.042300000000000004
psc,2019Q3,2019   Q3,$6.49 B,1,CMG,Chipotle Mexican Grill Inc.,0.22329999999999997
psc,2019Q3,2019   Q3,$6.49 B,2,QSR,Restaurant Brands International,0.1654
psc,2019Q3,2019   Q3,$6.49 B,3,HLT,Hilton Worldwide Holdings,0.1515
psc,2019Q3,2019   Q3,$6.49 B,4,LOW,Lowe's Cos.,0.1459
psc,2019Q3,2019   Q3,$6.49 B,5,BRK.B,Berkshire Hathaway CL B,0.12869999999999998
psc,2019Q3,2019   Q3,$6.49 B,6,SBUX,Starbucks Corp.,0.12689999999999999
psc,2019Q3,2019   Q3,$6.49 B,7,A,Agilent Technologies,0.0344
psc,2019Q3,2019   Q3,$6.49 B,8,HHH,Howard Hughes Holdings Inc.,0.0239
psc,2019Q2,2019   Q2,$6.71 B,1,CMG,Chipotle Mexican Grill Inc.,0.1948
psc,2019Q2,2019   Q2,$6.71 B,2,QSR,Restaurant Brands International,0.16210000000000002
psc,2019Q2,2019   Q2,$6.71 B,3,HLT,Hilton Worldwide Holdings,0.1598
psc,2019Q2,2019   Q2,$6.71 B,4,LOW,Lowe's Cos.,0.13390000000000002
psc,2019Q2,2019   Q2,$6.71 B,5,SBUX,Starbucks Corp.,0.1164
psc,2019Q2,2019   Q2,$6.71 B,6,BRK.B,Berkshire Hathaway CL B,0.1116
psc,2019Q2,2019   Q2,$6.71 B,7,ADP,Automatic Data Processing Inc.,0.0993
psc,2019Q2,2019   Q2,$6.71 B,8,HHH,Howard Hughes Holdings Inc.,0.022099999999999998
psc,2019Q1,2019   Q1,$6.72 B,1,CMG,Chipotle Mexican Grill Inc.,0.19699999999999998
psc,2019Q1,2019   Q1,$6.72 B,2,QSR,Restaurant Brands International,0.1778
psc,2019Q1,2019   Q1,$6.72 B,3,LOW,Lowe's Cos.,0.1518
psc,2019Q1,2019   Q1,$6.72 B,4,HLT,Hilton Worldwide Holdings,0.13570000000000002
psc,2019Q1,2019   Q1,$6.72 B,5,RTX,RTX Corp.,0.1117
psc,2019Q1,2019   Q1,$6.72 B,6,SBUX,Starbucks Corp.,0.1106
psc,2019Q1,2019   Q1,$6.72 B,7,ADP,Automatic Data Processing Inc.,0.0958
psc,2019Q1,2019   Q1,$6.72 B,8,HHH,Howard Hughes Holdings Inc.,0.0196
psc,2018Q4,2018   Q4,$5.96 B,1,QSR,Restaurant Brands International,0.1728
psc,2018Q4,2018   Q4,$5.96 B,2,LOW,Lowe's Cos.,0.1479
psc,2018Q4,2018   Q4,$5.96 B,3,CMG,Chipotle Mexican Grill Inc.,0.1407
psc,2018Q4,2018   Q4,$5.96 B,4,HLT,Hilton Worldwide Holdings,0.1319
psc,2018Q4,2018   Q4,$5.96 B,5,SBUX,Starbucks Corp.,0.12710000000000002
psc,2018Q4,2018   Q4,$5.96 B,6,RTX,RTX Corp.,0.09970000000000001
psc,2018Q4,2018   Q4,$5.96 B,7,ADP,Automatic Data Processing Inc.,0.08960000000000001
psc,2018Q4,2018   Q4,$5.96 B,8,PAH,Platform Specialty Products Corp.,0.0701
psc,2018Q4,2018   Q4,$5.96 B,9,HHH,Howard Hughes Holdings Inc.,0.0202
psc,2018Q3,2018   Q3,$5.21 B,1,QSR,Restaurant Brands International,0.2372
psc,2018Q3,2018   Q3,$5.21 B,2,LOW,Lowe's Cos.,0.18600000000000003
psc,2018Q3,2018   Q3,$5.21 B,3,CMG,Chipotle Mexican Grill Inc.,0.1797
psc,2018Q3,2018   Q3,$5.21 B,4,RTX,RTX Corp.,0.1328
psc,2018Q3,2018   Q3,$5.21 B,5,ADP,Automatic Data Processing Inc.,0.1165
psc,2018Q3,2018   Q3,$5.21 B,6,PAH,Platform Specialty Products Corp.,0.0968
psc,2018Q3,2018   Q3,$5.21 B,7,HHH,Howard Hughes Holdings Inc.,0.0509
psc,2018Q2,2018   Q2,$5.81 B,1,QSR,Restaurant Brands International,0.2165
psc,2018Q2,2018   Q2,$5.81 B,2,CMG,Chipotle Mexican Grill Inc.,0.21420000000000003
psc,2018Q2,2018   Q2,$5.81 B,3,LOW,Lowe's Cos.,0.127
psc,2018Q2,2018   Q2,$5.81 B,4,MDLZ,Mondelez International,0.11560000000000001
psc,2018Q2,2018   Q2,$5.81 B,5,RTX,RTX Corp.,0.0978
psc,2018Q2,2018   Q2,$5.81 B,6,ADP,Automatic Data Processing Inc.,0.09759999999999999
psc,2018Q2,2018   Q2,$5.81 B,7,PAH,Platform Specialty Products Corp.,0.0808
psc,2018Q2,2018   Q2,$5.81 B,8,HHH,Howard Hughes Holdings Inc.,0.050300000000000004
psc,2018Q1,2018   Q1,$4.83 B,1,QSR,Restaurant Brands International,0.2865
psc,2018Q1,2018   Q1,$4.83 B,2,CMG,Chipotle Mexican Grill Inc.,0.19269999999999998
psc,2018Q1,2018   Q1,$4.83 B,3,ADP,Automatic Data Processing Inc.,0.1865
psc,2018Q1,2018   Q1,$4.83 B,4,MDLZ,Mondelez International,0.13949999999999999
psc,2018Q1,2018   Q1,$4.83 B,5,PAH,Platform Specialty Products Corp.,0.0806
psc,2018Q1,2018   Q1,$4.83 B,6,HHH,Howard Hughes Holdings Inc.,0.0635
psc,2018Q1,2018   Q1,$4.83 B,7,RTX,RTX Corp.,0.0506
psc,2017Q4,2017   Q4,$5.87 B,1,QSR,Restaurant Brands International,0.2774
psc,2017Q4,2017   Q4,$5.87 B,2,ADP,Automatic Data Processing Inc.,0.17559999999999998
psc,2017Q4,2017   Q4,$5.87 B,3,MDLZ,Mondelez International,0.16949999999999998
psc,2017Q4,2017   Q4,$5.87 B,4,CMG,Chipotle Mexican Grill Inc.,0.1419
psc,2017Q4,2017   Q4,$5.87 B,5,HHH,Howard Hughes Holdings Inc.,0.1052
psc,2017Q4,2017   Q4,$5.87 B,6,PAH,Platform Specialty Products Corp.,0.0683
psc,2017Q4,2017   Q4,$5.87 B,7,NKE,NIKE Inc.,0.0622
psc,2017Q3,2017   Q3,$5.11 B,1,QSR,Restaurant Brands International,0.331
psc,2017Q3,2017   Q3,$5.11 B,2,ADP,Automatic Data Processing Inc.,0.1881
psc,2017Q3,2017   Q3,$5.11 B,3,CMG,Chipotle Mexican Grill Inc.,0.17350000000000002
psc,2017Q3,2017   Q3,$5.11 B,4,MDLZ,Mondelez International,0.1107
psc,2017Q3,2017   Q3,$5.11 B,5,HHH,Howard Hughes Holdings Inc.,0.1085
psc,2017Q3,2017   Q3,$5.11 B,6,PAH,Platform Specialty Products Corp.,0.0882
psc,2017Q2,2017   Q2,$6.02 B,1,QSR,Restaurant Brands International,0.4071
psc,2017Q2,2017   Q2,$6.02 B,2,CMG,Chipotle Mexican Grill Inc.,0.19940000000000002
psc,2017Q2,2017   Q2,$6.02 B,3,MDLZ,Mondelez International,0.1041
psc,2017Q2,2017   Q2,$6.02 B,4,HHH,Howard Hughes Holdings Inc.,0.09609999999999999
psc,2017Q2,2017   Q2,$6.02 B,5,PAH,Platform Specialty Products Corp.,0.08529999999999999
psc,2017Q2,2017   Q2,$6.02 B,6,NOMD,Nomad Foods Ltd,0.0782
psc,2017Q2,2017   Q2,$6.02 B,7,ADP,Automatic Data Processing Inc.,0.0298
psc,2017Q1,2017   Q1,$5.96 B,1,QSR,Restaurant Brands International,0.3661
psc,2017Q1,2017   Q1,$5.96 B,2,CMG,Chipotle Mexican Grill Inc.,0.21539999999999998
psc,2017Q1,2017   Q1,$5.96 B,3,MDLZ,Mondelez International,0.1441
psc,2017Q1,2017   Q1,$5.96 B,4,PAH,Platform Specialty Products Corp.,0.08839999999999999
psc,2017Q1,2017   Q1,$5.96 B,5,HHH,Howard Hughes Holdings Inc.,0.0702
psc,2017Q1,2017   Q1,$5.96 B,6,NOMD,Nomad Foods Ltd,0.064
psc,2017Q1,2017   Q1,$5.96 B,7,APD,Air Products & Chemicals,0.0518
psc,2016Q4,2016   Q4,$5.91 B,1,QSR,Restaurant Brands International,0.3156
psc,2016Q4,2016   Q4,$5.91 B,2,CMG,Chipotle Mexican Grill Inc.,0.1839
psc,2016Q4,2016   Q4,$5.91 B,3,MDLZ,Mondelez International,0.172
psc,2016Q4,2016   Q4,$5.91 B,4,APD,Air Products & Chemicals,0.0941
psc,2016Q4,2016   Q4,$5.91 B,5,HHH,Howard Hughes Holdings Inc.,0.0688
psc,2016Q4,2016   Q4,$5.91 B,6,PAH,Platform Specialty Products Corp.,0.06709999999999999
psc,2016Q4,2016   Q4,$5.91 B,7,NOMD,Nomad Foods Ltd,0.053899999999999997
psc,2016Q4,2016   Q4,$5.91 B,8,BHC,Bausch Health,0.044500000000000005
psc,2016Q3,2016   Q3,$5.41 B,1,QSR,Restaurant Brands International,0.3224
psc,2016Q3,2016   Q3,$5.41 B,2,MDLZ,Mondelez International,0.1861
psc,2016Q3,2016   Q3,$5.41 B,3,APD,Air Products & Chemicals,0.1118
psc,2016Q3,2016   Q3,$5.41 B,4,BHC,Bausch Health,0.09789999999999999
psc,2016Q3,2016   Q3,$5.41 B,5,HHH,Howard Hughes Holdings Inc.,0.0755
psc,2016Q3,2016   Q3,$5.41 B,6,NOMD,Nomad Foods Ltd,0.0728
psc,2016Q3,2016   Q3,$5.41 B,7,PAH,Platform Specialty Products Corp.,0.064
psc,2016Q3,2016   Q3,$5.41 B,8,CMG,Chipotle Mexican Grill Inc.,0.0434
psc,2016Q3,2016   Q3,$5.41 B,9,ZTS,Zoetis Inc.,0.026099999999999998
psc,2016Q2,2016   Q2,$7.51 B,1,QSR,Restaurant Brands International,0.2168
psc,2016Q2,2016   Q2,$7.51 B,2,CP,Canadian Pacific Kansas City,0.16870000000000002
psc,2016Q2,2016   Q2,$7.51 B,3,APD,Air Products & Chemicals,0.1437
psc,2016Q2,2016   Q2,$7.51 B,4,MDLZ,Mondelez International,0.139
psc,2016Q2,2016   Q2,$7.51 B,5,ZTS,Zoetis Inc.,0.1338
psc,2016Q2,2016   Q2,$7.51 B,6,BHC,Bausch Health,0.0579
psc,2016Q2,2016   Q2,$7.51 B,7,HHH,Howard Hughes Holdings Inc.,0.054299999999999994
psc,2016Q2,2016   Q2,$7.51 B,8,PAH,Platform Specialty Products Corp.,0.050499999999999996
psc,2016Q2,2016   Q2,$7.51 B,9,NOMD,Nomad Foods Ltd,0.0354
psc,2016Q1,2016   Q1,$8.85 B,1,ZTS,Zoetis Inc.,0.2094
psc,2016Q1,2016   Q1,$8.85 B,2,CP,Canadian Pacific Kansas City,0.2089
psc,2016Q1,2016   Q1,$8.85 B,3,QSR,Restaurant Brands International,0.17170000000000002
psc,2016Q1,2016   Q1,$8.85 B,4,APD,Air Products & Chemicals,0.12369999999999999
psc,2016Q1,2016   Q1,$8.85 B,5,MDLZ,Mondelez International,0.10400000000000001
psc,2016Q1,2016   Q1,$8.85 B,6,BHC,Bausch Health,0.0641
psc,2016Q1,2016   Q1,$8.85 B,7,HHH,Howard Hughes Holdings Inc.,0.042699999999999995
psc,2016Q1,2016   Q1,$8.85 B,8,PAH,Platform Specialty Products Corp.,0.0415
psc,2016Q1,2016   Q1,$8.85 B,9,NOMD,Nomad Foods Ltd,0.0339
psc,2015Q4,2015   Q4,$12.5 B,1,APD,Air Products & Chemicals,0.2146
psc,2015Q4,2015   Q4,$12.5 B,2,ZTS,Zoetis Inc.,0.1609
psc,2015Q4,2015   Q4,$12.5 B,3,MDLZ,Mondelez International,0.1561
psc,2015Q4,2015   Q4,$12.5 B,4,CP,Canadian Pacific Kansas City,0.14279999999999998
psc,2015Q4,2015   Q4,$12.5 B,5,BHC,Bausch Health,0.1354
psc,2015Q4,2015   Q4,$12.5 B,6,QSR,Restaurant Brands International,0.114
psc,2015Q4,2015   Q4,$12.5 B,7,PAH,Platform Specialty Products Corp.,0.044000000000000004
psc,2015Q4,2015   Q4,$12.5 B,8,HHH,Howard Hughes Holdings Inc.,0.032400000000000005
psc,2015Q3,2015   Q3,$14 B,1,BHC,Bausch Health,0.249
psc,2015Q3,2015   Q3,$14 B,2,APD,Air Products & Chemicals,0.18789999999999998
psc,2015Q3,2015   Q3,$14 B,3,CP,Canadian Pacific Kansas City,0.1435
psc,2015Q3,2015   Q3,$14 B,4,MDLZ,Mondelez International,0.13019999999999998
psc,2015Q3,2015   Q3,$14 B,5,ZTS,Zoetis Inc.,0.1235
psc,2015Q3,2015   Q3,$14 B,6,QSR,Restaurant Brands International,0.09789999999999999
psc,2015Q3,2015   Q3,$14 B,7,PAH,Platform Specialty Products Corp.,0.0388
psc,2015Q3,2015   Q3,$14 B,8,HHH,Howard Hughes Holdings Inc.,0.029300000000000003
psc,2015Q2,2015   Q2,$14.4 B,1,BHC,Bausch Health,0.2995
psc,2015Q2,2015   Q2,$14.4 B,2,APD,Air Products & Chemicals,0.1946
psc,2015Q2,2015   Q2,$14.4 B,3,CP,Canadian Pacific Kansas City,0.15460000000000002
psc,2015Q2,2015   Q2,$14.4 B,4,ZTS,Zoetis Inc.,0.1396
psc,2015Q2,2015   Q2,$14.4 B,5,QSR,Restaurant Brands International,0.1005
psc,2015Q2,2015   Q2,$14.4 B,6,PAH,Platform Specialty Products Corp.,0.0757
psc,2015Q2,2015   Q2,$14.4 B,7,HHH,Howard Hughes Holdings Inc.,0.0355
psc,2015Q1,2015   Q1,$15 B,1,BHC,Bausch Health,0.2584
psc,2015Q1,2015   Q1,$15 B,2,APD,Air Products & Chemicals,0.2077
psc,2015Q1,2015   Q1,$15 B,3,CP,Canadian Pacific Kansas City,0.17010000000000003
psc,2015Q1,2015   Q1,$15 B,4,ZTS,Zoetis Inc.,0.1293
psc,2015Q1,2015   Q1,$15 B,5,QSR,Restaurant Brands International,0.0975
psc,2015Q1,2015   Q1,$15 B,6,PAH,Platform Specialty Products Corp.,0.0733
psc,2015Q1,2015   Q1,$15 B,7,HHH,Howard Hughes Holdings Inc.,0.0369
psc,2015Q1,2015   Q1,$15 B,8,ACT-OLD,Actavis plc,0.0268
psc,2014Q4,2014   Q4,$16 B,1,AGN,Allergan Plc,0.353
psc,2014Q4,2014   Q4,$16 B,2,APD,Air Products & Chemicals,0.18469999999999998
psc,2014Q4,2014   Q4,$16 B,3,CP,Canadian Pacific Kansas City,0.1674
psc,2014Q4,2014   Q4,$16 B,4,ZTS,Zoetis Inc.,0.1115
psc,2014Q4,2014   Q4,$16 B,5,QSR,Restaurant Brands International,0.0925
psc,2014Q4,2014   Q4,$16 B,6,PAH,Platform Specialty Products Corp.,0.061900000000000004
psc,2014Q4,2014   Q4,$16 B,7,HHH,Howard Hughes Holdings Inc.,0.028999999999999998
psc,2014Q3,2014   Q3,$13.4 B,1,AGN,Allergan Plc,0.3833
psc,2014Q3,2014   Q3,$13.4 B,2,CP,Canadian Pacific Kansas City,0.21539999999999998
psc,2014Q3,2014   Q3,$13.4 B,3,APD,Air Products & Chemicals,0.1993
psc,2014Q3,2014   Q3,$13.4 B,4,BKW-OLD,Burger King Worldwide Inc.,0.0848
psc,2014Q3,2014   Q3,$13.4 B,5,PAH,Platform Specialty Products Corp.,0.0621
psc,2014Q3,2014   Q3,$13.4 B,6,HHH,Howard Hughes Holdings Inc.,0.039900000000000005
psc,2014Q3,2014   Q3,$13.4 B,7,ZTS,Zoetis Inc.,0.0152
psc,2014Q2,2014   Q2,$12.6 B,1,AGN,Allergan Plc,0.38789999999999997
psc,2014Q2,2014   Q2,$12.6 B,2,APD,Air Products & Chemicals,0.20980000000000001
psc,2014Q2,2014   Q2,$12.6 B,3,CP,Canadian Pacific Kansas City,0.2004
psc,2014Q2,2014   Q2,$12.6 B,4,BKW-OLD,Burger King Worldwide Inc.,0.08289999999999999
psc,2014Q2,2014   Q2,$12.6 B,5,PAH,Platform Specialty Products Corp.,0.0742
psc,2014Q2,2014   Q2,$12.6 B,6,HHH,Howard Hughes Holdings Inc.,0.0447
psc,2014Q1,2014   Q1,$8.38 B,1,CP,Canadian Pacific Kansas City,0.3081
psc,2014Q1,2014   Q1,$8.38 B,2,APD,Air Products & Chemicals,0.2919
psc,2014Q1,2014   Q1,$8.38 B,3,BKW-OLD,Burger King Worldwide Inc.,0.1216
psc,2014Q1,2014   Q1,$8.38 B,4,BEAM,Beam Inc.,0.11599999999999999
psc,2014Q1,2014   Q1,$8.38 B,5,PAH,Platform Specialty Products Corp.,0.0758
psc,2014Q1,2014   Q1,$8.38 B,6,HHH,Howard Hughes Holdings Inc.,0.0608
psc,2014Q1,2014   Q1,$8.38 B,7,AIV,Apartment Investment & Mgmt Co.,0.013500000000000002
psc,2014Q1,2014   Q1,$8.38 B,8,AGN,Allergan Plc,0.0088
psc,2014Q1,2014   Q1,$8.38 B,9,HME,Home Properties Inc.,0.0034000000000000002
psc,2013Q4,2013   Q4,$8.23 B,1,CP,Canadian Pacific Kansas City,0.3155
psc,2013Q4,2013   Q4,$8.23 B,2,APD,Air Products & Chemicals,0.2791
psc,2013Q4,2013   Q4,$8.23 B,3,BEAM,Beam Inc.,0.1721
psc,2013Q4,2013   Q4,$8.23 B,4,BKW-OLD,Burger King Worldwide Inc.,0.1066
psc,2013Q4,2013   Q4,$8.23 B,5,GGP,Genl Growth Properties,0.0674
psc,2013Q4,2013   Q4,$8.23 B,6,HHH,Howard Hughes Holdings Inc.,0.0521
psc,2013Q4,2013   Q4,$8.23 B,7,PG,Procter & Gamble,0.0073
psc,2013Q3,2013   Q3,$8.39 B,1,CP,Canadian Pacific Kansas City,0.34
psc,2013Q3,2013   Q3,$8.39 B,2,APD,Air Products & Chemicals,0.2611
psc,2013Q3,2013   Q3,$8.39 B,3,BEAM,Beam Inc.,0.1605
psc,2013Q3,2013   Q3,$8.39 B,4,BKW-OLD,Burger King Worldwide Inc.,0.08929999999999999
psc,2013Q3,2013   Q3,$8.39 B,5,GGP,Genl Growth Properties,0.0821
psc,2013Q3,2013   Q3,$8.39 B,6,HHH,Howard Hughes Holdings Inc.,0.0478
psc,2013Q3,2013   Q3,$8.39 B,7,PG,Procter & Gamble,0.0191
psc,2013Q2,2013   Q2,$9.03 B,1,CP,Canadian Pacific Kansas City,0.3249
psc,2013Q2,2013   Q2,$9.03 B,2,GGP,Genl Growth Properties,0.1492
psc,2013Q2,2013   Q2,$9.03 B,3,BEAM,Beam Inc.,0.14550000000000002
psc,2013Q2,2013   Q2,$9.03 B,4,APD,Air Products & Chemicals,0.1024
psc,2013Q2,2013   Q2,$9.03 B,5,BKW-OLD,Burger King Worldwide Inc.,0.08289999999999999
psc,2013Q2,2013   Q2,$9.03 B,6,PG,Procter & Gamble,0.0762
psc,2013Q2,2013   Q2,$9.03 B,7,JCP,Penney (J.C.),0.0739
psc,2013Q2,2013   Q2,$9.03 B,8,HHH,Howard Hughes Holdings Inc.,0.0443
psc,2013Q2,2013   Q2,$9.03 B,9,MATX,Matson Inc.,0.0006
psc,2013Q1,2013   Q1,$9.99 B,1,CP,Canadian Pacific Kansas City,0.3154
psc,2013Q1,2013   Q1,$9.99 B,2,PG,Procter & Gamble,0.2155
psc,2013Q1,2013   Q1,$9.99 B,3,GGP,Genl Growth Properties,0.1487
psc,2013Q1,2013   Q1,$9.99 B,4,BEAM,Beam Inc.,0.1324
psc,2013Q1,2013   Q1,$9.99 B,5,BKW-OLD,Burger King Worldwide Inc.,0.0733
psc,2013Q1,2013   Q1,$9.99 B,6,JCP,Penney (J.C.),0.0591
psc,2013Q1,2013   Q1,$9.99 B,7,HHH,Howard Hughes Holdings Inc.,0.029900000000000003
psc,2013Q1,2013   Q1,$9.99 B,8,MDLZ,Mondelez International,0.0183
psc,2013Q1,2013   Q1,$9.99 B,9,MATX,Matson Inc.,0.0075
psc,2012Q4,2012   Q4,$9.01 B,1,CP,Canadian Pacific Kansas City,0.2724
psc,2012Q4,2012   Q4,$9.01 B,2,PG,Procter & Gamble,0.21050000000000002
psc,2012Q4,2012   Q4,$9.01 B,3,GGP,Genl Growth Properties,0.1646
psc,2012Q4,2012   Q4,$9.01 B,4,BEAM,Beam Inc.,0.1411
psc,2012Q4,2012   Q4,$9.01 B,5,JCP,Penney (J.C.),0.0855
psc,2012Q4,2012   Q4,$9.01 B,6,BKW-OLD,Burger King Worldwide Inc.,0.07
psc,2012Q4,2012   Q4,$9.01 B,7,HHH,Howard Hughes Holdings Inc.,0.028900000000000002
psc,2012Q4,2012   Q4,$9.01 B,8,MDLZ,Mondelez International,0.0169
psc,2012Q4,2012   Q4,$9.01 B,9,MATX,Matson Inc.,0.01
psc,2012Q3,2012   Q3,$8.45 B,1,CP,Canadian Pacific Kansas City,0.237
psc,2012Q3,2012   Q3,$8.45 B,2,PG,Procter & Gamble,0.22940000000000002
psc,2012Q3,2012   Q3,$8.45 B,3,GGP,Genl Growth Properties,0.1723
psc,2012Q3,2012   Q3,$8.45 B,4,BEAM,Beam Inc.,0.1418
psc,2012Q3,2012   Q3,$8.45 B,5,JCP,Penney (J.C.),0.11230000000000001
psc,2012Q3,2012   Q3,$8.45 B,6,BKW-OLD,Burger King Worldwide Inc.,0.0633
psc,2012Q3,2012   Q3,$8.45 B,7,HHH,Howard Hughes Holdings Inc.,0.03
psc,2012Q3,2012   Q3,$8.45 B,8,MATX,Matson Inc.,0.009000000000000001
psc,2012Q3,2012   Q3,$8.45 B,9,ALEX-OLD,Alexander & Baldwin,0.0049
psc,2012Q2,2012   Q2,$7.08 B,1,CP,Canadian Pacific Kansas City,0.2502
psc,2012Q2,2012   Q2,$7.08 B,2,PG,Procter & Gamble,0.18969999999999998
psc,2012Q2,2012   Q2,$7.08 B,3,GGP,Genl Growth Properties,0.18469999999999998
psc,2012Q2,2012   Q2,$7.08 B,4,BEAM,Beam Inc.,0.1839
psc,2012Q2,2012   Q2,$7.08 B,5,JCP,Penney (J.C.),0.12869999999999998
psc,2012Q2,2012   Q2,$7.08 B,6,HHH,Howard Hughes Holdings Inc.,0.0311
psc,2012Q2,2012   Q2,$7.08 B,7,ALEX-OLD,Alexander & Baldwin,0.0274
psc,2012Q2,2012   Q2,$7.08 B,8,C,Citigroup Inc.,0.0043
psc,2012Q1,2012   Q1,$8.07 B,1,CP,Canadian Pacific Kansas City,0.2273
psc,2012Q1,2012   Q1,$8.07 B,2,JCP,Penney (J.C.),0.17149999999999999
psc,2012Q1,2012   Q1,$8.07 B,3,GGP,Genl Growth Properties,0.152
psc,2012Q1,2012   Q1,$8.07 B,4,BEAM,Beam Inc.,0.151
psc,2012Q1,2012   Q1,$8.07 B,5,C,Citigroup Inc.,0.1183
psc,2012Q1,2012   Q1,$8.07 B,6,MDLZ,Mondelez International,0.073
psc,2012Q1,2012   Q1,$8.07 B,7,FBIN,Fortune Brands Innovations Inc.,0.0364
psc,2012Q1,2012   Q1,$8.07 B,8,HHH,Howard Hughes Holdings Inc.,0.0282
psc,2012Q1,2012   Q1,$8.07 B,9,ALEX-OLD,Alexander & Baldwin,0.0219
psc,2012Q1,2012   Q1,$8.07 B,10,FDO,Family Dollar Stores,0.020499999999999997
psc,2011Q4,2011   Q4,$7.77 B,1,CP,Canadian Pacific Kansas City,0.21050000000000002
psc,2011Q4,2011   Q4,$7.77 B,2,JCP,Penney (J.C.),0.1752
psc,2011Q4,2011   Q4,$7.77 B,3,GGP,Genl Growth Properties,0.13970000000000002
psc,2011Q4,2011   Q4,$7.77 B,4,BEAM,Beam Inc.,0.1373
psc,2011Q4,2011   Q4,$7.77 B,5,MDLZ,Mondelez International,0.1018
psc,2011Q4,2011   Q4,$7.77 B,6,C,Citigroup Inc.,0.0885
psc,2011Q4,2011   Q4,$7.77 B,7,FDO,Family Dollar Stores,0.0623
psc,2011Q4,2011   Q4,$7.77 B,8,FBIN,Fortune Brands Innovations Inc.,0.045700000000000005
psc,2011Q4,2011   Q4,$7.77 B,9,HHH,Howard Hughes Holdings Inc.,0.0203
psc,2011Q4,2011   Q4,$7.77 B,10,ALEX-OLD,Alexander & Baldwin,0.0187
psc,2011Q3,2011   Q3,$6.02 B,1,FO,Fortune Brands Inc.,0.18710000000000002
psc,2011Q3,2011   Q3,$6.02 B,2,JCP,Penney (J.C.),0.1723
psc,2011Q3,2011   Q3,$6.02 B,3,GGP,Genl Growth Properties,0.14529999999999998
psc,2011Q3,2011   Q3,$6.02 B,4,MDLZ,Mondelez International,0.1406
psc,2011Q3,2011   Q3,$6.02 B,5,C,Citigroup Inc.,0.1112
psc,2011Q3,2011   Q3,$6.02 B,6,FDO,Family Dollar Stores,0.09630000000000001
psc,2011Q3,2011   Q3,$6.02 B,7,LOW,Lowe's Cos.,0.0683
psc,2011Q3,2011   Q3,$6.02 B,8,CP,Canadian Pacific Kansas City,0.0323
psc,2011Q3,2011   Q3,$6.02 B,9,HHH,Howard Hughes Holdings Inc.,0.025
psc,2011Q3,2011   Q3,$6.02 B,10,ALEX-OLD,Alexander & Baldwin,0.0216
psc,2011Q2,2011   Q2,$6.39 B,1,JCP,Penney (J.C.),0.20920000000000002
psc,2011Q2,2011   Q2,$6.39 B,2,GGP,Genl Growth Properties,0.1886
psc,2011Q2,2011   Q2,$6.39 B,3,FO,Fortune Brands Inc.,0.17129999999999998
psc,2011Q2,2011   Q2,$6.39 B,4,C,Citigroup Inc.,0.1532
psc,2011Q2,2011   Q2,$6.39 B,5,MDLZ,Mondelez International,0.1225
psc,2011Q2,2011   Q2,$6.39 B,6,FDO,Family Dollar Stores,0.09119999999999999
psc,2011Q2,2011   Q2,$6.39 B,7,HHH,Howard Hughes Holdings Inc.,0.0363
psc,2011Q2,2011   Q2,$6.39 B,8,ALEX-OLD,Alexander & Baldwin,0.0268
psc,2011Q2,2011   Q2,$6.39 B,9,GLRE,Greenlight Capital Re Ltd.,0.001
psc,2011Q1,2011   Q1,$5.57 B,1,JCP,Penney (J.C.),0.22519999999999998
psc,2011Q1,2011   Q1,$5.57 B,2,GGP,Genl Growth Properties,0.1996
psc,2011Q1,2011   Q1,$5.57 B,3,FO,Fortune Brands Inc.,0.18530000000000002
psc,2011Q1,2011   Q1,$5.57 B,4,MDLZ,Mondelez International,0.1253
psc,2011Q1,2011   Q1,$5.57 B,5,C,Citigroup Inc.,0.1165
psc,2011Q1,2011   Q1,$5.57 B,6,FDO,Family Dollar Stores,0.053099999999999994
psc,2011Q1,2011   Q1,$5.57 B,7,HHH,Howard Hughes Holdings Inc.,0.0453
psc,2011Q1,2011   Q1,$5.57 B,8,ALEX-OLD,Alexander & Baldwin,0.0292
psc,2011Q1,2011   Q1,$5.57 B,9,CXW,CoreCivic Inc.,0.0194
psc,2011Q1,2011   Q1,$5.57 B,10,GLRE,Greenlight Capital Re Ltd.,0.0013
psc,2010Q4,2010   Q4,$5.71 B,1,JCP,Penney (J.C.),0.19760000000000003
psc,2010Q4,2010   Q4,$5.71 B,2,GGP,Genl Growth Properties,0.18969999999999998
psc,2010Q4,2010   Q4,$5.71 B,3,FO,Fortune Brands Inc.,0.1759
psc,2010Q4,2010   Q4,$5.71 B,4,C,Citigroup Inc.,0.12140000000000001
psc,2010Q4,2010   Q4,$5.71 B,5,MDLZ,Mondelez International,0.1074
psc,2010Q4,2010   Q4,$5.71 B,6,TGT,Target Corp.,0.0779
psc,2010Q4,2010   Q4,$5.71 B,7,GM,General Motors,0.0464
psc,2010Q4,2010   Q4,$5.71 B,8,CXW,CoreCivic Inc.,0.0344
psc,2010Q4,2010   Q4,$5.71 B,9,HHH,Howard Hughes Holdings Inc.,0.034
psc,2010Q4,2010   Q4,$5.71 B,10,ADP,Automatic Data Processing Inc.,0.011399999999999999
psc,2010Q4,2010   Q4,$5.71 B,11,BGP,Borders Group,0.0017000000000000001
psc,2010Q4,2010   Q4,$5.71 B,12,ALEX-OLD,Alexander & Baldwin,0.0012
psc,2010Q4,2010   Q4,$5.71 B,13,GLRE,Greenlight Capital Re Ltd.,0.0012
psc,2010Q3,2010   Q3,$4.04 B,1,MDLZ,Mondelez International,0.21100000000000002
psc,2010Q3,2010   Q3,$4.04 B,2,TGT,Target Corp.,0.18710000000000002
psc,2010Q3,2010   Q3,$4.04 B,3,C,Citigroup Inc.,0.1414
psc,2010Q3,2010   Q3,$4.04 B,4,JCP,Penney (J.C.),0.1057
psc,2010Q3,2010   Q3,$4.04 B,5,GGP,Genl Growth Properties,0.0925
psc,2010Q3,2010   Q3,$4.04 B,6,FO,Fortune Brands Inc.,0.091
psc,2010Q3,2010   Q3,$4.04 B,7,ADP,Automatic Data Processing Inc.,0.09050000000000001
psc,2010Q3,2010   Q3,$4.04 B,8,CXW,CoreCivic Inc.,0.0668
psc,2010Q3,2010   Q3,$4.04 B,9,LNY,Landry's Restaurants Inc.,0.009399999999999999
psc,2010Q3,2010   Q3,$4.04 B,10,BGP,Borders Group,0.0031
psc,2010Q3,2010   Q3,$4.04 B,11,GLRE,Greenlight Capital Re Ltd.,0.0015
psc,2010Q2,2010   Q2,$3.5 B,1,TGT,Target Corp.,0.2904
psc,2010Q2,2010   Q2,$3.5 B,2,MDLZ,Mondelez International,0.2691
psc,2010Q2,2010   Q2,$3.5 B,3,C,Citigroup Inc.,0.1573
psc,2010Q2,2010   Q2,$3.5 B,4,ADP,Automatic Data Processing Inc.,0.0951
psc,2010Q2,2010   Q2,$3.5 B,5,GGP,Genl Growth Properties,0.0907
psc,2010Q2,2010   Q2,$3.5 B,6,CXW,CoreCivic Inc.,0.0596
psc,2010Q2,2010   Q2,$3.5 B,7,YUM,Yum! Brands Inc.,0.0213
psc,2010Q2,2010   Q2,$3.5 B,8,LNY,Landry's Restaurants Inc.,0.0109
psc,2010Q2,2010   Q2,$3.5 B,9,BGP,Borders Group,0.004
psc,2010Q2,2010   Q2,$3.5 B,10,GLRE,Greenlight Capital Re Ltd.,0.0018
psc,2010Q1,2010   Q1,$3.32 B,1,TGT,Target Corp.,0.32789999999999997
psc,2010Q1,2010   Q1,$3.32 B,2,MDLZ,Mondelez International,0.2989
psc,2010Q1,2010   Q1,$3.32 B,3,YUM,Yum! Brands Inc.,0.17559999999999998
psc,2010Q1,2010   Q1,$3.32 B,4,GGP,Genl Growth Properties,0.1162
psc,2010Q1,2010   Q1,$3.32 B,5,CXW,CoreCivic Inc.,0.0655
psc,2010Q1,2010   Q1,$3.32 B,6,LNY,Landry's Restaurants Inc.,0.0084
psc,2010Q1,2010   Q1,$3.32 B,7,BGP,Borders Group,0.0055000000000000005
psc,2010Q1,2010   Q1,$3.32 B,8,GLRE,Greenlight Capital Re Ltd.,0.002
psc,2009Q4,2009   Q4,$1.9 B,1,TGT,Target Corp.,0.5303
psc,2009Q4,2009   Q4,$1.9 B,2,YUM,Yum! Brands Inc.,0.2548
psc,2009Q4,2009   Q4,$1.9 B,3,CXW,CoreCivic Inc.,0.1416
psc,2009Q4,2009   Q4,$1.9 B,4,H,Hyatt Hotels Corp.,0.0435
psc,2009Q4,2009   Q4,$1.9 B,5,LNY,Landry's Restaurants Inc.,0.0175
psc,2009Q4,2009   Q4,$1.9 B,6,BGP,Borders Group,0.0066
psc,2009Q4,2009   Q4,$1.9 B,7,GLRE,Greenlight Capital Re Ltd.,0.0031
psc,2009Q4,2009   Q4,$1.9 B,8,ADP,Automatic Data Processing Inc.,0.0026
psc,2009Q3,2009   Q3,$3.13 B,1,TGT,Target Corp.,0.38799999999999996
psc,2009Q3,2009   Q3,$3.13 B,2,EMC,EMC Corp.,0.3195
psc,2009Q3,2009   Q3,$3.13 B,3,MCD,McDonald's Corp.,0.15039999999999998
psc,2009Q3,2009   Q3,$3.13 B,4,ADP,Automatic Data Processing Inc.,0.0768
psc,2009Q3,2009   Q3,$3.13 B,5,CXW,CoreCivic Inc.,0.053200000000000004
psc,2009Q3,2009   Q3,$3.13 B,6,BGP,Borders Group,0.0105
psc,2009Q3,2009   Q3,$3.13 B,7,GLRE,Greenlight Capital Re Ltd.,0.0015
psc,2009Q2,2009   Q2,$2.19 B,1,TGT,Target Corp.,0.4485
psc,2009Q2,2009   Q2,$2.19 B,2,EMC,EMC Corp.,0.35119999999999996
psc,2009Q2,2009   Q2,$2.19 B,3,ADP,Automatic Data Processing Inc.,0.1175
psc,2009Q2,2009   Q2,$2.19 B,4,MCD,McDonald's Corp.,0.063
psc,2009Q2,2009   Q2,$2.19 B,5,BGP,Borders Group,0.0178
psc,2009Q2,2009   Q2,$2.19 B,6,GLRE,Greenlight Capital Re Ltd.,0.002
psc,2009Q1,2009   Q1,$1.93 B,1,TGT,Target Corp.,0.4439
psc,2009Q1,2009   Q1,$1.93 B,2,EMC,EMC Corp.,0.3468
psc,2009Q1,2009   Q1,$1.93 B,3,WEN,Wendy's Co.,0.08439999999999999
psc,2009Q1,2009   Q1,$1.93 B,4,V,Visa Inc.,0.0636
psc,2009Q1,2009   Q1,$1.93 B,5,AIV,Apartment Investment & Mgmt Co.,0.0231
psc,2009Q1,2009   Q1,$1.93 B,6,YUM,Yum! Brands Inc.,0.0222
psc,2009Q1,2009   Q1,$1.93 B,7,GGP,Genl Growth Properties,0.0086
psc,2009Q1,2009   Q1,$1.93 B,8,BGP,Borders Group,0.0034999999999999996
psc,2009Q1,2009   Q1,$1.93 B,9,GLRE,Greenlight Capital Re Ltd.,0.0021
psc,2009Q1,2009   Q1,$1.93 B,10,SKS,SAKS Inc.,0.0013
psc,2009Q1,2009   Q1,$1.93 B,11,ALX,Alexander's Inc.,0.0007000000000000001
psc,2008Q4,2008   Q4,$2.38 B,1,TGT,Target Corp.,0.3883
psc,2008Q4,2008   Q4,$2.38 B,2,EMC,EMC Corp.,0.258
psc,2008Q4,2008   Q4,$2.38 B,3,V,Visa Inc.,0.1573
psc,2008Q4,2008   Q4,$2.38 B,4,WEN,Wendy's Co.,0.0977
psc,2008Q4,2008   Q4,$2.38 B,5,DPS,Dr Pepper Snapple Group Inc.,0.0739
psc,2008Q4,2008   Q4,$2.38 B,6,GGP,Genl Growth Properties,0.0109
psc,2008Q4,2008   Q4,$2.38 B,7,SHLDQ-OLD,Sears Holdings Corp.,0.0049
psc,2008Q4,2008   Q4,$2.38 B,8,SKS,SAKS Inc.,0.0025
psc,2008Q4,2008   Q4,$2.38 B,9,AIV,Apartment Investment & Mgmt Co.,0.0024
psc,2008Q4,2008   Q4,$2.38 B,10,BGP,Borders Group,0.0018
psc,2008Q4,2008   Q4,$2.38 B,11,GLRE,Greenlight Capital Re Ltd.,0.0014000000000000002
psc,2008Q4,2008   Q4,$2.38 B,12,ALX,Alexander's Inc.,0.0009
psc,2008Q3,2008   Q3,$3.79 B,1,TGT,Target Corp.,0.254
psc,2008Q3,2008   Q3,$3.79 B,2,EMC,EMC Corp.,0.18510000000000001
psc,2008Q3,2008   Q3,$3.79 B,3,DPS,Dr Pepper Snapple Group Inc.,0.1547
psc,2008Q3,2008   Q3,$3.79 B,4,WB-OLD,Wachovia Corp.,0.08929999999999999
psc,2008Q3,2008   Q3,$3.79 B,5,WEN,Wendy's Co.,0.07730000000000001
psc,2008Q3,2008   Q3,$3.79 B,6,LDG,Longs Drug Stores,0.06269999999999999
psc,2008Q3,2008   Q3,$3.79 B,7,BKS,Barnes & Noble,0.045
psc,2008Q3,2008   Q3,$3.79 B,8,V,Visa Inc.,0.0438
psc,2008Q3,2008   Q3,$3.79 B,9,AIG,American International Group,0.0291
psc,2008Q3,2008   Q3,$3.79 B,10,MA,Mastercard Inc.,0.026699999999999998
psc,2008Q3,2008   Q3,$3.79 B,11,BGP,Borders Group,0.0184
psc,2008Q3,2008   Q3,$3.79 B,12,SHLDQ-OLD,Sears Holdings Corp.,0.0124
psc,2008Q3,2008   Q3,$3.79 B,13,GLRE,Greenlight Capital Re Ltd.,0.0015
psc,2008Q2,2008   Q2,$3.04 B,1,TGT,Target Corp.,0.3002
psc,2008Q2,2008   Q2,$3.04 B,2,EMC,EMC Corp.,0.1931
psc,2008Q2,2008   Q2,$3.04 B,3,SHLDQ-OLD,Sears Holdings Corp.,0.1637
psc,2008Q2,2008   Q2,$3.04 B,4,DPS,Dr Pepper Snapple Group Inc.,0.1477
psc,2008Q2,2008   Q2,$3.04 B,5,WEN,Wendy's Co.,0.1173
psc,2008Q2,2008   Q2,$3.04 B,6,BKS,Barnes & Noble,0.0535
psc,2008Q2,2008   Q2,$3.04 B,7,BGP,Borders Group,0.0209
psc,2008Q2,2008   Q2,$3.04 B,8,GLRE,Greenlight Capital Re Ltd.,0.0019
psc,2008Q2,2008   Q2,$3.04 B,9,LDG,Longs Drug Stores,0.0012
psc,2008Q2,2008   Q2,$3.04 B,10,CBY,Cadbury PLC,0.0004
psc,2008Q1,2008   Q1,$2.34 B,1,TGT,Target Corp.,0.52
psc,2008Q1,2008   Q1,$2.34 B,2,SHLDQ-OLD,Sears Holdings Corp.,0.2945
psc,2008Q1,2008   Q1,$2.34 B,3,BKS,Barnes & Noble,0.0857
psc,2008Q1,2008   Q1,$2.34 B,4,WEN,Wendy's Co.,0.0705
psc,2008Q1,2008   Q1,$2.34 B,5,BGP,Borders Group,0.026600000000000002
psc,2008Q1,2008   Q1,$2.34 B,6,GLRE,Greenlight Capital Re Ltd.,0.002
psc,2008Q1,2008   Q1,$2.34 B,7,CSG,Cadbury Schweppes PLC,0.0007000000000000001
psc,2007Q4,2007   Q4,$1.35 B,1,SHLDQ-OLD,Sears Holdings Corp.,0.4646
psc,2007Q4,2007   Q4,$1.35 B,2,TGT,Target Corp.,0.2799
psc,2007Q4,2007   Q4,$1.35 B,3,BKS,Barnes & Noble,0.1668
psc,2007Q4,2007   Q4,$1.35 B,4,BGP,Borders Group,0.0836
psc,2007Q4,2007   Q4,$1.35 B,5,GLRE,Greenlight Capital Re Ltd.,0.0038
psc,2007Q4,2007   Q4,$1.35 B,6,CSG,Cadbury Schweppes PLC,0.0013
psc,2007Q3,2007   Q3,$2.96 B,1,MCD,McDonald's Corp.,0.3456
psc,2007Q3,2007   Q3,$2.96 B,2,CEN-OLD,Ceridian Corp.,0.2518
psc,2007Q3,2007   Q3,$2.96 B,3,SHLDQ-OLD,Sears Holdings Corp.,0.2151
psc,2007Q3,2007   Q3,$2.96 B,4,BKS,Barnes & Noble,0.078
psc,2007Q3,2007   Q3,$2.96 B,5,TGT,Target Corp.,0.0764
psc,2007Q3,2007   Q3,$2.96 B,6,BGP,Borders Group,0.030899999999999997
psc,2007Q3,2007   Q3,$2.96 B,7,GLRE,Greenlight Capital Re Ltd.,0.0017000000000000001
psc,2007Q3,2007   Q3,$2.96 B,8,CSG,Cadbury Schweppes PLC,0.0006
psc,2007Q2,2007   Q2,$2.44 B,1,MCD,McDonald's Corp.,0.3896
psc,2007Q2,2007   Q2,$2.44 B,2,CEN-OLD,Ceridian Corp.,0.3069
psc,2007Q2,2007   Q2,$2.44 B,3,BKS,Barnes & Noble,0.10289999999999999
psc,2007Q2,2007   Q2,$2.44 B,4,SPLS,Staples Inc.,0.10039999999999999
psc,2007Q2,2007   Q2,$2.44 B,5,BGP,Borders Group,0.0535
psc,2007Q2,2007   Q2,$2.44 B,6,TGT,Target Corp.,0.0437
psc,2007Q2,2007   Q2,$2.44 B,7,GLRE,Greenlight Capital Re Ltd.,0.0023
psc,2007Q2,2007   Q2,$2.44 B,8,CSG,Cadbury Schweppes PLC,0.0008
VFC,2026Q2,2026   Q2,$3.12 B,1,FICO,Fair Isaac Corp.,0.2577
VFC,2026Q2,2026   Q2,$3.12 B,2,SPGI,S&P Global Inc.,0.19920000000000002
VFC,2026Q2,2026   Q2,$3.12 B,3,MCO,Moody's Corp.,0.19140000000000001
VFC,2026Q2,2026   Q2,$3.12 B,4,MA,Mastercard Inc.,0.1757
VFC,2026Q2,2026   Q2,$3.12 B,5,ASML,ASML Holding NV,0.1092
VFC,2026Q2,2026   Q2,$3.12 B,6,V,Visa Inc.,0.051
VFC,2026Q2,2026   Q2,$3.12 B,7,INTU,Intuit Inc.,0.0158
VFC,2026Q1,2026   Q1,$3.38 B,1,FICO,Fair Isaac Corp.,0.2433
VFC,2026Q1,2026   Q1,$3.38 B,2,SPGI,S&P Global Inc.,0.22149999999999997
VFC,2026Q1,2026   Q1,$3.38 B,3,MA,Mastercard Inc.,0.2202
VFC,2026Q1,2026   Q1,$3.38 B,4,MCO,Moody's Corp.,0.1702
VFC,2026Q1,2026   Q1,$3.38 B,5,ASML,ASML Holding NV,0.0669
VFC,2026Q1,2026   Q1,$3.38 B,6,V,Visa Inc.,0.0536
VFC,2026Q1,2026   Q1,$3.38 B,7,INTU,Intuit Inc.,0.0242
VFC,2025Q4,2025   Q4,$4.41 B,1,FICO,Fair Isaac Corp.,0.2949
VFC,2025Q4,2025   Q4,$4.41 B,2,SPGI,S&P Global Inc.,0.20829999999999999
VFC,2025Q4,2025   Q4,$4.41 B,3,MA,Mastercard Inc.,0.1925
VFC,2025Q4,2025   Q4,$4.41 B,4,MCO,Moody's Corp.,0.1525
VFC,2025Q4,2025   Q4,$4.41 B,5,V,Visa Inc.,0.0729
VFC,2025Q4,2025   Q4,$4.41 B,6,INTU,Intuit Inc.,0.0332
VFC,2025Q4,2025   Q4,$4.41 B,7,ASML,ASML Holding NV,0.030600000000000002
VFC,2025Q4,2025   Q4,$4.41 B,8,MSCI,MSCI Inc.,0.0079
VFC,2025Q4,2025   Q4,$4.41 B,9,EFX,Equifax Inc.,0.0072
VFC,2025Q3,2025   Q3,$4.16 B,1,FICO,Fair Isaac Corp.,0.2766
VFC,2025Q3,2025   Q3,$4.16 B,2,SPGI,S&P Global Inc.,0.20550000000000002
VFC,2025Q3,2025   Q3,$4.16 B,3,MA,Mastercard Inc.,0.2032
VFC,2025Q3,2025   Q3,$4.16 B,4,MCO,Moody's Corp.,0.1506
VFC,2025Q3,2025   Q3,$4.16 B,5,V,Visa Inc.,0.07490000000000001
VFC,2025Q3,2025   Q3,$4.16 B,6,INTU,Intuit Inc.,0.0429
VFC,2025Q3,2025   Q3,$4.16 B,7,ASML,ASML Holding NV,0.029300000000000003
VFC,2025Q3,2025   Q3,$4.16 B,8,EFX,Equifax Inc.,0.0089
VFC,2025Q3,2025   Q3,$4.16 B,9,MSCI,MSCI Inc.,0.008100000000000001
VFC,2025Q2,2025   Q2,$4.53 B,1,FICO,Fair Isaac Corp.,0.3103
VFC,2025Q2,2025   Q2,$4.53 B,2,SPGI,S&P Global Inc.,0.20440000000000003
VFC,2025Q2,2025   Q2,$4.53 B,3,MA,Mastercard Inc.,0.1843
VFC,2025Q2,2025   Q2,$4.53 B,4,MCO,Moody's Corp.,0.1456
VFC,2025Q2,2025   Q2,$4.53 B,5,V,Visa Inc.,0.07150000000000001
VFC,2025Q2,2025   Q2,$4.53 B,6,INTU,Intuit Inc.,0.0458
VFC,2025Q2,2025   Q2,$4.53 B,7,ASML,ASML Holding NV,0.0222
VFC,2025Q2,2025   Q2,$4.53 B,8,EFX,Equifax Inc.,0.008199999999999999
VFC,2025Q2,2025   Q2,$4.53 B,9,MSCI,MSCI Inc.,0.0076
VFC,2025Q1,2025   Q1,$4.39 B,1,FICO,Fair Isaac Corp.,0.32289999999999996
VFC,2025Q1,2025   Q1,$4.39 B,2,SPGI,S&P Global Inc.,0.2032
VFC,2025Q1,2025   Q1,$4.39 B,3,MA,Mastercard Inc.,0.18539999999999998
VFC,2025Q1,2025   Q1,$4.39 B,4,MCO,Moody's Corp.,0.1394
VFC,2025Q1,2025   Q1,$4.39 B,5,V,Visa Inc.,0.0728
VFC,2025Q1,2025   Q1,$4.39 B,6,INTU,Intuit Inc.,0.0416
VFC,2025Q1,2025   Q1,$4.39 B,7,ASML,ASML Holding NV,0.019
VFC,2025Q1,2025   Q1,$4.39 B,8,EFX,Equifax Inc.,0.008
VFC,2025Q1,2025   Q1,$4.39 B,9,MSCI,MSCI Inc.,0.0077
VFC,2024Q4,2024   Q4,$4.54 B,1,FICO,Fair Isaac Corp.,0.3439
VFC,2024Q4,2024   Q4,$4.54 B,2,SPGI,S&P Global Inc.,0.1925
VFC,2024Q4,2024   Q4,$4.54 B,3,MA,Mastercard Inc.,0.1722
VFC,2024Q4,2024   Q4,$4.54 B,4,MCO,Moody's Corp.,0.13699999999999998
VFC,2024Q4,2024   Q4,$4.54 B,5,V,Visa Inc.,0.0635
VFC,2024Q4,2024   Q4,$4.54 B,6,INTU,Intuit Inc.,0.0557
VFC,2024Q4,2024   Q4,$4.54 B,7,ASML,ASML Holding NV,0.0192
VFC,2024Q4,2024   Q4,$4.54 B,8,EFX,Equifax Inc.,0.008100000000000001
VFC,2024Q4,2024   Q4,$4.54 B,9,MSCI,MSCI Inc.,0.0079
VFC,2024Q3,2024   Q3,$4.5 B,1,FICO,Fair Isaac Corp.,0.3493
VFC,2024Q3,2024   Q3,$4.5 B,2,SPGI,S&P Global Inc.,0.19579999999999997
VFC,2024Q3,2024   Q3,$4.5 B,3,MA,Mastercard Inc.,0.1629
VFC,2024Q3,2024   Q3,$4.5 B,4,MCO,Moody's Corp.,0.1359
VFC,2024Q3,2024   Q3,$4.5 B,5,INTU,Intuit Inc.,0.061399999999999996
VFC,2024Q3,2024   Q3,$4.5 B,6,V,Visa Inc.,0.0557
VFC,2024Q3,2024   Q3,$4.5 B,7,ASML,ASML Holding NV,0.0233
VFC,2024Q3,2024   Q3,$4.5 B,8,AZPN-OLD,Aspen Technology Inc.,0.015700000000000002
VFC,2024Q2,2024   Q2,$3.87 B,1,FICO,Fair Isaac Corp.,0.3378
VFC,2024Q2,2024   Q2,$3.87 B,2,SPGI,S&P Global Inc.,0.1909
VFC,2024Q2,2024   Q2,$3.87 B,3,MA,Mastercard Inc.,0.16940000000000002
VFC,2024Q2,2024   Q2,$3.87 B,4,MCO,Moody's Corp.,0.1326
VFC,2024Q2,2024   Q2,$3.87 B,5,INTU,Intuit Inc.,0.0756
VFC,2024Q2,2024   Q2,$3.87 B,6,V,Visa Inc.,0.061900000000000004
VFC,2024Q2,2024   Q2,$3.87 B,7,ASML,ASML Holding NV,0.0166
VFC,2024Q2,2024   Q2,$3.87 B,8,AZPN-OLD,Aspen Technology Inc.,0.0152
VFC,2024Q1,2024   Q1,$3.67 B,1,FICO,Fair Isaac Corp.,0.3002
VFC,2024Q1,2024   Q1,$3.67 B,2,MA,Mastercard Inc.,0.195
VFC,2024Q1,2024   Q1,$3.67 B,3,SPGI,S&P Global Inc.,0.19210000000000002
VFC,2024Q1,2024   Q1,$3.67 B,4,MCO,Moody's Corp.,0.1306
VFC,2024Q1,2024   Q1,$3.67 B,5,INTU,Intuit Inc.,0.0789
VFC,2024Q1,2024   Q1,$3.67 B,6,V,Visa Inc.,0.0694
VFC,2024Q1,2024   Q1,$3.67 B,7,AZPN-OLD,Aspen Technology Inc.,0.0172
VFC,2024Q1,2024   Q1,$3.67 B,8,ASML,ASML Holding NV,0.0166
VFC,2023Q4,2023   Q4,$3.52 B,1,FICO,Fair Isaac Corp.,0.2989
VFC,2023Q4,2023   Q4,$3.52 B,2,SPGI,S&P Global Inc.,0.2073
VFC,2023Q4,2023   Q4,$3.52 B,3,MA,Mastercard Inc.,0.18
VFC,2023Q4,2023   Q4,$3.52 B,4,MCO,Moody's Corp.,0.1352
VFC,2023Q4,2023   Q4,$3.52 B,5,INTU,Intuit Inc.,0.079
VFC,2023Q4,2023   Q4,$3.52 B,6,V,Visa Inc.,0.0675
VFC,2023Q4,2023   Q4,$3.52 B,7,AZPN-OLD,Aspen Technology Inc.,0.018500000000000003
VFC,2023Q4,2023   Q4,$3.52 B,8,ASML,ASML Holding NV,0.013500000000000002
VFC,2023Q3,2023   Q3,$2.93 B,1,FICO,Fair Isaac Corp.,0.27940000000000004
VFC,2023Q3,2023   Q3,$2.93 B,2,SPGI,S&P Global Inc.,0.2064
VFC,2023Q3,2023   Q3,$2.93 B,3,MA,Mastercard Inc.,0.2011
VFC,2023Q3,2023   Q3,$2.93 B,4,MCO,Moody's Corp.,0.13140000000000002
VFC,2023Q3,2023   Q3,$2.93 B,5,INTU,Intuit Inc.,0.0775
VFC,2023Q3,2023   Q3,$2.93 B,6,V,Visa Inc.,0.071
VFC,2023Q3,2023   Q3,$2.93 B,7,AZPN-OLD,Aspen Technology Inc.,0.0206
VFC,2023Q3,2023   Q3,$2.93 B,8,ASML,ASML Holding NV,0.0126
VFC,2023Q2,2023   Q2,$2.95 B,1,FICO,Fair Isaac Corp.,0.2587
VFC,2023Q2,2023   Q2,$2.95 B,2,SPGI,S&P Global Inc.,0.225
VFC,2023Q2,2023   Q2,$2.95 B,3,MA,Mastercard Inc.,0.1985
VFC,2023Q2,2023   Q2,$2.95 B,4,MCO,Moody's Corp.,0.1436
VFC,2023Q2,2023   Q2,$2.95 B,5,V,Visa Inc.,0.0729
VFC,2023Q2,2023   Q2,$2.95 B,6,INTU,Intuit Inc.,0.0691
VFC,2023Q2,2023   Q2,$2.95 B,7,AZPN-OLD,Aspen Technology Inc.,0.0168
VFC,2023Q2,2023   Q2,$2.95 B,8,ASML,ASML Holding NV,0.0155
VFC,2023Q1,2023   Q1,$2.64 B,1,FICO,Fair Isaac Corp.,0.2509
VFC,2023Q1,2023   Q1,$2.64 B,2,MA,Mastercard Inc.,0.20489999999999997
VFC,2023Q1,2023   Q1,$2.64 B,3,SPGI,S&P Global Inc.,0.1818
VFC,2023Q1,2023   Q1,$2.64 B,4,MCO,Moody's Corp.,0.1412
VFC,2023Q1,2023   Q1,$2.64 B,5,V,Visa Inc.,0.07730000000000001
VFC,2023Q1,2023   Q1,$2.64 B,6,INTU,Intuit Inc.,0.0751
VFC,2023Q1,2023   Q1,$2.64 B,7,ADBE,Adobe Inc.,0.0359
VFC,2023Q1,2023   Q1,$2.64 B,8,ADSK,Autodesk Inc.,0.0177
VFC,2023Q1,2023   Q1,$2.64 B,9,AZPN-OLD,Aspen Technology Inc.,0.0152
VFC,2022Q4,2022   Q4,$2.46 B,1,FICO,Fair Isaac Corp.,0.2341
VFC,2022Q4,2022   Q4,$2.46 B,2,MA,Mastercard Inc.,0.21960000000000002
VFC,2022Q4,2022   Q4,$2.46 B,3,SPGI,S&P Global Inc.,0.1894
VFC,2022Q4,2022   Q4,$2.46 B,4,MCO,Moody's Corp.,0.1378
VFC,2022Q4,2022   Q4,$2.46 B,5,V,Visa Inc.,0.0848
VFC,2022Q4,2022   Q4,$2.46 B,6,AMZN,Amazon.com Inc.,0.0377
VFC,2022Q4,2022   Q4,$2.46 B,7,ADBE,Adobe Inc.,0.0337
VFC,2022Q4,2022   Q4,$2.46 B,8,INTU,Intuit Inc.,0.0313
VFC,2022Q4,2022   Q4,$2.46 B,9,ADSK,Autodesk Inc.,0.017
VFC,2022Q4,2022   Q4,$2.46 B,10,AZPN-OLD,Aspen Technology Inc.,0.0146
VFC,2022Q3,2022   Q3,$2.11 B,1,MA,Mastercard Inc.,0.21239999999999998
VFC,2022Q3,2022   Q3,$2.11 B,2,FICO,Fair Isaac Corp.,0.1883
VFC,2022Q3,2022   Q3,$2.11 B,3,SPGI,S&P Global Inc.,0.1877
VFC,2022Q3,2022   Q3,$2.11 B,4,MCO,Moody's Corp.,0.13369999999999999
VFC,2022Q3,2022   Q3,$2.11 B,5,AMZN,Amazon.com Inc.,0.0876
VFC,2022Q3,2022   Q3,$2.11 B,6,V,Visa Inc.,0.0821
VFC,2022Q3,2022   Q3,$2.11 B,7,INTU,Intuit Inc.,0.0364
VFC,2022Q3,2022   Q3,$2.11 B,8,ADBE,Adobe Inc.,0.0322
VFC,2022Q3,2022   Q3,$2.11 B,9,ADSK,Autodesk Inc.,0.0199
VFC,2022Q3,2022   Q3,$2.11 B,10,AZPN-OLD,Aspen Technology Inc.,0.019799999999999998
VFC,2022Q2,2022   Q2,$2.24 B,1,MA,Mastercard Inc.,0.22210000000000002
VFC,2022Q2,2022   Q2,$2.24 B,2,SPGI,S&P Global Inc.,0.19519999999999998
VFC,2022Q2,2022   Q2,$2.24 B,3,FICO,Fair Isaac Corp.,0.1726
VFC,2022Q2,2022   Q2,$2.24 B,4,MCO,Moody's Corp.,0.141
VFC,2022Q2,2022   Q2,$2.24 B,5,V,Visa Inc.,0.0857
VFC,2022Q2,2022   Q2,$2.24 B,6,AMZN,Amazon.com Inc.,0.0776
VFC,2022Q2,2022   Q2,$2.24 B,7,ADBE,Adobe Inc.,0.0403
VFC,2022Q2,2022   Q2,$2.24 B,8,INTU,Intuit Inc.,0.0338
VFC,2022Q2,2022   Q2,$2.24 B,9,ADSK,Autodesk Inc.,0.0172
VFC,2022Q2,2022   Q2,$2.24 B,10,AZPN-OLD,Aspen Technology Inc.,0.0144
VFC,2022Q1,2022   Q1,$2.63 B,1,MA,Mastercard Inc.,0.2096
VFC,2022Q1,2022   Q1,$2.63 B,2,SPGI,S&P Global Inc.,0.1856
VFC,2022Q1,2022   Q1,$2.63 B,3,FICO,Fair Isaac Corp.,0.1595
VFC,2022Q1,2022   Q1,$2.63 B,4,MCO,Moody's Corp.,0.1387
VFC,2022Q1,2022   Q1,$2.63 B,5,AMZN,Amazon.com Inc.,0.1013
VFC,2022Q1,2022   Q1,$2.63 B,6,V,Visa Inc.,0.0821
VFC,2022Q1,2022   Q1,$2.63 B,7,ADBE,Adobe Inc.,0.042699999999999995
VFC,2022Q1,2022   Q1,$2.63 B,8,INTU,Intuit Inc.,0.0359
VFC,2022Q1,2022   Q1,$2.63 B,9,AZPN-OLD,Aspen Technology Inc.,0.0263
VFC,2022Q1,2022   Q1,$2.63 B,10,ADSK,Autodesk Inc.,0.0183
VFC,2021Q4,2021   Q4,$2.64 B,1,SPGI,S&P Global Inc.,0.1986
VFC,2021Q4,2021   Q4,$2.64 B,2,MA,Mastercard Inc.,0.19579999999999997
VFC,2021Q4,2021   Q4,$2.64 B,3,MCO,Moody's Corp.,0.1518
VFC,2021Q4,2021   Q4,$2.64 B,4,FICO,Fair Isaac Corp.,0.1467
VFC,2021Q4,2021   Q4,$2.64 B,5,AMZN,Amazon.com Inc.,0.10300000000000001
VFC,2021Q4,2021   Q4,$2.64 B,6,V,Visa Inc.,0.0765
VFC,2021Q4,2021   Q4,$2.64 B,7,ADBE,Adobe Inc.,0.0528
VFC,2021Q4,2021   Q4,$2.64 B,8,INTU,Intuit Inc.,0.04769999999999999
VFC,2021Q4,2021   Q4,$2.64 B,9,ADSK,Autodesk Inc.,0.027000000000000003
VFC,2021Q3,2021   Q3,$2.52 B,1,SPGI,S&P Global Inc.,0.2155
VFC,2021Q3,2021   Q3,$2.52 B,2,MA,Mastercard Inc.,0.19079999999999997
VFC,2021Q3,2021   Q3,$2.52 B,3,MCO,Moody's Corp.,0.1631
VFC,2021Q3,2021   Q3,$2.52 B,4,FICO,Fair Isaac Corp.,0.11460000000000001
VFC,2021Q3,2021   Q3,$2.52 B,5,AMZN,Amazon.com Inc.,0.1056
VFC,2021Q3,2021   Q3,$2.52 B,6,V,Visa Inc.,0.0898
VFC,2021Q3,2021   Q3,$2.52 B,7,INTU,Intuit Inc.,0.0461
VFC,2021Q3,2021   Q3,$2.52 B,8,ADBE,Adobe Inc.,0.0458
VFC,2021Q3,2021   Q3,$2.52 B,9,ADSK,Autodesk Inc.,0.0287
VFC,2021Q2,2021   Q2,$2.57 B,1,SPGI,S&P Global Inc.,0.2029
VFC,2021Q2,2021   Q2,$2.57 B,2,MA,Mastercard Inc.,0.19190000000000002
VFC,2021Q2,2021   Q2,$2.57 B,3,MCO,Moody's Corp.,0.16260000000000002
VFC,2021Q2,2021   Q2,$2.57 B,4,FICO,Fair Isaac Corp.,0.1311
VFC,2021Q2,2021   Q2,$2.57 B,5,AMZN,Amazon.com Inc.,0.1052
VFC,2021Q2,2021   Q2,$2.57 B,6,V,Visa Inc.,0.0922
VFC,2021Q2,2021   Q2,$2.57 B,7,ADBE,Adobe Inc.,0.044199999999999996
VFC,2021Q2,2021   Q2,$2.57 B,8,INTU,Intuit Inc.,0.040999999999999995
VFC,2021Q2,2021   Q2,$2.57 B,9,ADSK,Autodesk Inc.,0.0288
VFC,2021Q1,2021   Q1,$2.11 B,1,MA,Mastercard Inc.,0.2261
VFC,2021Q1,2021   Q1,$2.11 B,2,SPGI,S&P Global Inc.,0.21239999999999998
VFC,2021Q1,2021   Q1,$2.11 B,3,MCO,Moody's Corp.,0.1632
VFC,2021Q1,2021   Q1,$2.11 B,4,FICO,Fair Isaac Corp.,0.1531
VFC,2021Q1,2021   Q1,$2.11 B,5,V,Visa Inc.,0.1017
VFC,2021Q1,2021   Q1,$2.11 B,6,ADBE,Adobe Inc.,0.0421
VFC,2021Q1,2021   Q1,$2.11 B,7,INTU,Intuit Inc.,0.039
VFC,2021Q1,2021   Q1,$2.11 B,8,ADSK,Autodesk Inc.,0.0332
VFC,2021Q1,2021   Q1,$2.11 B,9,AZPN-OLD,Aspen Technology Inc.,0.0264
VFC,2021Q1,2021   Q1,$2.11 B,10,AMZN,Amazon.com Inc.,0.0027
VFC,2020Q4,2020   Q4,$1.08 B,1,MA,Mastercard Inc.,0.2243
VFC,2020Q4,2020   Q4,$1.08 B,2,SPGI,S&P Global Inc.,0.1971
VFC,2020Q4,2020   Q4,$1.08 B,3,FICO,Fair Isaac Corp.,0.16440000000000002
VFC,2020Q4,2020   Q4,$1.08 B,4,MCO,Moody's Corp.,0.16
VFC,2020Q4,2020   Q4,$1.08 B,5,V,Visa Inc.,0.1093
VFC,2020Q4,2020   Q4,$1.08 B,6,INTU,Intuit Inc.,0.0408
VFC,2020Q4,2020   Q4,$1.08 B,7,ADSK,Autodesk Inc.,0.039
VFC,2020Q4,2020   Q4,$1.08 B,8,ADBE,Adobe Inc.,0.0374
VFC,2020Q4,2020   Q4,$1.08 B,9,AZPN-OLD,Aspen Technology Inc.,0.0245
VFC,2020Q4,2020   Q4,$1.08 B,10,AMZN,Amazon.com Inc.,0.003
VFC,2020Q3,2020   Q3,$922 M,1,SPGI,S&P Global Inc.,0.2481
VFC,2020Q3,2020   Q3,$922 M,2,MCO,Moody's Corp.,0.18510000000000001
VFC,2020Q3,2020   Q3,$922 M,3,MA,Mastercard Inc.,0.1632
VFC,2020Q3,2020   Q3,$922 M,4,FICO,Fair Isaac Corp.,0.15710000000000002
VFC,2020Q3,2020   Q3,$922 M,5,V,Visa Inc.,0.1048
VFC,2020Q3,2020   Q3,$922 M,6,INTU,Intuit Inc.,0.040999999999999995
VFC,2020Q3,2020   Q3,$922 M,7,ADBE,Adobe Inc.,0.038
VFC,2020Q3,2020   Q3,$922 M,8,ADSK,Autodesk Inc.,0.0345
VFC,2020Q3,2020   Q3,$922 M,9,AZPN-OLD,Aspen Technology Inc.,0.024900000000000002
VFC,2020Q3,2020   Q3,$922 M,10,AMZN,Amazon.com Inc.,0.0034000000000000002
VFC,2020Q2,2020   Q2,$823 M,1,SPGI,S&P Global Inc.,0.2193
VFC,2020Q2,2020   Q2,$823 M,2,MCO,Moody's Corp.,0.1902
VFC,2020Q2,2020   Q2,$823 M,3,FICO,Fair Isaac Corp.,0.1729
VFC,2020Q2,2020   Q2,$823 M,4,MA,Mastercard Inc.,0.1586
VFC,2020Q2,2020   Q2,$823 M,5,V,Visa Inc.,0.1134
VFC,2020Q2,2020   Q2,$823 M,6,INTU,Intuit Inc.,0.0417
VFC,2020Q2,2020   Q2,$823 M,7,ADSK,Autodesk Inc.,0.04
VFC,2020Q2,2020   Q2,$823 M,8,ADBE,Adobe Inc.,0.0378
VFC,2020Q2,2020   Q2,$823 M,9,AZPN-OLD,Aspen Technology Inc.,0.022799999999999997
VFC,2020Q2,2020   Q2,$823 M,10,AMZN,Amazon.com Inc.,0.0034000000000000002
VFC,2020Q1,2020   Q1,$472 M,1,SPGI,S&P Global Inc.,0.2273
VFC,2020Q1,2020   Q1,$472 M,2,FICO,Fair Isaac Corp.,0.2217
VFC,2020Q1,2020   Q1,$472 M,3,MCO,Moody's Corp.,0.20149999999999998
VFC,2020Q1,2020   Q1,$472 M,4,V,Visa Inc.,0.1648
VFC,2020Q1,2020   Q1,$472 M,5,MA,Mastercard Inc.,0.08990000000000001
VFC,2020Q1,2020   Q1,$472 M,6,INTU,Intuit Inc.,0.0461
VFC,2020Q1,2020   Q1,$472 M,7,ADSK,Autodesk Inc.,0.035699999999999996
VFC,2020Q1,2020   Q1,$472 M,8,AZPN-OLD,Aspen Technology Inc.,0.0088
VFC,2020Q1,2020   Q1,$472 M,9,AMZN,Amazon.com Inc.,0.0040999999999999995
VFC,2019Q4,2019   Q4,$515 M,1,FICO,Fair Isaac Corp.,0.2426
VFC,2019Q4,2019   Q4,$515 M,2,SPGI,S&P Global Inc.,0.2236
VFC,2019Q4,2019   Q4,$515 M,3,MCO,Moody's Corp.,0.2076
VFC,2019Q4,2019   Q4,$515 M,4,V,Visa Inc.,0.1764
VFC,2019Q4,2019   Q4,$515 M,5,MA,Mastercard Inc.,0.0492
VFC,2019Q4,2019   Q4,$515 M,6,INTU,Intuit Inc.,0.0482
VFC,2019Q4,2019   Q4,$515 M,7,ADSK,Autodesk Inc.,0.0385
VFC,2019Q4,2019   Q4,$515 M,8,AZPN-OLD,Aspen Technology Inc.,0.0103
VFC,2019Q4,2019   Q4,$515 M,9,AMZN,Amazon.com Inc.,0.0036
VFC,2019Q3,2019   Q3,$448 M,1,SPGI,S&P Global Inc.,0.2304
VFC,2019Q3,2019   Q3,$448 M,2,FICO,Fair Isaac Corp.,0.2256
VFC,2019Q3,2019   Q3,$448 M,3,MCO,Moody's Corp.,0.2043
VFC,2019Q3,2019   Q3,$448 M,4,V,Visa Inc.,0.18539999999999998
VFC,2019Q3,2019   Q3,$448 M,5,INTU,Intuit Inc.,0.0562
VFC,2019Q3,2019   Q3,$448 M,6,MA,Mastercard Inc.,0.0466
VFC,2019Q3,2019   Q3,$448 M,7,ADSK,Autodesk Inc.,0.0356
VFC,2019Q3,2019   Q3,$448 M,8,AZPN-OLD,Aspen Technology Inc.,0.012
VFC,2019Q3,2019   Q3,$448 M,9,AMZN,Amazon.com Inc.,0.0039000000000000003
VFC,2019Q2,2019   Q2,$422 M,1,FICO,Fair Isaac Corp.,0.248
VFC,2019Q2,2019   Q2,$422 M,2,SPGI,S&P Global Inc.,0.22760000000000002
VFC,2019Q2,2019   Q2,$422 M,3,MCO,Moody's Corp.,0.1949
VFC,2019Q2,2019   Q2,$422 M,4,V,Visa Inc.,0.1929
VFC,2019Q2,2019   Q2,$422 M,5,INTU,Intuit Inc.,0.058600000000000006
VFC,2019Q2,2019   Q2,$422 M,6,ADSK,Autodesk Inc.,0.0417
VFC,2019Q2,2019   Q2,$422 M,7,MA,Mastercard Inc.,0.022400000000000003
VFC,2019Q2,2019   Q2,$422 M,8,AZPN-OLD,Aspen Technology Inc.,0.009300000000000001
VFC,2019Q2,2019   Q2,$422 M,9,AMZN,Amazon.com Inc.,0.0045000000000000005
VFC,2019Q1,2019   Q1,$378 M,1,FICO,Fair Isaac Corp.,0.2395
VFC,2019Q1,2019   Q1,$378 M,2,SPGI,S&P Global Inc.,0.22699999999999998
VFC,2019Q1,2019   Q1,$378 M,3,MCO,Moody's Corp.,0.20170000000000002
VFC,2019Q1,2019   Q1,$378 M,4,V,Visa Inc.,0.18600000000000003
VFC,2019Q1,2019   Q1,$378 M,5,INTU,Intuit Inc.,0.0655
VFC,2019Q1,2019   Q1,$378 M,6,ADSK,Autodesk Inc.,0.0446
VFC,2019Q1,2019   Q1,$378 M,7,MA,Mastercard Inc.,0.0223
VFC,2019Q1,2019   Q1,$378 M,8,AZPN-OLD,Aspen Technology Inc.,0.0087
VFC,2019Q1,2019   Q1,$378 M,9,AMZN,Amazon.com Inc.,0.004699999999999999
AM,2026Q2,2026   Q2,$7.47 B,1,AMZN,Amazon.com Inc.,0.1595
AM,2026Q2,2026   Q2,$7.47 B,2,MU,Micron Technology Inc.,0.1506
AM,2026Q2,2026   Q2,$7.47 B,3,TSM,Taiwan Semiconductor S.A.,0.10550000000000001
AM,2026Q2,2026   Q2,$7.47 B,4,GOOG,Alphabet Inc. CL C,0.0875
AM,2026Q2,2026   Q2,$7.47 B,5,UBER,Uber Technologies Inc.,0.07429999999999999
AM,2026Q2,2026   Q2,$7.47 B,6,EWY,iShares MSCI South Korea ETF,0.0655
AM,2026Q2,2026   Q2,$7.47 B,7,META,Meta Platforms Inc.,0.0509
AM,2026Q2,2026   Q2,$7.47 B,8,VST,Vistra Corp.,0.047
AM,2026Q2,2026   Q2,$7.47 B,9,NVDA,NVIDIA Corp.,0.0408
AM,2026Q2,2026   Q2,$7.47 B,10,NRG,NRG Energy Inc.,0.0344
AM,2026Q2,2026   Q2,$7.47 B,11,BABA,Alibaba Group Holdings,0.025699999999999997
AM,2026Q2,2026   Q2,$7.47 B,12,BA,Boeing Co.,0.0232
AM,2026Q2,2026   Q2,$7.47 B,13,LRCX,Lam Research,0.0222
AM,2026Q2,2026   Q2,$7.47 B,14,BIDU,Baidu Inc.,0.019799999999999998
AM,2026Q2,2026   Q2,$7.47 B,15,AAL,American Airlines Group Inc.,0.0181
AM,2026Q2,2026   Q2,$7.47 B,16,AMD,Advanced Micro Devices,0.0154
AM,2026Q2,2026   Q2,$7.47 B,17,CRWV,Coreweave Inc Cl A,0.0144
AM,2026Q2,2026   Q2,$7.47 B,18,ASML,ASML Holding NV,0.013300000000000001
AM,2026Q2,2026   Q2,$7.47 B,19,AVGO,Broadcom Inc.,0.0076
AM,2026Q2,2026   Q2,$7.47 B,20,QCOM,QUALCOMM Inc.,0.0062
AM,2026Q1,2026   Q1,$5.93 B,1,AMZN,Amazon.com Inc.,0.1516
AM,2026Q1,2026   Q1,$5.93 B,2,MU,Micron Technology Inc.,0.09480000000000001
AM,2026Q1,2026   Q1,$5.93 B,3,GOOG,Alphabet Inc. CL C,0.08380000000000001
AM,2026Q1,2026   Q1,$5.93 B,4,UBER,Uber Technologies Inc.,0.0768
AM,2026Q1,2026   Q1,$5.93 B,5,TSM,Taiwan Semiconductor S.A.,0.0756
AM,2026Q1,2026   Q1,$5.93 B,6,BABA,Alibaba Group Holdings,0.0733
AM,2026Q1,2026   Q1,$5.93 B,7,VST,Vistra Corp.,0.0512
AM,2026Q1,2026   Q1,$5.93 B,8,EWY,iShares MSCI South Korea ETF,0.049800000000000004
AM,2026Q1,2026   Q1,$5.93 B,9,NVDA,NVIDIA Corp.,0.0433
AM,2026Q1,2026   Q1,$5.93 B,10,NRG,NRG Energy Inc.,0.042699999999999995
AM,2026Q1,2026   Q1,$5.93 B,11,META,Meta Platforms Inc.,0.0421
AM,2026Q1,2026   Q1,$5.93 B,12,SNDK,SanDisk Corp.,0.0301
AM,2026Q1,2026   Q1,$5.93 B,13,GLW,Corning Inc.,0.0259
AM,2026Q1,2026   Q1,$5.93 B,14,WHR,Whirlpool Corp.,0.0177
AM,2026Q1,2026   Q1,$5.93 B,15,PDD,Pinduoduo Inc.,0.0155
AM,2026Q1,2026   Q1,$5.93 B,16,LRCX,Lam Research,0.0138
AM,2026Q1,2026   Q1,$5.93 B,17,BIDU,Baidu Inc.,0.013000000000000001
AM,2026Q1,2026   Q1,$5.93 B,18,LHX,L3Harris Technologies Inc.,0.0115
AM,2026Q1,2026   Q1,$5.93 B,19,RTX,RTX Corp.,0.0111
AM,2026Q1,2026   Q1,$5.93 B,20,ASML,ASML Holding NV,0.011000000000000001
AM,2025Q4,2025   Q4,$6.85 B,1,BABA,Alibaba Group Holdings,0.1099
AM,2025Q4,2025   Q4,$6.85 B,2,GOOG,Alphabet Inc. CL C,0.0818
AM,2025Q4,2025   Q4,$6.85 B,3,AMZN,Amazon.com Inc.,0.07339999999999999
AM,2025Q4,2025   Q4,$6.85 B,4,MU,Micron Technology Inc.,0.0625
AM,2025Q4,2025   Q4,$6.85 B,5,META,Meta Platforms Inc.,0.057800000000000004
AM,2025Q4,2025   Q4,$6.85 B,6,TSM,Taiwan Semiconductor S.A.,0.0501
AM,2025Q4,2025   Q4,$6.85 B,7,NVDA,NVIDIA Corp.,0.0463
AM,2025Q4,2025   Q4,$6.85 B,8,WHR,Whirlpool Corp.,0.0412
AM,2025Q4,2025   Q4,$6.85 B,9,NRG,NRG Energy Inc.,0.0381
AM,2025Q4,2025   Q4,$6.85 B,10,MSFT,Microsoft Corp.,0.0353
AM,2025Q4,2025   Q4,$6.85 B,11,AAL,American Airlines Group Inc.,0.0317
AM,2025Q4,2025   Q4,$6.85 B,12,PDD,Pinduoduo Inc.,0.0294
AM,2025Q4,2025   Q4,$6.85 B,13,QCOM,QUALCOMM Inc.,0.0286
AM,2025Q4,2025   Q4,$6.85 B,14,EWY,iShares MSCI South Korea ETF,0.026600000000000002
AM,2025Q4,2025   Q4,$6.85 B,15,KWEB,Kraneshares Csi China Intern,0.0236
AM,2025Q4,2025   Q4,$6.85 B,16,VST,Vistra Corp.,0.0222
AM,2025Q4,2025   Q4,$6.85 B,17,UBER,Uber Technologies Inc.,0.022099999999999998
AM,2025Q4,2025   Q4,$6.85 B,18,GLW,Corning Inc.,0.020099999999999996
AM,2025Q4,2025   Q4,$6.85 B,19,DB,Deutsche Bank AG,0.0177
AM,2025Q4,2025   Q4,$6.85 B,20,JD,JD.com Inc.,0.0174
AM,2025Q3,2025   Q3,$7.38 B,1,BABA,Alibaba Group Holdings,0.1561
AM,2025Q3,2025   Q3,$7.38 B,2,AMZN,Amazon.com Inc.,0.07429999999999999
AM,2025Q3,2025   Q3,$7.38 B,3,WHR,Whirlpool Corp.,0.058499999999999996
AM,2025Q3,2025   Q3,$7.38 B,4,NVDA,NVIDIA Corp.,0.048
AM,2025Q3,2025   Q3,$7.38 B,5,GOOG,Alphabet Inc. CL C,0.0458
AM,2025Q3,2025   Q3,$7.38 B,6,KWEB,Kraneshares Csi China Intern,0.0421
AM,2025Q3,2025   Q3,$7.38 B,7,NRG,NRG Energy Inc.,0.040999999999999995
AM,2025Q3,2025   Q3,$7.38 B,8,TSM,Taiwan Semiconductor S.A.,0.0401
AM,2025Q3,2025   Q3,$7.38 B,9,META,Meta Platforms Inc.,0.0368
AM,2025Q3,2025   Q3,$7.38 B,10,VST,Vistra Corp.,0.033
AM,2025Q3,2025   Q3,$7.38 B,11,MSFT,Microsoft Corp.,0.032400000000000005
AM,2025Q3,2025   Q3,$7.38 B,12,PDD,Pinduoduo Inc.,0.0322
AM,2025Q3,2025   Q3,$7.38 B,13,UBER,Uber Technologies Inc.,0.0319
AM,2025Q3,2025   Q3,$7.38 B,14,JD,JD.com Inc.,0.029500000000000002
AM,2025Q3,2025   Q3,$7.38 B,15,QCOM,QUALCOMM Inc.,0.0281
AM,2025Q3,2025   Q3,$7.38 B,16,AMD,Advanced Micro Devices,0.0208
AM,2025Q3,2025   Q3,$7.38 B,17,BIDU,Baidu Inc.,0.018600000000000002
AM,2025Q3,2025   Q3,$7.38 B,18,DB,Deutsche Bank AG,0.0182
AM,2025Q3,2025   Q3,$7.38 B,19,GLW,Corning Inc.,0.0181
AM,2025Q3,2025   Q3,$7.38 B,20,LYFT,Lyft Inc.,0.0167
AM,2025Q2,2025   Q2,$6.45 B,1,BABA,Alibaba Group Holdings,0.1243
AM,2025Q2,2025   Q2,$6.45 B,2,UNH,United Health Group Inc.,0.1185
AM,2025Q2,2025   Q2,$6.45 B,3,AMZN,Amazon.com Inc.,0.0919
AM,2025Q2,2025   Q2,$6.45 B,4,VST,Vistra Corp.,0.0541
AM,2025Q2,2025   Q2,$6.45 B,5,NRG,NRG Energy Inc.,0.0493
AM,2025Q2,2025   Q2,$6.45 B,6,META,Meta Platforms Inc.,0.0458
AM,2025Q2,2025   Q2,$6.45 B,7,NVDA,NVIDIA Corp.,0.0429
AM,2025Q2,2025   Q2,$6.45 B,8,GOOG,Alphabet Inc. CL C,0.041299999999999996
AM,2025Q2,2025   Q2,$6.45 B,9,UBER,Uber Technologies Inc.,0.0398
AM,2025Q2,2025   Q2,$6.45 B,10,MSFT,Microsoft Corp.,0.038599999999999995
AM,2025Q2,2025   Q2,$6.45 B,11,TSM,Taiwan Semiconductor S.A.,0.036000000000000004
AM,2025Q2,2025   Q2,$6.45 B,12,JD,JD.com Inc.,0.0354
AM,2025Q2,2025   Q2,$6.45 B,13,PDD,Pinduoduo Inc.,0.0325
AM,2025Q2,2025   Q2,$6.45 B,14,INTC,Intel Corp.,0.0278
AM,2025Q2,2025   Q2,$6.45 B,15,KWEB,Kraneshares Csi China Intern,0.0213
AM,2025Q2,2025   Q2,$6.45 B,16,LYFT,Lyft Inc.,0.0196
AM,2025Q2,2025   Q2,$6.45 B,17,DB,Deutsche Bank AG,0.0182
AM,2025Q2,2025   Q2,$6.45 B,18,MU,Micron Technology Inc.,0.0158
AM,2025Q2,2025   Q2,$6.45 B,19,GLW,Corning Inc.,0.0143
AM,2025Q2,2025   Q2,$6.45 B,20,ET,Energy Transfer LP,0.0139
AM,2025Q1,2025   Q1,$5.57 B,1,BABA,Alibaba Group Holdings,0.2192
AM,2025Q1,2025   Q1,$5.57 B,2,PDD,Pinduoduo Inc.,0.0929
AM,2025Q1,2025   Q1,$5.57 B,3,AMZN,Amazon.com Inc.,0.0858
AM,2025Q1,2025   Q1,$5.57 B,4,JD,JD.com Inc.,0.059500000000000004
AM,2025Q1,2025   Q1,$5.57 B,5,META,Meta Platforms Inc.,0.056900000000000006
AM,2025Q1,2025   Q1,$5.57 B,6,GOOG,Alphabet Inc. CL C,0.0564
AM,2025Q1,2025   Q1,$5.57 B,7,VST,Vistra Corp.,0.048499999999999995
AM,2025Q1,2025   Q1,$5.57 B,8,UBER,Uber Technologies Inc.,0.04190000000000001
AM,2025Q1,2025   Q1,$5.57 B,9,FXI,Ishares China Large Cap ETF,0.0361
AM,2025Q1,2025   Q1,$5.57 B,10,NRG,NRG Energy Inc.,0.0352
AM,2025Q1,2025   Q1,$5.57 B,11,MSFT,Microsoft Corp.,0.0344
AM,2025Q1,2025   Q1,$5.57 B,12,KWEB,Kraneshares Csi China Intern,0.025099999999999997
AM,2025Q1,2025   Q1,$5.57 B,13,LYFT,Lyft Inc.,0.0192
AM,2025Q1,2025   Q1,$5.57 B,14,ORCL,Oracle Corp.,0.0176
AM,2025Q1,2025   Q1,$5.57 B,15,ET,Energy Transfer LP,0.0166
AM,2025Q1,2025   Q1,$5.57 B,16,UNH,United Health Group Inc.,0.0165
AM,2025Q1,2025   Q1,$5.57 B,17,DB,Deutsche Bank AG,0.0161
AM,2025Q1,2025   Q1,$5.57 B,18,GLW,Corning Inc.,0.0143
AM,2025Q1,2025   Q1,$5.57 B,19,BIDU,Baidu Inc.,0.0128
AM,2025Q1,2025   Q1,$5.57 B,20,LHX,L3Harris Technologies Inc.,0.0113
AM,2024Q4,2024   Q4,$6.46 B,1,BABA,Alibaba Group Holdings,0.15539999999999998
AM,2024Q4,2024   Q4,$6.46 B,2,AMZN,Amazon.com Inc.,0.0882
AM,2024Q4,2024   Q4,$6.46 B,3,PDD,Pinduoduo Inc.,0.08039999999999999
AM,2024Q4,2024   Q4,$6.46 B,4,MSFT,Microsoft Corp.,0.0633
AM,2024Q4,2024   Q4,$6.46 B,5,VST,Vistra Corp.,0.0576
AM,2024Q4,2024   Q4,$6.46 B,6,JD,JD.com Inc.,0.056100000000000004
AM,2024Q4,2024   Q4,$6.46 B,7,GOOG,Alphabet Inc. CL C,0.0554
AM,2024Q4,2024   Q4,$6.46 B,8,META,Meta Platforms Inc.,0.0444
AM,2024Q4,2024   Q4,$6.46 B,9,ORCL,Oracle Corp.,0.0361
AM,2024Q4,2024   Q4,$6.46 B,10,FXI,Ishares China Large Cap ETF,0.0313
AM,2024Q4,2024   Q4,$6.46 B,11,LYFT,Lyft Inc.,0.0269
AM,2024Q4,2024   Q4,$6.46 B,12,NRG,NRG Energy Inc.,0.0253
AM,2024Q4,2024   Q4,$6.46 B,13,AMD,Advanced Micro Devices,0.022400000000000003
AM,2024Q4,2024   Q4,$6.46 B,14,KWEB,Kraneshares Csi China Intern,0.0207
AM,2024Q4,2024   Q4,$6.46 B,15,BIDU,Baidu Inc.,0.0199
AM,2024Q4,2024   Q4,$6.46 B,16,QCOM,QUALCOMM Inc.,0.019
AM,2024Q4,2024   Q4,$6.46 B,17,ASML,ASML Holding NV,0.0172
AM,2024Q4,2024   Q4,$6.46 B,18,MU,Micron Technology Inc.,0.015600000000000001
AM,2024Q4,2024   Q4,$6.46 B,19,FDX,FedEx Corp.,0.0152
AM,2024Q4,2024   Q4,$6.46 B,20,ET,Energy Transfer LP,0.0149
AM,2024Q3,2024   Q3,$6.73 B,1,BABA,Alibaba Group Holdings,0.1576
AM,2024Q3,2024   Q3,$6.73 B,2,PDD,Pinduoduo Inc.,0.10619999999999999
AM,2024Q3,2024   Q3,$6.73 B,3,AMZN,Amazon.com Inc.,0.0886
AM,2024Q3,2024   Q3,$6.73 B,4,MSFT,Microsoft Corp.,0.062
AM,2024Q3,2024   Q3,$6.73 B,5,META,Meta Platforms Inc.,0.053099999999999994
AM,2024Q3,2024   Q3,$6.73 B,6,GOOG,Alphabet Inc. CL C,0.0467
AM,2024Q3,2024   Q3,$6.73 B,7,JD,JD.com Inc.,0.0434
AM,2024Q3,2024   Q3,$6.73 B,8,ORCL,Oracle Corp.,0.0398
AM,2024Q3,2024   Q3,$6.73 B,9,LYFT,Lyft Inc.,0.0298
AM,2024Q3,2024   Q3,$6.73 B,10,AMD,Advanced Micro Devices,0.0277
AM,2024Q3,2024   Q3,$6.73 B,11,FXI,Ishares China Large Cap ETF,0.0275
AM,2024Q3,2024   Q3,$6.73 B,12,VST,Vistra Corp.,0.022400000000000003
AM,2024Q3,2024   Q3,$6.73 B,13,BIDU,Baidu Inc.,0.0223
AM,2024Q3,2024   Q3,$6.73 B,14,QCOM,QUALCOMM Inc.,0.0202
AM,2024Q3,2024   Q3,$6.73 B,15,KWEB,Kraneshares Csi China Intern,0.019
AM,2024Q3,2024   Q3,$6.73 B,16,ET,Energy Transfer LP,0.0163
AM,2024Q3,2024   Q3,$6.73 B,17,MU,Micron Technology Inc.,0.016200000000000003
AM,2024Q3,2024   Q3,$6.73 B,18,UBER,Uber Technologies Inc.,0.015700000000000002
AM,2024Q3,2024   Q3,$6.73 B,19,ADBE,Adobe Inc.,0.0154
AM,2024Q3,2024   Q3,$6.73 B,20,FDX,FedEx Corp.,0.0152
AM,2024Q2,2024   Q2,$6.18 B,1,BABA,Alibaba Group Holdings,0.12240000000000001
AM,2024Q2,2024   Q2,$6.18 B,2,AMZN,Amazon.com Inc.,0.10869999999999999
AM,2024Q2,2024   Q2,$6.18 B,3,MSFT,Microsoft Corp.,0.0855
AM,2024Q2,2024   Q2,$6.18 B,4,META,Meta Platforms Inc.,0.07629999999999999
AM,2024Q2,2024   Q2,$6.18 B,5,GOOG,Alphabet Inc. CL C,0.0572
AM,2024Q2,2024   Q2,$6.18 B,6,ORCL,Oracle Corp.,0.045700000000000005
AM,2024Q2,2024   Q2,$6.18 B,7,PDD,Pinduoduo Inc.,0.0418
AM,2024Q2,2024   Q2,$6.18 B,8,AMD,Advanced Micro Devices,0.036000000000000004
AM,2024Q2,2024   Q2,$6.18 B,9,ADBE,Adobe Inc.,0.032400000000000005
AM,2024Q2,2024   Q2,$6.18 B,10,FXI,Ishares China Large Cap ETF,0.0292
AM,2024Q2,2024   Q2,$6.18 B,11,QCOM,QUALCOMM Inc.,0.0271
AM,2024Q2,2024   Q2,$6.18 B,12,FDX,FedEx Corp.,0.026699999999999998
AM,2024Q2,2024   Q2,$6.18 B,13,MU,Micron Technology Inc.,0.025
AM,2024Q2,2024   Q2,$6.18 B,14,BIDU,Baidu Inc.,0.0233
AM,2024Q2,2024   Q2,$6.18 B,15,ET,Energy Transfer LP,0.0202
AM,2024Q2,2024   Q2,$6.18 B,16,KWEB,Kraneshares Csi China Intern,0.0196
AM,2024Q2,2024   Q2,$6.18 B,17,LRCX,Lam Research,0.018799999999999997
AM,2024Q2,2024   Q2,$6.18 B,18,LYFT,Lyft Inc.,0.0182
AM,2024Q2,2024   Q2,$6.18 B,19,JD,JD.com Inc.,0.018000000000000002
AM,2024Q2,2024   Q2,$6.18 B,20,UBER,Uber Technologies Inc.,0.0177
AM,2024Q1,2024   Q1,$6.69 B,1,BABA,Alibaba Group Holdings,0.1217
AM,2024Q1,2024   Q1,$6.69 B,2,AMZN,Amazon.com Inc.,0.1032
AM,2024Q1,2024   Q1,$6.69 B,3,MSFT,Microsoft Corp.,0.08800000000000001
AM,2024Q1,2024   Q1,$6.69 B,4,META,Meta Platforms Inc.,0.0815
AM,2024Q1,2024   Q1,$6.69 B,5,NVDA,NVIDIA Corp.,0.059699999999999996
AM,2024Q1,2024   Q1,$6.69 B,6,GOOG,Alphabet Inc. CL C,0.0472
AM,2024Q1,2024   Q1,$6.69 B,7,AMD,Advanced Micro Devices,0.044000000000000004
AM,2024Q1,2024   Q1,$6.69 B,8,ORCL,Oracle Corp.,0.0432
AM,2024Q1,2024   Q1,$6.69 B,9,PDD,Pinduoduo Inc.,0.0365
AM,2024Q1,2024   Q1,$6.69 B,10,BIDU,Baidu Inc.,0.028300000000000002
AM,2024Q1,2024   Q1,$6.69 B,11,ADBE,Adobe Inc.,0.0264
AM,2024Q1,2024   Q1,$6.69 B,12,FDX,FedEx Corp.,0.026000000000000002
AM,2024Q1,2024   Q1,$6.69 B,13,QCOM,QUALCOMM Inc.,0.025
AM,2024Q1,2024   Q1,$6.69 B,14,INTC,Intel Corp.,0.0248
AM,2024Q1,2024   Q1,$6.69 B,15,FXI,Ishares China Large Cap ETF,0.0229
AM,2024Q1,2024   Q1,$6.69 B,16,MU,Micron Technology Inc.,0.021400000000000002
AM,2024Q1,2024   Q1,$6.69 B,17,ET,Energy Transfer LP,0.0203
AM,2024Q1,2024   Q1,$6.69 B,18,LRCX,Lam Research,0.0167
AM,2024Q1,2024   Q1,$6.69 B,19,UBER,Uber Technologies Inc.,0.015600000000000001
AM,2024Q1,2024   Q1,$6.69 B,20,CZR,Caesars Entertainment,0.015
AM,2023Q4,2023   Q4,$5.66 B,1,META,Meta Platforms Inc.,0.1157
AM,2023Q4,2023   Q4,$5.66 B,2,MSFT,Microsoft Corp.,0.113
AM,2023Q4,2023   Q4,$5.66 B,3,AMZN,Amazon.com Inc.,0.1061
AM,2023Q4,2023   Q4,$5.66 B,4,NVDA,NVIDIA Corp.,0.0692
AM,2023Q4,2023   Q4,$5.66 B,5,UBER,Uber Technologies Inc.,0.0653
AM,2023Q4,2023   Q4,$5.66 B,6,BABA,Alibaba Group Holdings,0.0596
AM,2023Q4,2023   Q4,$5.66 B,7,GOOG,Alphabet Inc. CL C,0.057300000000000004
AM,2023Q4,2023   Q4,$5.66 B,8,AMD,Advanced Micro Devices,0.0524
AM,2023Q4,2023   Q4,$5.66 B,9,INTC,Intel Corp.,0.0409
AM,2023Q4,2023   Q4,$5.66 B,10,FDX,FedEx Corp.,0.0291
AM,2023Q4,2023   Q4,$5.66 B,11,QCOM,QUALCOMM Inc.,0.0256
AM,2023Q4,2023   Q4,$5.66 B,12,ORCL,Oracle Corp.,0.024700000000000003
AM,2023Q4,2023   Q4,$5.66 B,13,ET,Energy Transfer LP,0.0239
AM,2023Q4,2023   Q4,$5.66 B,14,PDD,Pinduoduo Inc.,0.02
AM,2023Q4,2023   Q4,$5.66 B,15,CZR,Caesars Entertainment,0.018600000000000002
AM,2023Q4,2023   Q4,$5.66 B,16,UNH,United Health Group Inc.,0.018600000000000002
AM,2023Q4,2023   Q4,$5.66 B,17,MU,Micron Technology Inc.,0.0183
AM,2023Q4,2023   Q4,$5.66 B,18,LRCX,Lam Research,0.0163
AM,2023Q4,2023   Q4,$5.66 B,19,M,Macy's Inc.,0.0158
AM,2023Q4,2023   Q4,$5.66 B,20,EQT,EQT Corp.,0.0141
AM,2023Q3,2023   Q3,$5.07 B,1,META,Meta Platforms Inc.,0.11560000000000001
AM,2023Q3,2023   Q3,$5.07 B,2,MSFT,Microsoft Corp.,0.10189999999999999
AM,2023Q3,2023   Q3,$5.07 B,3,AMZN,Amazon.com Inc.,0.0941
AM,2023Q3,2023   Q3,$5.07 B,4,NVDA,NVIDIA Corp.,0.08800000000000001
AM,2023Q3,2023   Q3,$5.07 B,5,GOOG,Alphabet Inc. CL C,0.0716
AM,2023Q3,2023   Q3,$5.07 B,6,UBER,Uber Technologies Inc.,0.0658
AM,2023Q3,2023   Q3,$5.07 B,7,BABA,Alibaba Group Holdings,0.0616
AM,2023Q3,2023   Q3,$5.07 B,8,AMD,Advanced Micro Devices,0.0462
AM,2023Q3,2023   Q3,$5.07 B,9,INTC,Intel Corp.,0.043899999999999995
AM,2023Q3,2023   Q3,$5.07 B,10,FDX,FedEx Corp.,0.034
AM,2023Q3,2023   Q3,$5.07 B,11,QCOM,QUALCOMM Inc.,0.0285
AM,2023Q3,2023   Q3,$5.07 B,12,ET,Energy Transfer LP,0.0271
AM,2023Q3,2023   Q3,$5.07 B,13,PDD,Pinduoduo Inc.,0.0271
AM,2023Q3,2023   Q3,$5.07 B,14,UNH,United Health Group Inc.,0.0199
AM,2023Q3,2023   Q3,$5.07 B,15,MU,Micron Technology Inc.,0.018799999999999997
AM,2023Q3,2023   Q3,$5.07 B,16,BIDU,Baidu Inc.,0.0176
AM,2023Q3,2023   Q3,$5.07 B,17,TSM,Taiwan Semiconductor S.A.,0.0172
AM,2023Q3,2023   Q3,$5.07 B,18,EQT,EQT Corp.,0.0165
AM,2023Q3,2023   Q3,$5.07 B,19,LRCX,Lam Research,0.0148
AM,2023Q3,2023   Q3,$5.07 B,20,CZR,Caesars Entertainment,0.013999999999999999
AM,2023Q2,2023   Q2,$5.39 B,1,NVDA,NVIDIA Corp.,0.0801
AM,2023Q2,2023   Q2,$5.39 B,2,META,Meta Platforms Inc.,0.08
AM,2023Q2,2023   Q2,$5.39 B,3,MSFT,Microsoft Corp.,0.0784
AM,2023Q2,2023   Q2,$5.39 B,4,AMZN,Amazon.com Inc.,0.0765
AM,2023Q2,2023   Q2,$5.39 B,5,BABA,Alibaba Group Holdings,0.0692
AM,2023Q2,2023   Q2,$5.39 B,6,UBER,Uber Technologies Inc.,0.057300000000000004
AM,2023Q2,2023   Q2,$5.39 B,7,GOOG,Alphabet Inc. CL C,0.0519
AM,2023Q2,2023   Q2,$5.39 B,8,AMD,Advanced Micro Devices,0.048799999999999996
AM,2023Q2,2023   Q2,$5.39 B,9,INTC,Intel Corp.,0.042
AM,2023Q2,2023   Q2,$5.39 B,10,QCOM,QUALCOMM Inc.,0.0409
AM,2023Q2,2023   Q2,$5.39 B,11,TSM,Taiwan Semiconductor S.A.,0.0332
AM,2023Q2,2023   Q2,$5.39 B,12,BIDU,Baidu Inc.,0.032400000000000005
AM,2023Q2,2023   Q2,$5.39 B,13,FDX,FedEx Corp.,0.029900000000000003
AM,2023Q2,2023   Q2,$5.39 B,14,ET,Energy Transfer LP,0.0231
AM,2023Q2,2023   Q2,$5.39 B,15,MRVL,Marvell Technology Inc.,0.0194
AM,2023Q2,2023   Q2,$5.39 B,16,AVGO,Broadcom Inc.,0.019299999999999998
AM,2023Q2,2023   Q2,$5.39 B,17,UNH,United Health Group Inc.,0.0178
AM,2023Q2,2023   Q2,$5.39 B,18,AAPL,Apple Inc.,0.0173
AM,2023Q2,2023   Q2,$5.39 B,19,MU,Micron Technology Inc.,0.016399999999999998
AM,2023Q2,2023   Q2,$5.39 B,20,EQT,EQT Corp.,0.015700000000000002
AM,2023Q1,2023   Q1,$1.85 B,1,GOOG,Alphabet Inc. CL C,0.1186
AM,2023Q1,2023   Q1,$1.85 B,2,AMZN,Amazon.com Inc.,0.1116
AM,2023Q1,2023   Q1,$1.85 B,3,UBER,Uber Technologies Inc.,0.10279999999999999
AM,2023Q1,2023   Q1,$1.85 B,4,CEG,Constellation Energy Corp.,0.08869999999999999
AM,2023Q1,2023   Q1,$1.85 B,5,META,Meta Platforms Inc.,0.0802
AM,2023Q1,2023   Q1,$1.85 B,6,ET,Energy Transfer LP,0.0688
AM,2023Q1,2023   Q1,$1.85 B,7,M,Macy's Inc.,0.0567
AM,2023Q1,2023   Q1,$1.85 B,8,EQT,EQT Corp.,0.044000000000000004
AM,2023Q1,2023   Q1,$1.85 B,9,FDX,FedEx Corp.,0.0432
AM,2023Q1,2023   Q1,$1.85 B,10,MSFT,Microsoft Corp.,0.0405
AM,2023Q1,2023   Q1,$1.85 B,11,UNH,United Health Group Inc.,0.0383
AM,2023Q1,2023   Q1,$1.85 B,12,CRM,Salesforce.com,0.0313
AM,2023Q1,2023   Q1,$1.85 B,13,NVDA,NVIDIA Corp.,0.0225
AM,2023Q1,2023   Q1,$1.85 B,14,HCA,HCA Healthcare Inc.,0.0203
AM,2023Q1,2023   Q1,$1.85 B,15,TSLA,Tesla Inc.,0.0168
AM,2023Q1,2023   Q1,$1.85 B,16,DIS,Walt Disney Co.,0.016200000000000003
AM,2023Q1,2023   Q1,$1.85 B,17,AR,Antero Resources,0.0159
AM,2023Q1,2023   Q1,$1.85 B,18,CZR,Caesars Entertainment,0.011200000000000002
AM,2023Q1,2023   Q1,$1.85 B,19,MTCH,Match Group Inc.,0.0109
AM,2023Q1,2023   Q1,$1.85 B,20,ARKK,Ark Innovation ETF,0.0109
AM,2022Q4,2022   Q4,$1.35 B,1,CEG,Constellation Energy Corp.,0.1534
AM,2022Q4,2022   Q4,$1.35 B,2,GOOG,Alphabet Inc. CL C,0.1313
AM,2022Q4,2022   Q4,$1.35 B,3,AMZN,Amazon.com Inc.,0.0935
AM,2022Q4,2022   Q4,$1.35 B,4,M,Macy's Inc.,0.0911
AM,2022Q4,2022   Q4,$1.35 B,5,ET,Energy Transfer LP,0.0898
AM,2022Q4,2022   Q4,$1.35 B,6,EQT,EQT Corp.,0.064
AM,2022Q4,2022   Q4,$1.35 B,7,UNH,United Health Group Inc.,0.059000000000000004
AM,2022Q4,2022   Q4,$1.35 B,8,META,Meta Platforms Inc.,0.0513
AM,2022Q4,2022   Q4,$1.35 B,9,MSFT,Microsoft Corp.,0.0418
AM,2022Q4,2022   Q4,$1.35 B,10,HCA,HCA Healthcare Inc.,0.0325
AM,2022Q4,2022   Q4,$1.35 B,11,CRM,Salesforce.com,0.029500000000000002
AM,2022Q4,2022   Q4,$1.35 B,12,AR,Antero Resources,0.0287
AM,2022Q4,2022   Q4,$1.35 B,13,UBER,Uber Technologies Inc.,0.0225
AM,2022Q4,2022   Q4,$1.35 B,14,DIS,Walt Disney Co.,0.019299999999999998
AM,2022Q4,2022   Q4,$1.35 B,15,EXE,Expand Energy Corp.,0.0177
AM,2022Q4,2022   Q4,$1.35 B,16,CHKEZ,Chesapeake Energy Corp. CL B WTS,0.0146
AM,2022Q4,2022   Q4,$1.35 B,17,CZR,Caesars Entertainment,0.0131
AM,2022Q4,2022   Q4,$1.35 B,18,EPD,Enterprise Products Partners LP,0.009300000000000001
AM,2022Q4,2022   Q4,$1.35 B,19,CHKEL,Chesapeake Energy Corp. WTS,0.0086
AM,2022Q4,2022   Q4,$1.35 B,20,SYY,Sysco Corp.,0.0085
AM,2022Q3,2022   Q3,$1.36 B,1,CEG,Constellation Energy Corp.,0.16079999999999997
AM,2022Q3,2022   Q3,$1.36 B,2,GOOG,Alphabet Inc. CL C,0.141
AM,2022Q3,2022   Q3,$1.36 B,3,AMZN,Amazon.com Inc.,0.1204
AM,2022Q3,2022   Q3,$1.36 B,4,META,Meta Platforms Inc.,0.0873
AM,2022Q3,2022   Q3,$1.36 B,5,ET,Energy Transfer LP,0.0827
AM,2022Q3,2022   Q3,$1.36 B,6,EQT,EQT Corp.,0.0756
AM,2022Q3,2022   Q3,$1.36 B,7,M,Macy's Inc.,0.0691
AM,2022Q3,2022   Q3,$1.36 B,8,UNH,United Health Group Inc.,0.0557
AM,2022Q3,2022   Q3,$1.36 B,9,MSFT,Microsoft Corp.,0.04019999999999999
AM,2022Q3,2022   Q3,$1.36 B,10,AR,Antero Resources,0.027999999999999997
AM,2022Q3,2022   Q3,$1.36 B,11,CHKEZ,Chesapeake Energy Corp. CL B WTS,0.021400000000000002
AM,2022Q3,2022   Q3,$1.36 B,12,CRM,Salesforce.com,0.020099999999999996
AM,2022Q3,2022   Q3,$1.36 B,13,UBER,Uber Technologies Inc.,0.0195
AM,2022Q3,2022   Q3,$1.36 B,14,EPD,Enterprise Products Partners LP,0.013600000000000001
AM,2022Q3,2022   Q3,$1.36 B,15,CHKEL,Chesapeake Energy Corp. WTS,0.013000000000000001
AM,2022Q3,2022   Q3,$1.36 B,16,AMLP,Alerian MLP ETF,0.0109
AM,2022Q3,2022   Q3,$1.36 B,17,SYY,Sysco Corp.,0.0104
AM,2022Q3,2022   Q3,$1.36 B,18,HCA,HCA Healthcare Inc.,0.0101
AM,2022Q3,2022   Q3,$1.36 B,19,EXE,Expand Energy Corp.,0.0062
AM,2022Q3,2022   Q3,$1.36 B,20,BABA,Alibaba Group Holdings,0.0053
AM,2022Q2,2022   Q2,$1.59 B,1,GOOG,Alphabet Inc. CL C,0.1373
AM,2022Q2,2022   Q2,$1.59 B,2,META,Meta Platforms Inc.,0.1012
AM,2022Q2,2022   Q2,$1.59 B,3,AMZN,Amazon.com Inc.,0.1
AM,2022Q2,2022   Q2,$1.59 B,4,CEG,Constellation Energy Corp.,0.0971
AM,2022Q2,2022   Q2,$1.59 B,5,M,Macy's Inc.,0.069
AM,2022Q2,2022   Q2,$1.59 B,6,ET,Energy Transfer LP,0.0643
AM,2022Q2,2022   Q2,$1.59 B,7,EQT,EQT Corp.,0.061500000000000006
AM,2022Q2,2022   Q2,$1.59 B,8,UNH,United Health Group Inc.,0.0484
AM,2022Q2,2022   Q2,$1.59 B,9,KSS,Kohl's Corp.,0.042
AM,2022Q2,2022   Q2,$1.59 B,10,MSFT,Microsoft Corp.,0.0403
AM,2022Q2,2022   Q2,$1.59 B,11,OXY,Occidental Petroleum,0.0323
AM,2022Q2,2022   Q2,$1.59 B,12,AR,Antero Resources,0.0274
AM,2022Q2,2022   Q2,$1.59 B,13,SYY,Sysco Corp.,0.0226
AM,2022Q2,2022   Q2,$1.59 B,14,CRM,Salesforce.com,0.0207
AM,2022Q2,2022   Q2,$1.59 B,15,MU,Micron Technology Inc.,0.02
AM,2022Q2,2022   Q2,$1.59 B,16,APTV,Aptiv PLC,0.013999999999999999
AM,2022Q2,2022   Q2,$1.59 B,17,CHKEZ,Chesapeake Energy Corp. CL B WTS,0.0131
AM,2022Q2,2022   Q2,$1.59 B,18,UBER,Uber Technologies Inc.,0.0128
AM,2022Q2,2022   Q2,$1.59 B,19,EPD,Enterprise Products Partners LP,0.011899999999999999
AM,2022Q2,2022   Q2,$1.59 B,20,AMLP,Alerian MLP ETF,0.0088
AM,2022Q1,2022   Q1,$2.5 B,1,GOOG,Alphabet Inc. CL C,0.133
AM,2022Q1,2022   Q1,$2.5 B,2,AMZN,Amazon.com Inc.,0.1109
AM,2022Q1,2022   Q1,$2.5 B,3,META,Meta Platforms Inc.,0.07919999999999999
AM,2022Q1,2022   Q1,$2.5 B,4,M,Macy's Inc.,0.0771
AM,2022Q1,2022   Q1,$2.5 B,5,MU,Micron Technology Inc.,0.0655
AM,2022Q1,2022   Q1,$2.5 B,6,OXY,Occidental Petroleum,0.0645
AM,2022Q1,2022   Q1,$2.5 B,7,EQT,EQT Corp.,0.0542
AM,2022Q1,2022   Q1,$2.5 B,8,MSFT,Microsoft Corp.,0.0452
AM,2022Q1,2022   Q1,$2.5 B,9,ET,Energy Transfer LP,0.0412
AM,2022Q1,2022   Q1,$2.5 B,10,UNH,United Health Group Inc.,0.034300000000000004
AM,2022Q1,2022   Q1,$2.5 B,11,UBER,Uber Technologies Inc.,0.0288
AM,2022Q1,2022   Q1,$2.5 B,12,PCG,PG&E Corp.,0.0287
AM,2022Q1,2022   Q1,$2.5 B,13,SYY,Sysco Corp.,0.0245
AM,2022Q1,2022   Q1,$2.5 B,14,AR,Antero Resources,0.0241
AM,2022Q1,2022   Q1,$2.5 B,15,MOS,Mosaic Co.,0.0222
AM,2022Q1,2022   Q1,$2.5 B,16,XLE,Energy Select Sector SPDR,0.0213
AM,2022Q1,2022   Q1,$2.5 B,17,GT,Goodyear Tire & Rubber,0.018600000000000002
AM,2022Q1,2022   Q1,$2.5 B,18,KSS,Kohl's Corp.,0.0169
AM,2022Q1,2022   Q1,$2.5 B,19,XOP,SPDR S&P Oil & Gas Exploration & Production ETF,0.015300000000000001
AM,2022Q1,2022   Q1,$2.5 B,20,FCX,Freeport-McMoran Inc.,0.0147
AM,2021Q4,2021   Q4,$3.89 B,1,GOOG,Alphabet Inc. CL C,0.1005
AM,2021Q4,2021   Q4,$3.89 B,2,META,Meta Platforms Inc.,0.09519999999999999
AM,2021Q4,2021   Q4,$3.89 B,3,M,Macy's Inc.,0.068
AM,2021Q4,2021   Q4,$3.89 B,4,MU,Micron Technology Inc.,0.0659
AM,2021Q4,2021   Q4,$3.89 B,5,AMZN,Amazon.com Inc.,0.06
AM,2021Q4,2021   Q4,$3.89 B,6,OXY,Occidental Petroleum,0.0492
AM,2021Q4,2021   Q4,$3.89 B,7,PCG,PG&E Corp.,0.039
AM,2021Q4,2021   Q4,$3.89 B,8,TMUS,T-Mobile US Inc.,0.0381
AM,2021Q4,2021   Q4,$3.89 B,9,GM,General Motors,0.0339
AM,2021Q4,2021   Q4,$3.89 B,10,DHI,D.R. Horton,0.030699999999999998
AM,2021Q4,2021   Q4,$3.89 B,11,XLE,Energy Select Sector SPDR,0.030699999999999998
AM,2021Q4,2021   Q4,$3.89 B,12,GT,Goodyear Tire & Rubber,0.0282
AM,2021Q4,2021   Q4,$3.89 B,13,EQT,EQT Corp.,0.0274
AM,2021Q4,2021   Q4,$3.89 B,14,ET,Energy Transfer LP,0.0262
AM,2021Q4,2021   Q4,$3.89 B,15,MSFT,Microsoft Corp.,0.025699999999999997
AM,2021Q4,2021   Q4,$3.89 B,16,XOP,SPDR S&P Oil & Gas Exploration & Production ETF,0.024700000000000003
AM,2021Q4,2021   Q4,$3.89 B,17,MOS,Mosaic Co.,0.024300000000000002
AM,2021Q4,2021   Q4,$3.89 B,18,UNH,United Health Group Inc.,0.0231
AM,2021Q4,2021   Q4,$3.89 B,19,PHM,PulteGroup Inc.,0.0213
AM,2021Q4,2021   Q4,$3.89 B,20,KSS,Kohl's Corp.,0.021
AM,2021Q3,2021   Q3,$4.2 B,1,GOOG,Alphabet Inc. CL C,0.0933
AM,2021Q3,2021   Q3,$4.2 B,2,META,Meta Platforms Inc.,0.0924
AM,2021Q3,2021   Q3,$4.2 B,3,TMUS,T-Mobile US Inc.,0.0774
AM,2021Q3,2021   Q3,$4.2 B,4,AMZN,Amazon.com Inc.,0.0548
AM,2021Q3,2021   Q3,$4.2 B,5,OXY,Occidental Petroleum,0.046799999999999994
AM,2021Q3,2021   Q3,$4.2 B,6,MU,Micron Technology Inc.,0.04650000000000001
AM,2021Q3,2021   Q3,$4.2 B,7,M,Macy's Inc.,0.0377
AM,2021Q3,2021   Q3,$4.2 B,8,PCG,PG&E Corp.,0.030600000000000002
AM,2021Q3,2021   Q3,$4.2 B,9,XLE,Energy Select Sector SPDR,0.0274
AM,2021Q3,2021   Q3,$4.2 B,10,DHI,D.R. Horton,0.0239
AM,2021Q3,2021   Q3,$4.2 B,11,XOP,SPDR S&P Oil & Gas Exploration & Production ETF,0.0233
AM,2021Q3,2021   Q3,$4.2 B,12,ET,Energy Transfer LP,0.0231
AM,2021Q3,2021   Q3,$4.2 B,13,HCA,HCA Healthcare Inc.,0.022400000000000003
AM,2021Q3,2021   Q3,$4.2 B,14,ALIT,Alight Inc.,0.0219
AM,2021Q3,2021   Q3,$4.2 B,15,GT,Goodyear Tire & Rubber,0.0219
AM,2021Q3,2021   Q3,$4.2 B,16,UBER,Uber Technologies Inc.,0.0208
AM,2021Q3,2021   Q3,$4.2 B,17,MOS,Mosaic Co.,0.0202
AM,2021Q3,2021   Q3,$4.2 B,18,MSFT,Microsoft Corp.,0.02
AM,2021Q3,2021   Q3,$4.2 B,19,BABA,Alibaba Group Holdings,0.018500000000000003
AM,2021Q3,2021   Q3,$4.2 B,20,TWTR-OLD,Twitter Inc.,0.0178
AM,2021Q2,2021   Q2,$4.83 B,1,MU,Micron Technology Inc.,0.09939999999999999
AM,2021Q2,2021   Q2,$4.83 B,2,AMZN,Amazon.com Inc.,0.08900000000000001
AM,2021Q2,2021   Q2,$4.83 B,3,META,Meta Platforms Inc.,0.0867
AM,2021Q2,2021   Q2,$4.83 B,4,GOOG,Alphabet Inc. CL C,0.0757
AM,2021Q2,2021   Q2,$4.83 B,5,TMUS,T-Mobile US Inc.,0.0755
AM,2021Q2,2021   Q2,$4.83 B,6,OXY,Occidental Petroleum,0.037000000000000005
AM,2021Q2,2021   Q2,$4.83 B,7,PCG,PG&E Corp.,0.034300000000000004
AM,2021Q2,2021   Q2,$4.83 B,8,BABA,Alibaba Group Holdings,0.0275
AM,2021Q2,2021   Q2,$4.83 B,9,XLE,Energy Select Sector SPDR,0.0259
AM,2021Q2,2021   Q2,$4.83 B,10,ET,Energy Transfer LP,0.023399999999999997
AM,2021Q2,2021   Q2,$4.83 B,11,DHI,D.R. Horton,0.021400000000000002
AM,2021Q2,2021   Q2,$4.83 B,12,PSFE,Paysafe Ltd,0.0213
AM,2021Q2,2021   Q2,$4.83 B,13,UBER,Uber Technologies Inc.,0.021099999999999997
AM,2021Q2,2021   Q2,$4.83 B,14,TWTR-OLD,Twitter Inc.,0.018500000000000003
AM,2021Q2,2021   Q2,$4.83 B,15,MSFT,Microsoft Corp.,0.0175
AM,2021Q2,2021   Q2,$4.83 B,16,HCA,HCA Healthcare Inc.,0.0173
AM,2021Q2,2021   Q2,$4.83 B,17,PHM,PulteGroup Inc.,0.017
AM,2021Q2,2021   Q2,$4.83 B,18,MOS,Mosaic Co.,0.0163
AM,2021Q2,2021   Q2,$4.83 B,19,UNH,United Health Group Inc.,0.0155
AM,2021Q2,2021   Q2,$4.83 B,20,FCX,Freeport-McMoran Inc.,0.0154
AM,2021Q1,2021   Q1,$6.96 B,1,MU,Micron Technology Inc.,0.0922
AM,2021Q1,2021   Q1,$6.96 B,2,AMZN,Amazon.com Inc.,0.08259999999999999
AM,2021Q1,2021   Q1,$6.96 B,3,META,Meta Platforms Inc.,0.077
AM,2021Q1,2021   Q1,$6.96 B,4,TMUS,T-Mobile US Inc.,0.0754
AM,2021Q1,2021   Q1,$6.96 B,5,GOOG,Alphabet Inc. CL C,0.06860000000000001
AM,2021Q1,2021   Q1,$6.96 B,6,PCG,PG&E Corp.,0.0481
AM,2021Q1,2021   Q1,$6.96 B,7,BABA,Alibaba Group Holdings,0.0371
AM,2021Q1,2021   Q1,$6.96 B,8,OXY,Occidental Petroleum,0.0321
AM,2021Q1,2021   Q1,$6.96 B,9,XLE,Energy Select Sector SPDR,0.0305
AM,2021Q1,2021   Q1,$6.96 B,10,HCA,HCA Healthcare Inc.,0.025699999999999997
AM,2021Q1,2021   Q1,$6.96 B,11,ET,Energy Transfer LP,0.0252
AM,2021Q1,2021   Q1,$6.96 B,12,TWTR-OLD,Twitter Inc.,0.0242
AM,2021Q1,2021   Q1,$6.96 B,13,EXE,Expand Energy Corp.,0.0232
AM,2021Q1,2021   Q1,$6.96 B,14,PARA-OLD,Paramount Global CL B,0.0223
AM,2021Q1,2021   Q1,$6.96 B,15,PSFE,Paysafe Ltd,0.0194
AM,2021Q1,2021   Q1,$6.96 B,16,XOP,SPDR S&P Oil & Gas Exploration & Production ETF,0.016
AM,2021Q1,2021   Q1,$6.96 B,17,MSFT,Microsoft Corp.,0.015600000000000001
AM,2021Q1,2021   Q1,$6.96 B,18,DHI,D.R. Horton,0.0149
AM,2021Q1,2021   Q1,$6.96 B,19,UNH,United Health Group Inc.,0.0148
AM,2021Q1,2021   Q1,$6.96 B,20,QCOM,QUALCOMM Inc.,0.0143
AM,2020Q4,2020   Q4,$6.69 B,1,TMUS,T-Mobile US Inc.,0.0989
AM,2020Q4,2020   Q4,$6.69 B,2,AMZN,Amazon.com Inc.,0.09630000000000001
AM,2020Q4,2020   Q4,$6.69 B,3,MU,Micron Technology Inc.,0.08990000000000001
AM,2020Q4,2020   Q4,$6.69 B,4,META,Meta Platforms Inc.,0.0821
AM,2020Q4,2020   Q4,$6.69 B,5,PCG,PG&E Corp.,0.0789
AM,2020Q4,2020   Q4,$6.69 B,6,GOOG,Alphabet Inc. CL C,0.0667
AM,2020Q4,2020   Q4,$6.69 B,7,BABA,Alibaba Group Holdings,0.0661
AM,2020Q4,2020   Q4,$6.69 B,8,TWTR-OLD,Twitter Inc.,0.0385
AM,2020Q4,2020   Q4,$6.69 B,9,HCA,HCA Healthcare Inc.,0.0246
AM,2020Q4,2020   Q4,$6.69 B,10,ET,Energy Transfer LP,0.0222
AM,2020Q4,2020   Q4,$6.69 B,11,MA,Mastercard Inc.,0.0215
AM,2020Q4,2020   Q4,$6.69 B,12,OXY,Occidental Petroleum,0.021
AM,2020Q4,2020   Q4,$6.69 B,13,V,Visa Inc.,0.0203
AM,2020Q4,2020   Q4,$6.69 B,14,DIS,Walt Disney Co.,0.0202
AM,2020Q4,2020   Q4,$6.69 B,15,PYPL,PayPal Holdings Inc.,0.0184
AM,2020Q4,2020   Q4,$6.69 B,16,CRM,Salesforce.com,0.0183
AM,2020Q4,2020   Q4,$6.69 B,17,MSFT,Microsoft Corp.,0.0183
AM,2020Q4,2020   Q4,$6.69 B,18,XLE,Energy Select Sector SPDR,0.0177
AM,2020Q4,2020   Q4,$6.69 B,19,ADBE,Adobe Inc.,0.015
AM,2020Q4,2020   Q4,$6.69 B,20,SYY,Sysco Corp.,0.0139
AM,2020Q3,2020   Q3,$5.66 B,1,PCG,PG&E Corp.,0.1341
AM,2020Q3,2020   Q3,$5.66 B,2,BABA,Alibaba Group Holdings,0.11539999999999999
AM,2020Q3,2020   Q3,$5.66 B,3,TMUS,T-Mobile US Inc.,0.1054
AM,2020Q3,2020   Q3,$5.66 B,4,MU,Micron Technology Inc.,0.1017
AM,2020Q3,2020   Q3,$5.66 B,5,META,Meta Platforms Inc.,0.0818
AM,2020Q3,2020   Q3,$5.66 B,6,AMZN,Amazon.com Inc.,0.0788
AM,2020Q3,2020   Q3,$5.66 B,7,GOOG,Alphabet Inc. CL C,0.0669
AM,2020Q3,2020   Q3,$5.66 B,8,TWTR-OLD,Twitter Inc.,0.036699999999999997
AM,2020Q3,2020   Q3,$5.66 B,9,MA,Mastercard Inc.,0.0265
AM,2020Q3,2020   Q3,$5.66 B,10,V,Visa Inc.,0.024
AM,2020Q3,2020   Q3,$5.66 B,11,T,AT&T Inc.,0.0233
AM,2020Q3,2020   Q3,$5.66 B,12,PYPL,PayPal Holdings Inc.,0.0213
AM,2020Q3,2020   Q3,$5.66 B,13,HCA,HCA Healthcare Inc.,0.0206
AM,2020Q3,2020   Q3,$5.66 B,14,CRM,Salesforce.com,0.0194
AM,2020Q3,2020   Q3,$5.66 B,15,DIS,Walt Disney Co.,0.019299999999999998
AM,2020Q3,2020   Q3,$5.66 B,16,ET,Energy Transfer LP,0.0182
AM,2020Q3,2020   Q3,$5.66 B,17,ADBE,Adobe Inc.,0.0152
AM,2020Q3,2020   Q3,$5.66 B,18,EMR,Emerson Electric,0.0143
AM,2020Q3,2020   Q3,$5.66 B,19,SYY,Sysco Corp.,0.013999999999999999
AM,2020Q3,2020   Q3,$5.66 B,20,NFLX,Netflix Inc.,0.0116
AM,2020Q2,2020   Q2,$5.76 B,1,BABA,Alibaba Group Holdings,0.1264
AM,2020Q2,2020   Q2,$5.76 B,2,AMZN,Amazon.com Inc.,0.10779999999999999
AM,2020Q2,2020   Q2,$5.76 B,3,TMUS,T-Mobile US Inc.,0.1067
AM,2020Q2,2020   Q2,$5.76 B,4,META,Meta Platforms Inc.,0.08810000000000001
AM,2020Q2,2020   Q2,$5.76 B,5,MU,Micron Technology Inc.,0.0837
AM,2020Q2,2020   Q2,$5.76 B,6,GOOG,Alphabet Inc. CL C,0.08199999999999999
AM,2020Q2,2020   Q2,$5.76 B,7,T,AT&T Inc.,0.04769999999999999
AM,2020Q2,2020   Q2,$5.76 B,8,TWTR-OLD,Twitter Inc.,0.0287
AM,2020Q2,2020   Q2,$5.76 B,9,V,Visa Inc.,0.0282
AM,2020Q2,2020   Q2,$5.76 B,10,MA,Mastercard Inc.,0.027999999999999997
AM,2020Q2,2020   Q2,$5.76 B,11,PYPL,PayPal Holdings Inc.,0.0263
AM,2020Q2,2020   Q2,$5.76 B,12,DIS,Walt Disney Co.,0.0232
AM,2020Q2,2020   Q2,$5.76 B,13,ET,Energy Transfer LP,0.0187
AM,2020Q2,2020   Q2,$5.76 B,14,NFLX,Netflix Inc.,0.0182
AM,2020Q2,2020   Q2,$5.76 B,15,SYY,Sysco Corp.,0.0178
AM,2020Q2,2020   Q2,$5.76 B,16,HCA,HCA Healthcare Inc.,0.0177
AM,2020Q2,2020   Q2,$5.76 B,17,CRM,Salesforce.com,0.0163
AM,2020Q2,2020   Q2,$5.76 B,18,ADBE,Adobe Inc.,0.015600000000000001
AM,2020Q2,2020   Q2,$5.76 B,19,EMR,Emerson Electric,0.0151
AM,2020Q2,2020   Q2,$5.76 B,20,PCG,PG&E Corp.,0.0138
AM,2020Q1,2020   Q1,$3.27 B,1,AMZN,Amazon.com Inc.,0.1492
AM,2020Q1,2020   Q1,$3.27 B,2,BABA,Alibaba Group Holdings,0.1349
AM,2020Q1,2020   Q1,$3.27 B,3,GOOG,Alphabet Inc. CL C,0.1285
AM,2020Q1,2020   Q1,$3.27 B,4,META,Meta Platforms Inc.,0.1232
AM,2020Q1,2020   Q1,$3.27 B,5,MU,Micron Technology Inc.,0.11410000000000001
AM,2020Q1,2020   Q1,$3.27 B,6,TWTR-OLD,Twitter Inc.,0.0416
AM,2020Q1,2020   Q1,$3.27 B,7,AGN,Allergan Plc,0.0377
AM,2020Q1,2020   Q1,$3.27 B,8,PCG,PG&E Corp.,0.031200000000000002
AM,2020Q1,2020   Q1,$3.27 B,9,NFLX,Netflix Inc.,0.029300000000000003
AM,2020Q1,2020   Q1,$3.27 B,10,ET,Energy Transfer LP,0.0229
AM,2020Q1,2020   Q1,$3.27 B,11,ADBE,Adobe Inc.,0.0217
AM,2020Q1,2020   Q1,$3.27 B,12,CRM,Salesforce.com,0.020499999999999997
AM,2020Q1,2020   Q1,$3.27 B,13,TMUS,T-Mobile US Inc.,0.019799999999999998
AM,2020Q1,2020   Q1,$3.27 B,14,UNH,United Health Group Inc.,0.0191
AM,2020Q1,2020   Q1,$3.27 B,15,AVGO,Broadcom Inc.,0.0169
AM,2020Q1,2020   Q1,$3.27 B,16,S-OLD,Sprint Corp.,0.0168
AM,2020Q1,2020   Q1,$3.27 B,17,QCOM,QUALCOMM Inc.,0.0115
AM,2020Q1,2020   Q1,$3.27 B,18,HCA,HCA Healthcare Inc.,0.0078000000000000005
AM,2020Q1,2020   Q1,$3.27 B,19,TSLA,Tesla Inc.,0.0067
AM,2020Q1,2020   Q1,$3.27 B,20,AMLP,Alerian MLP ETF,0.0064
AM,2019Q4,2019   Q4,$3.88 B,1,GOOG,Alphabet Inc. CL C,0.1515
AM,2019Q4,2019   Q4,$3.88 B,2,META,Meta Platforms Inc.,0.1493
AM,2019Q4,2019   Q4,$3.88 B,3,AMZN,Amazon.com Inc.,0.1387
AM,2019Q4,2019   Q4,$3.88 B,4,BABA,Alibaba Group Holdings,0.1311
AM,2019Q4,2019   Q4,$3.88 B,5,MU,Micron Technology Inc.,0.11220000000000001
AM,2019Q4,2019   Q4,$3.88 B,6,AGN,Allergan Plc,0.0638
AM,2019Q4,2019   Q4,$3.88 B,7,PCG,PG&E Corp.,0.0487
AM,2019Q4,2019   Q4,$3.88 B,8,ET,Energy Transfer LP,0.0371
AM,2019Q4,2019   Q4,$3.88 B,9,CZR,Caesars Entertainment,0.0352
AM,2019Q4,2019   Q4,$3.88 B,10,UNH,United Health Group Inc.,0.0227
AM,2019Q4,2019   Q4,$3.88 B,11,AVGO,Broadcom Inc.,0.022400000000000003
AM,2019Q4,2019   Q4,$3.88 B,12,CRM,Salesforce.com,0.0209
AM,2019Q4,2019   Q4,$3.88 B,13,ADBE,Adobe Inc.,0.0204
AM,2019Q4,2019   Q4,$3.88 B,14,TMUS,T-Mobile US Inc.,0.0141
AM,2019Q4,2019   Q4,$3.88 B,15,VST,Vistra Corp.,0.0102
AM,2019Q4,2019   Q4,$3.88 B,16,HUM,Humana Inc.,0.0070999999999999995
AM,2019Q4,2019   Q4,$3.88 B,17,LNG,Cheniere Energy Inc.,0.0064
AM,2019Q4,2019   Q4,$3.88 B,18,I,Intelsat S.A.,0.0052
AM,2019Q4,2019   Q4,$3.88 B,19,CWEN,Clearway Energy CL C,0.0023
AM,2019Q4,2019   Q4,$3.88 B,20,CWEN.A-OLD,Clearway Energy CL A,0.0007000000000000001
AM,2019Q3,2019   Q3,$3.3 B,1,GOOG,Alphabet Inc. CL C,0.1646
AM,2019Q3,2019   Q3,$3.3 B,2,META,Meta Platforms Inc.,0.1527
AM,2019Q3,2019   Q3,$3.3 B,3,AMZN,Amazon.com Inc.,0.1396
AM,2019Q3,2019   Q3,$3.3 B,4,AABA,Altaba Inc.,0.0818
AM,2019Q3,2019   Q3,$3.3 B,5,MU,Micron Technology Inc.,0.078
AM,2019Q3,2019   Q3,$3.3 B,6,AGN,Allergan Plc,0.0661
AM,2019Q3,2019   Q3,$3.3 B,7,BABA,Alibaba Group Holdings,0.066
AM,2019Q3,2019   Q3,$3.3 B,8,PCG,PG&E Corp.,0.055
AM,2019Q3,2019   Q3,$3.3 B,9,CZR,Caesars Entertainment,0.039599999999999996
AM,2019Q3,2019   Q3,$3.3 B,10,ET,Energy Transfer LP,0.0232
AM,2019Q3,2019   Q3,$3.3 B,11,AVGO,Broadcom Inc.,0.023
AM,2019Q3,2019   Q3,$3.3 B,12,CRM,Salesforce.com,0.0225
AM,2019Q3,2019   Q3,$3.3 B,13,ADBE,Adobe Inc.,0.0172
AM,2019Q3,2019   Q3,$3.3 B,14,TMUS,T-Mobile US Inc.,0.0167
AM,2019Q3,2019   Q3,$3.3 B,15,UNH,United Health Group Inc.,0.0165
AM,2019Q3,2019   Q3,$3.3 B,16,VST,Vistra Corp.,0.0139
AM,2019Q3,2019   Q3,$3.3 B,17,LNG,Cheniere Energy Inc.,0.0078000000000000005
AM,2019Q3,2019   Q3,$3.3 B,18,HUM,Humana Inc.,0.0058
AM,2019Q3,2019   Q3,$3.3 B,19,BA,Boeing Co.,0.0034999999999999996
AM,2019Q3,2019   Q3,$3.3 B,20,CWEN,Clearway Energy CL C,0.0033
AM,2019Q2,2019   Q2,$2.24 B,1,PCG,PG&E Corp.,0.17190000000000003
AM,2019Q2,2019   Q2,$2.24 B,2,META,Meta Platforms Inc.,0.1592
AM,2019Q2,2019   Q2,$2.24 B,3,AMZN,Amazon.com Inc.,0.1562
AM,2019Q2,2019   Q2,$2.24 B,4,GOOG,Alphabet Inc. CL C,0.1036
AM,2019Q2,2019   Q2,$2.24 B,5,AGN,Allergan Plc,0.0967
AM,2019Q2,2019   Q2,$2.24 B,6,CZR,Caesars Entertainment,0.059000000000000004
AM,2019Q2,2019   Q2,$2.24 B,7,ET,Energy Transfer LP,0.036699999999999997
AM,2019Q2,2019   Q2,$2.24 B,8,UNH,United Health Group Inc.,0.0364
AM,2019Q2,2019   Q2,$2.24 B,9,CRM,Salesforce.com,0.0338
AM,2019Q2,2019   Q2,$2.24 B,10,AABA,Altaba Inc.,0.0325
AM,2019Q2,2019   Q2,$2.24 B,11,TMUS,T-Mobile US Inc.,0.0231
AM,2019Q2,2019   Q2,$2.24 B,12,VST,Vistra Corp.,0.0174
AM,2019Q2,2019   Q2,$2.24 B,13,MU,Micron Technology Inc.,0.0155
AM,2019Q2,2019   Q2,$2.24 B,14,ADBE,Adobe Inc.,0.0147
AM,2019Q2,2019   Q2,$2.24 B,15,LNG,Cheniere Energy Inc.,0.0125
AM,2019Q2,2019   Q2,$2.24 B,16,HUM,Humana Inc.,0.0113
AM,2019Q2,2019   Q2,$2.24 B,17,CWEN,Clearway Energy CL C,0.0053
AM,2019Q2,2019   Q2,$2.24 B,18,I,Intelsat S.A.,0.0051
AM,2019Q2,2019   Q2,$2.24 B,19,COOP-OLD,Mr. Cooper Group Inc.,0.0046
AM,2019Q2,2019   Q2,$2.24 B,20,CNC,Centene Corp.,0.003
AM,2019Q1,2019   Q1,$3.31 B,1,MU,Micron Technology Inc.,0.2404
AM,2019Q1,2019   Q1,$3.31 B,2,AGN,Allergan Plc,0.1386
AM,2019Q1,2019   Q1,$3.31 B,3,PCG,PG&E Corp.,0.1242
AM,2019Q1,2019   Q1,$3.31 B,4,META,Meta Platforms Inc.,0.1007
AM,2019Q1,2019   Q1,$3.31 B,5,AMZN,Amazon.com Inc.,0.0888
AM,2019Q1,2019   Q1,$3.31 B,6,AABA,Altaba Inc.,0.0526
AM,2019Q1,2019   Q1,$3.31 B,7,GOOG,Alphabet Inc. CL C,0.051399999999999994
AM,2019Q1,2019   Q1,$3.31 B,8,BABA,Alibaba Group Holdings,0.038599999999999995
AM,2019Q1,2019   Q1,$3.31 B,9,CZR,Caesars Entertainment,0.0361
AM,2019Q1,2019   Q1,$3.31 B,10,ET,Energy Transfer LP,0.0311
AM,2019Q1,2019   Q1,$3.31 B,11,TMUS,T-Mobile US Inc.,0.018799999999999997
AM,2019Q1,2019   Q1,$3.31 B,12,UNH,United Health Group Inc.,0.0187
AM,2019Q1,2019   Q1,$3.31 B,13,VST,Vistra Corp.,0.0178
AM,2019Q1,2019   Q1,$3.31 B,14,LNG,Cheniere Energy Inc.,0.0121
AM,2019Q1,2019   Q1,$3.31 B,15,CRM,Salesforce.com,0.0096
AM,2019Q1,2019   Q1,$3.31 B,16,ADBE,Adobe Inc.,0.008100000000000001
AM,2019Q1,2019   Q1,$3.31 B,17,COOP-OLD,Mr. Cooper Group Inc.,0.0076
AM,2019Q1,2019   Q1,$3.31 B,18,CWEN,Clearway Energy CL C,0.0039000000000000003
AM,2019Q1,2019   Q1,$3.31 B,19,CWEN.A-OLD,Clearway Energy CL A,0.0011
AM,2018Q4,2018   Q4,$2.03 B,1,MU,Micron Technology Inc.,0.2498
AM,2018Q4,2018   Q4,$2.03 B,2,META,Meta Platforms Inc.,0.0919
AM,2018Q4,2018   Q4,$2.03 B,3,PCG,PG&E Corp.,0.0756
AM,2018Q4,2018   Q4,$2.03 B,4,AGN,Allergan Plc,0.0756
AM,2018Q4,2018   Q4,$2.03 B,5,GOOG,Alphabet Inc. CL C,0.0742
AM,2018Q4,2018   Q4,$2.03 B,6,AABA,Altaba Inc.,0.0668
AM,2018Q4,2018   Q4,$2.03 B,7,ETP-OLD,Energy Transfer Partners LP,0.050199999999999995
AM,2018Q4,2018   Q4,$2.03 B,8,ET,Energy Transfer LP,0.050199999999999995
AM,2018Q4,2018   Q4,$2.03 B,9,CZR,Caesars Entertainment,0.0443
AM,2018Q4,2018   Q4,$2.03 B,10,TMUS,T-Mobile US Inc.,0.0325
AM,2018Q4,2018   Q4,$2.03 B,11,UNH,United Health Group Inc.,0.030600000000000002
AM,2018Q4,2018   Q4,$2.03 B,12,AY-OLD,Atlantica Yield plc,0.028900000000000002
AM,2018Q4,2018   Q4,$2.03 B,13,VST,Vistra Corp.,0.0285
AM,2018Q4,2018   Q4,$2.03 B,14,ALL,Allstate Corp.,0.024700000000000003
AM,2018Q4,2018   Q4,$2.03 B,15,COOP-OLD,Mr. Cooper Group Inc.,0.0236
AM,2018Q4,2018   Q4,$2.03 B,16,LNG,Cheniere Energy Inc.,0.0171
AM,2018Q4,2018   Q4,$2.03 B,17,TERP,TerraForm Power Inc.,0.0148
AM,2018Q4,2018   Q4,$2.03 B,18,NRG,NRG Energy Inc.,0.009000000000000001
AM,2018Q4,2018   Q4,$2.03 B,19,WFC,Wells Fargo,0.0068000000000000005
AM,2018Q4,2018   Q4,$2.03 B,20,KMT,Kennametal Inc.,0.0032
AM,2018Q3,2018   Q3,$5.61 B,1,MU,Micron Technology Inc.,0.2903
AM,2018Q3,2018   Q3,$5.61 B,2,META,Meta Platforms Inc.,0.0968
AM,2018Q3,2018   Q3,$5.61 B,3,AGN,Allergan Plc,0.0677
AM,2018Q3,2018   Q3,$5.61 B,4,BABA,Alibaba Group Holdings,0.0441
AM,2018Q3,2018   Q3,$5.61 B,5,GOOG,Alphabet Inc. CL C,0.0426
AM,2018Q3,2018   Q3,$5.61 B,6,AABA,Altaba Inc.,0.041100000000000005
AM,2018Q3,2018   Q3,$5.61 B,7,TMUS,T-Mobile US Inc.,0.0337
AM,2018Q3,2018   Q3,$5.61 B,8,PCG,PG&E Corp.,0.0327
AM,2018Q3,2018   Q3,$5.61 B,9,LRCX,Lam Research,0.0318
AM,2018Q3,2018   Q3,$5.61 B,10,ETP-OLD,Energy Transfer Partners LP,0.0288
AM,2018Q3,2018   Q3,$5.61 B,11,XPO,XPO Logistics,0.0275
AM,2018Q3,2018   Q3,$5.61 B,12,CZR,Caesars Entertainment,0.0265
AM,2018Q3,2018   Q3,$5.61 B,13,BAC,Bank of America Corp.,0.0178
AM,2018Q3,2018   Q3,$5.61 B,14,STT,State Street Corp.,0.0177
AM,2018Q3,2018   Q3,$5.61 B,15,NRG,NRG Energy Inc.,0.0175
AM,2018Q3,2018   Q3,$5.61 B,16,UNH,United Health Group Inc.,0.0165
AM,2018Q3,2018   Q3,$5.61 B,17,COOP-OLD,Mr. Cooper Group Inc.,0.015600000000000001
AM,2018Q3,2018   Q3,$5.61 B,18,CNC,Centene Corp.,0.0152
AM,2018Q3,2018   Q3,$5.61 B,19,DG,Dollar General,0.014499999999999999
AM,2018Q3,2018   Q3,$5.61 B,20,AY-OLD,Atlantica Yield plc,0.0123
AM,2018Q2,2018   Q2,$8.65 B,1,MU,Micron Technology Inc.,0.2458
AM,2018Q2,2018   Q2,$8.65 B,2,META,Meta Platforms Inc.,0.114
AM,2018Q2,2018   Q2,$8.65 B,3,AGN,Allergan Plc,0.0654
AM,2018Q2,2018   Q2,$8.65 B,4,BABA,Alibaba Group Holdings,0.0567
AM,2018Q2,2018   Q2,$8.65 B,5,AABA,Altaba Inc.,0.054299999999999994
AM,2018Q2,2018   Q2,$8.65 B,6,GOOG,Alphabet Inc. CL C,0.042699999999999995
AM,2018Q2,2018   Q2,$8.65 B,7,LRCX,Lam Research,0.0276
AM,2018Q2,2018   Q2,$8.65 B,8,TMUS,T-Mobile US Inc.,0.0276
AM,2018Q2,2018   Q2,$8.65 B,9,ETP-OLD,Energy Transfer Partners LP,0.0241
AM,2018Q2,2018   Q2,$8.65 B,10,BAC,Bank of America Corp.,0.0236
AM,2018Q2,2018   Q2,$8.65 B,11,WFC,Wells Fargo,0.0209
AM,2018Q2,2018   Q2,$8.65 B,12,CZR,Caesars Entertainment,0.0195
AM,2018Q2,2018   Q2,$8.65 B,13,XPO,XPO Logistics,0.0191
AM,2018Q2,2018   Q2,$8.65 B,14,UNH,United Health Group Inc.,0.015
AM,2018Q2,2018   Q2,$8.65 B,15,CNC,Centene Corp.,0.0146
AM,2018Q2,2018   Q2,$8.65 B,16,ALLY,Ally Financial Inc.,0.0146
AM,2018Q2,2018   Q2,$8.65 B,17,TMO,Thermo Fisher Scientific,0.013999999999999999
AM,2018Q2,2018   Q2,$8.65 B,18,UBS,UBS AG,0.012199999999999999
AM,2018Q2,2018   Q2,$8.65 B,19,KEY,KeyCorp,0.0121
AM,2018Q2,2018   Q2,$8.65 B,20,HUN,Huntsman Corp.,0.0105
AM,2018Q1,2018   Q1,$9.32 B,1,MU,Micron Technology Inc.,0.1981
AM,2018Q1,2018   Q1,$9.32 B,2,META,Meta Platforms Inc.,0.1065
AM,2018Q1,2018   Q1,$9.32 B,3,BABA,Alibaba Group Holdings,0.07980000000000001
AM,2018Q1,2018   Q1,$9.32 B,4,AGN,Allergan Plc,0.0668
AM,2018Q1,2018   Q1,$9.32 B,5,AABA,Altaba Inc.,0.0637
AM,2018Q1,2018   Q1,$9.32 B,6,GOOG,Alphabet Inc. CL C,0.0449
AM,2018Q1,2018   Q1,$9.32 B,7,BAC,Bank of America Corp.,0.0353
AM,2018Q1,2018   Q1,$9.32 B,8,LRCX,Lam Research,0.0282
AM,2018Q1,2018   Q1,$9.32 B,9,TMUS,T-Mobile US Inc.,0.027200000000000002
AM,2018Q1,2018   Q1,$9.32 B,10,XPO,XPO Logistics,0.0233
AM,2018Q1,2018   Q1,$9.32 B,11,ALLY,Ally Financial Inc.,0.0232
AM,2018Q1,2018   Q1,$9.32 B,12,NRG,NRG Energy Inc.,0.022099999999999998
AM,2018Q1,2018   Q1,$9.32 B,13,WFC,Wells Fargo,0.0165
AM,2018Q1,2018   Q1,$9.32 B,14,UNH,United Health Group Inc.,0.016200000000000003
AM,2018Q1,2018   Q1,$9.32 B,15,MGM,MGM Resorts International,0.015300000000000001
AM,2018Q1,2018   Q1,$9.32 B,16,CZR,Caesars Entertainment,0.015300000000000001
AM,2018Q1,2018   Q1,$9.32 B,17,CNC,Centene Corp.,0.013999999999999999
AM,2018Q1,2018   Q1,$9.32 B,18,TMO,Thermo Fisher Scientific,0.0132
AM,2018Q1,2018   Q1,$9.32 B,19,UBS,UBS AG,0.0131
AM,2018Q1,2018   Q1,$9.32 B,20,DG,Dollar General,0.012199999999999999
AM,2017Q4,2017   Q4,$8.75 B,1,MU,Micron Technology Inc.,0.1293
AM,2017Q4,2017   Q4,$8.75 B,2,META,Meta Platforms Inc.,0.1115
AM,2017Q4,2017   Q4,$8.75 B,3,AAPL,Apple Inc.,0.08869999999999999
AM,2017Q4,2017   Q4,$8.75 B,4,BABA,Alibaba Group Holdings,0.0851
AM,2017Q4,2017   Q4,$8.75 B,5,AABA,Altaba Inc.,0.0708
AM,2017Q4,2017   Q4,$8.75 B,6,AGN,Allergan Plc,0.06480000000000001
AM,2017Q4,2017   Q4,$8.75 B,7,BAC,Bank of America Corp.,0.0579
AM,2017Q4,2017   Q4,$8.75 B,8,GOOG,Alphabet Inc. CL C,0.0425
AM,2017Q4,2017   Q4,$8.75 B,9,NRG,NRG Energy Inc.,0.0318
AM,2017Q4,2017   Q4,$8.75 B,10,TMUS,T-Mobile US Inc.,0.027999999999999997
AM,2017Q4,2017   Q4,$8.75 B,11,ALLY,Ally Financial Inc.,0.0268
AM,2017Q4,2017   Q4,$8.75 B,12,ETP-OLD,Energy Transfer Partners LP,0.026699999999999998
AM,2017Q4,2017   Q4,$8.75 B,13,XPO,XPO Logistics,0.0231
AM,2017Q4,2017   Q4,$8.75 B,14,WPZ,Williams Partners LP,0.0165
AM,2017Q4,2017   Q4,$8.75 B,15,URI,United Rentals,0.015
AM,2017Q4,2017   Q4,$8.75 B,16,UNH,United Health Group Inc.,0.0149
AM,2017Q4,2017   Q4,$8.75 B,17,BSX,Boston Scientific,0.013600000000000001
AM,2017Q4,2017   Q4,$8.75 B,18,TMO,Thermo Fisher Scientific,0.0124
AM,2017Q4,2017   Q4,$8.75 B,19,OC,Owens Corning,0.0104
AM,2017Q4,2017   Q4,$8.75 B,20,HUN,Huntsman Corp.,0.01
AM,2017Q3,2017   Q3,$6.68 B,1,MU,Micron Technology Inc.,0.10039999999999999
AM,2017Q3,2017   Q3,$6.68 B,2,BABA,Alibaba Group Holdings,0.09210000000000002
AM,2017Q3,2017   Q3,$6.68 B,3,META,Meta Platforms Inc.,0.08439999999999999
AM,2017Q3,2017   Q3,$6.68 B,4,GOOG,Alphabet Inc. CL C,0.0815
AM,2017Q3,2017   Q3,$6.68 B,5,AGN,Allergan Plc,0.0579
AM,2017Q3,2017   Q3,$6.68 B,6,AABA,Altaba Inc.,0.0464
AM,2017Q3,2017   Q3,$6.68 B,7,WPZ,Williams Partners LP,0.0433
AM,2017Q3,2017   Q3,$6.68 B,8,WDC,Western Digital Corp.,0.0333
AM,2017Q3,2017   Q3,$6.68 B,9,ETP-OLD,Energy Transfer Partners LP,0.0327
AM,2017Q3,2017   Q3,$6.68 B,10,NRG,NRG Energy Inc.,0.0323
AM,2017Q3,2017   Q3,$6.68 B,11,AAPL,Apple Inc.,0.031400000000000004
AM,2017Q3,2017   Q3,$6.68 B,12,OC,Owens Corning,0.024700000000000003
AM,2017Q3,2017   Q3,$6.68 B,13,ALLY,Ally Financial Inc.,0.024700000000000003
AM,2017Q3,2017   Q3,$6.68 B,14,BAC,Bank of America Corp.,0.024
AM,2017Q3,2017   Q3,$6.68 B,15,HUN,Huntsman Corp.,0.021099999999999997
AM,2017Q3,2017   Q3,$6.68 B,16,ALL,Allstate Corp.,0.0202
AM,2017Q3,2017   Q3,$6.68 B,17,UNH,United Health Group Inc.,0.0196
AM,2017Q3,2017   Q3,$6.68 B,18,URI,United Rentals,0.019299999999999998
AM,2017Q3,2017   Q3,$6.68 B,19,PNC,PNC Financial Services,0.018600000000000002
AM,2017Q3,2017   Q3,$6.68 B,20,TERP,TerraForm Power Inc.,0.0169
AM,2017Q2,2017   Q2,$6.36 B,1,AGN,Allergan Plc,0.096
AM,2017Q2,2017   Q2,$6.36 B,2,GOOG,Alphabet Inc. CL C,0.0836
AM,2017Q2,2017   Q2,$6.36 B,3,BABA,Alibaba Group Holdings,0.0819
AM,2017Q2,2017   Q2,$6.36 B,4,MU,Micron Technology Inc.,0.060599999999999994
AM,2017Q2,2017   Q2,$6.36 B,5,WPZ,Williams Partners LP,0.057999999999999996
AM,2017Q2,2017   Q2,$6.36 B,6,META,Meta Platforms Inc.,0.055999999999999994
AM,2017Q2,2017   Q2,$6.36 B,7,ETP-OLD,Energy Transfer Partners LP,0.047599999999999996
AM,2017Q2,2017   Q2,$6.36 B,8,AABA,Altaba Inc.,0.044000000000000004
AM,2017Q2,2017   Q2,$6.36 B,9,WDC,Western Digital Corp.,0.0358
AM,2017Q2,2017   Q2,$6.36 B,10,PNC,PNC Financial Services,0.035
AM,2017Q2,2017   Q2,$6.36 B,11,BAC,Bank of America Corp.,0.0335
AM,2017Q2,2017   Q2,$6.36 B,12,OC,Owens Corning,0.0263
AM,2017Q2,2017   Q2,$6.36 B,13,ALL,Allstate Corp.,0.023700000000000002
AM,2017Q2,2017   Q2,$6.36 B,14,HUN,Huntsman Corp.,0.0218
AM,2017Q2,2017   Q2,$6.36 B,15,URI,United Rentals,0.020499999999999997
AM,2017Q2,2017   Q2,$6.36 B,16,MHK,Mohawk Industries,0.0176
AM,2017Q2,2017   Q2,$6.36 B,17,TERP,TerraForm Power Inc.,0.016399999999999998
AM,2017Q2,2017   Q2,$6.36 B,18,AY-OLD,Atlantica Yield plc,0.0158
AM,2017Q2,2017   Q2,$6.36 B,19,AAPL,Apple Inc.,0.014199999999999999
AM,2017Q2,2017   Q2,$6.36 B,20,UNH,United Health Group Inc.,0.013600000000000001
AM,2017Q1,2017   Q1,$5.71 B,1,AGN,Allergan Plc,0.12300000000000001
AM,2017Q1,2017   Q1,$5.71 B,2,ETP-OLD,Energy Transfer Partners LP,0.0765
AM,2017Q1,2017   Q1,$5.71 B,3,WPZ,Williams Partners LP,0.0713
AM,2017Q1,2017   Q1,$5.71 B,4,GOOG,Alphabet Inc. CL C,0.069
AM,2017Q1,2017   Q1,$5.71 B,5,META,Meta Platforms Inc.,0.0475
AM,2017Q1,2017   Q1,$5.71 B,6,PNC,PNC Financial Services,0.041100000000000005
AM,2017Q1,2017   Q1,$5.71 B,7,BAC,Bank of America Corp.,0.0363
AM,2017Q1,2017   Q1,$5.71 B,8,MU,Micron Technology Inc.,0.0339
AM,2017Q1,2017   Q1,$5.71 B,9,GM,General Motors,0.0321
AM,2017Q1,2017   Q1,$5.71 B,10,LUV,Southwest Airlines,0.0291
AM,2017Q1,2017   Q1,$5.71 B,11,OC,Owens Corning,0.0281
AM,2017Q1,2017   Q1,$5.71 B,12,ALL,Allstate Corp.,0.0265
AM,2017Q1,2017   Q1,$5.71 B,13,HUN,Huntsman Corp.,0.0239
AM,2017Q1,2017   Q1,$5.71 B,14,MHK,Mohawk Industries,0.0227
AM,2017Q1,2017   Q1,$5.71 B,15,RF,Regions Financial Corp.,0.022400000000000003
AM,2017Q1,2017   Q1,$5.71 B,16,KMI,Kinder Morgan,0.020099999999999996
AM,2017Q1,2017   Q1,$5.71 B,17,AY-OLD,Atlantica Yield plc,0.0191
AM,2017Q1,2017   Q1,$5.71 B,18,TERP,TerraForm Power Inc.,0.0189
AM,2017Q1,2017   Q1,$5.71 B,19,WDC,Western Digital Corp.,0.018799999999999997
AM,2017Q1,2017   Q1,$5.71 B,20,PFE,Pfizer Inc.,0.0181
AM,2016Q4,2016   Q4,$5.35 B,1,AGN,Allergan Plc,0.1672
AM,2016Q4,2016   Q4,$5.35 B,2,ETP-OLD,Energy Transfer Partners LP,0.08
AM,2016Q4,2016   Q4,$5.35 B,3,GOOG,Alphabet Inc. CL C,0.0697
AM,2016Q4,2016   Q4,$5.35 B,4,WPZ,Williams Partners LP,0.0674
AM,2016Q4,2016   Q4,$5.35 B,5,META,Meta Platforms Inc.,0.046900000000000004
AM,2016Q4,2016   Q4,$5.35 B,6,PNC,PNC Financial Services,0.0426
AM,2016Q4,2016   Q4,$5.35 B,7,ALL,Allstate Corp.,0.0359
AM,2016Q4,2016   Q4,$5.35 B,8,TEVA,Teva Pharmaceutical Industries Ltd.,0.0342
AM,2016Q4,2016   Q4,$5.35 B,9,PFE,Pfizer Inc.,0.0292
AM,2016Q4,2016   Q4,$5.35 B,10,OC,Owens Corning,0.0262
AM,2016Q4,2016   Q4,$5.35 B,11,MHK,Mohawk Industries,0.0236
AM,2016Q4,2016   Q4,$5.35 B,12,MYL-OLD,Mylan NV,0.0233
AM,2016Q4,2016   Q4,$5.35 B,13,AY-OLD,Atlantica Yield plc,0.021
AM,2016Q4,2016   Q4,$5.35 B,14,TERP,TerraForm Power Inc.,0.0208
AM,2016Q4,2016   Q4,$5.35 B,15,HUN,Huntsman Corp.,0.0204
AM,2016Q4,2016   Q4,$5.35 B,16,RF,Regions Financial Corp.,0.0197
AM,2016Q4,2016   Q4,$5.35 B,17,WHR,Whirlpool Corp.,0.019299999999999998
AM,2016Q4,2016   Q4,$5.35 B,18,CFG,Citizens Financial Group Inc.,0.018799999999999997
AM,2016Q4,2016   Q4,$5.35 B,19,QCOM,QUALCOMM Inc.,0.0171
AM,2016Q4,2016   Q4,$5.35 B,20,HCA,HCA Healthcare Inc.,0.0158
AM,2016Q3,2016   Q3,$3.8 B,1,ETP-OLD,Energy Transfer Partners LP,0.11320000000000001
AM,2016Q3,2016   Q3,$3.8 B,2,GOOG,Alphabet Inc. CL C,0.0966
AM,2016Q3,2016   Q3,$3.8 B,3,WPZ,Williams Partners LP,0.0908
AM,2016Q3,2016   Q3,$3.8 B,4,AGN,Allergan Plc,0.0739
AM,2016Q3,2016   Q3,$3.8 B,5,ALL,Allstate Corp.,0.056799999999999996
AM,2016Q3,2016   Q3,$3.8 B,6,META,Meta Platforms Inc.,0.0501
AM,2016Q3,2016   Q3,$3.8 B,7,WHR,Whirlpool Corp.,0.0495
AM,2016Q3,2016   Q3,$3.8 B,8,OC,Owens Corning,0.0415
AM,2016Q3,2016   Q3,$3.8 B,9,TERP,TerraForm Power Inc.,0.0319
AM,2016Q3,2016   Q3,$3.8 B,10,SYF,Synchrony Financial,0.030699999999999998
AM,2016Q3,2016   Q3,$3.8 B,11,MHK,Mohawk Industries,0.0305
AM,2016Q3,2016   Q3,$3.8 B,12,AY-OLD,Atlantica Yield plc,0.0301
AM,2016Q3,2016   Q3,$3.8 B,13,HUN,Huntsman Corp.,0.027200000000000002
AM,2016Q3,2016   Q3,$3.8 B,14,HCA,HCA Healthcare Inc.,0.0246
AM,2016Q3,2016   Q3,$3.8 B,15,AAPL,Apple Inc.,0.023799999999999998
AM,2016Q3,2016   Q3,$3.8 B,16,HDS,HD Supply Holdings,0.023799999999999998
AM,2016Q3,2016   Q3,$3.8 B,17,KMI,Kinder Morgan,0.0222
AM,2016Q3,2016   Q3,$3.8 B,18,YHOO,Yahoo Inc.,0.0204
AM,2016Q3,2016   Q3,$3.8 B,19,SGI,Somnigroup International Inc.,0.0177
AM,2016Q3,2016   Q3,$3.8 B,20,WDC,Western Digital Corp.,0.0177
AM,2016Q2,2016   Q2,$3.74 B,1,GOOG,Alphabet Inc. CL C,0.1167
AM,2016Q2,2016   Q2,$3.74 B,2,ETP-OLD,Energy Transfer Partners LP,0.11630000000000001
AM,2016Q2,2016   Q2,$3.74 B,3,WPZ,Williams Partners LP,0.0859
AM,2016Q2,2016   Q2,$3.74 B,4,AGN,Allergan Plc,0.0779
AM,2016Q2,2016   Q2,$3.74 B,5,ALL,Allstate Corp.,0.062400000000000004
AM,2016Q2,2016   Q2,$3.74 B,6,WHR,Whirlpool Corp.,0.0582
AM,2016Q2,2016   Q2,$3.74 B,7,OC,Owens Corning,0.046
AM,2016Q2,2016   Q2,$3.74 B,8,SYF,Synchrony Financial,0.040999999999999995
AM,2016Q2,2016   Q2,$3.74 B,9,MHK,Mohawk Industries,0.038599999999999995
AM,2016Q2,2016   Q2,$3.74 B,10,LUV,Southwest Airlines,0.0365
AM,2016Q2,2016   Q2,$3.74 B,11,AY-OLD,Atlantica Yield plc,0.0313
AM,2016Q2,2016   Q2,$3.74 B,12,NXPI,NXP Semiconductors NV,0.029300000000000003
AM,2016Q2,2016   Q2,$3.74 B,13,HDS,HD Supply Holdings,0.025699999999999997
AM,2016Q2,2016   Q2,$3.74 B,14,TERP,TerraForm Power Inc.,0.0254
AM,2016Q2,2016   Q2,$3.74 B,15,HCA,HCA Healthcare Inc.,0.025099999999999997
AM,2016Q2,2016   Q2,$3.74 B,16,HUN,Huntsman Corp.,0.0242
AM,2016Q2,2016   Q2,$3.74 B,17,FOXA,Fox Corporation,0.023700000000000002
AM,2016Q2,2016   Q2,$3.74 B,18,CYH,Community Health Systems,0.0202
AM,2016Q2,2016   Q2,$3.74 B,19,WDC,Western Digital Corp.,0.0183
AM,2016Q2,2016   Q2,$3.74 B,20,HAIN,Hain Celestial Group,0.0171
AM,2016Q1,2016   Q1,$4.84 B,1,ETP-OLD,Energy Transfer Partners LP,0.1081
AM,2016Q1,2016   Q1,$4.84 B,2,GOOG,Alphabet Inc. CL C,0.0925
AM,2016Q1,2016   Q1,$4.84 B,3,DAL,Delta Air Lines Inc.,0.08650000000000001
AM,2016Q1,2016   Q1,$4.84 B,4,WPZ,Williams Partners LP,0.055999999999999994
AM,2016Q1,2016   Q1,$4.84 B,5,WHR,Whirlpool Corp.,0.0526
AM,2016Q1,2016   Q1,$4.84 B,6,HCA,HCA Healthcare Inc.,0.0512
AM,2016Q1,2016   Q1,$4.84 B,7,ALL,Allstate Corp.,0.044500000000000005
AM,2016Q1,2016   Q1,$4.84 B,8,LUV,Southwest Airlines,0.0404
AM,2016Q1,2016   Q1,$4.84 B,9,META,Meta Platforms Inc.,0.0384
AM,2016Q1,2016   Q1,$4.84 B,10,OC,Owens Corning,0.0327
AM,2016Q1,2016   Q1,$4.84 B,11,SYF,Synchrony Financial,0.0297
AM,2016Q1,2016   Q1,$4.84 B,12,CYH,Community Health Systems,0.0274
AM,2016Q1,2016   Q1,$4.84 B,13,NXPI,NXP Semiconductors NV,0.0242
AM,2016Q1,2016   Q1,$4.84 B,14,AY-OLD,Atlantica Yield plc,0.023399999999999997
AM,2016Q1,2016   Q1,$4.84 B,15,HDS,HD Supply Holdings,0.0227
AM,2016Q1,2016   Q1,$4.84 B,16,HUN,Huntsman Corp.,0.022099999999999998
AM,2016Q1,2016   Q1,$4.84 B,17,MHK,Mohawk Industries,0.0219
AM,2016Q1,2016   Q1,$4.84 B,18,BAC,Bank of America Corp.,0.0195
AM,2016Q1,2016   Q1,$4.84 B,19,FOXA,Fox Corporation,0.0171
AM,2016Q1,2016   Q1,$4.84 B,20,KMI,Kinder Morgan,0.0166
AM,2015Q4,2015   Q4,$4.33 B,1,GM,General Motors,0.0989
AM,2015Q4,2015   Q4,$4.33 B,2,GOOG,Alphabet Inc. CL C,0.094
AM,2015Q4,2015   Q4,$4.33 B,3,DAL,Delta Air Lines Inc.,0.0858
AM,2015Q4,2015   Q4,$4.33 B,4,HCA,HCA Healthcare Inc.,0.0709
AM,2015Q4,2015   Q4,$4.33 B,5,WHR,Whirlpool Corp.,0.0548
AM,2015Q4,2015   Q4,$4.33 B,6,LUV,Southwest Airlines,0.042699999999999995
AM,2015Q4,2015   Q4,$4.33 B,7,ALL,Allstate Corp.,0.04190000000000001
AM,2015Q4,2015   Q4,$4.33 B,8,ETP-OLD,Energy Transfer Partners LP,0.0401
AM,2015Q4,2015   Q4,$4.33 B,9,OC,Owens Corning,0.0365
AM,2015Q4,2015   Q4,$4.33 B,10,KMI,Kinder Morgan,0.0326
AM,2015Q4,2015   Q4,$4.33 B,11,BKNG,Booking Holdings Inc.,0.032400000000000005
AM,2015Q4,2015   Q4,$4.33 B,12,AAPL,Apple Inc.,0.0308
AM,2015Q4,2015   Q4,$4.33 B,13,AY-OLD,Atlantica Yield plc,0.0281
AM,2015Q4,2015   Q4,$4.33 B,14,HDS,HD Supply Holdings,0.0222
AM,2015Q4,2015   Q4,$4.33 B,15,TERP,TerraForm Power Inc.,0.022099999999999998
AM,2015Q4,2015   Q4,$4.33 B,16,HUN,Huntsman Corp.,0.021099999999999997
AM,2015Q4,2015   Q4,$4.33 B,17,PFE,Pfizer Inc.,0.018000000000000002
AM,2015Q4,2015   Q4,$4.33 B,18,PPG,PPG Industries,0.0172
AM,2015Q4,2015   Q4,$4.33 B,19,GT,Goodyear Tire & Rubber,0.016200000000000003
AM,2015Q4,2015   Q4,$4.33 B,20,NXPI,NXP Semiconductors NV,0.015600000000000001
AM,2015Q3,2015   Q3,$2.82 B,1,GM,General Motors,0.1374
AM,2015Q3,2015   Q3,$2.82 B,2,HCA,HCA Healthcare Inc.,0.0977
AM,2015Q3,2015   Q3,$2.82 B,3,DAL,Delta Air Lines Inc.,0.0969
AM,2015Q3,2015   Q3,$2.82 B,4,NXPI,NXP Semiconductors NV,0.071
AM,2015Q3,2015   Q3,$2.82 B,5,GT,Goodyear Tire & Rubber,0.061799999999999994
AM,2015Q3,2015   Q3,$2.82 B,6,WHR,Whirlpool Corp.,0.0593
AM,2015Q3,2015   Q3,$2.82 B,7,AAPL,Apple Inc.,0.0513
AM,2015Q3,2015   Q3,$2.82 B,8,OC,Owens Corning,0.05
AM,2015Q3,2015   Q3,$2.82 B,9,BKNG,Booking Holdings Inc.,0.0431
AM,2015Q3,2015   Q3,$2.82 B,10,JBLU,JetBlue Airways Corp.,0.041100000000000005
AM,2015Q3,2015   Q3,$2.82 B,11,GOOG,Alphabet Inc. CL C,0.0403
AM,2015Q3,2015   Q3,$2.82 B,12,HUN,Huntsman Corp.,0.0277
AM,2015Q3,2015   Q3,$2.82 B,13,HDS,HD Supply Holdings,0.0231
AM,2015Q3,2015   Q3,$2.82 B,14,LUV,Southwest Airlines,0.022099999999999998
AM,2015Q3,2015   Q3,$2.82 B,15,EXP,Eagle Materials Inc.,0.018799999999999997
AM,2015Q3,2015   Q3,$2.82 B,16,EMN,Eastman Chemical,0.018000000000000002
AM,2015Q3,2015   Q3,$2.82 B,17,URI,United Rentals,0.0178
AM,2015Q3,2015   Q3,$2.82 B,18,CBI,Chicago Bridge & Iron Company,0.0177
AM,2015Q3,2015   Q3,$2.82 B,19,COOP-OLD,Mr. Cooper Group Inc.,0.0155
AM,2015Q3,2015   Q3,$2.82 B,20,ALL,Allstate Corp.,0.0129
AM,2015Q2,2015   Q2,$4.03 B,1,GM,General Motors,0.15539999999999998
AM,2015Q2,2015   Q2,$4.03 B,2,HCA,HCA Healthcare Inc.,0.0941
AM,2015Q2,2015   Q2,$4.03 B,3,AAPL,Apple Inc.,0.0783
AM,2015Q2,2015   Q2,$4.03 B,4,GT,Goodyear Tire & Rubber,0.0747
AM,2015Q2,2015   Q2,$4.03 B,5,BKNG,Booking Holdings Inc.,0.0655
AM,2015Q2,2015   Q2,$4.03 B,6,WHR,Whirlpool Corp.,0.047599999999999996
AM,2015Q2,2015   Q2,$4.03 B,7,GOOG,Alphabet Inc. CL C,0.0451
AM,2015Q2,2015   Q2,$4.03 B,8,HUN,Huntsman Corp.,0.044199999999999996
AM,2015Q2,2015   Q2,$4.03 B,9,DAL,Delta Air Lines Inc.,0.0435
AM,2015Q2,2015   Q2,$4.03 B,10,NXPI,NXP Semiconductors NV,0.0405
AM,2015Q2,2015   Q2,$4.03 B,11,OC,Owens Corning,0.0368
AM,2015Q2,2015   Q2,$4.03 B,12,BABA,Alibaba Group Holdings,0.0277
AM,2015Q2,2015   Q2,$4.03 B,13,JBLU,JetBlue Airways Corp.,0.0255
AM,2015Q2,2015   Q2,$4.03 B,14,HDS,HD Supply Holdings,0.0219
AM,2015Q2,2015   Q2,$4.03 B,15,UAL,United Airlines Holdings Inc.,0.0199
AM,2015Q2,2015   Q2,$4.03 B,16,EMN,Eastman Chemical,0.0175
AM,2015Q2,2015   Q2,$4.03 B,17,MYL-OLD,Mylan NV,0.0167
AM,2015Q2,2015   Q2,$4.03 B,18,MAS,Masco Corp.,0.015600000000000001
AM,2015Q2,2015   Q2,$4.03 B,19,CBI,Chicago Bridge & Iron Company,0.0149
AM,2015Q2,2015   Q2,$4.03 B,20,TGI-OLD,Triumph Group Inc.,0.013600000000000001
AM,2015Q1,2015   Q1,$4.2 B,1,GM,General Motors,0.1364
AM,2015Q1,2015   Q1,$4.2 B,2,HCA,HCA Healthcare Inc.,0.08779999999999999
AM,2015Q1,2015   Q1,$4.2 B,3,BKNG,Booking Holdings Inc.,0.08529999999999999
AM,2015Q1,2015   Q1,$4.2 B,4,GT,Goodyear Tire & Rubber,0.0643
AM,2015Q1,2015   Q1,$4.2 B,5,UAL,United Airlines Holdings Inc.,0.0635
AM,2015Q1,2015   Q1,$4.2 B,6,WHR,Whirlpool Corp.,0.054400000000000004
AM,2015Q1,2015   Q1,$4.2 B,7,GOOG,Alphabet Inc. CL C,0.053200000000000004
AM,2015Q1,2015   Q1,$4.2 B,8,DAL,Delta Air Lines Inc.,0.05
AM,2015Q1,2015   Q1,$4.2 B,9,GOOGL,Alphabet Inc.,0.0452
AM,2015Q1,2015   Q1,$4.2 B,10,NXPI,NXP Semiconductors NV,0.0436
AM,2015Q1,2015   Q1,$4.2 B,11,HUN,Huntsman Corp.,0.0426
AM,2015Q1,2015   Q1,$4.2 B,12,OC,Owens Corning,0.030299999999999997
AM,2015Q1,2015   Q1,$4.2 B,13,MAS,Masco Corp.,0.0274
AM,2015Q1,2015   Q1,$4.2 B,14,MU,Micron Technology Inc.,0.0229
AM,2015Q1,2015   Q1,$4.2 B,15,JBLU,JetBlue Airways Corp.,0.0217
AM,2015Q1,2015   Q1,$4.2 B,16,HDS,HD Supply Holdings,0.021099999999999997
AM,2015Q1,2015   Q1,$4.2 B,17,EMN,Eastman Chemical,0.015
AM,2015Q1,2015   Q1,$4.2 B,18,CBI,Chicago Bridge & Iron Company,0.013999999999999999
AM,2015Q1,2015   Q1,$4.2 B,19,LO,Lorillard Inc.,0.0131
AM,2015Q1,2015   Q1,$4.2 B,20,USG,USG Corp.,0.012
AM,2014Q4,2014   Q4,$4.02 B,1,GM,General Motors,0.1275
AM,2014Q4,2014   Q4,$4.02 B,2,HCA,HCA Healthcare Inc.,0.0915
AM,2014Q4,2014   Q4,$4.02 B,3,BKNG,Booking Holdings Inc.,0.08990000000000001
AM,2014Q4,2014   Q4,$4.02 B,4,WHR,Whirlpool Corp.,0.0819
AM,2014Q4,2014   Q4,$4.02 B,5,UAL,United Airlines Holdings Inc.,0.0819
AM,2014Q4,2014   Q4,$4.02 B,6,GT,Goodyear Tire & Rubber,0.0728
AM,2014Q4,2014   Q4,$4.02 B,7,GOOG,Alphabet Inc. CL C,0.0655
AM,2014Q4,2014   Q4,$4.02 B,8,AAL,American Airlines Group Inc.,0.0581
AM,2014Q4,2014   Q4,$4.02 B,9,GOOGL,Alphabet Inc.,0.048799999999999996
AM,2014Q4,2014   Q4,$4.02 B,10,NXPI,NXP Semiconductors NV,0.0447
AM,2014Q4,2014   Q4,$4.02 B,11,DAL,Delta Air Lines Inc.,0.0394
AM,2014Q4,2014   Q4,$4.02 B,12,HUN,Huntsman Corp.,0.0347
AM,2014Q4,2014   Q4,$4.02 B,13,MAS,Masco Corp.,0.0288
AM,2014Q4,2014   Q4,$4.02 B,14,OC,Owens Corning,0.0253
AM,2014Q4,2014   Q4,$4.02 B,15,LO,Lorillard Inc.,0.0169
AM,2014Q4,2014   Q4,$4.02 B,16,CBI,Chicago Bridge & Iron Company,0.0141
AM,2014Q4,2014   Q4,$4.02 B,17,TGI-OLD,Triumph Group Inc.,0.0127
AM,2014Q4,2014   Q4,$4.02 B,18,AXLL,Axiall Corp.,0.012
AM,2014Q4,2014   Q4,$4.02 B,19,TEX,Terex Corp.,0.0115
AM,2014Q4,2014   Q4,$4.02 B,20,HDS,HD Supply Holdings,0.0096
AM,2014Q3,2014   Q3,$6.18 B,1,GM,General Motors,0.0768
AM,2014Q3,2014   Q3,$6.18 B,2,C,Citigroup Inc.,0.0697
AM,2014Q3,2014   Q3,$6.18 B,3,BKNG,Booking Holdings Inc.,0.0687
AM,2014Q3,2014   Q3,$6.18 B,4,HCA,HCA Healthcare Inc.,0.0608
AM,2014Q3,2014   Q3,$6.18 B,5,GOOG,Alphabet Inc. CL C,0.059500000000000004
AM,2014Q3,2014   Q3,$6.18 B,6,HAL,Halliburton Co.,0.0524
AM,2014Q3,2014   Q3,$6.18 B,7,WHR,Whirlpool Corp.,0.0471
AM,2014Q3,2014   Q3,$6.18 B,8,META,Meta Platforms Inc.,0.0458
AM,2014Q3,2014   Q3,$6.18 B,9,DAL,Delta Air Lines Inc.,0.0437
AM,2014Q3,2014   Q3,$6.18 B,10,GOOGL,Alphabet Inc.,0.0421
AM,2014Q3,2014   Q3,$6.18 B,11,AAL,American Airlines Group Inc.,0.0418
AM,2014Q3,2014   Q3,$6.18 B,12,GT,Goodyear Tire & Rubber,0.0412
AM,2014Q3,2014   Q3,$6.18 B,13,UAL,United Airlines Holdings Inc.,0.0375
AM,2014Q3,2014   Q3,$6.18 B,14,HUN,Huntsman Corp.,0.0308
AM,2014Q3,2014   Q3,$6.18 B,15,NXPI,NXP Semiconductors NV,0.027999999999999997
AM,2014Q3,2014   Q3,$6.18 B,16,CBS,CBS Corp.,0.024700000000000003
AM,2014Q3,2014   Q3,$6.18 B,17,MAS,Masco Corp.,0.022400000000000003
AM,2014Q3,2014   Q3,$6.18 B,18,AAPL,Apple Inc.,0.0189
AM,2014Q3,2014   Q3,$6.18 B,19,F,Ford Motor,0.0174
AM,2014Q3,2014   Q3,$6.18 B,20,OC,Owens Corning,0.0169
AM,2014Q2,2014   Q2,$6.55 B,1,AAL,American Airlines Group Inc.,0.0764
AM,2014Q2,2014   Q2,$6.55 B,2,GM,General Motors,0.0719
AM,2014Q2,2014   Q2,$6.55 B,3,C,Citigroup Inc.,0.062
AM,2014Q2,2014   Q2,$6.55 B,4,BKNG,Booking Holdings Inc.,0.057800000000000004
AM,2014Q2,2014   Q2,$6.55 B,5,GOOG,Alphabet Inc. CL C,0.0559
AM,2014Q2,2014   Q2,$6.55 B,6,HAL,Halliburton Co.,0.0545
AM,2014Q2,2014   Q2,$6.55 B,7,GT,Goodyear Tire & Rubber,0.0478
AM,2014Q2,2014   Q2,$6.55 B,8,HCA,HCA Healthcare Inc.,0.0458
AM,2014Q2,2014   Q2,$6.55 B,9,GOOGL,Alphabet Inc.,0.0395
AM,2014Q2,2014   Q2,$6.55 B,10,DAL,Delta Air Lines Inc.,0.0379
AM,2014Q2,2014   Q2,$6.55 B,11,META,Meta Platforms Inc.,0.0368
AM,2014Q2,2014   Q2,$6.55 B,12,UAL,United Airlines Holdings Inc.,0.032400000000000005
AM,2014Q2,2014   Q2,$6.55 B,13,HUN,Huntsman Corp.,0.031400000000000004
AM,2014Q2,2014   Q2,$6.55 B,14,AAPL,Apple Inc.,0.0239
AM,2014Q2,2014   Q2,$6.55 B,15,WHR,Whirlpool Corp.,0.0215
AM,2014Q2,2014   Q2,$6.55 B,16,MAS,Masco Corp.,0.0209
AM,2014Q2,2014   Q2,$6.55 B,17,CBS,CBS Corp.,0.020499999999999997
AM,2014Q2,2014   Q2,$6.55 B,18,OC,Owens Corning,0.0194
AM,2014Q2,2014   Q2,$6.55 B,19,F,Ford Motor,0.0192
AM,2014Q2,2014   Q2,$6.55 B,20,DIS,Walt Disney Co.,0.018000000000000002
AM,2014Q1,2014   Q1,$5.74 B,1,GOOGL,Alphabet Inc.,0.0859
AM,2014Q1,2014   Q1,$5.74 B,2,C,Citigroup Inc.,0.0836
AM,2014Q1,2014   Q1,$5.74 B,3,AAL,American Airlines Group Inc.,0.054900000000000004
AM,2014Q1,2014   Q1,$5.74 B,4,HAL,Halliburton Co.,0.0516
AM,2014Q1,2014   Q1,$5.74 B,5,GT,Goodyear Tire & Rubber,0.051399999999999994
AM,2014Q1,2014   Q1,$5.74 B,6,HCA,HCA Healthcare Inc.,0.0487
AM,2014Q1,2014   Q1,$5.74 B,7,GM,General Motors,0.0473
AM,2014Q1,2014   Q1,$5.74 B,8,BKNG,Booking Holdings Inc.,0.038
AM,2014Q1,2014   Q1,$5.74 B,9,UAL,United Airlines Holdings Inc.,0.0361
AM,2014Q1,2014   Q1,$5.74 B,10,DAL,Delta Air Lines Inc.,0.036000000000000004
AM,2014Q1,2014   Q1,$5.74 B,11,HUN,Huntsman Corp.,0.0311
AM,2014Q1,2014   Q1,$5.74 B,12,WHR,Whirlpool Corp.,0.0265
AM,2014Q1,2014   Q1,$5.74 B,13,AAPL,Apple Inc.,0.023399999999999997
AM,2014Q1,2014   Q1,$5.74 B,14,OC,Owens Corning,0.0229
AM,2014Q1,2014   Q1,$5.74 B,15,F,Ford Motor,0.019799999999999998
AM,2014Q1,2014   Q1,$5.74 B,16,DIS,Walt Disney Co.,0.0192
AM,2014Q1,2014   Q1,$5.74 B,17,CBI,Chicago Bridge & Iron Company,0.018600000000000002
AM,2014Q1,2014   Q1,$5.74 B,18,EMN,Eastman Chemical,0.0173
AM,2014Q1,2014   Q1,$5.74 B,19,MGM,MGM Resorts International,0.016200000000000003
AM,2014Q1,2014   Q1,$5.74 B,20,QCOM,QUALCOMM Inc.,0.013600000000000001
AM,2013Q4,2013   Q4,$5.05 B,1,C,Citigroup Inc.,0.0998
AM,2013Q4,2013   Q4,$5.05 B,2,GT,Goodyear Tire & Rubber,0.0574
AM,2013Q4,2013   Q4,$5.05 B,3,GOOGL,Alphabet Inc.,0.0525
AM,2013Q4,2013   Q4,$5.05 B,4,HCA,HCA Healthcare Inc.,0.0482
AM,2013Q4,2013   Q4,$5.05 B,5,UAL,United Airlines Holdings Inc.,0.0453
AM,2013Q4,2013   Q4,$5.05 B,6,GM,General Motors,0.04019999999999999
AM,2013Q4,2013   Q4,$5.05 B,7,HUN,Huntsman Corp.,0.037200000000000004
AM,2013Q4,2013   Q4,$5.05 B,8,AAL,American Airlines Group Inc.,0.0351
AM,2013Q4,2013   Q4,$5.05 B,9,DAL,Delta Air Lines Inc.,0.030600000000000002
AM,2013Q4,2013   Q4,$5.05 B,10,MGM,MGM Resorts International,0.029900000000000003
AM,2013Q4,2013   Q4,$5.05 B,11,MET,MetLife Inc.,0.0258
AM,2013Q4,2013   Q4,$5.05 B,12,PRU,Prudential Financial,0.025699999999999997
AM,2013Q4,2013   Q4,$5.05 B,13,AIG,American International Group,0.0255
AM,2013Q4,2013   Q4,$5.05 B,14,OC,Owens Corning,0.024300000000000002
AM,2013Q4,2013   Q4,$5.05 B,15,AAPL,Apple Inc.,0.0239
AM,2013Q4,2013   Q4,$5.05 B,16,F,Ford Motor,0.0223
AM,2013Q4,2013   Q4,$5.05 B,17,CBI,Chicago Bridge & Iron Company,0.0204
AM,2013Q4,2013   Q4,$5.05 B,18,FLR,Fluor Corp.,0.019299999999999998
AM,2013Q4,2013   Q4,$5.05 B,19,HIG,Hartford Financial Svc.Gp.,0.018500000000000003
AM,2013Q4,2013   Q4,$5.05 B,20,TEX,Terex Corp.,0.017
AM,2013Q3,2013   Q3,$4.95 B,1,C,Citigroup Inc.,0.09539999999999998
AM,2013Q3,2013   Q3,$4.95 B,2,GT,Goodyear Tire & Rubber,0.0855
AM,2013Q3,2013   Q3,$4.95 B,3,UAL,United Airlines Holdings Inc.,0.0529
AM,2013Q3,2013   Q3,$4.95 B,4,DAL,Delta Air Lines Inc.,0.04
AM,2013Q3,2013   Q3,$4.95 B,5,HCA,HCA Healthcare Inc.,0.0395
AM,2013Q3,2013   Q3,$4.95 B,6,MET,MetLife Inc.,0.0383
AM,2013Q3,2013   Q3,$4.95 B,7,GM,General Motors,0.0362
AM,2013Q3,2013   Q3,$4.95 B,8,LCC,US Airways Group Inc.,0.036000000000000004
AM,2013Q3,2013   Q3,$4.95 B,9,QCOM,QUALCOMM Inc.,0.034300000000000004
AM,2013Q3,2013   Q3,$4.95 B,10,HUN,Huntsman Corp.,0.0326
AM,2013Q3,2013   Q3,$4.95 B,11,AIG,American International Group,0.0273
AM,2013Q3,2013   Q3,$4.95 B,12,MGM,MGM Resorts International,0.027200000000000002
AM,2013Q3,2013   Q3,$4.95 B,13,PRU,Prudential Financial,0.026699999999999998
AM,2013Q3,2013   Q3,$4.95 B,14,F,Ford Motor,0.0262
AM,2013Q3,2013   Q3,$4.95 B,15,GOOGL,Alphabet Inc.,0.025699999999999997
AM,2013Q3,2013   Q3,$4.95 B,16,HIG,Hartford Financial Svc.Gp.,0.0255
AM,2013Q3,2013   Q3,$4.95 B,17,AAPL,Apple Inc.,0.0235
AM,2013Q3,2013   Q3,$4.95 B,18,FLR,Fluor Corp.,0.0209
AM,2013Q3,2013   Q3,$4.95 B,19,RIG,Transocean Ltd.,0.0203
AM,2013Q3,2013   Q3,$4.95 B,20,CBI,Chicago Bridge & Iron Company,0.020099999999999996
AM,2013Q2,2013   Q2,$5.01 B,1,C,Citigroup Inc.,0.0919
AM,2013Q2,2013   Q2,$5.01 B,2,GT,Goodyear Tire & Rubber,0.06709999999999999
AM,2013Q2,2013   Q2,$5.01 B,3,UAL,United Airlines Holdings Inc.,0.0482
AM,2013Q2,2013   Q2,$5.01 B,4,DAL,Delta Air Lines Inc.,0.0384
AM,2013Q2,2013   Q2,$5.01 B,5,MET,MetLife Inc.,0.0375
AM,2013Q2,2013   Q2,$5.01 B,6,QCOM,QUALCOMM Inc.,0.0365
AM,2013Q2,2013   Q2,$5.01 B,7,GM,General Motors,0.0337
AM,2013Q2,2013   Q2,$5.01 B,8,F,Ford Motor,0.0323
AM,2013Q2,2013   Q2,$5.01 B,9,LCC,US Airways Group Inc.,0.030600000000000002
AM,2013Q2,2013   Q2,$5.01 B,10,AAPL,Apple Inc.,0.030299999999999997
AM,2013Q2,2013   Q2,$5.01 B,11,GOOGL,Alphabet Inc.,0.028999999999999998
AM,2013Q2,2013   Q2,$5.01 B,12,HCA,HCA Healthcare Inc.,0.0282
AM,2013Q2,2013   Q2,$5.01 B,13,HIG,Hartford Financial Svc.Gp.,0.0255
AM,2013Q2,2013   Q2,$5.01 B,14,AIG,American International Group,0.0253
AM,2013Q2,2013   Q2,$5.01 B,15,PRU,Prudential Financial,0.0252
AM,2013Q2,2013   Q2,$5.01 B,16,RIG,Transocean Ltd.,0.0245
AM,2013Q2,2013   Q2,$5.01 B,17,HUN,Huntsman Corp.,0.023
AM,2013Q2,2013   Q2,$5.01 B,18,BRCM-OLD,Broadcom Corp. OLD,0.0218
AM,2013Q2,2013   Q2,$5.01 B,19,MGM,MGM Resorts International,0.019799999999999998
AM,2013Q2,2013   Q2,$5.01 B,20,OC,Owens Corning,0.0196
AM,2013Q1,2013   Q1,$4.54 B,1,C,Citigroup Inc.,0.083
AM,2013Q1,2013   Q1,$4.54 B,2,UAL,United Airlines Holdings Inc.,0.06
AM,2013Q1,2013   Q1,$4.54 B,3,AAPL,Apple Inc.,0.0526
AM,2013Q1,2013   Q1,$4.54 B,4,QCOM,QUALCOMM Inc.,0.043899999999999995
AM,2013Q1,2013   Q1,$4.54 B,5,GT,Goodyear Tire & Rubber,0.042300000000000004
AM,2013Q1,2013   Q1,$4.54 B,6,LCC,US Airways Group Inc.,0.04
AM,2013Q1,2013   Q1,$4.54 B,7,HCA,HCA Healthcare Inc.,0.0387
AM,2013Q1,2013   Q1,$4.54 B,8,MET,MetLife Inc.,0.0385
AM,2013Q1,2013   Q1,$4.54 B,9,AIG,American International Group,0.037000000000000005
AM,2013Q1,2013   Q1,$4.54 B,10,DAL,Delta Air Lines Inc.,0.035699999999999996
AM,2013Q1,2013   Q1,$4.54 B,11,GM,General Motors,0.0348
AM,2013Q1,2013   Q1,$4.54 B,12,F,Ford Motor,0.0339
AM,2013Q1,2013   Q1,$4.54 B,13,GOOGL,Alphabet Inc.,0.032400000000000005
AM,2013Q1,2013   Q1,$4.54 B,14,HUN,Huntsman Corp.,0.030299999999999997
AM,2013Q1,2013   Q1,$4.54 B,15,HIG,Hartford Financial Svc.Gp.,0.0301
AM,2013Q1,2013   Q1,$4.54 B,16,RIG,Transocean Ltd.,0.029300000000000003
AM,2013Q1,2013   Q1,$4.54 B,17,BRCM-OLD,Broadcom Corp. OLD,0.0276
AM,2013Q1,2013   Q1,$4.54 B,18,OC,Owens Corning,0.0235
AM,2013Q1,2013   Q1,$4.54 B,19,MSFT,Microsoft Corp.,0.022000000000000002
AM,2013Q1,2013   Q1,$4.54 B,20,EMC,EMC Corp.,0.0212
AM,2012Q4,2012   Q4,$4.35 B,1,AAPL,Apple Inc.,0.11199999999999999
AM,2012Q4,2012   Q4,$4.35 B,2,C,Citigroup Inc.,0.0837
AM,2012Q4,2012   Q4,$4.35 B,3,AIG,American International Group,0.0492
AM,2012Q4,2012   Q4,$4.35 B,4,UAL,United Airlines Holdings Inc.,0.049100000000000005
AM,2012Q4,2012   Q4,$4.35 B,5,GT,Goodyear Tire & Rubber,0.045599999999999995
AM,2012Q4,2012   Q4,$4.35 B,6,QCOM,QUALCOMM Inc.,0.0395
AM,2012Q4,2012   Q4,$4.35 B,7,LCC,US Airways Group Inc.,0.0375
AM,2012Q4,2012   Q4,$4.35 B,8,GM,General Motors,0.0356
AM,2012Q4,2012   Q4,$4.35 B,9,F,Ford Motor,0.0333
AM,2012Q4,2012   Q4,$4.35 B,10,GOOGL,Alphabet Inc.,0.0302
AM,2012Q4,2012   Q4,$4.35 B,11,HCA,HCA Healthcare Inc.,0.03
AM,2012Q4,2012   Q4,$4.35 B,12,DAL,Delta Air Lines Inc.,0.0282
AM,2012Q4,2012   Q4,$4.35 B,13,HUN,Huntsman Corp.,0.0271
AM,2012Q4,2012   Q4,$4.35 B,14,BRCM-OLD,Broadcom Corp. OLD,0.026099999999999998
AM,2012Q4,2012   Q4,$4.35 B,15,HIG,Hartford Financial Svc.Gp.,0.025699999999999997
AM,2012Q4,2012   Q4,$4.35 B,16,MET,MetLife Inc.,0.025699999999999997
AM,2012Q4,2012   Q4,$4.35 B,17,EMC,EMC Corp.,0.0241
AM,2012Q4,2012   Q4,$4.35 B,18,JPM,JPMorgan Chase & Co.,0.0233
AM,2012Q4,2012   Q4,$4.35 B,19,OC,Owens Corning,0.0202
AM,2012Q4,2012   Q4,$4.35 B,20,MSFT,Microsoft Corp.,0.0194
AM,2012Q3,2012   Q3,$3.54 B,1,AAPL,Apple Inc.,0.0981
AM,2012Q3,2012   Q3,$3.54 B,2,C,Citigroup Inc.,0.0941
AM,2012Q3,2012   Q3,$3.54 B,3,AIG,American International Group,0.07629999999999999
AM,2012Q3,2012   Q3,$3.54 B,4,UAL,United Airlines Holdings Inc.,0.054000000000000006
AM,2012Q3,2012   Q3,$3.54 B,5,GT,Goodyear Tire & Rubber,0.0492
AM,2012Q3,2012   Q3,$3.54 B,6,GOOGL,Alphabet Inc.,0.0415
AM,2012Q3,2012   Q3,$3.54 B,7,QCOM,QUALCOMM Inc.,0.0406
AM,2012Q3,2012   Q3,$3.54 B,8,LCC,US Airways Group Inc.,0.04019999999999999
AM,2012Q3,2012   Q3,$3.54 B,9,GM,General Motors,0.0382
AM,2012Q3,2012   Q3,$3.54 B,10,BRCM-OLD,Broadcom Corp. OLD,0.0348
AM,2012Q3,2012   Q3,$3.54 B,11,HUN,Huntsman Corp.,0.0334
AM,2012Q3,2012   Q3,$3.54 B,12,F,Ford Motor,0.0323
AM,2012Q3,2012   Q3,$3.54 B,13,JPM,JPMorgan Chase & Co.,0.0274
AM,2012Q3,2012   Q3,$3.54 B,14,DAL,Delta Air Lines Inc.,0.0268
AM,2012Q3,2012   Q3,$3.54 B,15,ORCL,Oracle Corp.,0.0246
AM,2012Q3,2012   Q3,$3.54 B,16,OC,Owens Corning,0.0229
AM,2012Q3,2012   Q3,$3.54 B,17,MAS,Masco Corp.,0.022400000000000003
AM,2012Q3,2012   Q3,$3.54 B,18,EMC,EMC Corp.,0.0216
AM,2012Q3,2012   Q3,$3.54 B,19,MGM,MGM Resorts International,0.0209
AM,2012Q3,2012   Q3,$3.54 B,20,HIG,Hartford Financial Svc.Gp.,0.019799999999999998
AM,2012Q2,2012   Q2,$2.6 B,1,AAPL,Apple Inc.,0.1158
AM,2012Q2,2012   Q2,$2.6 B,2,C,Citigroup Inc.,0.0975
AM,2012Q2,2012   Q2,$2.6 B,3,UAL,United Airlines Holdings Inc.,0.0886
AM,2012Q2,2012   Q2,$2.6 B,4,LCC,US Airways Group Inc.,0.0662
AM,2012Q2,2012   Q2,$2.6 B,5,GT,Goodyear Tire & Rubber,0.051
AM,2012Q2,2012   Q2,$2.6 B,6,GOOGL,Alphabet Inc.,0.0493
AM,2012Q2,2012   Q2,$2.6 B,7,QCOM,QUALCOMM Inc.,0.0493
AM,2012Q2,2012   Q2,$2.6 B,8,DAL,Delta Air Lines Inc.,0.0401
AM,2012Q2,2012   Q2,$2.6 B,9,GM,General Motors,0.035699999999999996
AM,2012Q2,2012   Q2,$2.6 B,10,ORCL,Oracle Corp.,0.0353
AM,2012Q2,2012   Q2,$2.6 B,11,BRCM-OLD,Broadcom Corp. OLD,0.0323
AM,2012Q2,2012   Q2,$2.6 B,12,HUN,Huntsman Corp.,0.031400000000000004
AM,2012Q2,2012   Q2,$2.6 B,13,F,Ford Motor,0.0282
AM,2012Q2,2012   Q2,$2.6 B,14,EMC,EMC Corp.,0.026699999999999998
AM,2012Q2,2012   Q2,$2.6 B,15,OC,Owens Corning,0.024700000000000003
AM,2012Q2,2012   Q2,$2.6 B,16,VLO,Valero Energy,0.021400000000000002
AM,2012Q2,2012   Q2,$2.6 B,17,MAS,Masco Corp.,0.0204
AM,2012Q2,2012   Q2,$2.6 B,18,WHR,Whirlpool Corp.,0.0165
AM,2012Q2,2012   Q2,$2.6 B,19,DF,Dean Foods,0.015700000000000002
AM,2012Q2,2012   Q2,$2.6 B,20,MSFT,Microsoft Corp.,0.013300000000000001
AM,2012Q1,2012   Q1,$2.49 B,1,AAPL,Apple Inc.,0.1649
AM,2012Q1,2012   Q1,$2.49 B,2,C,Citigroup Inc.,0.0894
AM,2012Q1,2012   Q1,$2.49 B,3,UAL,United Airlines Holdings Inc.,0.0688
AM,2012Q1,2012   Q1,$2.49 B,4,GOOGL,Alphabet Inc.,0.0417
AM,2012Q1,2012   Q1,$2.49 B,5,QCOM,QUALCOMM Inc.,0.041299999999999996
AM,2012Q1,2012   Q1,$2.49 B,6,GT,Goodyear Tire & Rubber,0.039
AM,2012Q1,2012   Q1,$2.49 B,7,BRCM-OLD,Broadcom Corp. OLD,0.0381
AM,2012Q1,2012   Q1,$2.49 B,8,CVI,CVR Energy Inc.,0.0345
AM,2012Q1,2012   Q1,$2.49 B,9,F,Ford Motor,0.032799999999999996
AM,2012Q1,2012   Q1,$2.49 B,10,LCC,US Airways Group Inc.,0.0325
AM,2012Q1,2012   Q1,$2.49 B,11,HUN,Huntsman Corp.,0.028900000000000002
AM,2012Q1,2012   Q1,$2.49 B,12,BAC,Bank of America Corp.,0.0286
AM,2012Q1,2012   Q1,$2.49 B,13,ORCL,Oracle Corp.,0.0273
AM,2012Q1,2012   Q1,$2.49 B,14,DAL,Delta Air Lines Inc.,0.0268
AM,2012Q1,2012   Q1,$2.49 B,15,VLO,Valero Energy,0.0264
AM,2012Q1,2012   Q1,$2.49 B,16,HIG,Hartford Financial Svc.Gp.,0.0242
AM,2012Q1,2012   Q1,$2.49 B,17,GM,General Motors,0.0227
AM,2012Q1,2012   Q1,$2.49 B,18,MAS,Masco Corp.,0.0223
AM,2012Q1,2012   Q1,$2.49 B,19,DF,Dean Foods,0.0215
AM,2012Q1,2012   Q1,$2.49 B,20,OC,Owens Corning,0.0213
AM,2011Q4,2011   Q4,$589 M,1,CVI,CVR Energy Inc.,0.159
AM,2011Q4,2011   Q4,$589 M,2,GT,Goodyear Tire & Rubber,0.1456
AM,2011Q4,2011   Q4,$589 M,3,AAPL,Apple Inc.,0.1249
AM,2011Q4,2011   Q4,$589 M,4,DF,Dean Foods,0.1174
AM,2011Q4,2011   Q4,$589 M,5,BSX,Boston Scientific,0.0706
AM,2011Q4,2011   Q4,$589 M,6,ORCL,Oracle Corp.,0.053
AM,2011Q4,2011   Q4,$589 M,7,CLMT,Calumet Specialty Products,0.0441
AM,2011Q4,2011   Q4,$589 M,8,M,Macy's Inc.,0.0406
AM,2011Q4,2011   Q4,$589 M,9,MWA,Mueller Water Products,0.0391
AM,2011Q4,2011   Q4,$589 M,10,UAL,United Airlines Holdings Inc.,0.038
AM,2011Q4,2011   Q4,$589 M,11,IP,International Paper,0.0366
AM,2011Q4,2011   Q4,$589 M,12,VLO,Valero Energy,0.032400000000000005
AM,2011Q4,2011   Q4,$589 M,13,MSFT,Microsoft Corp.,0.0319
AM,2011Q4,2011   Q4,$589 M,14,LCC,US Airways Group Inc.,0.0279
AM,2011Q4,2011   Q4,$589 M,15,MPG,MPG Office Trust Inc.,0.014499999999999999
AM,2011Q4,2011   Q4,$589 M,16,CF,CF Industries Holdings Inc.,0.0121
AM,2011Q4,2011   Q4,$589 M,17,DLPH,Delphi Technologies,0.0084
AM,2011Q4,2011   Q4,$589 M,18,MAS,Masco Corp.,0.0026
AM,2011Q4,2011   Q4,$589 M,19,BZH,Beazer Homes USA,0.0012
AM,2011Q3,2011   Q3,$1.39 B,1,CVI,CVR Energy Inc.,0.0959
AM,2011Q3,2011   Q3,$1.39 B,2,GT,Goodyear Tire & Rubber,0.0781
AM,2011Q3,2011   Q3,$1.39 B,3,VLO,Valero Energy,0.0711
AM,2011Q3,2011   Q3,$1.39 B,4,M,Macy's Inc.,0.0622
AM,2011Q3,2011   Q3,$1.39 B,5,UAL,United Airlines Holdings Inc.,0.0559
AM,2011Q3,2011   Q3,$1.39 B,6,IP,International Paper,0.0554
AM,2011Q3,2011   Q3,$1.39 B,7,DF,Dean Foods,0.0506
AM,2011Q3,2011   Q3,$1.39 B,8,CF,CF Industries Holdings Inc.,0.0479
AM,2011Q3,2011   Q3,$1.39 B,9,C,Citigroup Inc.,0.0464
AM,2011Q3,2011   Q3,$1.39 B,10,LCC,US Airways Group Inc.,0.036699999999999997
AM,2011Q3,2011   Q3,$1.39 B,11,MU,Micron Technology Inc.,0.0318
AM,2011Q3,2011   Q3,$1.39 B,12,AMAT,Applied Materials,0.0308
AM,2011Q3,2011   Q3,$1.39 B,13,MSFT,Microsoft Corp.,0.030600000000000002
AM,2011Q3,2011   Q3,$1.39 B,14,DINO,HF Sinclair Corp.,0.0302
AM,2011Q3,2011   Q3,$1.39 B,15,KLAC,KLA Corp.,0.0285
AM,2011Q3,2011   Q3,$1.39 B,16,MOS,Mosaic Co.,0.026000000000000002
AM,2011Q3,2011   Q3,$1.39 B,17,LRCX,Lam Research,0.024700000000000003
AM,2011Q3,2011   Q3,$1.39 B,18,GOOGL,Alphabet Inc.,0.019
AM,2011Q3,2011   Q3,$1.39 B,19,MWA,Mueller Water Products,0.018799999999999997
AM,2011Q3,2011   Q3,$1.39 B,20,WNR,Western Refining Inc.,0.0183
AM,2011Q2,2011   Q2,$4 B,1,C,Citigroup Inc.,0.0751
AM,2011Q2,2011   Q2,$4 B,2,PFE,Pfizer Inc.,0.0747
AM,2011Q2,2011   Q2,$4 B,3,GT,Goodyear Tire & Rubber,0.0588
AM,2011Q2,2011   Q2,$4 B,4,VLO,Valero Energy,0.049699999999999994
AM,2011Q2,2011   Q2,$4 B,5,M,Macy's Inc.,0.0462
AM,2011Q2,2011   Q2,$4 B,6,CVI,CVR Energy Inc.,0.0452
AM,2011Q2,2011   Q2,$4 B,7,MOS,Mosaic Co.,0.0405
AM,2011Q2,2011   Q2,$4 B,8,IP,International Paper,0.038
AM,2011Q2,2011   Q2,$4 B,9,UAL,United Airlines Holdings Inc.,0.0315
AM,2011Q2,2011   Q2,$4 B,10,CF,CF Industries Holdings Inc.,0.0308
AM,2011Q2,2011   Q2,$4 B,11,DF,Dean Foods,0.0278
AM,2011Q2,2011   Q2,$4 B,12,BAC,Bank of America Corp.,0.0274
AM,2011Q2,2011   Q2,$4 B,13,LCC,US Airways Group Inc.,0.0274
AM,2011Q2,2011   Q2,$4 B,14,MU,Micron Technology Inc.,0.027200000000000002
AM,2011Q2,2011   Q2,$4 B,15,HPQ,HP Inc.,0.026099999999999998
AM,2011Q2,2011   Q2,$4 B,16,MSFT,Microsoft Corp.,0.025699999999999997
AM,2011Q2,2011   Q2,$4 B,17,AMAT,Applied Materials,0.0213
AM,2011Q2,2011   Q2,$4 B,18,WFC,Wells Fargo,0.0204
AM,2011Q2,2011   Q2,$4 B,19,MRK,Merck & Co.,0.0187
AM,2011Q2,2011   Q2,$4 B,20,UNH,United Health Group Inc.,0.0171
AM,2011Q1,2011   Q1,$3.96 B,1,C,Citigroup Inc.,0.0855
AM,2011Q1,2011   Q1,$3.96 B,2,PFE,Pfizer Inc.,0.0791
AM,2011Q1,2011   Q1,$3.96 B,3,HPQ,HP Inc.,0.0655
AM,2011Q1,2011   Q1,$3.96 B,4,BAC,Bank of America Corp.,0.057999999999999996
AM,2011Q1,2011   Q1,$3.96 B,5,GT,Goodyear Tire & Rubber,0.057699999999999994
AM,2011Q1,2011   Q1,$3.96 B,6,IP,International Paper,0.0437
AM,2011Q1,2011   Q1,$3.96 B,7,M,Macy's Inc.,0.041100000000000005
AM,2011Q1,2011   Q1,$3.96 B,8,MU,Micron Technology Inc.,0.0353
AM,2011Q1,2011   Q1,$3.96 B,9,UAL,United Airlines Holdings Inc.,0.0333
AM,2011Q1,2011   Q1,$3.96 B,10,DF,Dean Foods,0.0331
AM,2011Q1,2011   Q1,$3.96 B,11,CF,CF Industries Holdings Inc.,0.0321
AM,2011Q1,2011   Q1,$3.96 B,12,AMAT,Applied Materials,0.0313
AM,2011Q1,2011   Q1,$3.96 B,13,MSFT,Microsoft Corp.,0.030600000000000002
AM,2011Q1,2011   Q1,$3.96 B,14,LCC,US Airways Group Inc.,0.0274
AM,2011Q1,2011   Q1,$3.96 B,15,WFC,Wells Fargo,0.024700000000000003
AM,2011Q1,2011   Q1,$3.96 B,16,LRCX,Lam Research,0.0197
AM,2011Q1,2011   Q1,$3.96 B,17,VLO,Valero Energy,0.019299999999999998
AM,2011Q1,2011   Q1,$3.96 B,18,KLAC,KLA Corp.,0.0191
AM,2011Q1,2011   Q1,$3.96 B,19,MRK,Merck & Co.,0.0187
AM,2011Q1,2011   Q1,$3.96 B,20,AAPL,Apple Inc.,0.0176
AM,2010Q4,2010   Q4,$4.27 B,1,C,Citigroup Inc.,0.13
AM,2010Q4,2010   Q4,$4.27 B,2,BAC,Bank of America Corp.,0.0782
AM,2010Q4,2010   Q4,$4.27 B,3,PFE,Pfizer Inc.,0.0679
AM,2010Q4,2010   Q4,$4.27 B,4,HPQ,HP Inc.,0.0576
AM,2010Q4,2010   Q4,$4.27 B,5,WFC,Wells Fargo,0.0541
AM,2010Q4,2010   Q4,$4.27 B,6,MSFT,Microsoft Corp.,0.0395
AM,2010Q4,2010   Q4,$4.27 B,7,IP,International Paper,0.0344
AM,2010Q4,2010   Q4,$4.27 B,8,MU,Micron Technology Inc.,0.0333
AM,2010Q4,2010   Q4,$4.27 B,9,FITB,Fifth Third Bancorp,0.0325
AM,2010Q4,2010   Q4,$4.27 B,10,MRK,Merck & Co.,0.0311
AM,2010Q4,2010   Q4,$4.27 B,11,M,Macy's Inc.,0.030899999999999997
AM,2010Q4,2010   Q4,$4.27 B,12,AMAT,Applied Materials,0.029900000000000003
AM,2010Q4,2010   Q4,$4.27 B,13,STI,SunTrust Banks,0.028999999999999998
AM,2010Q4,2010   Q4,$4.27 B,14,CSCO,Cisco Systems,0.0286
AM,2010Q4,2010   Q4,$4.27 B,15,GT,Goodyear Tire & Rubber,0.0279
AM,2010Q4,2010   Q4,$4.27 B,16,DF,Dean Foods,0.0223
AM,2010Q4,2010   Q4,$4.27 B,17,UAL,United Airlines Holdings Inc.,0.0215
AM,2010Q4,2010   Q4,$4.27 B,18,CF,CF Industries Holdings Inc.,0.020499999999999997
AM,2010Q4,2010   Q4,$4.27 B,19,JNJ,Johnson & Johnson,0.0191
AM,2010Q4,2010   Q4,$4.27 B,20,LRCX,Lam Research,0.018500000000000003
AM,2010Q3,2010   Q3,$2.74 B,1,BAC,Bank of America Corp.,0.1075
AM,2010Q3,2010   Q3,$2.74 B,2,PFE,Pfizer Inc.,0.10369999999999999
AM,2010Q3,2010   Q3,$2.74 B,3,C,Citigroup Inc.,0.0729
AM,2010Q3,2010   Q3,$2.74 B,4,WFC,Wells Fargo,0.0588
AM,2010Q3,2010   Q3,$2.74 B,5,HPQ,HP Inc.,0.0571
AM,2010Q3,2010   Q3,$2.74 B,6,MRK,Merck & Co.,0.0495
AM,2010Q3,2010   Q3,$2.74 B,7,CSCO,Cisco Systems,0.048
AM,2010Q3,2010   Q3,$2.74 B,8,FITB,Fifth Third Bancorp,0.0453
AM,2010Q3,2010   Q3,$2.74 B,9,M,Macy's Inc.,0.0373
AM,2010Q3,2010   Q3,$2.74 B,10,STI,SunTrust Banks,0.0363
AM,2010Q3,2010   Q3,$2.74 B,11,JNJ,Johnson & Johnson,0.029900000000000003
AM,2010Q3,2010   Q3,$2.74 B,12,MSFT,Microsoft Corp.,0.025
AM,2010Q3,2010   Q3,$2.74 B,13,CF,CF Industries Holdings Inc.,0.0226
AM,2010Q3,2010   Q3,$2.74 B,14,UAUA,UAL Corp.,0.0226
AM,2010Q3,2010   Q3,$2.74 B,15,COF,Capital One Financial,0.0206
AM,2010Q3,2010   Q3,$2.74 B,16,MDT,Medtronic plc,0.0173
AM,2010Q3,2010   Q3,$2.74 B,17,SMH,Semiconductor HOLDRs,0.0173
AM,2010Q3,2010   Q3,$2.74 B,18,AMAT,Applied Materials,0.016
AM,2010Q3,2010   Q3,$2.74 B,19,IP,International Paper,0.0154
AM,2010Q3,2010   Q3,$2.74 B,20,UNH,United Health Group Inc.,0.0148
AM,2010Q2,2010   Q2,$2.34 B,1,BAC,Bank of America Corp.,0.1681
AM,2010Q2,2010   Q2,$2.34 B,2,C,Citigroup Inc.,0.0929
AM,2010Q2,2010   Q2,$2.34 B,3,WFC,Wells Fargo,0.08650000000000001
AM,2010Q2,2010   Q2,$2.34 B,4,PFE,Pfizer Inc.,0.0692
AM,2010Q2,2010   Q2,$2.34 B,5,FITB,Fifth Third Bancorp,0.0667
AM,2010Q2,2010   Q2,$2.34 B,6,HIG,Hartford Financial Svc.Gp.,0.058499999999999996
AM,2010Q2,2010   Q2,$2.34 B,7,MRK,Merck & Co.,0.0575
AM,2010Q2,2010   Q2,$2.34 B,8,STI,SunTrust Banks,0.0472
AM,2010Q2,2010   Q2,$2.34 B,9,M,Macy's Inc.,0.037000000000000005
AM,2010Q2,2010   Q2,$2.34 B,10,JNJ,Johnson & Johnson,0.0335
AM,2010Q2,2010   Q2,$2.34 B,11,CF,CF Industries Holdings Inc.,0.033
AM,2010Q2,2010   Q2,$2.34 B,12,COF,Capital One Financial,0.0305
AM,2010Q2,2010   Q2,$2.34 B,13,MSFT,Microsoft Corp.,0.0235
AM,2010Q2,2010   Q2,$2.34 B,14,VLO,Valero Energy,0.020099999999999996
AM,2010Q2,2010   Q2,$2.34 B,15,UAUA,UAL Corp.,0.018600000000000002
AM,2010Q2,2010   Q2,$2.34 B,16,YHOO,Yahoo Inc.,0.0181
AM,2010Q2,2010   Q2,$2.34 B,17,WTW,Willis Towers Watson plc,0.0172
AM,2010Q2,2010   Q2,$2.34 B,18,NAV,Navistar International Corp.,0.0158
AM,2010Q2,2010   Q2,$2.34 B,19,GT,Goodyear Tire & Rubber,0.0116
AM,2010Q2,2010   Q2,$2.34 B,20,BC,Brunswick Corp.,0.0087
AM,2010Q1,2010   Q1,$2.65 B,1,BAC,Bank of America Corp.,0.2047
AM,2010Q1,2010   Q1,$2.65 B,2,WFC,Wells Fargo,0.1054
AM,2010Q1,2010   Q1,$2.65 B,3,C,Citigroup Inc.,0.0955
AM,2010Q1,2010   Q1,$2.65 B,4,FITB,Fifth Third Bancorp,0.0874
AM,2010Q1,2010   Q1,$2.65 B,5,HIG,Hartford Financial Svc.Gp.,0.0707
AM,2010Q1,2010   Q1,$2.65 B,6,STI,SunTrust Banks,0.0556
AM,2010Q1,2010   Q1,$2.65 B,7,PFE,Pfizer Inc.,0.0418
AM,2010Q1,2010   Q1,$2.65 B,8,COF,Capital One Financial,0.035
AM,2010Q1,2010   Q1,$2.65 B,9,JNJ,Johnson & Johnson,0.0313
AM,2010Q1,2010   Q1,$2.65 B,10,MSFT,Microsoft Corp.,0.027000000000000003
AM,2010Q1,2010   Q1,$2.65 B,11,MRK,Merck & Co.,0.024300000000000002
AM,2010Q1,2010   Q1,$2.65 B,12,VLO,Valero Energy,0.021400000000000002
AM,2010Q1,2010   Q1,$2.65 B,13,YHOO,Yahoo Inc.,0.0196
AM,2010Q1,2010   Q1,$2.65 B,14,UAUA,UAL Corp.,0.0166
AM,2010Q1,2010   Q1,$2.65 B,15,WTW,Willis Towers Watson plc,0.016399999999999998
AM,2010Q1,2010   Q1,$2.65 B,16,NAV,Navistar International Corp.,0.0129
AM,2010Q1,2010   Q1,$2.65 B,17,GT,Goodyear Tire & Rubber,0.0126
AM,2010Q1,2010   Q1,$2.65 B,18,AMR-OLD,AMR Corp.,0.0115
AM,2010Q1,2010   Q1,$2.65 B,19,DAL,Delta Air Lines Inc.,0.0105
AM,2010Q1,2010   Q1,$2.65 B,20,BC,Brunswick Corp.,0.0102
AM,2009Q4,2009   Q4,$2.38 B,1,BAC,Bank of America Corp.,0.20379999999999998
AM,2009Q4,2009   Q4,$2.38 B,2,C,Citigroup Inc.,0.1918
AM,2009Q4,2009   Q4,$2.38 B,3,WFC,Wells Fargo,0.1246
AM,2009Q4,2009   Q4,$2.38 B,4,FITB,Fifth Third Bancorp,0.09970000000000001
AM,2009Q4,2009   Q4,$2.38 B,5,STI,SunTrust Banks,0.0727
AM,2009Q4,2009   Q4,$2.38 B,6,HIG,Hartford Financial Svc.Gp.,0.061
AM,2009Q4,2009   Q4,$2.38 B,7,COF,Capital One Financial,0.0483
AM,2009Q4,2009   Q4,$2.38 B,8,MSFT,Microsoft Corp.,0.0384
AM,2009Q4,2009   Q4,$2.38 B,9,AMR-OLD,AMR Corp.,0.0194
AM,2009Q4,2009   Q4,$2.38 B,10,UAUA,UAL Corp.,0.0165
AM,2009Q4,2009   Q4,$2.38 B,11,DAL,Delta Air Lines Inc.,0.014499999999999999
AM,2009Q4,2009   Q4,$2.38 B,12,WTW,Willis Towers Watson plc,0.0132
AM,2009Q4,2009   Q4,$2.38 B,13,GT,Goodyear Tire & Rubber,0.0118
AM,2009Q4,2009   Q4,$2.38 B,14,BC,Brunswick Corp.,0.011399999999999999
AM,2009Q4,2009   Q4,$2.38 B,15,VCI,Valassis Communication,0.0109
AM,2009Q4,2009   Q4,$2.38 B,16,BBT-OLD,BB&T Corp.,0.0102
AM,2009Q4,2009   Q4,$2.38 B,17,XL-OLD,XL Group Ltd.,0.0075
AM,2009Q4,2009   Q4,$2.38 B,18,ETFC,E*Trade Financial Corp.,0.0058
AM,2009Q4,2009   Q4,$2.38 B,19,LCC,US Airways Group Inc.,0.0053
AM,2009Q4,2009   Q4,$2.38 B,20,RADCQ,Rite Aid Corp.,0.0052
AM,2009Q3,2009   Q3,$1.95 B,1,BAC,Bank of America Corp.,0.29469999999999996
AM,2009Q3,2009   Q3,$1.95 B,2,C,Citigroup Inc.,0.1985
AM,2009Q3,2009   Q3,$1.95 B,3,FITB,Fifth Third Bancorp,0.12689999999999999
AM,2009Q3,2009   Q3,$1.95 B,4,STI,SunTrust Banks,0.099
AM,2009Q3,2009   Q3,$1.95 B,5,HIG,Hartford Financial Svc.Gp.,0.0661
AM,2009Q3,2009   Q3,$1.95 B,6,COF,Capital One Financial,0.055099999999999996
AM,2009Q3,2009   Q3,$1.95 B,7,MSFT,Microsoft Corp.,0.0397
AM,2009Q3,2009   Q3,$1.95 B,8,BBT-OLD,BB&T Corp.,0.027999999999999997
AM,2009Q3,2009   Q3,$1.95 B,9,VCI,Valassis Communication,0.017
AM,2009Q3,2009   Q3,$1.95 B,10,BC,Brunswick Corp.,0.0165
AM,2009Q3,2009   Q3,$1.95 B,11,GT,Goodyear Tire & Rubber,0.0139
AM,2009Q3,2009   Q3,$1.95 B,12,XL-OLD,XL Group Ltd.,0.0087
AM,2009Q3,2009   Q3,$1.95 B,13,RADCQ,Rite Aid Corp.,0.0084
AM,2009Q3,2009   Q3,$1.95 B,14,ETFC,E*Trade Financial Corp.,0.0070999999999999995
AM,2009Q3,2009   Q3,$1.95 B,15,ODP-OLD,ODP Corp.,0.0043
AM,2009Q3,2009   Q3,$1.95 B,16,CNO,CNO Financial Group Inc.,0.0042
AM,2009Q3,2009   Q3,$1.95 B,17,OMX,OfficeMax Inc.,0.0029
AM,2009Q3,2009   Q3,$1.95 B,18,GPT,Gramercy Property Trust,0.0027
AM,2009Q3,2009   Q3,$1.95 B,19,MPG,MPG Office Trust Inc.,0.0025
AM,2009Q3,2009   Q3,$1.95 B,20,BEE,Strategic Hotels & Resorts Inc.,0.0015
AM,2009Q2,2009   Q2,$1.15 B,1,BAC,Bank of America Corp.,0.5357999999999999
AM,2009Q2,2009   Q2,$1.15 B,2,FITB,Fifth Third Bancorp,0.17489999999999997
AM,2009Q2,2009   Q2,$1.15 B,3,STI,SunTrust Banks,0.1217
AM,2009Q2,2009   Q2,$1.15 B,4,COF,Capital One Financial,0.056900000000000006
AM,2009Q2,2009   Q2,$1.15 B,5,ETFC,E*Trade Financial Corp.,0.026099999999999998
AM,2009Q2,2009   Q2,$1.15 B,6,GT,Goodyear Tire & Rubber,0.022400000000000003
AM,2009Q2,2009   Q2,$1.15 B,7,RADCQ,Rite Aid Corp.,0.0139
AM,2009Q2,2009   Q2,$1.15 B,8,VCI,Valassis Communication,0.0098
AM,2009Q2,2009   Q2,$1.15 B,9,XL-OLD,XL Group Ltd.,0.0096
AM,2009Q2,2009   Q2,$1.15 B,10,BC,Brunswick Corp.,0.0084
AM,2009Q2,2009   Q2,$1.15 B,11,BYAH-OLD,PHH Corp.,0.0066
AM,2009Q2,2009   Q2,$1.15 B,12,ODP-OLD,ODP Corp.,0.005
AM,2009Q2,2009   Q2,$1.15 B,13,CNO,CNO Financial Group Inc.,0.0032
AM,2009Q2,2009   Q2,$1.15 B,14,OMX,OfficeMax Inc.,0.0024
AM,2009Q2,2009   Q2,$1.15 B,15,RF,Regions Financial Corp.,0.0018
AM,2009Q2,2009   Q2,$1.15 B,16,RBS,Royal Bank of Scotland,0.0013
AM,2009Q2,2009   Q2,$1.15 B,17,DAN,Dana Inc.,0.0002
AM,2009Q2,2009   Q2,$1.15 B,18,NRG,NRG Energy Inc.,0.0
AM,2009Q1,2009   Q1,$516 M,1,BAC,Bank of America Corp.,0.6286999999999999
AM,2009Q1,2009   Q1,$516 M,2,FITB,Fifth Third Bancorp,0.12369999999999999
AM,2009Q1,2009   Q1,$516 M,3,STI,SunTrust Banks,0.1149
AM,2009Q1,2009   Q1,$516 M,4,GT,Goodyear Tire & Rubber,0.0279
AM,2009Q1,2009   Q1,$516 M,5,COF,Capital One Financial,0.023700000000000002
AM,2009Q1,2009   Q1,$516 M,6,XL-OLD,XL Group Ltd.,0.014499999999999999
AM,2009Q1,2009   Q1,$516 M,7,ETFC,E*Trade Financial Corp.,0.0144
AM,2009Q1,2009   Q1,$516 M,8,BC,Brunswick Corp.,0.011899999999999999
AM,2009Q1,2009   Q1,$516 M,9,BYAH-OLD,PHH Corp.,0.011399999999999999
AM,2009Q1,2009   Q1,$516 M,10,RADCQ,Rite Aid Corp.,0.0076
AM,2009Q1,2009   Q1,$516 M,11,VCI,Valassis Communication,0.005600000000000001
AM,2009Q1,2009   Q1,$516 M,12,DDS,Dillard Inc.,0.0053
AM,2009Q1,2009   Q1,$516 M,13,ODP-OLD,ODP Corp.,0.0032
AM,2009Q1,2009   Q1,$516 M,14,CNO,CNO Financial Group Inc.,0.0028000000000000004
AM,2009Q1,2009   Q1,$516 M,15,OMX,OfficeMax Inc.,0.0027
AM,2009Q1,2009   Q1,$516 M,16,RBS,Royal Bank of Scotland,0.0014000000000000002
AM,2009Q1,2009   Q1,$516 M,17,DAN,Dana Inc.,0.0002
AM,2009Q1,2009   Q1,$516 M,18,NRG,NRG Energy Inc.,0.0001
AM,2008Q4,2008   Q4,$376 M,1,MS,Morgan Stanley,0.3188
AM,2008Q4,2008   Q4,$376 M,2,WB-OLD,Wachovia Corp.,0.1848
AM,2008Q4,2008   Q4,$376 M,3,GT,Goodyear Tire & Rubber,0.051500000000000004
AM,2008Q4,2008   Q4,$376 M,4,XL-OLD,XL Group Ltd.,0.037599999999999995
AM,2008Q4,2008   Q4,$376 M,5,ORCL,Oracle Corp.,0.0311
AM,2008Q4,2008   Q4,$376 M,6,S-OLD,Sprint Corp.,0.025099999999999997
AM,2008Q4,2008   Q4,$376 M,7,CNO,CNO Financial Group Inc.,0.024300000000000002
AM,2008Q4,2008   Q4,$376 M,8,CVX,Chevron Corp.,0.02
AM,2008Q4,2008   Q4,$376 M,9,BYAH-OLD,PHH Corp.,0.0196
AM,2008Q4,2008   Q4,$376 M,10,COP,ConocoPhillips,0.0194
AM,2008Q4,2008   Q4,$376 M,11,PENN,Penn National Gaming Inc.,0.0192
AM,2008Q4,2008   Q4,$376 M,12,ODP-OLD,ODP Corp.,0.0171
AM,2008Q4,2008   Q4,$376 M,13,OXY,Occidental Petroleum,0.0143
AM,2008Q4,2008   Q4,$376 M,14,AMAT,Applied Materials,0.013500000000000002
AM,2008Q4,2008   Q4,$376 M,15,OMX,OfficeMax Inc.,0.0131
AM,2008Q4,2008   Q4,$376 M,16,PCZ,Petro-Canada,0.0115
AM,2008Q4,2008   Q4,$376 M,17,BC,Brunswick Corp.,0.0113
AM,2008Q4,2008   Q4,$376 M,18,CSCO,Cisco Systems,0.011000000000000001
AM,2008Q4,2008   Q4,$376 M,19,TLM,Talisman Energy Inc.,0.0105
AM,2008Q4,2008   Q4,$376 M,20,MEE,Massey Energy Co.,0.0104
AM,2008Q3,2008   Q3,$572 M,1,WB-OLD,Wachovia Corp.,0.17129999999999998
AM,2008Q3,2008   Q3,$572 M,2,CVX,Chevron Corp.,0.08839999999999999
AM,2008Q3,2008   Q3,$572 M,3,COP,ConocoPhillips,0.0875
AM,2008Q3,2008   Q3,$572 M,4,MSFT,Microsoft Corp.,0.07200000000000001
AM,2008Q3,2008   Q3,$572 M,5,OXY,Occidental Petroleum,0.0587
AM,2008Q3,2008   Q3,$572 M,6,ORCL,Oracle Corp.,0.0574
AM,2008Q3,2008   Q3,$572 M,7,DVN,Devon Energy Corp.,0.0393
AM,2008Q3,2008   Q3,$572 M,8,PCZ,Petro-Canada,0.0382
AM,2008Q3,2008   Q3,$572 M,9,MRO-OLD,Marathon Oil Corp.,0.0325
AM,2008Q3,2008   Q3,$572 M,10,TLM,Talisman Energy Inc.,0.0301
AM,2008Q3,2008   Q3,$572 M,11,APA,APA Corp.,0.0264
AM,2008Q3,2008   Q3,$572 M,12,CF,CF Industries Holdings Inc.,0.0252
AM,2008Q3,2008   Q3,$572 M,13,PENN,Penn National Gaming Inc.,0.024399999999999998
AM,2008Q3,2008   Q3,$572 M,14,CSCO,Cisco Systems,0.024300000000000002
AM,2008Q3,2008   Q3,$572 M,15,COF,Capital One Financial,0.0239
AM,2008Q3,2008   Q3,$572 M,16,APC,Anadarko Petroleum,0.023700000000000002
AM,2008Q3,2008   Q3,$572 M,17,RTH,Retail HOLDRs,0.0236
AM,2008Q3,2008   Q3,$572 M,18,WMB,Williams Cos.,0.0167
AM,2008Q3,2008   Q3,$572 M,19,PCX-OLD,Patriot Coal Corp.,0.0161
AM,2008Q3,2008   Q3,$572 M,20,BYAH-OLD,PHH Corp.,0.013500000000000002
AM,2008Q2,2008   Q2,$3.05 B,1,COP,ConocoPhillips,0.1159
AM,2008Q2,2008   Q2,$3.05 B,2,CVX,Chevron Corp.,0.11199999999999999
AM,2008Q2,2008   Q2,$3.05 B,3,XLE,Energy Select Sector SPDR,0.10869999999999999
AM,2008Q2,2008   Q2,$3.05 B,4,OXY,Occidental Petroleum,0.0692
AM,2008Q2,2008   Q2,$3.05 B,5,PCZ,Petro-Canada,0.055
AM,2008Q2,2008   Q2,$3.05 B,6,DVN,Devon Energy Corp.,0.0512
AM,2008Q2,2008   Q2,$3.05 B,7,MSFT,Microsoft Corp.,0.0451
AM,2008Q2,2008   Q2,$3.05 B,8,TLM,Talisman Energy Inc.,0.043899999999999995
AM,2008Q2,2008   Q2,$3.05 B,9,EXE,Expand Energy Corp.,0.040999999999999995
AM,2008Q2,2008   Q2,$3.05 B,10,APC,Anadarko Petroleum,0.038599999999999995
AM,2008Q2,2008   Q2,$3.05 B,11,MRO-OLD,Marathon Oil Corp.,0.0382
AM,2008Q2,2008   Q2,$3.05 B,12,ORCL,Oracle Corp.,0.0361
AM,2008Q2,2008   Q2,$3.05 B,13,APA,APA Corp.,0.0353
AM,2008Q2,2008   Q2,$3.05 B,14,WMB,Williams Cos.,0.025099999999999997
AM,2008Q2,2008   Q2,$3.05 B,15,CF,CF Industries Holdings Inc.,0.022799999999999997
AM,2008Q2,2008   Q2,$3.05 B,16,NXY,Nexen Inc.,0.0209
AM,2008Q2,2008   Q2,$3.05 B,17,PENN,Penn National Gaming Inc.,0.0195
AM,2008Q2,2008   Q2,$3.05 B,18,XTO,XTO Energy Inc.,0.0168
AM,2008Q2,2008   Q2,$3.05 B,19,MOS,Mosaic Co.,0.0154
AM,2008Q2,2008   Q2,$3.05 B,20,CSCO,Cisco Systems,0.0152
AM,2008Q1,2008   Q1,$1.63 B,1,CSCO,Cisco Systems,0.278
AM,2008Q1,2008   Q1,$1.63 B,2,MSFT,Microsoft Corp.,0.1886
AM,2008Q1,2008   Q1,$1.63 B,3,ORCL,Oracle Corp.,0.1407
AM,2008Q1,2008   Q1,$1.63 B,4,DDAIF,Daimler AG,0.0837
AM,2008Q1,2008   Q1,$1.63 B,5,SLM,SLM Corp.,0.0579
AM,2008Q1,2008   Q1,$1.63 B,6,AMAT,Applied Materials,0.0565
AM,2008Q1,2008   Q1,$1.63 B,7,GOOGL,Alphabet Inc.,0.038
AM,2008Q1,2008   Q1,$1.63 B,8,JAVA,Sun Microsystems,0.036000000000000004
AM,2008Q1,2008   Q1,$1.63 B,9,GT,Goodyear Tire & Rubber,0.0298
AM,2008Q1,2008   Q1,$1.63 B,10,BYAH-OLD,PHH Corp.,0.0222
AM,2008Q1,2008   Q1,$1.63 B,11,AIG,American International Group,0.0132
AM,2008Q1,2008   Q1,$1.63 B,12,CCI,Crown Castle International Corp.,0.009899999999999999
AM,2008Q1,2008   Q1,$1.63 B,13,PENN,Penn National Gaming Inc.,0.0072
AM,2008Q1,2008   Q1,$1.63 B,14,DTV,DIRECTV Group Inc.,0.005600000000000001
AM,2008Q1,2008   Q1,$1.63 B,15,HOT,Starwood Hotels & Resorts,0.0055000000000000005
AM,2008Q1,2008   Q1,$1.63 B,16,ETFC,E*Trade Financial Corp.,0.005
AM,2008Q1,2008   Q1,$1.63 B,17,MOS,Mosaic Co.,0.004699999999999999
AM,2008Q1,2008   Q1,$1.63 B,18,DAN,Dana Inc.,0.0040999999999999995
AM,2008Q1,2008   Q1,$1.63 B,19,SBAC,SBA Communications Corp.,0.0036
AM,2008Q1,2008   Q1,$1.63 B,20,XLE,Energy Select Sector SPDR,0.0031
AC,2026Q2,2026   Q2,$5.11 B,1,MA,Mastercard Inc.,0.20010000000000003
AC,2026Q2,2026   Q2,$5.11 B,2,MCO,Moody's Corp.,0.1026
AC,2026Q2,2026   Q2,$5.11 B,3,BN,Brookfield Corp.,0.1011
AC,2026Q2,2026   Q2,$5.11 B,4,KKR,KKR & Co. L.P.,0.0895
AC,2026Q2,2026   Q2,$5.11 B,5,FICO,Fair Isaac Corp.,0.08470000000000001
AC,2026Q2,2026   Q2,$5.11 B,6,ROP,Roper Technologies Inc.,0.078
AC,2026Q2,2026   Q2,$5.11 B,7,V,Visa Inc.,0.0746
AC,2026Q2,2026   Q2,$5.11 B,8,CSGP,CoStar Group Inc.,0.0649
AC,2026Q2,2026   Q2,$5.11 B,9,CPRT,Copart Inc.,0.0441
AC,2026Q2,2026   Q2,$5.11 B,10,ORLY,O'Reilly Automotive,0.039
AC,2026Q2,2026   Q2,$5.11 B,11,ABNB,Airbnb Inc.,0.0332
AC,2026Q2,2026   Q2,$5.11 B,12,CCC,CCC Intelligent Solutions Hldgs Inc.,0.0302
AC,2026Q2,2026   Q2,$5.11 B,13,NOW,ServiceNow Inc.,0.0242
AC,2026Q2,2026   Q2,$5.11 B,14,CRM,Salesforce.com,0.022000000000000002
AC,2026Q2,2026   Q2,$5.11 B,15,GSHD,Goosehead Insurance Inc.,0.0042
AC,2026Q2,2026   Q2,$5.11 B,16,SOPH,Sophia Genetics SA,0.0042
AC,2026Q2,2026   Q2,$5.11 B,17,PRM,Perimeter Solutions SA,0.0017000000000000001
AC,2026Q2,2026   Q2,$5.11 B,18,AMT,American Tower Corp.,0.0009
AC,2026Q2,2026   Q2,$5.11 B,19,BRK.B,Berkshire Hathaway CL B,0.0008
AC,2026Q1,2026   Q1,$6.12 B,1,MA,Mastercard Inc.,0.1864
AC,2026Q1,2026   Q1,$6.12 B,2,BN,Brookfield Corp.,0.1127
AC,2026Q1,2026   Q1,$6.12 B,3,KKR,KKR & Co. L.P.,0.1016
AC,2026Q1,2026   Q1,$6.12 B,4,MCO,Moody's Corp.,0.0889
AC,2026Q1,2026   Q1,$6.12 B,5,V,Visa Inc.,0.081
AC,2026Q1,2026   Q1,$6.12 B,6,ROP,Roper Technologies Inc.,0.0727
AC,2026Q1,2026   Q1,$6.12 B,7,CSGP,CoStar Group Inc.,0.0683
AC,2026Q1,2026   Q1,$6.12 B,8,FICO,Fair Isaac Corp.,0.0635
AC,2026Q1,2026   Q1,$6.12 B,9,ORLY,O'Reilly Automotive,0.0587
AC,2026Q1,2026   Q1,$6.12 B,10,CPRT,Copart Inc.,0.0434
AC,2026Q1,2026   Q1,$6.12 B,11,ABNB,Airbnb Inc.,0.042
AC,2026Q1,2026   Q1,$6.12 B,12,CCC,CCC Intelligent Solutions Hldgs Inc.,0.030899999999999997
AC,2026Q1,2026   Q1,$6.12 B,13,CRM,Salesforce.com,0.0219
AC,2026Q1,2026   Q1,$6.12 B,14,NOW,ServiceNow Inc.,0.0187
AC,2026Q1,2026   Q1,$6.12 B,15,GSHD,Goosehead Insurance Inc.,0.0031
AC,2026Q1,2026   Q1,$6.12 B,16,SOPH,Sophia Genetics SA,0.003
AC,2026Q1,2026   Q1,$6.12 B,17,AMT,American Tower Corp.,0.0014000000000000002
AC,2026Q1,2026   Q1,$6.12 B,18,PRM,Perimeter Solutions SA,0.001
AC,2026Q1,2026   Q1,$6.12 B,19,BRK.B,Berkshire Hathaway CL B,0.0008
AC,2025Q4,2025   Q4,$9.12 B,1,MA,Mastercard Inc.,0.1881
AC,2025Q4,2025   Q4,$9.12 B,2,BN,Brookfield Corp.,0.1351
AC,2025Q4,2025   Q4,$9.12 B,3,KKR,KKR & Co. L.P.,0.1133
AC,2025Q4,2025   Q4,$9.12 B,4,V,Visa Inc.,0.10289999999999999
AC,2025Q4,2025   Q4,$9.12 B,5,MCO,Moody's Corp.,0.09720000000000001
AC,2025Q4,2025   Q4,$9.12 B,6,CSGP,CoStar Group Inc.,0.0709
AC,2025Q4,2025   Q4,$9.12 B,7,ORLY,O'Reilly Automotive,0.0672
AC,2025Q4,2025   Q4,$9.12 B,8,ROP,Roper Technologies Inc.,0.053899999999999997
AC,2025Q4,2025   Q4,$9.12 B,9,ABNB,Airbnb Inc.,0.051699999999999996
AC,2025Q4,2025   Q4,$9.12 B,10,FICO,Fair Isaac Corp.,0.051399999999999994
AC,2025Q4,2025   Q4,$9.12 B,11,CPRT,Copart Inc.,0.0338
AC,2025Q4,2025   Q4,$9.12 B,12,CCC,CCC Intelligent Solutions Hldgs Inc.,0.0216
AC,2025Q4,2025   Q4,$9.12 B,13,AMT,American Tower Corp.,0.0049
AC,2025Q4,2025   Q4,$9.12 B,14,GSHD,Goosehead Insurance Inc.,0.003
AC,2025Q4,2025   Q4,$9.12 B,15,SOPH,Sophia Genetics SA,0.0019
AC,2025Q4,2025   Q4,$9.12 B,16,DHR,Danaher Corp.,0.0017000000000000001
AC,2025Q4,2025   Q4,$9.12 B,17,BRK.B,Berkshire Hathaway CL B,0.0007000000000000001
AC,2025Q4,2025   Q4,$9.12 B,18,KMX,CarMax Inc.,0.0006
AC,2025Q3,2025   Q3,$10 B,1,MA,Mastercard Inc.,0.1789
AC,2025Q3,2025   Q3,$10 B,2,BN,Brookfield Corp.,0.13140000000000002
AC,2025Q3,2025   Q3,$10 B,3,KKR,KKR & Co. L.P.,0.11289999999999999
AC,2025Q3,2025   Q3,$10 B,4,V,Visa Inc.,0.1012
AC,2025Q3,2025   Q3,$10 B,5,MCO,Moody's Corp.,0.1007
AC,2025Q3,2025   Q3,$10 B,6,ORLY,O'Reilly Automotive,0.0926
AC,2025Q3,2025   Q3,$10 B,7,CSGP,CoStar Group Inc.,0.0783
AC,2025Q3,2025   Q3,$10 B,8,ROP,Roper Technologies Inc.,0.0575
AC,2025Q3,2025   Q3,$10 B,9,ABNB,Airbnb Inc.,0.042
AC,2025Q3,2025   Q3,$10 B,10,FICO,Fair Isaac Corp.,0.038900000000000004
AC,2025Q3,2025   Q3,$10 B,11,CPRT,Copart Inc.,0.019
AC,2025Q3,2025   Q3,$10 B,12,DHR,Danaher Corp.,0.0173
AC,2025Q3,2025   Q3,$10 B,13,CCC,CCC Intelligent Solutions Hldgs Inc.,0.0148
AC,2025Q3,2025   Q3,$10 B,14,AMT,American Tower Corp.,0.0085
AC,2025Q3,2025   Q3,$10 B,15,GSHD,Goosehead Insurance Inc.,0.0027
AC,2025Q3,2025   Q3,$10 B,16,SOPH,Sophia Genetics SA,0.0018
AC,2025Q3,2025   Q3,$10 B,17,BRK.B,Berkshire Hathaway CL B,0.0007000000000000001
AC,2025Q3,2025   Q3,$10 B,18,KMX,CarMax Inc.,0.0007000000000000001
AC,2025Q3,2025   Q3,$10 B,19,VRSK,Verisk Analytics Inc.,0.0002
AC,2025Q2,2025   Q2,$10.2 B,1,MA,Mastercard Inc.,0.1814
AC,2025Q2,2025   Q2,$10.2 B,2,BN,Brookfield Corp.,0.1164
AC,2025Q2,2025   Q2,$10.2 B,3,KKR,KKR & Co. L.P.,0.1153
AC,2025Q2,2025   Q2,$10.2 B,4,MCO,Moody's Corp.,0.1133
AC,2025Q2,2025   Q2,$10.2 B,5,V,Visa Inc.,0.1104
AC,2025Q2,2025   Q2,$10.2 B,6,ORLY,O'Reilly Automotive,0.08310000000000001
AC,2025Q2,2025   Q2,$10.2 B,7,ROP,Roper Technologies Inc.,0.0799
AC,2025Q2,2025   Q2,$10.2 B,8,CSGP,CoStar Group Inc.,0.0733
AC,2025Q2,2025   Q2,$10.2 B,9,ABNB,Airbnb Inc.,0.045
AC,2025Q2,2025   Q2,$10.2 B,10,DHR,Danaher Corp.,0.034300000000000004
AC,2025Q2,2025   Q2,$10.2 B,11,AMT,American Tower Corp.,0.019799999999999998
AC,2025Q2,2025   Q2,$10.2 B,12,CCC,CCC Intelligent Solutions Hldgs Inc.,0.013600000000000001
AC,2025Q2,2025   Q2,$10.2 B,13,CPRT,Copart Inc.,0.0058
AC,2025Q2,2025   Q2,$10.2 B,14,GSHD,Goosehead Insurance Inc.,0.0038
AC,2025Q2,2025   Q2,$10.2 B,15,FICO,Fair Isaac Corp.,0.0016
AC,2025Q2,2025   Q2,$10.2 B,16,SOPH,Sophia Genetics SA,0.0011
AC,2025Q2,2025   Q2,$10.2 B,17,KMX,CarMax Inc.,0.001
AC,2025Q2,2025   Q2,$10.2 B,18,BRK.B,Berkshire Hathaway CL B,0.0007000000000000001
AC,2025Q2,2025   Q2,$10.2 B,19,VRSK,Verisk Analytics Inc.,0.0003
AC,2025Q1,2025   Q1,$10.4 B,1,MA,Mastercard Inc.,0.17559999999999998
AC,2025Q1,2025   Q1,$10.4 B,2,ORLY,O'Reilly Automotive,0.11900000000000001
AC,2025Q1,2025   Q1,$10.4 B,3,MCO,Moody's Corp.,0.109
AC,2025Q1,2025   Q1,$10.4 B,4,V,Visa Inc.,0.107
AC,2025Q1,2025   Q1,$10.4 B,5,KKR,KKR & Co. L.P.,0.0983
AC,2025Q1,2025   Q1,$10.4 B,6,BN,Brookfield Corp.,0.0962
AC,2025Q1,2025   Q1,$10.4 B,7,ROP,Roper Technologies Inc.,0.08220000000000001
AC,2025Q1,2025   Q1,$10.4 B,8,CSGP,CoStar Group Inc.,0.0709
AC,2025Q1,2025   Q1,$10.4 B,9,AMT,American Tower Corp.,0.0542
AC,2025Q1,2025   Q1,$10.4 B,10,DHR,Danaher Corp.,0.035
AC,2025Q1,2025   Q1,$10.4 B,11,ABNB,Airbnb Inc.,0.0335
AC,2025Q1,2025   Q1,$10.4 B,12,CCC,CCC Intelligent Solutions Hldgs Inc.,0.0115
AC,2025Q1,2025   Q1,$10.4 B,13,GSHD,Goosehead Insurance Inc.,0.0042
AC,2025Q1,2025   Q1,$10.4 B,14,KMX,CarMax Inc.,0.0015
AC,2025Q1,2025   Q1,$10.4 B,15,BRK.B,Berkshire Hathaway CL B,0.0008
AC,2025Q1,2025   Q1,$10.4 B,16,SOPH,Sophia Genetics SA,0.0007000000000000001
AC,2025Q1,2025   Q1,$10.4 B,17,VRSK,Verisk Analytics Inc.,0.0003
AC,2025Q1,2025   Q1,$10.4 B,18,DBRG,DigitalBridge Group Inc.,0.0001
AC,2024Q4,2024   Q4,$11.6 B,1,MA,Mastercard Inc.,0.16870000000000002
AC,2024Q4,2024   Q4,$11.6 B,2,KKR,KKR & Co. L.P.,0.1316
AC,2024Q4,2024   Q4,$11.6 B,3,MCO,Moody's Corp.,0.1261
AC,2024Q4,2024   Q4,$11.6 B,4,BN,Brookfield Corp.,0.0943
AC,2024Q4,2024   Q4,$11.6 B,5,ORLY,O'Reilly Automotive,0.09179999999999999
AC,2024Q4,2024   Q4,$11.6 B,6,V,Visa Inc.,0.0894
AC,2024Q4,2024   Q4,$11.6 B,7,AMT,American Tower Corp.,0.0873
AC,2024Q4,2024   Q4,$11.6 B,8,ROP,Roper Technologies Inc.,0.0666
AC,2024Q4,2024   Q4,$11.6 B,9,CSGP,CoStar Group Inc.,0.057699999999999994
AC,2024Q4,2024   Q4,$11.6 B,10,DHR,Danaher Corp.,0.0353
AC,2024Q4,2024   Q4,$11.6 B,11,ABNB,Airbnb Inc.,0.0301
AC,2024Q4,2024   Q4,$11.6 B,12,CCC,CCC Intelligent Solutions Hldgs Inc.,0.0108
AC,2024Q4,2024   Q4,$11.6 B,13,KMX,CarMax Inc.,0.004699999999999999
AC,2024Q4,2024   Q4,$11.6 B,14,GSHD,Goosehead Insurance Inc.,0.0034000000000000002
AC,2024Q4,2024   Q4,$11.6 B,15,DBRG,DigitalBridge Group Inc.,0.0007000000000000001
AC,2024Q4,2024   Q4,$11.6 B,16,SOPH,Sophia Genetics SA,0.0006
AC,2024Q4,2024   Q4,$11.6 B,17,BRK.B,Berkshire Hathaway CL B,0.0006
AC,2024Q4,2024   Q4,$11.6 B,18,VRSK,Verisk Analytics Inc.,0.0003
AC,2024Q3,2024   Q3,$12 B,1,MA,Mastercard Inc.,0.1611
AC,2024Q3,2024   Q3,$12 B,2,MCO,Moody's Corp.,0.1328
AC,2024Q3,2024   Q3,$12 B,3,KKR,KKR & Co. L.P.,0.12380000000000001
AC,2024Q3,2024   Q3,$12 B,4,AMT,American Tower Corp.,0.11710000000000001
AC,2024Q3,2024   Q3,$12 B,5,ORLY,O'Reilly Automotive,0.08810000000000001
AC,2024Q3,2024   Q3,$12 B,6,BN,Brookfield Corp.,0.08380000000000001
AC,2024Q3,2024   Q3,$12 B,7,V,Visa Inc.,0.07490000000000001
AC,2024Q3,2024   Q3,$12 B,8,ROP,Roper Technologies Inc.,0.0694
AC,2024Q3,2024   Q3,$12 B,9,CSGP,CoStar Group Inc.,0.056100000000000004
AC,2024Q3,2024   Q3,$12 B,10,DHR,Danaher Corp.,0.041100000000000005
AC,2024Q3,2024   Q3,$12 B,11,ABNB,Airbnb Inc.,0.027999999999999997
AC,2024Q3,2024   Q3,$12 B,12,CCC,CCC Intelligent Solutions Hldgs Inc.,0.0098
AC,2024Q3,2024   Q3,$12 B,13,KMX,CarMax Inc.,0.0084
AC,2024Q3,2024   Q3,$12 B,14,GSHD,Goosehead Insurance Inc.,0.0027
AC,2024Q3,2024   Q3,$12 B,15,DBRG,DigitalBridge Group Inc.,0.0015
AC,2024Q3,2024   Q3,$12 B,16,SOPH,Sophia Genetics SA,0.0007000000000000001
AC,2024Q3,2024   Q3,$12 B,17,BRK.B,Berkshire Hathaway CL B,0.0006
AC,2024Q3,2024   Q3,$12 B,18,VRSK,Verisk Analytics Inc.,0.0003
AC,2024Q2,2024   Q2,$11.4 B,1,MA,Mastercard Inc.,0.1568
AC,2024Q2,2024   Q2,$11.4 B,2,MCO,Moody's Corp.,0.1563
AC,2024Q2,2024   Q2,$11.4 B,3,KKR,KKR & Co. L.P.,0.1268
AC,2024Q2,2024   Q2,$11.4 B,4,AMT,American Tower Corp.,0.10490000000000001
AC,2024Q2,2024   Q2,$11.4 B,5,ORLY,O'Reilly Automotive,0.0888
AC,2024Q2,2024   Q2,$11.4 B,6,ROP,Roper Technologies Inc.,0.0766
AC,2024Q2,2024   Q2,$11.4 B,7,V,Visa Inc.,0.0756
AC,2024Q2,2024   Q2,$11.4 B,8,BN,Brookfield Corp.,0.0675
AC,2024Q2,2024   Q2,$11.4 B,9,CSGP,CoStar Group Inc.,0.0572
AC,2024Q2,2024   Q2,$11.4 B,10,DHR,Danaher Corp.,0.039
AC,2024Q2,2024   Q2,$11.4 B,11,KMX,CarMax Inc.,0.0138
AC,2024Q2,2024   Q2,$11.4 B,12,ABNB,Airbnb Inc.,0.0125
AC,2024Q2,2024   Q2,$11.4 B,13,SBAC,SBA Communications Corp.,0.0086
AC,2024Q2,2024   Q2,$11.4 B,14,CCC,CCC Intelligent Solutions Hldgs Inc.,0.0076
AC,2024Q2,2024   Q2,$11.4 B,15,DBRG,DigitalBridge Group Inc.,0.0044
AC,2024Q2,2024   Q2,$11.4 B,16,GSHD,Goosehead Insurance Inc.,0.0019
AC,2024Q2,2024   Q2,$11.4 B,17,SOPH,Sophia Genetics SA,0.0008
AC,2024Q2,2024   Q2,$11.4 B,18,BRK.B,Berkshire Hathaway CL B,0.0006
AC,2024Q2,2024   Q2,$11.4 B,19,VRSK,Verisk Analytics Inc.,0.0004
AC,2024Q1,2024   Q1,$12.1 B,1,MA,Mastercard Inc.,0.1837
AC,2024Q1,2024   Q1,$12.1 B,2,MCO,Moody's Corp.,0.1448
AC,2024Q1,2024   Q1,$12.1 B,3,KKR,KKR & Co. L.P.,0.12380000000000001
AC,2024Q1,2024   Q1,$12.1 B,4,AMT,American Tower Corp.,0.1013
AC,2024Q1,2024   Q1,$12.1 B,5,ORLY,O'Reilly Automotive,0.09230000000000001
AC,2024Q1,2024   Q1,$12.1 B,6,V,Visa Inc.,0.0755
AC,2024Q1,2024   Q1,$12.1 B,7,ROP,Roper Technologies Inc.,0.0717
AC,2024Q1,2024   Q1,$12.1 B,8,BN,Brookfield Corp.,0.0622
AC,2024Q1,2024   Q1,$12.1 B,9,CSGP,CoStar Group Inc.,0.057999999999999996
AC,2024Q1,2024   Q1,$12.1 B,10,DHR,Danaher Corp.,0.036699999999999997
AC,2024Q1,2024   Q1,$12.1 B,11,KMX,CarMax Inc.,0.0195
AC,2024Q1,2024   Q1,$12.1 B,12,UBER,Uber Technologies Inc.,0.0113
AC,2024Q1,2024   Q1,$12.1 B,13,CCC,CCC Intelligent Solutions Hldgs Inc.,0.0069
AC,2024Q1,2024   Q1,$12.1 B,14,DBRG,DigitalBridge Group Inc.,0.006500000000000001
AC,2024Q1,2024   Q1,$12.1 B,15,SBAC,SBA Communications Corp.,0.0032
AC,2024Q1,2024   Q1,$12.1 B,16,GSHD,Goosehead Insurance Inc.,0.0013
AC,2024Q1,2024   Q1,$12.1 B,17,BRK.B,Berkshire Hathaway CL B,0.0006
AC,2024Q1,2024   Q1,$12.1 B,18,VRSK,Verisk Analytics Inc.,0.0003
AC,2024Q1,2024   Q1,$12.1 B,19,BAM,Brookfield Asset Management,0.0002
AC,2024Q1,2024   Q1,$12.1 B,20,SOPH,Sophia Genetics SA,0.0001
AC,2023Q4,2023   Q4,$11.9 B,1,MA,Mastercard Inc.,0.18170000000000003
AC,2023Q4,2023   Q4,$11.9 B,2,MCO,Moody's Corp.,0.157
AC,2023Q4,2023   Q4,$11.9 B,3,AMT,American Tower Corp.,0.12359999999999999
AC,2023Q4,2023   Q4,$11.9 B,4,KKR,KKR & Co. L.P.,0.1161
AC,2023Q4,2023   Q4,$11.9 B,5,ORLY,O'Reilly Automotive,0.0815
AC,2023Q4,2023   Q4,$11.9 B,6,V,Visa Inc.,0.07690000000000001
AC,2023Q4,2023   Q4,$11.9 B,7,ROP,Roper Technologies Inc.,0.0721
AC,2023Q4,2023   Q4,$11.9 B,8,BN,Brookfield Corp.,0.060899999999999996
AC,2023Q4,2023   Q4,$11.9 B,9,CSGP,CoStar Group Inc.,0.053399999999999996
AC,2023Q4,2023   Q4,$11.9 B,10,DHR,Danaher Corp.,0.0346
AC,2023Q4,2023   Q4,$11.9 B,11,KMX,CarMax Inc.,0.0176
AC,2023Q4,2023   Q4,$11.9 B,12,BAM,Brookfield Asset Management,0.011699999999999999
AC,2023Q4,2023   Q4,$11.9 B,13,DBRG,DigitalBridge Group Inc.,0.006500000000000001
AC,2023Q4,2023   Q4,$11.9 B,14,SBAC,SBA Communications Corp.,0.0039000000000000003
AC,2023Q4,2023   Q4,$11.9 B,15,GSHD,Goosehead Insurance Inc.,0.0016
AC,2023Q4,2023   Q4,$11.9 B,16,BRK.B,Berkshire Hathaway CL B,0.0005
AC,2023Q4,2023   Q4,$11.9 B,17,VRSK,Verisk Analytics Inc.,0.0003
AC,2023Q4,2023   Q4,$11.9 B,18,DLTR,Dollar Tree Inc.,0.0003
AC,2023Q3,2023   Q3,$10.9 B,1,MA,Mastercard Inc.,0.2127
AC,2023Q3,2023   Q3,$10.9 B,2,MCO,Moody's Corp.,0.1479
AC,2023Q3,2023   Q3,$10.9 B,3,AMT,American Tower Corp.,0.10220000000000001
AC,2023Q3,2023   Q3,$10.9 B,4,V,Visa Inc.,0.1014
AC,2023Q3,2023   Q3,$10.9 B,5,KKR,KKR & Co. L.P.,0.0956
AC,2023Q3,2023   Q3,$10.9 B,6,ORLY,O'Reilly Automotive,0.08810000000000001
AC,2023Q3,2023   Q3,$10.9 B,7,ROP,Roper Technologies Inc.,0.07
AC,2023Q3,2023   Q3,$10.9 B,8,BN,Brookfield Corp.,0.0521
AC,2023Q3,2023   Q3,$10.9 B,9,CSGP,CoStar Group Inc.,0.0512
AC,2023Q3,2023   Q3,$10.9 B,10,DHR,Danaher Corp.,0.0404
AC,2023Q3,2023   Q3,$10.9 B,11,KMX,CarMax Inc.,0.0178
AC,2023Q3,2023   Q3,$10.9 B,12,BAM,Brookfield Asset Management,0.0106
AC,2023Q3,2023   Q3,$10.9 B,13,DBRG,DigitalBridge Group Inc.,0.0072
AC,2023Q3,2023   Q3,$10.9 B,14,GSHD,Goosehead Insurance Inc.,0.0017000000000000001
AC,2023Q3,2023   Q3,$10.9 B,15,BRK.B,Berkshire Hathaway CL B,0.0006
AC,2023Q3,2023   Q3,$10.9 B,16,VRSK,Verisk Analytics Inc.,0.0004
AC,2023Q3,2023   Q3,$10.9 B,17,DLTR,Dollar Tree Inc.,0.0003
AC,2023Q2,2023   Q2,$12 B,1,MA,Mastercard Inc.,0.1924
AC,2023Q2,2023   Q2,$12 B,2,MCO,Moody's Corp.,0.1531
AC,2023Q2,2023   Q2,$12 B,3,AMT,American Tower Corp.,0.109
AC,2023Q2,2023   Q2,$12 B,4,V,Visa Inc.,0.0974
AC,2023Q2,2023   Q2,$12 B,5,ORLY,O'Reilly Automotive,0.08869999999999999
AC,2023Q2,2023   Q2,$12 B,6,KKR,KKR & Co. L.P.,0.0711
AC,2023Q2,2023   Q2,$12 B,7,ROP,Roper Technologies Inc.,0.0664
AC,2023Q2,2023   Q2,$12 B,8,CSGP,CoStar Group Inc.,0.0528
AC,2023Q2,2023   Q2,$12 B,9,BN,Brookfield Corp.,0.0513
AC,2023Q2,2023   Q2,$12 B,10,ADBE,Adobe Inc.,0.0434
AC,2023Q2,2023   Q2,$12 B,11,DHR,Danaher Corp.,0.0358
AC,2023Q2,2023   Q2,$12 B,12,KMX,CarMax Inc.,0.0199
AC,2023Q2,2023   Q2,$12 B,13,BAM,Brookfield Asset Management,0.01
AC,2023Q2,2023   Q2,$12 B,14,DBRG,DigitalBridge Group Inc.,0.0062
AC,2023Q2,2023   Q2,$12 B,15,GSHD,Goosehead Insurance Inc.,0.0013
AC,2023Q2,2023   Q2,$12 B,16,BRK.B,Berkshire Hathaway CL B,0.0005
AC,2023Q2,2023   Q2,$12 B,17,VRSK,Verisk Analytics Inc.,0.0004
AC,2023Q2,2023   Q2,$12 B,18,DLTR,Dollar Tree Inc.,0.0004
AC,2023Q1,2023   Q1,$11.4 B,1,MA,Mastercard Inc.,0.18789999999999998
AC,2023Q1,2023   Q1,$11.4 B,2,MCO,Moody's Corp.,0.15380000000000002
AC,2023Q1,2023   Q1,$11.4 B,3,AMT,American Tower Corp.,0.126
AC,2023Q1,2023   Q1,$11.4 B,4,V,Visa Inc.,0.0978
AC,2023Q1,2023   Q1,$11.4 B,5,ORLY,O'Reilly Automotive,0.08839999999999999
AC,2023Q1,2023   Q1,$11.4 B,6,KKR,KKR & Co. L.P.,0.0702
AC,2023Q1,2023   Q1,$11.4 B,7,ROP,Roper Technologies Inc.,0.0643
AC,2023Q1,2023   Q1,$11.4 B,8,BN,Brookfield Corp.,0.052199999999999996
AC,2023Q1,2023   Q1,$11.4 B,9,CSGP,CoStar Group Inc.,0.0431
AC,2023Q1,2023   Q1,$11.4 B,10,ADBE,Adobe Inc.,0.0407
AC,2023Q1,2023   Q1,$11.4 B,11,DHR,Danaher Corp.,0.0397
AC,2023Q1,2023   Q1,$11.4 B,12,KMX,CarMax Inc.,0.0175
AC,2023Q1,2023   Q1,$11.4 B,13,BAM,Brookfield Asset Management,0.0106
AC,2023Q1,2023   Q1,$11.4 B,14,DBRG,DigitalBridge Group Inc.,0.0054
AC,2023Q1,2023   Q1,$11.4 B,15,GSHD,Goosehead Insurance Inc.,0.0011
AC,2023Q1,2023   Q1,$11.4 B,16,BRK.B,Berkshire Hathaway CL B,0.0005
AC,2023Q1,2023   Q1,$11.4 B,17,DLTR,Dollar Tree Inc.,0.0004
AC,2023Q1,2023   Q1,$11.4 B,18,VRSK,Verisk Analytics Inc.,0.0003
AC,2022Q4,2022   Q4,$11.1 B,1,MA,Mastercard Inc.,0.18460000000000001
AC,2022Q4,2022   Q4,$11.1 B,2,MCO,Moody's Corp.,0.1438
AC,2022Q4,2022   Q4,$11.1 B,3,AMT,American Tower Corp.,0.1341
AC,2022Q4,2022   Q4,$11.1 B,4,V,Visa Inc.,0.0925
AC,2022Q4,2022   Q4,$11.1 B,5,ORLY,O'Reilly Automotive,0.09029999999999999
AC,2022Q4,2022   Q4,$11.1 B,6,ROP,Roper Technologies Inc.,0.0647
AC,2022Q4,2022   Q4,$11.1 B,7,KKR,KKR & Co. L.P.,0.0634
AC,2022Q4,2022   Q4,$11.1 B,8,CSGP,CoStar Group Inc.,0.049699999999999994
AC,2022Q4,2022   Q4,$11.1 B,9,BN,Brookfield Corp.,0.049400000000000006
AC,2022Q4,2022   Q4,$11.1 B,10,DHR,Danaher Corp.,0.0429
AC,2022Q4,2022   Q4,$11.1 B,11,ADBE,Adobe Inc.,0.0377
AC,2022Q4,2022   Q4,$11.1 B,12,KMX,CarMax Inc.,0.0291
AC,2022Q4,2022   Q4,$11.1 B,13,BAM,Brookfield Asset Management,0.0096
AC,2022Q4,2022   Q4,$11.1 B,14,DBRG,DigitalBridge Group Inc.,0.0049
AC,2022Q4,2022   Q4,$11.1 B,15,ALRM,Alarm.Com Holdings,0.0012
AC,2022Q4,2022   Q4,$11.1 B,16,GSHD,Goosehead Insurance Inc.,0.0008
AC,2022Q4,2022   Q4,$11.1 B,17,BRK.B,Berkshire Hathaway CL B,0.0005
AC,2022Q4,2022   Q4,$11.1 B,18,DLTR,Dollar Tree Inc.,0.0004
AC,2022Q4,2022   Q4,$11.1 B,19,VRSK,Verisk Analytics Inc.,0.0003
AC,2022Q3,2022   Q3,$11.3 B,1,MA,Mastercard Inc.,0.1479
AC,2022Q3,2022   Q3,$11.3 B,2,AMT,American Tower Corp.,0.1322
AC,2022Q3,2022   Q3,$11.3 B,3,MCO,Moody's Corp.,0.1225
AC,2022Q3,2022   Q3,$11.3 B,4,ORLY,O'Reilly Automotive,0.09140000000000001
AC,2022Q3,2022   Q3,$11.3 B,5,V,Visa Inc.,0.0823
AC,2022Q3,2022   Q3,$11.3 B,6,KKR,KKR & Co. L.P.,0.0587
AC,2022Q3,2022   Q3,$11.3 B,7,ROP,Roper Technologies Inc.,0.0526
AC,2022Q3,2022   Q3,$11.3 B,8,BN,Brookfield Corp.,0.0483
AC,2022Q3,2022   Q3,$11.3 B,9,CSGP,CoStar Group Inc.,0.0437
AC,2022Q3,2022   Q3,$11.3 B,10,KMX,CarMax Inc.,0.0429
AC,2022Q3,2022   Q3,$11.3 B,11,ADBE,Adobe Inc.,0.0405
AC,2022Q3,2022   Q3,$11.3 B,12,CRM,Salesforce.com,0.0393
AC,2022Q3,2022   Q3,$11.3 B,13,DHR,Danaher Corp.,0.0378
AC,2022Q3,2022   Q3,$11.3 B,14,VRSK,Verisk Analytics Inc.,0.0368
AC,2022Q3,2022   Q3,$11.3 B,15,SNOW,Snowflake Inc.,0.015
AC,2022Q3,2022   Q3,$11.3 B,16,DBRG,DigitalBridge Group Inc.,0.0051
AC,2022Q3,2022   Q3,$11.3 B,17,ALRM,Alarm.Com Holdings,0.0015
AC,2022Q3,2022   Q3,$11.3 B,18,GSHD,Goosehead Insurance Inc.,0.0008
AC,2022Q3,2022   Q3,$11.3 B,19,DLTR,Dollar Tree Inc.,0.0004
AC,2022Q3,2022   Q3,$11.3 B,20,BRK.B,Berkshire Hathaway CL B,0.0004
AC,2022Q2,2022   Q2,$12.5 B,1,MA,Mastercard Inc.,0.1482
AC,2022Q2,2022   Q2,$12.5 B,2,AMT,American Tower Corp.,0.14279999999999998
AC,2022Q2,2022   Q2,$12.5 B,3,MCO,Moody's Corp.,0.1243
AC,2022Q2,2022   Q2,$12.5 B,4,V,Visa Inc.,0.0828
AC,2022Q2,2022   Q2,$12.5 B,5,ORLY,O'Reilly Automotive,0.0796
AC,2022Q2,2022   Q2,$12.5 B,6,KKR,KKR & Co. L.P.,0.057
AC,2022Q2,2022   Q2,$12.5 B,7,KMX,CarMax Inc.,0.0533
AC,2022Q2,2022   Q2,$12.5 B,8,ROP,Roper Technologies Inc.,0.0524
AC,2022Q2,2022   Q2,$12.5 B,9,ADBE,Adobe Inc.,0.0487
AC,2022Q2,2022   Q2,$12.5 B,10,BN,Brookfield Corp.,0.047400000000000005
AC,2022Q2,2022   Q2,$12.5 B,11,CRM,Salesforce.com,0.0406
AC,2022Q2,2022   Q2,$12.5 B,12,CSGP,CoStar Group Inc.,0.0344
AC,2022Q2,2022   Q2,$12.5 B,13,VRSK,Verisk Analytics Inc.,0.0339
AC,2022Q2,2022   Q2,$12.5 B,14,DHR,Danaher Corp.,0.0336
AC,2022Q2,2022   Q2,$12.5 B,15,SNOW,Snowflake Inc.,0.0111
AC,2022Q2,2022   Q2,$12.5 B,16,DBRG,DigitalBridge Group Inc.,0.0064
AC,2022Q2,2022   Q2,$12.5 B,17,ALRM,Alarm.Com Holdings,0.0013
AC,2022Q2,2022   Q2,$12.5 B,18,GSHD,Goosehead Insurance Inc.,0.0013
AC,2022Q2,2022   Q2,$12.5 B,19,DLTR,Dollar Tree Inc.,0.0004
AC,2022Q2,2022   Q2,$12.5 B,20,BRK.B,Berkshire Hathaway CL B,0.0004
AC,2022Q1,2022   Q1,$14.4 B,1,MA,Mastercard Inc.,0.1448
AC,2022Q1,2022   Q1,$14.4 B,2,MCO,Moody's Corp.,0.1322
AC,2022Q1,2022   Q1,$14.4 B,3,AMT,American Tower Corp.,0.1217
AC,2022Q1,2022   Q1,$14.4 B,4,V,Visa Inc.,0.0805
AC,2022Q1,2022   Q1,$14.4 B,5,ORLY,O'Reilly Automotive,0.0748
AC,2022Q1,2022   Q1,$14.4 B,6,KKR,KKR & Co. L.P.,0.0602
AC,2022Q1,2022   Q1,$14.4 B,7,ROP,Roper Technologies Inc.,0.054299999999999994
AC,2022Q1,2022   Q1,$14.4 B,8,BN,Brookfield Corp.,0.051399999999999994
AC,2022Q1,2022   Q1,$14.4 B,9,ADBE,Adobe Inc.,0.049400000000000006
AC,2022Q1,2022   Q1,$14.4 B,10,KMX,CarMax Inc.,0.049
AC,2022Q1,2022   Q1,$14.4 B,11,CSGP,CoStar Group Inc.,0.0446
AC,2022Q1,2022   Q1,$14.4 B,12,CRM,Salesforce.com,0.0417
AC,2022Q1,2022   Q1,$14.4 B,13,VRSK,Verisk Analytics Inc.,0.0363
AC,2022Q1,2022   Q1,$14.4 B,14,DHR,Danaher Corp.,0.0336
AC,2022Q1,2022   Q1,$14.4 B,15,ANSS-OLD,ANSYS Inc.,0.0134
AC,2022Q1,2022   Q1,$14.4 B,16,DBRG,DigitalBridge Group Inc.,0.0052
AC,2022Q1,2022   Q1,$14.4 B,17,ALRM,Alarm.Com Holdings,0.0045000000000000005
AC,2022Q1,2022   Q1,$14.4 B,18,GSHD,Goosehead Insurance Inc.,0.0016
AC,2022Q1,2022   Q1,$14.4 B,19,BRK.B,Berkshire Hathaway CL B,0.0004
AC,2022Q1,2022   Q1,$14.4 B,20,DLTR,Dollar Tree Inc.,0.0004
AC,2021Q4,2021   Q4,$17.2 B,1,MCO,Moody's Corp.,0.1274
AC,2021Q4,2021   Q4,$17.2 B,2,MA,Mastercard Inc.,0.1222
AC,2021Q4,2021   Q4,$17.2 B,3,AMT,American Tower Corp.,0.11900000000000001
AC,2021Q4,2021   Q4,$17.2 B,4,V,Visa Inc.,0.066
AC,2021Q4,2021   Q4,$17.2 B,5,ORLY,O'Reilly Automotive,0.0647
AC,2021Q4,2021   Q4,$17.2 B,6,KKR,KKR & Co. L.P.,0.0637
AC,2021Q4,2021   Q4,$17.2 B,7,KMX,CarMax Inc.,0.055099999999999996
AC,2021Q4,2021   Q4,$17.2 B,8,ADBE,Adobe Inc.,0.050300000000000004
AC,2021Q4,2021   Q4,$17.2 B,9,ROP,Roper Technologies Inc.,0.0475
AC,2021Q4,2021   Q4,$17.2 B,10,BN,Brookfield Corp.,0.046
AC,2021Q4,2021   Q4,$17.2 B,11,CSGP,CoStar Group Inc.,0.044800000000000006
AC,2021Q4,2021   Q4,$17.2 B,12,CRM,Salesforce.com,0.041299999999999996
AC,2021Q4,2021   Q4,$17.2 B,13,SBAC,SBA Communications Corp.,0.0349
AC,2021Q4,2021   Q4,$17.2 B,14,VRSK,Verisk Analytics Inc.,0.0325
AC,2021Q4,2021   Q4,$17.2 B,15,DHR,Danaher Corp.,0.0316
AC,2021Q4,2021   Q4,$17.2 B,16,DLTR,Dollar Tree Inc.,0.0216
AC,2021Q4,2021   Q4,$17.2 B,17,ANSS-OLD,ANSYS Inc.,0.014199999999999999
AC,2021Q4,2021   Q4,$17.2 B,18,ALRM,Alarm.Com Holdings,0.0097
AC,2021Q4,2021   Q4,$17.2 B,19,DBRG,DigitalBridge Group Inc.,0.0051
AC,2021Q4,2021   Q4,$17.2 B,20,GSHD,Goosehead Insurance Inc.,0.0022
AC,2021Q3,2021   Q3,$16.2 B,1,MA,Mastercard Inc.,0.12539999999999998
AC,2021Q3,2021   Q3,$16.2 B,2,MCO,Moody's Corp.,0.1229
AC,2021Q3,2021   Q3,$16.2 B,3,AMT,American Tower Corp.,0.11460000000000001
AC,2021Q3,2021   Q3,$16.2 B,4,V,Visa Inc.,0.07200000000000001
AC,2021Q3,2021   Q3,$16.2 B,5,ORLY,O'Reilly Automotive,0.0594
AC,2021Q3,2021   Q3,$16.2 B,6,KMX,CarMax Inc.,0.055999999999999994
AC,2021Q3,2021   Q3,$16.2 B,7,KKR,KKR & Co. L.P.,0.0552
AC,2021Q3,2021   Q3,$16.2 B,8,ADBE,Adobe Inc.,0.054299999999999994
AC,2021Q3,2021   Q3,$16.2 B,9,CSGP,CoStar Group Inc.,0.051699999999999996
AC,2021Q3,2021   Q3,$16.2 B,10,CRM,Salesforce.com,0.046799999999999994
AC,2021Q3,2021   Q3,$16.2 B,11,ROP,Roper Technologies Inc.,0.045700000000000005
AC,2021Q3,2021   Q3,$16.2 B,12,BN,Brookfield Corp.,0.0433
AC,2021Q3,2021   Q3,$16.2 B,13,SBAC,SBA Communications Corp.,0.0393
AC,2021Q3,2021   Q3,$16.2 B,14,DHR,Danaher Corp.,0.031
AC,2021Q3,2021   Q3,$16.2 B,15,VRSK,Verisk Analytics Inc.,0.0301
AC,2021Q3,2021   Q3,$16.2 B,16,DLTR,Dollar Tree Inc.,0.021099999999999997
AC,2021Q3,2021   Q3,$16.2 B,17,ANSS-OLD,ANSYS Inc.,0.0128
AC,2021Q3,2021   Q3,$16.2 B,18,ALRM,Alarm.Com Holdings,0.0095
AC,2021Q3,2021   Q3,$16.2 B,19,DBRG,DigitalBridge Group Inc.,0.0039000000000000003
AC,2021Q3,2021   Q3,$16.2 B,20,GSHD,Goosehead Insurance Inc.,0.0028000000000000004
AC,2021Q2,2021   Q2,$16.2 B,1,MA,Mastercard Inc.,0.1319
AC,2021Q2,2021   Q2,$16.2 B,2,MCO,Moody's Corp.,0.1255
AC,2021Q2,2021   Q2,$16.2 B,3,AMT,American Tower Corp.,0.1167
AC,2021Q2,2021   Q2,$16.2 B,4,V,Visa Inc.,0.0755
AC,2021Q2,2021   Q2,$16.2 B,5,KMX,CarMax Inc.,0.056600000000000004
AC,2021Q2,2021   Q2,$16.2 B,6,ADBE,Adobe Inc.,0.0552
AC,2021Q2,2021   Q2,$16.2 B,7,ORLY,O'Reilly Automotive,0.055099999999999996
AC,2021Q2,2021   Q2,$16.2 B,8,KKR,KKR & Co. L.P.,0.0538
AC,2021Q2,2021   Q2,$16.2 B,9,CSGP,CoStar Group Inc.,0.049800000000000004
AC,2021Q2,2021   Q2,$16.2 B,10,ROP,Roper Technologies Inc.,0.0482
AC,2021Q2,2021   Q2,$16.2 B,11,CRM,Salesforce.com,0.0421
AC,2021Q2,2021   Q2,$16.2 B,12,BN,Brookfield Corp.,0.0412
AC,2021Q2,2021   Q2,$16.2 B,13,SBAC,SBA Communications Corp.,0.0379
AC,2021Q2,2021   Q2,$16.2 B,14,DHR,Danaher Corp.,0.0274
AC,2021Q2,2021   Q2,$16.2 B,15,VRSK,Verisk Analytics Inc.,0.0263
AC,2021Q2,2021   Q2,$16.2 B,16,DLTR,Dollar Tree Inc.,0.022000000000000002
AC,2021Q2,2021   Q2,$16.2 B,17,ANSS-OLD,ANSYS Inc.,0.013000000000000001
AC,2021Q2,2021   Q2,$16.2 B,18,ALRM,Alarm.Com Holdings,0.0103
AC,2021Q2,2021   Q2,$16.2 B,19,DBRG,DigitalBridge Group Inc.,0.0051
AC,2021Q2,2021   Q2,$16.2 B,20,OLLI,Ollie's Bargain Outlet Hldgs,0.0026
AC,2021Q1,2021   Q1,$14.7 B,1,MA,Mastercard Inc.,0.1422
AC,2021Q1,2021   Q1,$14.7 B,2,MCO,Moody's Corp.,0.1144
AC,2021Q1,2021   Q1,$14.7 B,3,AMT,American Tower Corp.,0.1142
AC,2021Q1,2021   Q1,$14.7 B,4,V,Visa Inc.,0.0756
AC,2021Q1,2021   Q1,$14.7 B,5,KMX,CarMax Inc.,0.0643
AC,2021Q1,2021   Q1,$14.7 B,6,CSGP,CoStar Group Inc.,0.0547
AC,2021Q1,2021   Q1,$14.7 B,7,ORLY,O'Reilly Automotive,0.0546
AC,2021Q1,2021   Q1,$14.7 B,8,ADBE,Adobe Inc.,0.0495
AC,2021Q1,2021   Q1,$14.7 B,9,KKR,KKR & Co. L.P.,0.049
AC,2021Q1,2021   Q1,$14.7 B,10,ROP,Roper Technologies Inc.,0.04769999999999999
AC,2021Q1,2021   Q1,$14.7 B,11,SBAC,SBA Communications Corp.,0.0432
AC,2021Q1,2021   Q1,$14.7 B,12,BN,Brookfield Corp.,0.0395
AC,2021Q1,2021   Q1,$14.7 B,13,LYV,Live Nation Inc.,0.0315
AC,2021Q1,2021   Q1,$14.7 B,14,VRSK,Verisk Analytics Inc.,0.0294
AC,2021Q1,2021   Q1,$14.7 B,15,DLTR,Dollar Tree Inc.,0.027999999999999997
AC,2021Q1,2021   Q1,$14.7 B,16,DHR,Danaher Corp.,0.0254
AC,2021Q1,2021   Q1,$14.7 B,17,ANSS-OLD,ANSYS Inc.,0.0141
AC,2021Q1,2021   Q1,$14.7 B,18,ALRM,Alarm.Com Holdings,0.0116
AC,2021Q1,2021   Q1,$14.7 B,19,DBRG,DigitalBridge Group Inc.,0.0046
AC,2021Q1,2021   Q1,$14.7 B,20,OLLI,Ollie's Bargain Outlet Hldgs,0.003
AC,2020Q4,2020   Q4,$14.8 B,1,MA,Mastercard Inc.,0.1418
AC,2020Q4,2020   Q4,$14.8 B,2,MCO,Moody's Corp.,0.1105
AC,2020Q4,2020   Q4,$14.8 B,3,AMT,American Tower Corp.,0.1082
AC,2020Q4,2020   Q4,$14.8 B,4,V,Visa Inc.,0.0775
AC,2020Q4,2020   Q4,$14.8 B,5,CSGP,CoStar Group Inc.,0.0603
AC,2020Q4,2020   Q4,$14.8 B,6,ORLY,O'Reilly Automotive,0.056299999999999996
AC,2020Q4,2020   Q4,$14.8 B,7,ROP,Roper Technologies Inc.,0.0557
AC,2020Q4,2020   Q4,$14.8 B,8,KMX,CarMax Inc.,0.04769999999999999
AC,2020Q4,2020   Q4,$14.8 B,9,SBAC,SBA Communications Corp.,0.047
AC,2020Q4,2020   Q4,$14.8 B,10,KKR,KKR & Co. L.P.,0.0403
AC,2020Q4,2020   Q4,$14.8 B,11,ADBE,Adobe Inc.,0.0385
AC,2020Q4,2020   Q4,$14.8 B,12,BN,Brookfield Corp.,0.0364
AC,2020Q4,2020   Q4,$14.8 B,13,VRSK,Verisk Analytics Inc.,0.0344
AC,2020Q4,2020   Q4,$14.8 B,14,DLTR,Dollar Tree Inc.,0.033
AC,2020Q4,2020   Q4,$14.8 B,15,LYV,Live Nation Inc.,0.027200000000000002
AC,2020Q4,2020   Q4,$14.8 B,16,DHR,Danaher Corp.,0.0248
AC,2020Q4,2020   Q4,$14.8 B,17,MKL,Markel Group Inc.,0.0217
AC,2020Q4,2020   Q4,$14.8 B,18,ANSS-OLD,ANSYS Inc.,0.015
AC,2020Q4,2020   Q4,$14.8 B,19,ALRM,Alarm.Com Holdings,0.0139
AC,2020Q4,2020   Q4,$14.8 B,20,DBRG,DigitalBridge Group Inc.,0.0034999999999999996
AC,2020Q3,2020   Q3,$14.2 B,1,MA,Mastercard Inc.,0.1402
AC,2020Q3,2020   Q3,$14.2 B,2,AMT,American Tower Corp.,0.1199
AC,2020Q3,2020   Q3,$14.2 B,3,MCO,Moody's Corp.,0.1151
AC,2020Q3,2020   Q3,$14.2 B,4,V,Visa Inc.,0.0739
AC,2020Q3,2020   Q3,$14.2 B,5,ORLY,O'Reilly Automotive,0.059800000000000006
AC,2020Q3,2020   Q3,$14.2 B,6,CSGP,CoStar Group Inc.,0.057300000000000004
AC,2020Q3,2020   Q3,$14.2 B,7,SBAC,SBA Communications Corp.,0.0553
AC,2020Q3,2020   Q3,$14.2 B,8,ROP,Roper Technologies Inc.,0.0533
AC,2020Q3,2020   Q3,$14.2 B,9,KMX,CarMax Inc.,0.048499999999999995
AC,2020Q3,2020   Q3,$14.2 B,10,ADBE,Adobe Inc.,0.0394
AC,2020Q3,2020   Q3,$14.2 B,11,KKR,KKR & Co. L.P.,0.035699999999999996
AC,2020Q3,2020   Q3,$14.2 B,12,MKL,Markel Group Inc.,0.0326
AC,2020Q3,2020   Q3,$14.2 B,13,VRSK,Verisk Analytics Inc.,0.032
AC,2020Q3,2020   Q3,$14.2 B,14,BN,Brookfield Corp.,0.0316
AC,2020Q3,2020   Q3,$14.2 B,15,DLTR,Dollar Tree Inc.,0.0292
AC,2020Q3,2020   Q3,$14.2 B,16,DHR,Danaher Corp.,0.025099999999999997
AC,2020Q3,2020   Q3,$14.2 B,17,LYV,Live Nation Inc.,0.0208
AC,2020Q3,2020   Q3,$14.2 B,18,ANSS-OLD,ANSYS Inc.,0.0141
AC,2020Q3,2020   Q3,$14.2 B,19,ALRM,Alarm.Com Holdings,0.0077
AC,2020Q3,2020   Q3,$14.2 B,20,OLLI,Ollie's Bargain Outlet Hldgs,0.0031
AC,2020Q2,2020   Q2,$13.3 B,1,AMT,American Tower Corp.,0.1371
AC,2020Q2,2020   Q2,$13.3 B,2,MA,Mastercard Inc.,0.1311
AC,2020Q2,2020   Q2,$13.3 B,3,MCO,Moody's Corp.,0.1167
AC,2020Q2,2020   Q2,$13.3 B,4,V,Visa Inc.,0.07629999999999999
AC,2020Q2,2020   Q2,$13.3 B,5,ORLY,O'Reilly Automotive,0.058499999999999996
AC,2020Q2,2020   Q2,$13.3 B,6,SBAC,SBA Communications Corp.,0.0553
AC,2020Q2,2020   Q2,$13.3 B,7,KMX,CarMax Inc.,0.055
AC,2020Q2,2020   Q2,$13.3 B,8,CSGP,CoStar Group Inc.,0.051100000000000007
AC,2020Q2,2020   Q2,$13.3 B,9,ROP,Roper Technologies Inc.,0.0507
AC,2020Q2,2020   Q2,$13.3 B,10,ADBE,Adobe Inc.,0.0374
AC,2020Q2,2020   Q2,$13.3 B,11,KKR,KKR & Co. L.P.,0.0342
AC,2020Q2,2020   Q2,$13.3 B,12,MKL,Markel Group Inc.,0.0341
AC,2020Q2,2020   Q2,$13.3 B,13,DLTR,Dollar Tree Inc.,0.0318
AC,2020Q2,2020   Q2,$13.3 B,14,VRSK,Verisk Analytics Inc.,0.031400000000000004
AC,2020Q2,2020   Q2,$13.3 B,15,BN,Brookfield Corp.,0.0285
AC,2020Q2,2020   Q2,$13.3 B,16,DHR,Danaher Corp.,0.022099999999999998
AC,2020Q2,2020   Q2,$13.3 B,17,LYV,Live Nation Inc.,0.0187
AC,2020Q2,2020   Q2,$13.3 B,18,ANSS-OLD,ANSYS Inc.,0.0134
AC,2020Q2,2020   Q2,$13.3 B,19,ALRM,Alarm.Com Holdings,0.0087
AC,2020Q2,2020   Q2,$13.3 B,20,OLLI,Ollie's Bargain Outlet Hldgs,0.0037
AC,2020Q1,2020   Q1,$10.3 B,1,AMT,American Tower Corp.,0.149
AC,2020Q1,2020   Q1,$10.3 B,2,MA,Mastercard Inc.,0.1358
AC,2020Q1,2020   Q1,$10.3 B,3,MCO,Moody's Corp.,0.1158
AC,2020Q1,2020   Q1,$10.3 B,4,V,Visa Inc.,0.0821
AC,2020Q1,2020   Q1,$10.3 B,5,SBAC,SBA Communications Corp.,0.0646
AC,2020Q1,2020   Q1,$10.3 B,6,ORLY,O'Reilly Automotive,0.053899999999999997
AC,2020Q1,2020   Q1,$10.3 B,7,ROP,Roper Technologies Inc.,0.051699999999999996
AC,2020Q1,2020   Q1,$10.3 B,8,MKL,Markel Group Inc.,0.044800000000000006
AC,2020Q1,2020   Q1,$10.3 B,9,KMX,CarMax Inc.,0.042800000000000005
AC,2020Q1,2020   Q1,$10.3 B,10,ADBE,Adobe Inc.,0.0352
AC,2020Q1,2020   Q1,$10.3 B,11,VRSK,Verisk Analytics Inc.,0.0332
AC,2020Q1,2020   Q1,$10.3 B,12,DLTR,Dollar Tree Inc.,0.0325
AC,2020Q1,2020   Q1,$10.3 B,13,KKR,KKR & Co. L.P.,0.0323
AC,2020Q1,2020   Q1,$10.3 B,14,BN,Brookfield Corp.,0.030899999999999997
AC,2020Q1,2020   Q1,$10.3 B,15,CSGP,CoStar Group Inc.,0.025
AC,2020Q1,2020   Q1,$10.3 B,16,LYV,Live Nation Inc.,0.0242
AC,2020Q1,2020   Q1,$10.3 B,17,DHR,Danaher Corp.,0.0223
AC,2020Q1,2020   Q1,$10.3 B,18,ANSS-OLD,ANSYS Inc.,0.0106
AC,2020Q1,2020   Q1,$10.3 B,19,ALRM,Alarm.Com Holdings,0.0067
AC,2020Q1,2020   Q1,$10.3 B,20,OLLI,Ollie's Bargain Outlet Hldgs,0.0023
AC,2019Q4,2019   Q4,$10.9 B,1,AMT,American Tower Corp.,0.1514
AC,2019Q4,2019   Q4,$10.9 B,2,MA,Mastercard Inc.,0.1459
AC,2019Q4,2019   Q4,$10.9 B,3,MCO,Moody's Corp.,0.12369999999999999
AC,2019Q4,2019   Q4,$10.9 B,4,V,Visa Inc.,0.0842
AC,2019Q4,2019   Q4,$10.9 B,5,ORLY,O'Reilly Automotive,0.0758
AC,2019Q4,2019   Q4,$10.9 B,6,SBAC,SBA Communications Corp.,0.0545
AC,2019Q4,2019   Q4,$10.9 B,7,KMX,CarMax Inc.,0.0542
AC,2019Q4,2019   Q4,$10.9 B,8,MKL,Markel Group Inc.,0.0538
AC,2019Q4,2019   Q4,$10.9 B,9,ROP,Roper Technologies Inc.,0.0509
AC,2019Q4,2019   Q4,$10.9 B,10,DLTR,Dollar Tree Inc.,0.043899999999999995
AC,2019Q4,2019   Q4,$10.9 B,11,VRSK,Verisk Analytics Inc.,0.0348
AC,2019Q4,2019   Q4,$10.9 B,12,KKR,KKR & Co. L.P.,0.0341
AC,2019Q4,2019   Q4,$10.9 B,13,BN,Brookfield Corp.,0.0331
AC,2019Q4,2019   Q4,$10.9 B,14,DHR,Danaher Corp.,0.0233
AC,2019Q4,2019   Q4,$10.9 B,15,CSGP,CoStar Group Inc.,0.0137
AC,2019Q4,2019   Q4,$10.9 B,16,ALRM,Alarm.Com Holdings,0.0063
AC,2019Q4,2019   Q4,$10.9 B,17,BRK.B,Berkshire Hathaway CL B,0.0059
AC,2019Q4,2019   Q4,$10.9 B,18,ANSS-OLD,ANSYS Inc.,0.0039000000000000003
AC,2019Q4,2019   Q4,$10.9 B,19,PRMW-OLD,Primo Water Corp.,0.0033
AC,2019Q4,2019   Q4,$10.9 B,20,BRK.A,Berkshire Hathaway CL A,0.0013
AC,2019Q3,2019   Q3,$10.1 B,1,AMT,American Tower Corp.,0.1567
AC,2019Q3,2019   Q3,$10.1 B,2,MA,Mastercard Inc.,0.1426
AC,2019Q3,2019   Q3,$10.1 B,3,MCO,Moody's Corp.,0.11470000000000001
AC,2019Q3,2019   Q3,$10.1 B,4,V,Visa Inc.,0.08289999999999999
AC,2019Q3,2019   Q3,$10.1 B,5,ORLY,O'Reilly Automotive,0.0741
AC,2019Q3,2019   Q3,$10.1 B,6,MKL,Markel Group Inc.,0.059800000000000006
AC,2019Q3,2019   Q3,$10.1 B,7,SBAC,SBA Communications Corp.,0.058600000000000006
AC,2019Q3,2019   Q3,$10.1 B,8,DLTR,Dollar Tree Inc.,0.0572
AC,2019Q3,2019   Q3,$10.1 B,9,ROP,Roper Technologies Inc.,0.055099999999999996
AC,2019Q3,2019   Q3,$10.1 B,10,KMX,CarMax Inc.,0.0545
AC,2019Q3,2019   Q3,$10.1 B,11,VRSK,Verisk Analytics Inc.,0.0397
AC,2019Q3,2019   Q3,$10.1 B,12,KKR,KKR & Co. L.P.,0.0338
AC,2019Q3,2019   Q3,$10.1 B,13,BN,Brookfield Corp.,0.0279
AC,2019Q3,2019   Q3,$10.1 B,14,DHR,Danaher Corp.,0.0236
AC,2019Q3,2019   Q3,$10.1 B,15,ALRM,Alarm.Com Holdings,0.0063
AC,2019Q3,2019   Q3,$10.1 B,16,BRK.B,Berkshire Hathaway CL B,0.0059
AC,2019Q3,2019   Q3,$10.1 B,17,PRMW-OLD,Primo Water Corp.,0.0037
AC,2019Q3,2019   Q3,$10.1 B,18,BRK.A,Berkshire Hathaway CL A,0.0013
AC,2019Q3,2019   Q3,$10.1 B,19,OLLI,Ollie's Bargain Outlet Hldgs,0.0006
AC,2019Q3,2019   Q3,$10.1 B,20,GSHD,Goosehead Insurance Inc.,0.0005
AC,2019Q2,2019   Q2,$9.86 B,1,AMT,American Tower Corp.,0.149
AC,2019Q2,2019   Q2,$9.86 B,2,MA,Mastercard Inc.,0.1429
AC,2019Q2,2019   Q2,$9.86 B,3,MCO,Moody's Corp.,0.1125
AC,2019Q2,2019   Q2,$9.86 B,4,V,Visa Inc.,0.086
AC,2019Q2,2019   Q2,$9.86 B,5,ORLY,O'Reilly Automotive,0.0707
AC,2019Q2,2019   Q2,$9.86 B,6,ROP,Roper Technologies Inc.,0.0582
AC,2019Q2,2019   Q2,$9.86 B,7,MKL,Markel Group Inc.,0.0567
AC,2019Q2,2019   Q2,$9.86 B,8,SBAC,SBA Communications Corp.,0.0562
AC,2019Q2,2019   Q2,$9.86 B,9,DLTR,Dollar Tree Inc.,0.0554
AC,2019Q2,2019   Q2,$9.86 B,10,KMX,CarMax Inc.,0.0535
AC,2019Q2,2019   Q2,$9.86 B,11,VRSK,Verisk Analytics Inc.,0.0378
AC,2019Q2,2019   Q2,$9.86 B,12,KKR,KKR & Co. L.P.,0.0327
AC,2019Q2,2019   Q2,$9.86 B,13,UI,Ubiquiti Inc.,0.0282
AC,2019Q2,2019   Q2,$9.86 B,14,DHR,Danaher Corp.,0.024
AC,2019Q2,2019   Q2,$9.86 B,15,AMTD,AMTD IDEA Group,0.017
AC,2019Q2,2019   Q2,$9.86 B,16,BRK.B,Berkshire Hathaway CL B,0.0062
AC,2019Q2,2019   Q2,$9.86 B,17,PRMW-OLD,Primo Water Corp.,0.0038
AC,2019Q2,2019   Q2,$9.86 B,18,ALRM,Alarm.Com Holdings,0.0033
AC,2019Q2,2019   Q2,$9.86 B,19,ESGR-OLD,Enstar Group Ltd.,0.0024
AC,2019Q2,2019   Q2,$9.86 B,20,BRK.A,Berkshire Hathaway CL A,0.0014000000000000002
AC,2019Q1,2019   Q1,$9.48 B,1,AMT,American Tower Corp.,0.1495
AC,2019Q1,2019   Q1,$9.48 B,2,MA,Mastercard Inc.,0.1324
AC,2019Q1,2019   Q1,$9.48 B,3,MCO,Moody's Corp.,0.10859999999999999
AC,2019Q1,2019   Q1,$9.48 B,4,V,Visa Inc.,0.0806
AC,2019Q1,2019   Q1,$9.48 B,5,ORLY,O'Reilly Automotive,0.07730000000000001
AC,2019Q1,2019   Q1,$9.48 B,6,ROP,Roper Technologies Inc.,0.056600000000000004
AC,2019Q1,2019   Q1,$9.48 B,7,DLTR,Dollar Tree Inc.,0.0564
AC,2019Q1,2019   Q1,$9.48 B,8,MKL,Markel Group Inc.,0.053899999999999997
AC,2019Q1,2019   Q1,$9.48 B,9,SBAC,SBA Communications Corp.,0.0519
AC,2019Q1,2019   Q1,$9.48 B,10,KMX,CarMax Inc.,0.044800000000000006
AC,2019Q1,2019   Q1,$9.48 B,11,UI,Ubiquiti Inc.,0.042300000000000004
AC,2019Q1,2019   Q1,$9.48 B,12,VRSK,Verisk Analytics Inc.,0.035699999999999996
AC,2019Q1,2019   Q1,$9.48 B,13,KKR,KKR & Co. L.P.,0.0316
AC,2019Q1,2019   Q1,$9.48 B,14,DHR,Danaher Corp.,0.0231
AC,2019Q1,2019   Q1,$9.48 B,15,AMTD,AMTD IDEA Group,0.0177
AC,2019Q1,2019   Q1,$9.48 B,16,FOCS-OLD,Focus Financial Partners,0.011200000000000002
AC,2019Q1,2019   Q1,$9.48 B,17,ESGR-OLD,Enstar Group Ltd.,0.0084
AC,2019Q1,2019   Q1,$9.48 B,18,BRK.B,Berkshire Hathaway CL B,0.0060999999999999995
AC,2019Q1,2019   Q1,$9.48 B,19,PRMW-OLD,Primo Water Corp.,0.004699999999999999
AC,2019Q1,2019   Q1,$9.48 B,20,ALRM,Alarm.Com Holdings,0.0040999999999999995
AC,2018Q4,2018   Q4,$7.9 B,1,AMT,American Tower Corp.,0.14150000000000001
AC,2018Q4,2018   Q4,$7.9 B,2,MA,Mastercard Inc.,0.1272
AC,2018Q4,2018   Q4,$7.9 B,3,MCO,Moody's Corp.,0.1007
AC,2018Q4,2018   Q4,$7.9 B,4,ORLY,O'Reilly Automotive,0.08220000000000001
AC,2018Q4,2018   Q4,$7.9 B,5,V,Visa Inc.,0.0816
AC,2018Q4,2018   Q4,$7.9 B,6,MKL,Markel Group Inc.,0.0674
AC,2018Q4,2018   Q4,$7.9 B,7,DLTR,Dollar Tree Inc.,0.0581
AC,2018Q4,2018   Q4,$7.9 B,8,ROP,Roper Technologies Inc.,0.0529
AC,2018Q4,2018   Q4,$7.9 B,9,SBAC,SBA Communications Corp.,0.050499999999999996
AC,2018Q4,2018   Q4,$7.9 B,10,KMX,CarMax Inc.,0.045899999999999996
AC,2018Q4,2018   Q4,$7.9 B,11,VRSK,Verisk Analytics Inc.,0.0351
AC,2018Q4,2018   Q4,$7.9 B,12,UI,Ubiquiti Inc.,0.0337
AC,2018Q4,2018   Q4,$7.9 B,13,KKR,KKR & Co. L.P.,0.031400000000000004
AC,2018Q4,2018   Q4,$7.9 B,14,DHR,Danaher Corp.,0.0216
AC,2018Q4,2018   Q4,$7.9 B,15,AMTD,AMTD IDEA Group,0.0208
AC,2018Q4,2018   Q4,$7.9 B,16,ESGR-OLD,Enstar Group Ltd.,0.019
AC,2018Q4,2018   Q4,$7.9 B,17,FOCS-OLD,Focus Financial Partners,0.009899999999999999
AC,2018Q4,2018   Q4,$7.9 B,18,BRK.B,Berkshire Hathaway CL B,0.0074
AC,2018Q4,2018   Q4,$7.9 B,19,PRMW-OLD,Primo Water Corp.,0.005
AC,2018Q4,2018   Q4,$7.9 B,20,ALRM,Alarm.Com Holdings,0.0039000000000000003
AC,2018Q3,2018   Q3,$8.57 B,1,MA,Mastercard Inc.,0.13849999999999998
AC,2018Q3,2018   Q3,$8.57 B,2,AMT,American Tower Corp.,0.1199
AC,2018Q3,2018   Q3,$8.57 B,3,MCO,Moody's Corp.,0.1109
AC,2018Q3,2018   Q3,$8.57 B,4,V,Visa Inc.,0.08560000000000001
AC,2018Q3,2018   Q3,$8.57 B,5,ORLY,O'Reilly Automotive,0.0765
AC,2018Q3,2018   Q3,$8.57 B,6,MKL,Markel Group Inc.,0.0712
AC,2018Q3,2018   Q3,$8.57 B,7,ROP,Roper Technologies Inc.,0.053899999999999997
AC,2018Q3,2018   Q3,$8.57 B,8,DLTR,Dollar Tree Inc.,0.0484
AC,2018Q3,2018   Q3,$8.57 B,9,SBAC,SBA Communications Corp.,0.0462
AC,2018Q3,2018   Q3,$8.57 B,10,KMX,CarMax Inc.,0.0458
AC,2018Q3,2018   Q3,$8.57 B,11,VRSK,Verisk Analytics Inc.,0.0358
AC,2018Q3,2018   Q3,$8.57 B,12,KKR,KKR & Co. L.P.,0.0318
AC,2018Q3,2018   Q3,$8.57 B,13,UI,Ubiquiti Inc.,0.030899999999999997
AC,2018Q3,2018   Q3,$8.57 B,14,ESGR-OLD,Enstar Group Ltd.,0.0285
AC,2018Q3,2018   Q3,$8.57 B,15,DHR,Danaher Corp.,0.021
AC,2018Q3,2018   Q3,$8.57 B,16,AMTD,AMTD IDEA Group,0.0183
AC,2018Q3,2018   Q3,$8.57 B,17,FOCS-OLD,Focus Financial Partners,0.0152
AC,2018Q3,2018   Q3,$8.57 B,18,BRK.B,Berkshire Hathaway CL B,0.0072
AC,2018Q3,2018   Q3,$8.57 B,19,PRMW-OLD,Primo Water Corp.,0.006
AC,2018Q3,2018   Q3,$8.57 B,20,ALRM,Alarm.Com Holdings,0.004
AC,2018Q2,2018   Q2,$7.92 B,1,MA,Mastercard Inc.,0.1323
AC,2018Q2,2018   Q2,$7.92 B,2,AMT,American Tower Corp.,0.1288
AC,2018Q2,2018   Q2,$7.92 B,3,MCO,Moody's Corp.,0.12240000000000001
AC,2018Q2,2018   Q2,$7.92 B,4,V,Visa Inc.,0.0818
AC,2018Q2,2018   Q2,$7.92 B,5,MKL,Markel Group Inc.,0.0703
AC,2018Q2,2018   Q2,$7.92 B,6,ORLY,O'Reilly Automotive,0.0653
AC,2018Q2,2018   Q2,$7.92 B,7,ROP,Roper Technologies Inc.,0.054400000000000004
AC,2018Q2,2018   Q2,$7.92 B,8,DLTR,Dollar Tree Inc.,0.054000000000000006
AC,2018Q2,2018   Q2,$7.92 B,9,SBAC,SBA Communications Corp.,0.051399999999999994
AC,2018Q2,2018   Q2,$7.92 B,10,KMX,CarMax Inc.,0.0484
AC,2018Q2,2018   Q2,$7.92 B,11,VRSK,Verisk Analytics Inc.,0.0346
AC,2018Q2,2018   Q2,$7.92 B,12,ESGR-OLD,Enstar Group Ltd.,0.0345
AC,2018Q2,2018   Q2,$7.92 B,13,KKR,KKR & Co. L.P.,0.031400000000000004
AC,2018Q2,2018   Q2,$7.92 B,14,UI,Ubiquiti Inc.,0.0287
AC,2018Q2,2018   Q2,$7.92 B,15,DHR,Danaher Corp.,0.0206
AC,2018Q2,2018   Q2,$7.92 B,16,AMTD,AMTD IDEA Group,0.020499999999999997
AC,2018Q2,2018   Q2,$7.92 B,17,BRK.B,Berkshire Hathaway CL B,0.0068000000000000005
AC,2018Q2,2018   Q2,$7.92 B,18,PRMW-OLD,Primo Water Corp.,0.0063
AC,2018Q2,2018   Q2,$7.92 B,19,ALRM,Alarm.Com Holdings,0.0031
AC,2018Q2,2018   Q2,$7.92 B,20,DHIL-OLD,Diamond Hill Investment Group Inc.,0.0016
AC,2018Q1,2018   Q1,$7.62 B,1,AMT,American Tower Corp.,0.1346
AC,2018Q1,2018   Q1,$7.62 B,2,MA,Mastercard Inc.,0.12240000000000001
AC,2018Q1,2018   Q1,$7.62 B,3,MCO,Moody's Corp.,0.12029999999999999
AC,2018Q1,2018   Q1,$7.62 B,4,MKL,Markel Group Inc.,0.0788
AC,2018Q1,2018   Q1,$7.62 B,5,V,Visa Inc.,0.0767
AC,2018Q1,2018   Q1,$7.62 B,6,ORLY,O'Reilly Automotive,0.061500000000000006
AC,2018Q1,2018   Q1,$7.62 B,7,DLTR,Dollar Tree Inc.,0.0602
AC,2018Q1,2018   Q1,$7.62 B,8,ROP,Roper Technologies Inc.,0.057300000000000004
AC,2018Q1,2018   Q1,$7.62 B,9,SBAC,SBA Communications Corp.,0.0553
AC,2018Q1,2018   Q1,$7.62 B,10,KMX,CarMax Inc.,0.042
AC,2018Q1,2018   Q1,$7.62 B,11,ESGR-OLD,Enstar Group Ltd.,0.0388
AC,2018Q1,2018   Q1,$7.62 B,12,VRSK,Verisk Analytics Inc.,0.0351
AC,2018Q1,2018   Q1,$7.62 B,13,UI,Ubiquiti Inc.,0.0242
AC,2018Q1,2018   Q1,$7.62 B,14,AMTD,AMTD IDEA Group,0.0232
AC,2018Q1,2018   Q1,$7.62 B,15,DHR,Danaher Corp.,0.0213
AC,2018Q1,2018   Q1,$7.62 B,16,LKQ,LKQ Corp.,0.015700000000000002
AC,2018Q1,2018   Q1,$7.62 B,17,KKR,KKR & Co. L.P.,0.0128
AC,2018Q1,2018   Q1,$7.62 B,18,BRK.B,Berkshire Hathaway CL B,0.0075
AC,2018Q1,2018   Q1,$7.62 B,19,DHIL-OLD,Diamond Hill Investment Group Inc.,0.0039000000000000003
AC,2018Q1,2018   Q1,$7.62 B,20,PRMW-OLD,Primo Water Corp.,0.0029
AC,2017Q4,2017   Q4,$7.19 B,1,AMT,American Tower Corp.,0.1348
AC,2017Q4,2017   Q4,$7.19 B,2,MCO,Moody's Corp.,0.1168
AC,2017Q4,2017   Q4,$7.19 B,3,MA,Mastercard Inc.,0.11220000000000001
AC,2017Q4,2017   Q4,$7.19 B,4,MKL,Markel Group Inc.,0.0815
AC,2017Q4,2017   Q4,$7.19 B,5,V,Visa Inc.,0.0776
AC,2017Q4,2017   Q4,$7.19 B,6,DLTR,Dollar Tree Inc.,0.0723
AC,2017Q4,2017   Q4,$7.19 B,7,ORLY,O'Reilly Automotive,0.0634
AC,2017Q4,2017   Q4,$7.19 B,8,ROP,Roper Technologies Inc.,0.056100000000000004
AC,2017Q4,2017   Q4,$7.19 B,9,SBAC,SBA Communications Corp.,0.055999999999999994
AC,2017Q4,2017   Q4,$7.19 B,10,KMX,CarMax Inc.,0.046
AC,2017Q4,2017   Q4,$7.19 B,11,ESGR-OLD,Enstar Group Ltd.,0.0404
AC,2017Q4,2017   Q4,$7.19 B,12,VRSK,Verisk Analytics Inc.,0.0345
AC,2017Q4,2017   Q4,$7.19 B,13,UI,Ubiquiti Inc.,0.0265
AC,2017Q4,2017   Q4,$7.19 B,14,DHR,Danaher Corp.,0.021400000000000002
AC,2017Q4,2017   Q4,$7.19 B,15,AMTD,AMTD IDEA Group,0.021099999999999997
AC,2017Q4,2017   Q4,$7.19 B,16,LKQ,LKQ Corp.,0.0178
AC,2017Q4,2017   Q4,$7.19 B,17,BRK.B,Berkshire Hathaway CL B,0.0079
AC,2017Q4,2017   Q4,$7.19 B,18,DHIL-OLD,Diamond Hill Investment Group Inc.,0.0042
AC,2017Q4,2017   Q4,$7.19 B,19,PRMW-OLD,Primo Water Corp.,0.0033
AC,2017Q4,2017   Q4,$7.19 B,20,ALRM,Alarm.Com Holdings,0.0025
AC,2017Q3,2017   Q3,$6.81 B,1,AMT,American Tower Corp.,0.1364
AC,2017Q3,2017   Q3,$6.81 B,2,MCO,Moody's Corp.,0.11630000000000001
AC,2017Q3,2017   Q3,$6.81 B,3,MA,Mastercard Inc.,0.1105
AC,2017Q3,2017   Q3,$6.81 B,4,MKL,Markel Group Inc.,0.0806
AC,2017Q3,2017   Q3,$6.81 B,5,V,Visa Inc.,0.0756
AC,2017Q3,2017   Q3,$6.81 B,6,DLTR,Dollar Tree Inc.,0.0617
AC,2017Q3,2017   Q3,$6.81 B,7,ORLY,O'Reilly Automotive,0.0599
AC,2017Q3,2017   Q3,$6.81 B,8,KMX,CarMax Inc.,0.0574
AC,2017Q3,2017   Q3,$6.81 B,9,ROP,Roper Technologies Inc.,0.0556
AC,2017Q3,2017   Q3,$6.81 B,10,SBAC,SBA Communications Corp.,0.052199999999999996
AC,2017Q3,2017   Q3,$6.81 B,11,ESGR-OLD,Enstar Group Ltd.,0.0472
AC,2017Q3,2017   Q3,$6.81 B,12,VRSK,Verisk Analytics Inc.,0.0316
AC,2017Q3,2017   Q3,$6.81 B,13,UI,Ubiquiti Inc.,0.022099999999999998
AC,2017Q3,2017   Q3,$6.81 B,14,AMTD,AMTD IDEA Group,0.0213
AC,2017Q3,2017   Q3,$6.81 B,15,DHR,Danaher Corp.,0.0209
AC,2017Q3,2017   Q3,$6.81 B,16,LKQ,LKQ Corp.,0.0167
AC,2017Q3,2017   Q3,$6.81 B,17,MNRO,Monro Inc.,0.0132
AC,2017Q3,2017   Q3,$6.81 B,18,BRK.B,Berkshire Hathaway CL B,0.0077
AC,2017Q3,2017   Q3,$6.81 B,19,DHIL-OLD,Diamond Hill Investment Group Inc.,0.0045000000000000005
AC,2017Q3,2017   Q3,$6.81 B,20,PRMW-OLD,Primo Water Corp.,0.003
AC,2017Q2,2017   Q2,$6.09 B,1,AMT,American Tower Corp.,0.14800000000000002
AC,2017Q2,2017   Q2,$6.09 B,2,MCO,Moody's Corp.,0.1139
AC,2017Q2,2017   Q2,$6.09 B,3,MA,Mastercard Inc.,0.1066
AC,2017Q2,2017   Q2,$6.09 B,4,MKL,Markel Group Inc.,0.0827
AC,2017Q2,2017   Q2,$6.09 B,5,V,Visa Inc.,0.0753
AC,2017Q2,2017   Q2,$6.09 B,6,ROP,Roper Technologies Inc.,0.0596
AC,2017Q2,2017   Q2,$6.09 B,7,DLTR,Dollar Tree Inc.,0.0556
AC,2017Q2,2017   Q2,$6.09 B,8,SBAC,SBA Communications Corp.,0.0546
AC,2017Q2,2017   Q2,$6.09 B,9,KMX,CarMax Inc.,0.0535
AC,2017Q2,2017   Q2,$6.09 B,10,ESGR-OLD,Enstar Group Ltd.,0.0475
AC,2017Q2,2017   Q2,$6.09 B,11,ORLY,O'Reilly Automotive,0.0429
AC,2017Q2,2017   Q2,$6.09 B,12,VRSK,Verisk Analytics Inc.,0.0361
AC,2017Q2,2017   Q2,$6.09 B,13,DHR,Danaher Corp.,0.0229
AC,2017Q2,2017   Q2,$6.09 B,14,UI,Ubiquiti Inc.,0.0229
AC,2017Q2,2017   Q2,$6.09 B,15,AMTD,AMTD IDEA Group,0.021
AC,2017Q2,2017   Q2,$6.09 B,16,LKQ,LKQ Corp.,0.0192
AC,2017Q2,2017   Q2,$6.09 B,17,MNRO,Monro Inc.,0.0111
AC,2017Q2,2017   Q2,$6.09 B,18,BRK.B,Berkshire Hathaway CL B,0.0109
AC,2017Q2,2017   Q2,$6.09 B,19,DHIL-OLD,Diamond Hill Investment Group Inc.,0.0048
AC,2017Q2,2017   Q2,$6.09 B,20,PRMW-OLD,Primo Water Corp.,0.0034999999999999996
AC,2017Q1,2017   Q1,$6.02 B,1,AMT,American Tower Corp.,0.1354
AC,2017Q1,2017   Q1,$6.02 B,2,MCO,Moody's Corp.,0.1058
AC,2017Q1,2017   Q1,$6.02 B,3,MA,Mastercard Inc.,0.09970000000000001
AC,2017Q1,2017   Q1,$6.02 B,4,MKL,Markel Group Inc.,0.0834
AC,2017Q1,2017   Q1,$6.02 B,5,V,Visa Inc.,0.0722
AC,2017Q1,2017   Q1,$6.02 B,6,DLTR,Dollar Tree Inc.,0.0547
AC,2017Q1,2017   Q1,$6.02 B,7,ROP,Roper Technologies Inc.,0.0536
AC,2017Q1,2017   Q1,$6.02 B,8,KMX,CarMax Inc.,0.0508
AC,2017Q1,2017   Q1,$6.02 B,9,SBAC,SBA Communications Corp.,0.0493
AC,2017Q1,2017   Q1,$6.02 B,10,ESGR-OLD,Enstar Group Ltd.,0.046
AC,2017Q1,2017   Q1,$6.02 B,11,ORLY,O'Reilly Automotive,0.037000000000000005
AC,2017Q1,2017   Q1,$6.02 B,12,VRSK,Verisk Analytics Inc.,0.0349
AC,2017Q1,2017   Q1,$6.02 B,13,ENOV,Enovis Corp.,0.030699999999999998
AC,2017Q1,2017   Q1,$6.02 B,14,DHR,Danaher Corp.,0.0235
AC,2017Q1,2017   Q1,$6.02 B,15,UI,Ubiquiti Inc.,0.022400000000000003
AC,2017Q1,2017   Q1,$6.02 B,16,AMTD,AMTD IDEA Group,0.0192
AC,2017Q1,2017   Q1,$6.02 B,17,DG,Dollar General,0.0174
AC,2017Q1,2017   Q1,$6.02 B,18,LKQ,LKQ Corp.,0.0173
AC,2017Q1,2017   Q1,$6.02 B,19,MNRO,Monro Inc.,0.0138
AC,2017Q1,2017   Q1,$6.02 B,20,BRK.B,Berkshire Hathaway CL B,0.0106
AC,2016Q4,2016   Q4,$5.39 B,1,AMT,American Tower Corp.,0.13140000000000002
AC,2016Q4,2016   Q4,$5.39 B,2,MA,Mastercard Inc.,0.0901
AC,2016Q4,2016   Q4,$5.39 B,3,MKL,Markel Group Inc.,0.0862
AC,2016Q4,2016   Q4,$5.39 B,4,MCO,Moody's Corp.,0.0815
AC,2016Q4,2016   Q4,$5.39 B,5,KMX,CarMax Inc.,0.0616
AC,2016Q4,2016   Q4,$5.39 B,6,DLTR,Dollar Tree Inc.,0.0599
AC,2016Q4,2016   Q4,$5.39 B,7,ESGR-OLD,Enstar Group Ltd.,0.053099999999999994
AC,2016Q4,2016   Q4,$5.39 B,8,ROP,Roper Technologies Inc.,0.053
AC,2016Q4,2016   Q4,$5.39 B,9,V,Visa Inc.,0.0524
AC,2016Q4,2016   Q4,$5.39 B,10,SBAC,SBA Communications Corp.,0.0472
AC,2016Q4,2016   Q4,$5.39 B,11,ORLY,O'Reilly Automotive,0.0426
AC,2016Q4,2016   Q4,$5.39 B,12,VRSK,Verisk Analytics Inc.,0.038900000000000004
AC,2016Q4,2016   Q4,$5.39 B,13,ENOV,Enovis Corp.,0.0313
AC,2016Q4,2016   Q4,$5.39 B,14,UI,Ubiquiti Inc.,0.0287
AC,2016Q4,2016   Q4,$5.39 B,15,AMTD,AMTD IDEA Group,0.024
AC,2016Q4,2016   Q4,$5.39 B,16,DHR,Danaher Corp.,0.0239
AC,2016Q4,2016   Q4,$5.39 B,17,DG,Dollar General,0.0206
AC,2016Q4,2016   Q4,$5.39 B,18,LKQ,LKQ Corp.,0.0202
AC,2016Q4,2016   Q4,$5.39 B,19,MNRO,Monro Inc.,0.016200000000000003
AC,2016Q4,2016   Q4,$5.39 B,20,BRK.B,Berkshire Hathaway CL B,0.0116
AC,2016Q3,2016   Q3,$5.14 B,1,AMT,American Tower Corp.,0.139
AC,2016Q3,2016   Q3,$5.14 B,2,MA,Mastercard Inc.,0.0932
AC,2016Q3,2016   Q3,$5.14 B,3,MKL,Markel Group Inc.,0.0931
AC,2016Q3,2016   Q3,$5.14 B,4,MCO,Moody's Corp.,0.0851
AC,2016Q3,2016   Q3,$5.14 B,5,DLTR,Dollar Tree Inc.,0.0643
AC,2016Q3,2016   Q3,$5.14 B,6,V,Visa Inc.,0.0582
AC,2016Q3,2016   Q3,$5.14 B,7,ROP,Roper Technologies Inc.,0.0554
AC,2016Q3,2016   Q3,$5.14 B,8,KMX,CarMax Inc.,0.051500000000000004
AC,2016Q3,2016   Q3,$5.14 B,9,ESGR-OLD,Enstar Group Ltd.,0.0464
AC,2016Q3,2016   Q3,$5.14 B,10,ORLY,O'Reilly Automotive,0.0451
AC,2016Q3,2016   Q3,$5.14 B,11,VRSK,Verisk Analytics Inc.,0.0409
AC,2016Q3,2016   Q3,$5.14 B,12,SBAC,SBA Communications Corp.,0.0407
AC,2016Q3,2016   Q3,$5.14 B,13,ENOV,Enovis Corp.,0.0373
AC,2016Q3,2016   Q3,$5.14 B,14,UI,Ubiquiti Inc.,0.0279
AC,2016Q3,2016   Q3,$5.14 B,15,LKQ,LKQ Corp.,0.0245
AC,2016Q3,2016   Q3,$5.14 B,16,DHR,Danaher Corp.,0.0229
AC,2016Q3,2016   Q3,$5.14 B,17,AMTD,AMTD IDEA Group,0.0203
AC,2016Q3,2016   Q3,$5.14 B,18,MNRO,Monro Inc.,0.0179
AC,2016Q3,2016   Q3,$5.14 B,19,BRK.B,Berkshire Hathaway CL B,0.0108
AC,2016Q3,2016   Q3,$5.14 B,20,FTV,Fortive Corp.,0.0074
AC,2016Q2,2016   Q2,$5.17 B,1,AMT,American Tower Corp.,0.141
AC,2016Q2,2016   Q2,$5.17 B,2,MKL,Markel Group Inc.,0.09449999999999999
AC,2016Q2,2016   Q2,$5.17 B,3,MA,Mastercard Inc.,0.0867
AC,2016Q2,2016   Q2,$5.17 B,4,MCO,Moody's Corp.,0.0828
AC,2016Q2,2016   Q2,$5.17 B,5,DLTR,Dollar Tree Inc.,0.0779
AC,2016Q2,2016   Q2,$5.17 B,6,KMX,CarMax Inc.,0.0558
AC,2016Q2,2016   Q2,$5.17 B,7,V,Visa Inc.,0.0545
AC,2016Q2,2016   Q2,$5.17 B,8,ROP,Roper Technologies Inc.,0.051399999999999994
AC,2016Q2,2016   Q2,$5.17 B,9,ESGR-OLD,Enstar Group Ltd.,0.0467
AC,2016Q2,2016   Q2,$5.17 B,10,ORLY,O'Reilly Automotive,0.04650000000000001
AC,2016Q2,2016   Q2,$5.17 B,11,VRSK,Verisk Analytics Inc.,0.0426
AC,2016Q2,2016   Q2,$5.17 B,12,SBAC,SBA Communications Corp.,0.0415
AC,2016Q2,2016   Q2,$5.17 B,13,ENOV,Enovis Corp.,0.0346
AC,2016Q2,2016   Q2,$5.17 B,14,DHR,Danaher Corp.,0.0236
AC,2016Q2,2016   Q2,$5.17 B,15,LKQ,LKQ Corp.,0.0236
AC,2016Q2,2016   Q2,$5.17 B,16,UI,Ubiquiti Inc.,0.0232
AC,2016Q2,2016   Q2,$5.17 B,17,MNRO,Monro Inc.,0.0183
AC,2016Q2,2016   Q2,$5.17 B,18,AMTD,AMTD IDEA Group,0.0174
AC,2016Q2,2016   Q2,$5.17 B,19,BRK.B,Berkshire Hathaway CL B,0.0108
AC,2016Q2,2016   Q2,$5.17 B,20,FTV,Fortive Corp.,0.006999999999999999
AC,2016Q1,2016   Q1,$4.68 B,1,AMT,American Tower Corp.,0.138
AC,2016Q1,2016   Q1,$4.68 B,2,MKL,Markel Group Inc.,0.09820000000000001
AC,2016Q1,2016   Q1,$4.68 B,3,MA,Mastercard Inc.,0.0951
AC,2016Q1,2016   Q1,$4.68 B,4,MCO,Moody's Corp.,0.0828
AC,2016Q1,2016   Q1,$4.68 B,5,DLTR,Dollar Tree Inc.,0.0738
AC,2016Q1,2016   Q1,$4.68 B,6,ROP,Roper Technologies Inc.,0.0512
AC,2016Q1,2016   Q1,$4.68 B,7,ESGR-OLD,Enstar Group Ltd.,0.0504
AC,2016Q1,2016   Q1,$4.68 B,8,ORLY,O'Reilly Automotive,0.0484
AC,2016Q1,2016   Q1,$4.68 B,9,KMX,CarMax Inc.,0.0471
AC,2016Q1,2016   Q1,$4.68 B,10,ENOV,Enovis Corp.,0.04650000000000001
AC,2016Q1,2016   Q1,$4.68 B,11,VRSK,Verisk Analytics Inc.,0.0441
AC,2016Q1,2016   Q1,$4.68 B,12,SBAC,SBA Communications Corp.,0.039900000000000005
AC,2016Q1,2016   Q1,$4.68 B,13,V,Visa Inc.,0.0374
AC,2016Q1,2016   Q1,$4.68 B,14,DHR,Danaher Corp.,0.0304
AC,2016Q1,2016   Q1,$4.68 B,15,LKQ,LKQ Corp.,0.0232
AC,2016Q1,2016   Q1,$4.68 B,16,MNRO,Monro Inc.,0.023
AC,2016Q1,2016   Q1,$4.68 B,17,AMTD,AMTD IDEA Group,0.02
AC,2016Q1,2016   Q1,$4.68 B,18,UI,Ubiquiti Inc.,0.019
AC,2016Q1,2016   Q1,$4.68 B,19,BRK.B,Berkshire Hathaway CL B,0.011699999999999999
AC,2016Q1,2016   Q1,$4.68 B,20,DHIL-OLD,Diamond Hill Investment Group Inc.,0.0055000000000000005
AC,2015Q4,2015   Q4,$4.44 B,1,AMT,American Tower Corp.,0.1378
AC,2015Q4,2015   Q4,$4.44 B,2,MA,Mastercard Inc.,0.1033
AC,2015Q4,2015   Q4,$4.44 B,3,MKL,Markel Group Inc.,0.1026
AC,2015Q4,2015   Q4,$4.44 B,4,MCO,Moody's Corp.,0.0827
AC,2015Q4,2015   Q4,$4.44 B,5,DLTR,Dollar Tree Inc.,0.0728
AC,2015Q4,2015   Q4,$4.44 B,6,ROP,Roper Technologies Inc.,0.057699999999999994
AC,2015Q4,2015   Q4,$4.44 B,7,ORLY,O'Reilly Automotive,0.0473
AC,2015Q4,2015   Q4,$4.44 B,8,VRSK,Verisk Analytics Inc.,0.0447
AC,2015Q4,2015   Q4,$4.44 B,9,SBAC,SBA Communications Corp.,0.0426
AC,2015Q4,2015   Q4,$4.44 B,10,KMX,CarMax Inc.,0.0415
AC,2015Q4,2015   Q4,$4.44 B,11,V,Visa Inc.,0.039900000000000005
AC,2015Q4,2015   Q4,$4.44 B,12,ESGR-OLD,Enstar Group Ltd.,0.0398
AC,2015Q4,2015   Q4,$4.44 B,13,ENOV,Enovis Corp.,0.038599999999999995
AC,2015Q4,2015   Q4,$4.44 B,14,DHR,Danaher Corp.,0.031400000000000004
AC,2015Q4,2015   Q4,$4.44 B,15,AMTD,AMTD IDEA Group,0.0232
AC,2015Q4,2015   Q4,$4.44 B,16,MNRO,Monro Inc.,0.0225
AC,2015Q4,2015   Q4,$4.44 B,17,LKQ,LKQ Corp.,0.0212
AC,2015Q4,2015   Q4,$4.44 B,18,UI,Ubiquiti Inc.,0.0191
AC,2015Q4,2015   Q4,$4.44 B,19,BRK.B,Berkshire Hathaway CL B,0.0115
AC,2015Q4,2015   Q4,$4.44 B,20,DHIL-OLD,Diamond Hill Investment Group Inc.,0.0062
AC,2015Q3,2015   Q3,$4.25 B,1,AMT,American Tower Corp.,0.1305
AC,2015Q3,2015   Q3,$4.25 B,2,MA,Mastercard Inc.,0.0998
AC,2015Q3,2015   Q3,$4.25 B,3,MKL,Markel Group Inc.,0.09720000000000001
AC,2015Q3,2015   Q3,$4.25 B,4,MCO,Moody's Corp.,0.0833
AC,2015Q3,2015   Q3,$4.25 B,5,DLTR,Dollar Tree Inc.,0.06509999999999999
AC,2015Q3,2015   Q3,$4.25 B,6,ROP,Roper Technologies Inc.,0.049699999999999994
AC,2015Q3,2015   Q3,$4.25 B,7,ENOV,Enovis Corp.,0.0495
AC,2015Q3,2015   Q3,$4.25 B,8,ORLY,O'Reilly Automotive,0.0487
AC,2015Q3,2015   Q3,$4.25 B,9,KMX,CarMax Inc.,0.0387
AC,2015Q3,2015   Q3,$4.25 B,10,V,Visa Inc.,0.0374
AC,2015Q3,2015   Q3,$4.25 B,11,VRSK,Verisk Analytics Inc.,0.037200000000000004
AC,2015Q3,2015   Q3,$4.25 B,12,ESGR-OLD,Enstar Group Ltd.,0.037000000000000005
AC,2015Q3,2015   Q3,$4.25 B,13,LYV,Live Nation Inc.,0.0354
AC,2015Q3,2015   Q3,$4.25 B,14,SBAC,SBA Communications Corp.,0.0333
AC,2015Q3,2015   Q3,$4.25 B,15,DHR,Danaher Corp.,0.0301
AC,2015Q3,2015   Q3,$4.25 B,16,AMTD,AMTD IDEA Group,0.0242
AC,2015Q3,2015   Q3,$4.25 B,17,MNRO,Monro Inc.,0.024
AC,2015Q3,2015   Q3,$4.25 B,18,UI,Ubiquiti Inc.,0.021400000000000002
AC,2015Q3,2015   Q3,$4.25 B,19,LKQ,LKQ Corp.,0.0172
AC,2015Q3,2015   Q3,$4.25 B,20,BRK.B,Berkshire Hathaway CL B,0.0126
AC,2015Q2,2015   Q2,$4.09 B,1,AMT,American Tower Corp.,0.12029999999999999
AC,2015Q2,2015   Q2,$4.09 B,2,MKL,Markel Group Inc.,0.1012
AC,2015Q2,2015   Q2,$4.09 B,3,MA,Mastercard Inc.,0.099
AC,2015Q2,2015   Q2,$4.09 B,4,MCO,Moody's Corp.,0.0941
AC,2015Q2,2015   Q2,$4.09 B,5,DLTR,Dollar Tree Inc.,0.06860000000000001
AC,2015Q2,2015   Q2,$4.09 B,6,ENOV,Enovis Corp.,0.06570000000000001
AC,2015Q2,2015   Q2,$4.09 B,7,ROP,Roper Technologies Inc.,0.0538
AC,2015Q2,2015   Q2,$4.09 B,8,ORLY,O'Reilly Automotive,0.045899999999999996
AC,2015Q2,2015   Q2,$4.09 B,9,LYV,Live Nation Inc.,0.0421
AC,2015Q2,2015   Q2,$4.09 B,10,V,Visa Inc.,0.0375
AC,2015Q2,2015   Q2,$4.09 B,11,VRSK,Verisk Analytics Inc.,0.0354
AC,2015Q2,2015   Q2,$4.09 B,12,SBAC,SBA Communications Corp.,0.0337
AC,2015Q2,2015   Q2,$4.09 B,13,DHR,Danaher Corp.,0.031400000000000004
AC,2015Q2,2015   Q2,$4.09 B,14,AMTD,AMTD IDEA Group,0.028399999999999998
AC,2015Q2,2015   Q2,$4.09 B,15,KMX,CarMax Inc.,0.0275
AC,2015Q2,2015   Q2,$4.09 B,16,MNRO,Monro Inc.,0.0229
AC,2015Q2,2015   Q2,$4.09 B,17,ESGR-OLD,Enstar Group Ltd.,0.0216
AC,2015Q2,2015   Q2,$4.09 B,18,UI,Ubiquiti Inc.,0.0209
AC,2015Q2,2015   Q2,$4.09 B,19,LPLA,LPL Financial Holdings Inc.,0.015
AC,2015Q2,2015   Q2,$4.09 B,20,BRK.B,Berkshire Hathaway CL B,0.0105
AC,2015Q1,2015   Q1,$3.9 B,1,MA,Mastercard Inc.,0.0999
AC,2015Q1,2015   Q1,$3.9 B,2,AMT,American Tower Corp.,0.09820000000000001
AC,2015Q1,2015   Q1,$3.9 B,3,MCO,Moody's Corp.,0.098
AC,2015Q1,2015   Q1,$3.9 B,4,MKL,Markel Group Inc.,0.09789999999999999
AC,2015Q1,2015   Q1,$3.9 B,5,ENOV,Enovis Corp.,0.0739
AC,2015Q1,2015   Q1,$3.9 B,6,DLTR,Dollar Tree Inc.,0.0694
AC,2015Q1,2015   Q1,$3.9 B,7,ROP,Roper Technologies Inc.,0.0526
AC,2015Q1,2015   Q1,$3.9 B,8,ORLY,O'Reilly Automotive,0.0458
AC,2015Q1,2015   Q1,$3.9 B,9,LYV,Live Nation Inc.,0.04019999999999999
AC,2015Q1,2015   Q1,$3.9 B,10,V,Visa Inc.,0.0387
AC,2015Q1,2015   Q1,$3.9 B,11,DISCA-OLD,Discovery Inc. OLD,0.0358
AC,2015Q1,2015   Q1,$3.9 B,12,SBAC,SBA Communications Corp.,0.0356
AC,2015Q1,2015   Q1,$3.9 B,13,DHR,Danaher Corp.,0.0315
AC,2015Q1,2015   Q1,$3.9 B,14,KMX,CarMax Inc.,0.0297
AC,2015Q1,2015   Q1,$3.9 B,15,AMTD,AMTD IDEA Group,0.0294
AC,2015Q1,2015   Q1,$3.9 B,16,MNRO,Monro Inc.,0.0231
AC,2015Q1,2015   Q1,$3.9 B,17,ESGR-OLD,Enstar Group Ltd.,0.020099999999999996
AC,2015Q1,2015   Q1,$3.9 B,18,VRSK,Verisk Analytics Inc.,0.0191
AC,2015Q1,2015   Q1,$3.9 B,19,UI,Ubiquiti Inc.,0.0189
AC,2015Q1,2015   Q1,$3.9 B,20,LPLA,LPL Financial Holdings Inc.,0.0152
AC,2014Q4,2014   Q4,$3.78 B,1,AMT,American Tower Corp.,0.1051
AC,2014Q4,2014   Q4,$3.78 B,2,MA,Mastercard Inc.,0.0973
AC,2014Q4,2014   Q4,$3.78 B,3,MKL,Markel Group Inc.,0.09210000000000002
AC,2014Q4,2014   Q4,$3.78 B,4,MCO,Moody's Corp.,0.0892
AC,2014Q4,2014   Q4,$3.78 B,5,ENOV,Enovis Corp.,0.07919999999999999
AC,2014Q4,2014   Q4,$3.78 B,6,DLTR,Dollar Tree Inc.,0.0652
AC,2014Q4,2014   Q4,$3.78 B,7,DISCA-OLD,Discovery Inc. OLD,0.0513
AC,2014Q4,2014   Q4,$3.78 B,8,ROP,Roper Technologies Inc.,0.047400000000000005
AC,2014Q4,2014   Q4,$3.78 B,9,LYV,Live Nation Inc.,0.043899999999999995
AC,2014Q4,2014   Q4,$3.78 B,10,ORLY,O'Reilly Automotive,0.0416
AC,2014Q4,2014   Q4,$3.78 B,11,V,Visa Inc.,0.039599999999999996
AC,2014Q4,2014   Q4,$3.78 B,12,SBAC,SBA Communications Corp.,0.0352
AC,2014Q4,2014   Q4,$3.78 B,13,DHR,Danaher Corp.,0.034
AC,2014Q4,2014   Q4,$3.78 B,14,KMX,CarMax Inc.,0.029900000000000003
AC,2014Q4,2014   Q4,$3.78 B,15,AMTD,AMTD IDEA Group,0.029900000000000003
AC,2014Q4,2014   Q4,$3.78 B,16,MNRO,Monro Inc.,0.023
AC,2014Q4,2014   Q4,$3.78 B,17,ESGR-OLD,Enstar Group Ltd.,0.0207
AC,2014Q4,2014   Q4,$3.78 B,18,LPLA,LPL Financial Holdings Inc.,0.0202
AC,2014Q4,2014   Q4,$3.78 B,19,UI,Ubiquiti Inc.,0.014499999999999999
AC,2014Q4,2014   Q4,$3.78 B,20,VRSK,Verisk Analytics Inc.,0.013600000000000001
AC,2014Q3,2014   Q3,$3.51 B,1,AMT,American Tower Corp.,0.1073
AC,2014Q3,2014   Q3,$3.51 B,2,MCO,Moody's Corp.,0.09380000000000001
AC,2014Q3,2014   Q3,$3.51 B,3,MKL,Markel Group Inc.,0.09230000000000001
AC,2014Q3,2014   Q3,$3.51 B,4,MA,Mastercard Inc.,0.0901
AC,2014Q3,2014   Q3,$3.51 B,5,ENOV,Enovis Corp.,0.0839
AC,2014Q3,2014   Q3,$3.51 B,6,DISCA-OLD,Discovery Inc. OLD,0.060899999999999996
AC,2014Q3,2014   Q3,$3.51 B,7,DLTR,Dollar Tree Inc.,0.0557
AC,2014Q3,2014   Q3,$3.51 B,8,ROP,Roper Technologies Inc.,0.0454
AC,2014Q3,2014   Q3,$3.51 B,9,LYV,Live Nation Inc.,0.0435
AC,2014Q3,2014   Q3,$3.51 B,10,DHR,Danaher Corp.,0.0412
AC,2014Q3,2014   Q3,$3.51 B,11,SBAC,SBA Communications Corp.,0.0379
AC,2014Q3,2014   Q3,$3.51 B,12,ORLY,O'Reilly Automotive,0.0351
AC,2014Q3,2014   Q3,$3.51 B,13,V,Visa Inc.,0.0347
AC,2014Q3,2014   Q3,$3.51 B,14,AMTD,AMTD IDEA Group,0.0301
AC,2014Q3,2014   Q3,$3.51 B,15,LPLA,LPL Financial Holdings Inc.,0.0225
AC,2014Q3,2014   Q3,$3.51 B,16,ESGR-OLD,Enstar Group Ltd.,0.019299999999999998
AC,2014Q3,2014   Q3,$3.51 B,17,AAPL,Apple Inc.,0.0183
AC,2014Q3,2014   Q3,$3.51 B,18,MNRO,Monro Inc.,0.0174
AC,2014Q3,2014   Q3,$3.51 B,19,KMX,CarMax Inc.,0.0158
AC,2014Q3,2014   Q3,$3.51 B,20,VRSK,Verisk Analytics Inc.,0.0139
AC,2014Q2,2014   Q2,$3.42 B,1,ENOV,Enovis Corp.,0.11230000000000001
AC,2014Q2,2014   Q2,$3.42 B,2,AMT,American Tower Corp.,0.1057
AC,2014Q2,2014   Q2,$3.42 B,3,MKL,Markel Group Inc.,0.0944
AC,2014Q2,2014   Q2,$3.42 B,4,MA,Mastercard Inc.,0.09179999999999999
AC,2014Q2,2014   Q2,$3.42 B,5,MCO,Moody's Corp.,0.0891
AC,2014Q2,2014   Q2,$3.42 B,6,DISCA-OLD,Discovery Inc. OLD,0.0608
AC,2014Q2,2014   Q2,$3.42 B,7,DLTR,Dollar Tree Inc.,0.0554
AC,2014Q2,2014   Q2,$3.42 B,8,LYV,Live Nation Inc.,0.0458
AC,2014Q2,2014   Q2,$3.42 B,9,ORLY,O'Reilly Automotive,0.0361
AC,2014Q2,2014   Q2,$3.42 B,10,SBAC,SBA Communications Corp.,0.0358
AC,2014Q2,2014   Q2,$3.42 B,11,V,Visa Inc.,0.0351
AC,2014Q2,2014   Q2,$3.42 B,12,DHR,Danaher Corp.,0.0345
AC,2014Q2,2014   Q2,$3.42 B,13,ROP,Roper Technologies Inc.,0.0291
AC,2014Q2,2014   Q2,$3.42 B,14,AMTD,AMTD IDEA Group,0.028900000000000002
AC,2014Q2,2014   Q2,$3.42 B,15,LPLA,LPL Financial Holdings Inc.,0.024900000000000002
AC,2014Q2,2014   Q2,$3.42 B,16,ESGR-OLD,Enstar Group Ltd.,0.022000000000000002
AC,2014Q2,2014   Q2,$3.42 B,17,AAPL,Apple Inc.,0.0173
AC,2014Q2,2014   Q2,$3.42 B,18,MWE,MarkWest Energy Partners,0.0148
AC,2014Q2,2014   Q2,$3.42 B,19,VRSK,Verisk Analytics Inc.,0.013999999999999999
AC,2014Q2,2014   Q2,$3.42 B,20,BRK.B,Berkshire Hathaway CL B,0.0115
AC,2014Q1,2014   Q1,$3.12 B,1,ENOV,Enovis Corp.,0.11800000000000001
AC,2014Q1,2014   Q1,$3.12 B,2,AMT,American Tower Corp.,0.1057
AC,2014Q1,2014   Q1,$3.12 B,3,MA,Mastercard Inc.,0.0949
AC,2014Q1,2014   Q1,$3.12 B,4,MCO,Moody's Corp.,0.0885
AC,2014Q1,2014   Q1,$3.12 B,5,MKL,Markel Group Inc.,0.0728
AC,2014Q1,2014   Q1,$3.12 B,6,DLTR,Dollar Tree Inc.,0.0499
AC,2014Q1,2014   Q1,$3.12 B,7,LYV,Live Nation Inc.,0.0443
AC,2014Q1,2014   Q1,$3.12 B,8,DISCA-OLD,Discovery Inc. OLD,0.0441
AC,2014Q1,2014   Q1,$3.12 B,9,V,Visa Inc.,0.0395
AC,2014Q1,2014   Q1,$3.12 B,10,ORLY,O'Reilly Automotive,0.0391
AC,2014Q1,2014   Q1,$3.12 B,11,ROST,Ross Stores Inc.,0.0374
AC,2014Q1,2014   Q1,$3.12 B,12,AMTD,AMTD IDEA Group,0.0344
AC,2014Q1,2014   Q1,$3.12 B,13,LPLA,LPL Financial Holdings Inc.,0.028900000000000002
AC,2014Q1,2014   Q1,$3.12 B,14,SBAC,SBA Communications Corp.,0.0285
AC,2014Q1,2014   Q1,$3.12 B,15,ESGR-OLD,Enstar Group Ltd.,0.0218
AC,2014Q1,2014   Q1,$3.12 B,16,JEF,Jefferies Financial Group Inc.,0.0179
AC,2014Q1,2014   Q1,$3.12 B,17,AAPL,Apple Inc.,0.015700000000000002
AC,2014Q1,2014   Q1,$3.12 B,18,VRSK,Verisk Analytics Inc.,0.0154
AC,2014Q1,2014   Q1,$3.12 B,19,MWE,MarkWest Energy Partners,0.0148
AC,2014Q1,2014   Q1,$3.12 B,20,EQIX,Equinix Inc.,0.0126
AC,2013Q4,2013   Q4,$2.7 B,1,MA,Mastercard Inc.,0.1229
AC,2013Q4,2013   Q4,$2.7 B,2,MCO,Moody's Corp.,0.1013
AC,2013Q4,2013   Q4,$2.7 B,3,ENOV,Enovis Corp.,0.0998
AC,2013Q4,2013   Q4,$2.7 B,4,AMT,American Tower Corp.,0.09849999999999999
AC,2013Q4,2013   Q4,$2.7 B,5,MKL,Markel Group Inc.,0.08199999999999999
AC,2013Q4,2013   Q4,$2.7 B,6,DLTR,Dollar Tree Inc.,0.061200000000000004
AC,2013Q4,2013   Q4,$2.7 B,7,ROST,Ross Stores Inc.,0.0504
AC,2013Q4,2013   Q4,$2.7 B,8,V,Visa Inc.,0.0415
AC,2013Q4,2013   Q4,$2.7 B,9,ORLY,O'Reilly Automotive,0.0392
AC,2013Q4,2013   Q4,$2.7 B,10,AMTD,AMTD IDEA Group,0.0359
AC,2013Q4,2013   Q4,$2.7 B,11,LYV,Live Nation Inc.,0.0334
AC,2013Q4,2013   Q4,$2.7 B,12,LPLA,LPL Financial Holdings Inc.,0.029900000000000003
AC,2013Q4,2013   Q4,$2.7 B,13,ESGR-OLD,Enstar Group Ltd.,0.025699999999999997
AC,2013Q4,2013   Q4,$2.7 B,14,JEF,Jefferies Financial Group Inc.,0.021
AC,2013Q4,2013   Q4,$2.7 B,15,VRSK,Verisk Analytics Inc.,0.0195
AC,2013Q4,2013   Q4,$2.7 B,16,AAPL,Apple Inc.,0.0189
AC,2013Q4,2013   Q4,$2.7 B,17,MWE,MarkWest Energy Partners,0.0173
AC,2013Q4,2013   Q4,$2.7 B,18,EQIX,Equinix Inc.,0.0146
AC,2013Q4,2013   Q4,$2.7 B,19,BRK.B,Berkshire Hathaway CL B,0.013300000000000001
AC,2013Q4,2013   Q4,$2.7 B,20,DTV,DIRECTV Group Inc.,0.0128
AC,2013Q3,2013   Q3,$2.34 B,1,MA,Mastercard Inc.,0.11410000000000001
AC,2013Q3,2013   Q3,$2.34 B,2,MCO,Moody's Corp.,0.1047
AC,2013Q3,2013   Q3,$2.34 B,3,ENOV,Enovis Corp.,0.09449999999999999
AC,2013Q3,2013   Q3,$2.34 B,4,AMT,American Tower Corp.,0.08960000000000001
AC,2013Q3,2013   Q3,$2.34 B,5,MKL,Markel Group Inc.,0.07719999999999999
AC,2013Q3,2013   Q3,$2.34 B,6,DLTR,Dollar Tree Inc.,0.0592
AC,2013Q3,2013   Q3,$2.34 B,7,ROST,Ross Stores Inc.,0.04769999999999999
AC,2013Q3,2013   Q3,$2.34 B,8,ORLY,O'Reilly Automotive,0.044800000000000006
AC,2013Q3,2013   Q3,$2.34 B,9,DTV,DIRECTV Group Inc.,0.0434
AC,2013Q3,2013   Q3,$2.34 B,10,V,Visa Inc.,0.040999999999999995
AC,2013Q3,2013   Q3,$2.34 B,11,AMTD,AMTD IDEA Group,0.0354
AC,2013Q3,2013   Q3,$2.34 B,12,ESGR-OLD,Enstar Group Ltd.,0.0291
AC,2013Q3,2013   Q3,$2.34 B,13,LPLA,LPL Financial Holdings Inc.,0.0278
AC,2013Q3,2013   Q3,$2.34 B,14,LYV,Live Nation Inc.,0.0258
AC,2013Q3,2013   Q3,$2.34 B,15,JEF,Jefferies Financial Group Inc.,0.0233
AC,2013Q3,2013   Q3,$2.34 B,16,VRSK,Verisk Analytics Inc.,0.0222
AC,2013Q3,2013   Q3,$2.34 B,17,AAPL,Apple Inc.,0.018500000000000003
AC,2013Q3,2013   Q3,$2.34 B,18,NS-OLD,NuStar Energy,0.0175
AC,2013Q3,2013   Q3,$2.34 B,19,BRK.B,Berkshire Hathaway CL B,0.0147
AC,2013Q3,2013   Q3,$2.34 B,20,DISCA-OLD,Discovery Inc. OLD,0.0134
AC,2013Q2,2013   Q2,$2.21 B,1,MA,Mastercard Inc.,0.10310000000000001
AC,2013Q2,2013   Q2,$2.21 B,2,MCO,Moody's Corp.,0.096
AC,2013Q2,2013   Q2,$2.21 B,3,ENOV,Enovis Corp.,0.09210000000000002
AC,2013Q2,2013   Q2,$2.21 B,4,DTV,DIRECTV Group Inc.,0.0911
AC,2013Q2,2013   Q2,$2.21 B,5,AMT,American Tower Corp.,0.0633
AC,2013Q2,2013   Q2,$2.21 B,6,MKL,Markel Group Inc.,0.0588
AC,2013Q2,2013   Q2,$2.21 B,7,DLTR,Dollar Tree Inc.,0.0558
AC,2013Q2,2013   Q2,$2.21 B,8,ROST,Ross Stores Inc.,0.0479
AC,2013Q2,2013   Q2,$2.21 B,9,ORLY,O'Reilly Automotive,0.0418
AC,2013Q2,2013   Q2,$2.21 B,10,V,Visa Inc.,0.0416
AC,2013Q2,2013   Q2,$2.21 B,11,AMTD,AMTD IDEA Group,0.0348
AC,2013Q2,2013   Q2,$2.21 B,12,ESGR-OLD,Enstar Group Ltd.,0.03
AC,2013Q2,2013   Q2,$2.21 B,13,LPLA,LPL Financial Holdings Inc.,0.0291
AC,2013Q2,2013   Q2,$2.21 B,14,HIG,Hartford Financial Svc.Gp.,0.028399999999999998
AC,2013Q2,2013   Q2,$2.21 B,15,JEF,Jefferies Financial Group Inc.,0.023799999999999998
AC,2013Q2,2013   Q2,$2.21 B,16,LYV,Live Nation Inc.,0.022799999999999997
AC,2013Q2,2013   Q2,$2.21 B,17,NS-OLD,NuStar Energy,0.0217
AC,2013Q2,2013   Q2,$2.21 B,18,VRSK,Verisk Analytics Inc.,0.0216
AC,2013Q2,2013   Q2,$2.21 B,19,AAPL,Apple Inc.,0.016399999999999998
AC,2013Q2,2013   Q2,$2.21 B,20,BRK.B,Berkshire Hathaway CL B,0.015300000000000001
AC,2013Q1,2013   Q1,$1.77 B,1,MA,Mastercard Inc.,0.1047
AC,2013Q1,2013   Q1,$1.77 B,2,MCO,Moody's Corp.,0.0766
AC,2013Q1,2013   Q1,$1.77 B,3,AMT,American Tower Corp.,0.0736
AC,2013Q1,2013   Q1,$1.77 B,4,MKL,Markel Group Inc.,0.0704
AC,2013Q1,2013   Q1,$1.77 B,5,DLTR,Dollar Tree Inc.,0.068
AC,2013Q1,2013   Q1,$1.77 B,6,ROST,Ross Stores Inc.,0.0665
AC,2013Q1,2013   Q1,$1.77 B,7,DTV,DIRECTV Group Inc.,0.0513
AC,2013Q1,2013   Q1,$1.77 B,8,ORLY,O'Reilly Automotive,0.0478
AC,2013Q1,2013   Q1,$1.77 B,9,ENOV,Enovis Corp.,0.0426
AC,2013Q1,2013   Q1,$1.77 B,10,AMTD,AMTD IDEA Group,0.0369
AC,2013Q1,2013   Q1,$1.77 B,11,V,Visa Inc.,0.0358
AC,2013Q1,2013   Q1,$1.77 B,12,ESGR-OLD,Enstar Group Ltd.,0.0354
AC,2013Q1,2013   Q1,$1.77 B,13,NS-OLD,NuStar Energy,0.0317
AC,2013Q1,2013   Q1,$1.77 B,14,JEF,Jefferies Financial Group Inc.,0.0311
AC,2013Q1,2013   Q1,$1.77 B,15,LPLA,LPL Financial Holdings Inc.,0.031
AC,2013Q1,2013   Q1,$1.77 B,16,VRSK,Verisk Analytics Inc.,0.0279
AC,2013Q1,2013   Q1,$1.77 B,17,AAPL,Apple Inc.,0.0218
AC,2013Q1,2013   Q1,$1.77 B,18,HIG,Hartford Financial Svc.Gp.,0.02
AC,2013Q1,2013   Q1,$1.77 B,19,NLY,Annaly Capital Management Inc.,0.019799999999999998
AC,2013Q1,2013   Q1,$1.77 B,20,BRK.B,Berkshire Hathaway CL B,0.0181
AC,2012Q4,2012   Q4,$1.4 B,1,MA,Mastercard Inc.,0.12
AC,2012Q4,2012   Q4,$1.4 B,2,AMT,American Tower Corp.,0.09380000000000001
AC,2012Q4,2012   Q4,$1.4 B,3,MCO,Moody's Corp.,0.0797
AC,2012Q4,2012   Q4,$1.4 B,4,ROST,Ross Stores Inc.,0.07490000000000001
AC,2012Q4,2012   Q4,$1.4 B,5,MKL,Markel Group Inc.,0.0725
AC,2012Q4,2012   Q4,$1.4 B,6,DLTR,Dollar Tree Inc.,0.06570000000000001
AC,2012Q4,2012   Q4,$1.4 B,7,ORLY,O'Reilly Automotive,0.0527
AC,2012Q4,2012   Q4,$1.4 B,8,ESGR-OLD,Enstar Group Ltd.,0.0404
AC,2012Q4,2012   Q4,$1.4 B,9,V,Visa Inc.,0.0403
AC,2012Q4,2012   Q4,$1.4 B,10,AMTD,AMTD IDEA Group,0.038
AC,2012Q4,2012   Q4,$1.4 B,11,DTV,DIRECTV Group Inc.,0.0358
AC,2012Q4,2012   Q4,$1.4 B,12,ENOV,Enovis Corp.,0.0352
AC,2012Q4,2012   Q4,$1.4 B,13,LPLA,LPL Financial Holdings Inc.,0.0342
AC,2012Q4,2012   Q4,$1.4 B,14,JEF,Jefferies Financial Group Inc.,0.030600000000000002
AC,2012Q4,2012   Q4,$1.4 B,15,VRSK,Verisk Analytics Inc.,0.0291
AC,2012Q4,2012   Q4,$1.4 B,16,NLY,Annaly Capital Management Inc.,0.0254
AC,2012Q4,2012   Q4,$1.4 B,17,HIG,Hartford Financial Svc.Gp.,0.0219
AC,2012Q4,2012   Q4,$1.4 B,18,BRK.B,Berkshire Hathaway CL B,0.019799999999999998
AC,2012Q4,2012   Q4,$1.4 B,19,LAMR,Lamar Advertising Co.,0.0172
AC,2012Q4,2012   Q4,$1.4 B,20,AAPL,Apple Inc.,0.0134
AC,2012Q3,2012   Q3,$1.27 B,1,MA,Mastercard Inc.,0.1223
AC,2012Q3,2012   Q3,$1.27 B,2,ROST,Ross Stores Inc.,0.0993
AC,2012Q3,2012   Q3,$1.27 B,3,AMT,American Tower Corp.,0.0983
AC,2012Q3,2012   Q3,$1.27 B,4,MKL,Markel Group Inc.,0.0723
AC,2012Q3,2012   Q3,$1.27 B,5,MCO,Moody's Corp.,0.063
AC,2012Q3,2012   Q3,$1.27 B,6,DLTR,Dollar Tree Inc.,0.0576
AC,2012Q3,2012   Q3,$1.27 B,7,ORLY,O'Reilly Automotive,0.0547
AC,2012Q3,2012   Q3,$1.27 B,8,DTV,DIRECTV Group Inc.,0.0414
AC,2012Q3,2012   Q3,$1.27 B,9,ESGR-OLD,Enstar Group Ltd.,0.0404
AC,2012Q3,2012   Q3,$1.27 B,10,V,Visa Inc.,0.0395
AC,2012Q3,2012   Q3,$1.27 B,11,AMTD,AMTD IDEA Group,0.0384
AC,2012Q3,2012   Q3,$1.27 B,12,LPLA,LPL Financial Holdings Inc.,0.0338
AC,2012Q3,2012   Q3,$1.27 B,13,JEF,Jefferies Financial Group Inc.,0.0305
AC,2012Q3,2012   Q3,$1.27 B,14,VRSK,Verisk Analytics Inc.,0.0291
AC,2012Q3,2012   Q3,$1.27 B,15,BRK.B,Berkshire Hathaway CL B,0.0218
AC,2012Q3,2012   Q3,$1.27 B,16,HIG,Hartford Financial Svc.Gp.,0.021
AC,2012Q3,2012   Q3,$1.27 B,17,NLY,Annaly Capital Management Inc.,0.0204
AC,2012Q3,2012   Q3,$1.27 B,18,AAPL,Apple Inc.,0.018500000000000003
AC,2012Q3,2012   Q3,$1.27 B,19,LAMR,Lamar Advertising Co.,0.0182
AC,2012Q3,2012   Q3,$1.27 B,20,SHLDQ-OLD,Sears Holdings Corp.,0.0131
AC,2012Q2,2012   Q2,$1.24 B,1,MA,Mastercard Inc.,0.11699999999999999
AC,2012Q2,2012   Q2,$1.24 B,2,AMT,American Tower Corp.,0.0984
AC,2012Q2,2012   Q2,$1.24 B,3,ROST,Ross Stores Inc.,0.0981
AC,2012Q2,2012   Q2,$1.24 B,4,MKL,Markel Group Inc.,0.0711
AC,2012Q2,2012   Q2,$1.24 B,5,DLTR,Dollar Tree Inc.,0.06559999999999999
AC,2012Q2,2012   Q2,$1.24 B,6,ORLY,O'Reilly Automotive,0.0558
AC,2012Q2,2012   Q2,$1.24 B,7,MCO,Moody's Corp.,0.053
AC,2012Q2,2012   Q2,$1.24 B,8,DTV,DIRECTV Group Inc.,0.0489
AC,2012Q2,2012   Q2,$1.24 B,9,ESGR-OLD,Enstar Group Ltd.,0.0391
AC,2012Q2,2012   Q2,$1.24 B,10,AMTD,AMTD IDEA Group,0.037599999999999995
AC,2012Q2,2012   Q2,$1.24 B,11,V,Visa Inc.,0.0371
AC,2012Q2,2012   Q2,$1.24 B,12,LPLA,LPL Financial Holdings Inc.,0.034
AC,2012Q2,2012   Q2,$1.24 B,13,TJX,TJX Companies Inc.,0.0336
AC,2012Q2,2012   Q2,$1.24 B,14,JEF,Jefferies Financial Group Inc.,0.0274
AC,2012Q2,2012   Q2,$1.24 B,15,LAMR,Lamar Advertising Co.,0.024399999999999998
AC,2012Q2,2012   Q2,$1.24 B,16,BRK.B,Berkshire Hathaway CL B,0.0213
AC,2012Q2,2012   Q2,$1.24 B,17,NLY,Annaly Capital Management Inc.,0.0208
AC,2012Q2,2012   Q2,$1.24 B,18,KMX,CarMax Inc.,0.0168
AC,2012Q2,2012   Q2,$1.24 B,19,AAPL,Apple Inc.,0.0165
AC,2012Q2,2012   Q2,$1.24 B,20,HIG,Hartford Financial Svc.Gp.,0.016399999999999998
AC,2012Q1,2012   Q1,$959 M,1,MA,Mastercard Inc.,0.1209
AC,2012Q1,2012   Q1,$959 M,2,AMT,American Tower Corp.,0.1109
AC,2012Q1,2012   Q1,$959 M,3,ROST,Ross Stores Inc.,0.0999
AC,2012Q1,2012   Q1,$959 M,4,DLTR,Dollar Tree Inc.,0.0727
AC,2012Q1,2012   Q1,$959 M,5,MKL,Markel Group Inc.,0.0635
AC,2012Q1,2012   Q1,$959 M,6,ORLY,O'Reilly Automotive,0.0526
AC,2012Q1,2012   Q1,$959 M,7,ESGR-OLD,Enstar Group Ltd.,0.0507
AC,2012Q1,2012   Q1,$959 M,8,AMTD,AMTD IDEA Group,0.0484
AC,2012Q1,2012   Q1,$959 M,9,MCO,Moody's Corp.,0.043899999999999995
AC,2012Q1,2012   Q1,$959 M,10,TJX,TJX Companies Inc.,0.04019999999999999
AC,2012Q1,2012   Q1,$959 M,11,V,Visa Inc.,0.0369
AC,2012Q1,2012   Q1,$959 M,12,LAMR,Lamar Advertising Co.,0.0361
AC,2012Q1,2012   Q1,$959 M,13,LPLA,LPL Financial Holdings Inc.,0.0317
AC,2012Q1,2012   Q1,$959 M,14,KMX,CarMax Inc.,0.028999999999999998
AC,2012Q1,2012   Q1,$959 M,15,SHLDQ-OLD,Sears Holdings Corp.,0.0207
AC,2012Q1,2012   Q1,$959 M,16,BRK.B,Berkshire Hathaway CL B,0.0184
AC,2012Q1,2012   Q1,$959 M,17,HIG,Hartford Financial Svc.Gp.,0.0178
AC,2012Q1,2012   Q1,$959 M,18,NLY,Annaly Capital Management Inc.,0.0172
AC,2012Q1,2012   Q1,$959 M,19,JEF,Jefferies Financial Group Inc.,0.016399999999999998
AC,2012Q1,2012   Q1,$959 M,20,FDS,FactSet Research Systems,0.0134
AC,2011Q4,2011   Q4,$629 M,1,AMT,American Tower Corp.,0.1324
AC,2011Q4,2011   Q4,$629 M,2,MA,Mastercard Inc.,0.1137
AC,2011Q4,2011   Q4,$629 M,3,ROST,Ross Stores Inc.,0.11349999999999999
AC,2011Q4,2011   Q4,$629 M,4,DLTR,Dollar Tree Inc.,0.09699999999999999
AC,2011Q4,2011   Q4,$629 M,5,MKL,Markel Group Inc.,0.08929999999999999
AC,2011Q4,2011   Q4,$629 M,6,ESGR-OLD,Enstar Group Ltd.,0.0768
AC,2011Q4,2011   Q4,$629 M,7,ORLY,O'Reilly Automotive,0.07
AC,2011Q4,2011   Q4,$629 M,8,LAMR,Lamar Advertising Co.,0.056100000000000004
AC,2011Q4,2011   Q4,$629 M,9,KMX,CarMax Inc.,0.0391
AC,2011Q4,2011   Q4,$629 M,10,AMTD,AMTD IDEA Group,0.0336
AC,2011Q4,2011   Q4,$629 M,11,TJX,TJX Companies Inc.,0.0273
AC,2011Q4,2011   Q4,$629 M,12,BRK.B,Berkshire Hathaway CL B,0.026600000000000002
AC,2011Q4,2011   Q4,$629 M,13,FDS,FactSet Research Systems,0.0181
AC,2011Q4,2011   Q4,$629 M,14,PENN,Penn National Gaming Inc.,0.0169
AC,2011Q4,2011   Q4,$629 M,15,HIG,Hartford Financial Svc.Gp.,0.015700000000000002
AC,2011Q4,2011   Q4,$629 M,16,LPLA,LPL Financial Holdings Inc.,0.0146
AC,2011Q4,2011   Q4,$629 M,17,BRK.A,Berkshire Hathaway CL A,0.0111
AC,2011Q4,2011   Q4,$629 M,18,DHIL-OLD,Diamond Hill Investment Group Inc.,0.0097
AC,2011Q4,2011   Q4,$629 M,19,BAC,Bank of America Corp.,0.0070999999999999995
AC,2011Q4,2011   Q4,$629 M,20,BDX,Becton Dickinson,0.0059
AC,2011Q3,2011   Q3,$566 M,1,AMT,American Tower Corp.,0.1336
AC,2011Q3,2011   Q3,$566 M,2,MA,Mastercard Inc.,0.1148
AC,2011Q3,2011   Q3,$566 M,3,DLTR,Dollar Tree Inc.,0.1015
AC,2011Q3,2011   Q3,$566 M,4,ROST,Ross Stores Inc.,0.09939999999999999
AC,2011Q3,2011   Q3,$566 M,5,MKL,Markel Group Inc.,0.0902
AC,2011Q3,2011   Q3,$566 M,6,ESGR-OLD,Enstar Group Ltd.,0.0762
AC,2011Q3,2011   Q3,$566 M,7,ORLY,O'Reilly Automotive,0.0726
AC,2011Q3,2011   Q3,$566 M,8,LAMR,Lamar Advertising Co.,0.0572
AC,2011Q3,2011   Q3,$566 M,9,KMX,CarMax Inc.,0.042800000000000005
AC,2011Q3,2011   Q3,$566 M,10,BRK.B,Berkshire Hathaway CL B,0.0291
AC,2011Q3,2011   Q3,$566 M,11,FDS,FactSet Research Systems,0.027000000000000003
AC,2011Q3,2011   Q3,$566 M,12,TJX,TJX Companies Inc.,0.026600000000000002
AC,2011Q3,2011   Q3,$566 M,13,PENN,Penn National Gaming Inc.,0.0181
AC,2011Q3,2011   Q3,$566 M,14,AMTD,AMTD IDEA Group,0.0169
AC,2011Q3,2011   Q3,$566 M,15,LPLA,LPL Financial Holdings Inc.,0.0148
AC,2011Q3,2011   Q3,$566 M,16,BRK.A,Berkshire Hathaway CL A,0.0141
AC,2011Q3,2011   Q3,$566 M,17,DHIL-OLD,Diamond Hill Investment Group Inc.,0.0106
AC,2011Q3,2011   Q3,$566 M,18,TROW,T. Rowe Price Group,0.0103
AC,2011Q3,2011   Q3,$566 M,19,HIG,Hartford Financial Svc.Gp.,0.0102
AC,2011Q3,2011   Q3,$566 M,20,BDX,Becton Dickinson,0.0069
AC,2011Q2,2011   Q2,$539 M,1,AMT,American Tower Corp.,0.1291
AC,2011Q2,2011   Q2,$539 M,2,MA,Mastercard Inc.,0.10369999999999999
AC,2011Q2,2011   Q2,$539 M,3,ROST,Ross Stores Inc.,0.09390000000000001
AC,2011Q2,2011   Q2,$539 M,4,ESGR-OLD,Enstar Group Ltd.,0.0909
AC,2011Q2,2011   Q2,$539 M,5,DLTR,Dollar Tree Inc.,0.0886
AC,2011Q2,2011   Q2,$539 M,6,MKL,Markel Group Inc.,0.08220000000000001
AC,2011Q2,2011   Q2,$539 M,7,LAMR,Lamar Advertising Co.,0.08070000000000001
AC,2011Q2,2011   Q2,$539 M,8,ORLY,O'Reilly Automotive,0.0741
AC,2011Q2,2011   Q2,$539 M,9,KMX,CarMax Inc.,0.049
AC,2011Q2,2011   Q2,$539 M,10,FDS,FactSet Research Systems,0.0292
AC,2011Q2,2011   Q2,$539 M,11,TJX,TJX Companies Inc.,0.0245
AC,2011Q2,2011   Q2,$539 M,12,PENN,Penn National Gaming Inc.,0.0215
AC,2011Q2,2011   Q2,$539 M,13,BRK.A,Berkshire Hathaway CL A,0.0146
AC,2011Q2,2011   Q2,$539 M,14,AMTD,AMTD IDEA Group,0.014499999999999999
AC,2011Q2,2011   Q2,$539 M,15,ARO,Aeropostale Inc.,0.0138
AC,2011Q2,2011   Q2,$539 M,16,BRK.B,Berkshire Hathaway CL B,0.0132
AC,2011Q2,2011   Q2,$539 M,17,WMS-OLD,WMS Industries,0.011399999999999999
AC,2011Q2,2011   Q2,$539 M,18,TROW,T. Rowe Price Group,0.0113
AC,2011Q2,2011   Q2,$539 M,19,BDX,Becton Dickinson,0.008
AC,2011Q2,2011   Q2,$539 M,20,TECH,Bio-Techne Corp.,0.0077
AC,2011Q1,2011   Q1,$495 M,1,AMT,American Tower Corp.,0.14529999999999998
AC,2011Q1,2011   Q1,$495 M,2,LAMR,Lamar Advertising Co.,0.09380000000000001
AC,2011Q1,2011   Q1,$495 M,3,MKL,Markel Group Inc.,0.09380000000000001
AC,2011Q1,2011   Q1,$495 M,4,ESGR-OLD,Enstar Group Ltd.,0.0925
AC,2011Q1,2011   Q1,$495 M,5,ROST,Ross Stores Inc.,0.0908
AC,2011Q1,2011   Q1,$495 M,6,MA,Mastercard Inc.,0.0809
AC,2011Q1,2011   Q1,$495 M,7,DLTR,Dollar Tree Inc.,0.0797
AC,2011Q1,2011   Q1,$495 M,8,ORLY,O'Reilly Automotive,0.058499999999999996
AC,2011Q1,2011   Q1,$495 M,9,FDS,FactSet Research Systems,0.0325
AC,2011Q1,2011   Q1,$495 M,10,KMX,CarMax Inc.,0.032
AC,2011Q1,2011   Q1,$495 M,11,TJX,TJX Companies Inc.,0.024700000000000003
AC,2011Q1,2011   Q1,$495 M,12,OXPS,optionsXpress Holdings Inc.,0.0233
AC,2011Q1,2011   Q1,$495 M,13,PENN,Penn National Gaming Inc.,0.0216
AC,2011Q1,2011   Q1,$495 M,14,BRK.A,Berkshire Hathaway CL A,0.0177
AC,2011Q1,2011   Q1,$495 M,15,AMTD,AMTD IDEA Group,0.0169
AC,2011Q1,2011   Q1,$495 M,16,BRK.B,Berkshire Hathaway CL B,0.0151
AC,2011Q1,2011   Q1,$495 M,17,WMS-OLD,WMS Industries,0.0143
AC,2011Q1,2011   Q1,$495 M,18,TROW,T. Rowe Price Group,0.0118
AC,2011Q1,2011   Q1,$495 M,19,BDX,Becton Dickinson,0.008
AC,2011Q1,2011   Q1,$495 M,20,NLY,Annaly Capital Management Inc.,0.0073
AC,2010Q4,2010   Q4,$458 M,1,AMT,American Tower Corp.,0.1451
AC,2010Q4,2010   Q4,$458 M,2,LAMR,Lamar Advertising Co.,0.1079
AC,2010Q4,2010   Q4,$458 M,3,MKL,Markel Group Inc.,0.0955
AC,2010Q4,2010   Q4,$458 M,4,ESGR-OLD,Enstar Group Ltd.,0.0857
AC,2010Q4,2010   Q4,$458 M,5,ROST,Ross Stores Inc.,0.0779
AC,2010Q4,2010   Q4,$458 M,6,DLTR,Dollar Tree Inc.,0.07519999999999999
AC,2010Q4,2010   Q4,$458 M,7,MA,Mastercard Inc.,0.06849999999999999
AC,2010Q4,2010   Q4,$458 M,8,ORLY,O'Reilly Automotive,0.0625
AC,2010Q4,2010   Q4,$458 M,9,KMX,CarMax Inc.,0.0342
AC,2010Q4,2010   Q4,$458 M,10,FDS,FactSet Research Systems,0.0336
AC,2010Q4,2010   Q4,$458 M,11,TJX,TJX Companies Inc.,0.023399999999999997
AC,2010Q4,2010   Q4,$458 M,12,PENN,Penn National Gaming Inc.,0.0223
AC,2010Q4,2010   Q4,$458 M,13,BRK.A,Berkshire Hathaway CL A,0.021099999999999997
AC,2010Q4,2010   Q4,$458 M,14,WMS-OLD,WMS Industries,0.019799999999999998
AC,2010Q4,2010   Q4,$458 M,15,AMTD,AMTD IDEA Group,0.0166
AC,2010Q4,2010   Q4,$458 M,16,BRK.B,Berkshire Hathaway CL B,0.0147
AC,2010Q4,2010   Q4,$458 M,17,OXPS,optionsXpress Holdings Inc.,0.0137
AC,2010Q4,2010   Q4,$458 M,18,MSCI,MSCI Inc.,0.0128
AC,2010Q4,2010   Q4,$458 M,19,TROW,T. Rowe Price Group,0.0124
AC,2010Q4,2010   Q4,$458 M,20,BDX,Becton Dickinson,0.0092
AC,2010Q3,2010   Q3,$377 M,1,AMT,American Tower Corp.,0.1456
AC,2010Q3,2010   Q3,$377 M,2,MKL,Markel Group Inc.,0.1051
AC,2010Q3,2010   Q3,$377 M,3,LAMR,Lamar Advertising Co.,0.10439999999999999
AC,2010Q3,2010   Q3,$377 M,4,DLTR,Dollar Tree Inc.,0.0789
AC,2010Q3,2010   Q3,$377 M,5,ESGR-OLD,Enstar Group Ltd.,0.0761
AC,2010Q3,2010   Q3,$377 M,6,ROST,Ross Stores Inc.,0.0708
AC,2010Q3,2010   Q3,$377 M,7,ORLY,O'Reilly Automotive,0.0667
AC,2010Q3,2010   Q3,$377 M,8,KMX,CarMax Inc.,0.0362
AC,2010Q3,2010   Q3,$377 M,9,MA,Mastercard Inc.,0.0356
AC,2010Q3,2010   Q3,$377 M,10,FDS,FactSet Research Systems,0.0353
AC,2010Q3,2010   Q3,$377 M,11,TJX,TJX Companies Inc.,0.0276
AC,2010Q3,2010   Q3,$377 M,12,BRK.A,Berkshire Hathaway CL A,0.0254
AC,2010Q3,2010   Q3,$377 M,13,PENN,Penn National Gaming Inc.,0.0227
AC,2010Q3,2010   Q3,$377 M,14,WMS-OLD,WMS Industries,0.0202
AC,2010Q3,2010   Q3,$377 M,15,BRK.B,Berkshire Hathaway CL B,0.0184
AC,2010Q3,2010   Q3,$377 M,16,AMTD,AMTD IDEA Group,0.0171
AC,2010Q3,2010   Q3,$377 M,17,OXPS,optionsXpress Holdings Inc.,0.0163
AC,2010Q3,2010   Q3,$377 M,18,MSCI,MSCI Inc.,0.0132
AC,2010Q3,2010   Q3,$377 M,19,TROW,T. Rowe Price Group,0.011699999999999999
AC,2010Q3,2010   Q3,$377 M,20,NDN,99(Cents) Only Stores,0.011200000000000002
AC,2010Q2,2010   Q2,$333 M,1,AMT,American Tower Corp.,0.14279999999999998
AC,2010Q2,2010   Q2,$333 M,2,MKL,Markel Group Inc.,0.1175
AC,2010Q2,2010   Q2,$333 M,3,LAMR,Lamar Advertising Co.,0.08380000000000001
AC,2010Q2,2010   Q2,$333 M,4,ESGR-OLD,Enstar Group Ltd.,0.079
AC,2010Q2,2010   Q2,$333 M,5,DLTR,Dollar Tree Inc.,0.07629999999999999
AC,2010Q2,2010   Q2,$333 M,6,ROST,Ross Stores Inc.,0.06860000000000001
AC,2010Q2,2010   Q2,$333 M,7,ORLY,O'Reilly Automotive,0.0675
AC,2010Q2,2010   Q2,$333 M,8,FDS,FactSet Research Systems,0.033
AC,2010Q2,2010   Q2,$333 M,9,TJX,TJX Companies Inc.,0.0294
AC,2010Q2,2010   Q2,$333 M,10,BRK.A,Berkshire Hathaway CL A,0.0277
AC,2010Q2,2010   Q2,$333 M,11,KMX,CarMax Inc.,0.0273
AC,2010Q2,2010   Q2,$333 M,12,PENN,Penn National Gaming Inc.,0.025699999999999997
AC,2010Q2,2010   Q2,$333 M,13,WMS-OLD,WMS Industries,0.0236
AC,2010Q2,2010   Q2,$333 M,14,TRH,Transatlantic Holdings Inc.,0.0216
AC,2010Q2,2010   Q2,$333 M,15,BRK.B,Berkshire Hathaway CL B,0.0203
AC,2010Q2,2010   Q2,$333 M,16,OXPS,optionsXpress Holdings Inc.,0.0189
AC,2010Q2,2010   Q2,$333 M,17,AMTD,AMTD IDEA Group,0.0184
AC,2010Q2,2010   Q2,$333 M,18,MA,Mastercard Inc.,0.018000000000000002
AC,2010Q2,2010   Q2,$333 M,19,MSCI,MSCI Inc.,0.0123
AC,2010Q2,2010   Q2,$333 M,20,TROW,T. Rowe Price Group,0.011000000000000001
AC,2010Q1,2010   Q1,$326 M,1,AMT,American Tower Corp.,0.1418
AC,2010Q1,2010   Q1,$326 M,2,MKL,Markel Group Inc.,0.1234
AC,2010Q1,2010   Q1,$326 M,3,LAMR,Lamar Advertising Co.,0.0933
AC,2010Q1,2010   Q1,$326 M,4,ESGR-OLD,Enstar Group Ltd.,0.0698
AC,2010Q1,2010   Q1,$326 M,5,PENN,Penn National Gaming Inc.,0.0647
AC,2010Q1,2010   Q1,$326 M,6,ORLY,O'Reilly Automotive,0.060899999999999996
AC,2010Q1,2010   Q1,$326 M,7,FDS,FactSet Research Systems,0.0507
AC,2010Q1,2010   Q1,$326 M,8,KMX,CarMax Inc.,0.0403
AC,2010Q1,2010   Q1,$326 M,9,ROST,Ross Stores Inc.,0.0361
AC,2010Q1,2010   Q1,$326 M,10,TRH,Transatlantic Holdings Inc.,0.034
AC,2010Q1,2010   Q1,$326 M,11,TJX,TJX Companies Inc.,0.0304
AC,2010Q1,2010   Q1,$326 M,12,BRK.A,Berkshire Hathaway CL A,0.029500000000000002
AC,2010Q1,2010   Q1,$326 M,13,DLTR,Dollar Tree Inc.,0.027200000000000002
AC,2010Q1,2010   Q1,$326 M,14,TROW,T. Rowe Price Group,0.0268
AC,2010Q1,2010   Q1,$326 M,15,WMS-OLD,WMS Industries,0.025699999999999997
AC,2010Q1,2010   Q1,$326 M,16,BRK.B,Berkshire Hathaway CL B,0.022000000000000002
AC,2010Q1,2010   Q1,$326 M,17,OXPS,optionsXpress Holdings Inc.,0.02
AC,2010Q1,2010   Q1,$326 M,18,HIG,Hartford Financial Svc.Gp.,0.0196
AC,2010Q1,2010   Q1,$326 M,19,AMTD,AMTD IDEA Group,0.0175
AC,2010Q1,2010   Q1,$326 M,20,MSCI,MSCI Inc.,0.0166
AC,2009Q4,2009   Q4,$298 M,1,AMT,American Tower Corp.,0.19
AC,2009Q4,2009   Q4,$298 M,2,MKL,Markel Group Inc.,0.1452
AC,2009Q4,2009   Q4,$298 M,3,LAMR,Lamar Advertising Co.,0.1042
AC,2009Q4,2009   Q4,$298 M,4,ESGR-OLD,Enstar Group Ltd.,0.08960000000000001
AC,2009Q4,2009   Q4,$298 M,5,PENN,Penn National Gaming Inc.,0.0801
AC,2009Q4,2009   Q4,$298 M,6,KMX,CarMax Inc.,0.0557
AC,2009Q4,2009   Q4,$298 M,7,ORLY,O'Reilly Automotive,0.0483
AC,2009Q4,2009   Q4,$298 M,8,BYI,Bally Technologies Inc.,0.0441
AC,2009Q4,2009   Q4,$298 M,9,FDS,FactSet Research Systems,0.0387
AC,2009Q4,2009   Q4,$298 M,10,TROW,T. Rowe Price Group,0.0382
AC,2009Q4,2009   Q4,$298 M,11,NDN,99(Cents) Only Stores,0.0362
AC,2009Q4,2009   Q4,$298 M,12,BRK.A,Berkshire Hathaway CL A,0.027999999999999997
AC,2009Q4,2009   Q4,$298 M,13,BRK.B,Berkshire Hathaway CL B,0.023
AC,2009Q4,2009   Q4,$298 M,14,AMTD,AMTD IDEA Group,0.0195
AC,2009Q4,2009   Q4,$298 M,15,MSCI,MSCI Inc.,0.016
AC,2009Q4,2009   Q4,$298 M,16,WMS-OLD,WMS Industries,0.013600000000000001
AC,2009Q4,2009   Q4,$298 M,17,OXPS,optionsXpress Holdings Inc.,0.013000000000000001
AC,2009Q4,2009   Q4,$298 M,18,MBRG,Middleburg Financial Corp.,0.0060999999999999995
AC,2009Q4,2009   Q4,$298 M,19,RVR,White River Capital Inc.,0.0034999999999999996
AC,2009Q4,2009   Q4,$298 M,20,CSX,CSX Corp.,0.0029
BRK,2026Q2,2026   Q2,$299.3 B,1,AAPL,Apple Inc.,0.22039999999999998
BRK,2026Q2,2026   Q2,$299.3 B,2,AXP,American Express,0.1714
BRK,2026Q2,2026   Q2,$299.3 B,3,KO,Coca Cola Co.,0.10859999999999999
BRK,2026Q2,2026   Q2,$299.3 B,4,GOOGL,Alphabet Inc.,0.0941
BRK,2026Q2,2026   Q2,$299.3 B,5,BAC,Bank of America Corp.,0.092
BRK,2026Q2,2026   Q2,$299.3 B,6,CVX,Chevron Corp.,0.0467
BRK,2026Q2,2026   Q2,$299.3 B,7,OXY,Occidental Petroleum,0.043
BRK,2026Q2,2026   Q2,$299.3 B,8,CB,Chubb Limited,0.039
BRK,2026Q2,2026   Q2,$299.3 B,9,MCO,Moody's Corp.,0.0373
BRK,2026Q2,2026   Q2,$299.3 B,10,GOOG,Alphabet Inc. CL C,0.0321
BRK,2026Q2,2026   Q2,$299.3 B,11,KHC,Kraft Heinz Co.,0.025699999999999997
BRK,2026Q2,2026   Q2,$299.3 B,12,DVA,DaVita HealthCare Partners,0.0215
BRK,2026Q2,2026   Q2,$299.3 B,13,DAL,Delta Air Lines Inc.,0.0179
BRK,2026Q2,2026   Q2,$299.3 B,14,SIRI,SiriusXM Holdings Inc,0.0123
BRK,2026Q2,2026   Q2,$299.3 B,15,VRSN,Verisign Inc.,0.0076
BRK,2026Q2,2026   Q2,$299.3 B,16,KR,Kroger Co.,0.0072
BRK,2026Q2,2026   Q2,$299.3 B,17,ALLY,Ally Financial Inc.,0.0040999999999999995
BRK,2026Q2,2026   Q2,$299.3 B,18,LEN,Lennar Corp.,0.004
BRK,2026Q2,2026   Q2,$299.3 B,19,NYT,New York Times CL A,0.0037
BRK,2026Q2,2026   Q2,$299.3 B,20,LLYVK,Liberty Media Corp. Series C Live,0.0037
BRK,2026Q1,2026   Q1,$263.1 B,1,AAPL,Apple Inc.,0.21989999999999998
BRK,2026Q1,2026   Q1,$263.1 B,2,AXP,American Express,0.1743
BRK,2026Q1,2026   Q1,$263.1 B,3,KO,Coca Cola Co.,0.11560000000000001
BRK,2026Q1,2026   Q1,$263.1 B,4,BAC,Bank of America Corp.,0.09519999999999999
BRK,2026Q1,2026   Q1,$263.1 B,5,CVX,Chevron Corp.,0.0664
BRK,2026Q1,2026   Q1,$263.1 B,6,OXY,Occidental Petroleum,0.0655
BRK,2026Q1,2026   Q1,$263.1 B,7,GOOGL,Alphabet Inc.,0.0593
BRK,2026Q1,2026   Q1,$263.1 B,8,CB,Chubb Limited,0.0424
BRK,2026Q1,2026   Q1,$263.1 B,9,MCO,Moody's Corp.,0.0409
BRK,2026Q1,2026   Q1,$263.1 B,10,KHC,Kraft Heinz Co.,0.0278
BRK,2026Q1,2026   Q1,$263.1 B,11,DVA,DaVita HealthCare Partners,0.0176
BRK,2026Q1,2026   Q1,$263.1 B,12,KR,Kroger Co.,0.0138
BRK,2026Q1,2026   Q1,$263.1 B,13,SIRI,SiriusXM Holdings Inc,0.0109
BRK,2026Q1,2026   Q1,$263.1 B,14,DAL,Delta Air Lines Inc.,0.0101
BRK,2026Q1,2026   Q1,$263.1 B,15,VRSN,Verisign Inc.,0.0085
BRK,2026Q1,2026   Q1,$263.1 B,16,COF,Capital One Financial,0.005
BRK,2026Q1,2026   Q1,$263.1 B,17,NYT,New York Times CL A,0.0048
BRK,2026Q1,2026   Q1,$263.1 B,18,ALLY,Ally Financial Inc.,0.0043
BRK,2026Q1,2026   Q1,$263.1 B,19,GOOG,Alphabet Inc. CL C,0.0039000000000000003
BRK,2026Q1,2026   Q1,$263.1 B,20,LLYVK,Liberty Media Corp. Series C Live,0.0038
BRK,2025Q4,2025   Q4,$274.2 B,1,AAPL,Apple Inc.,0.226
BRK,2025Q4,2025   Q4,$274.2 B,2,AXP,American Express,0.2046
BRK,2025Q4,2025   Q4,$274.2 B,3,BAC,Bank of America Corp.,0.1038
BRK,2025Q4,2025   Q4,$274.2 B,4,KO,Coca Cola Co.,0.102
BRK,2025Q4,2025   Q4,$274.2 B,5,CVX,Chevron Corp.,0.0724
BRK,2025Q4,2025   Q4,$274.2 B,6,MCO,Moody's Corp.,0.046
BRK,2025Q4,2025   Q4,$274.2 B,7,OXY,Occidental Petroleum,0.0397
BRK,2025Q4,2025   Q4,$274.2 B,8,CB,Chubb Limited,0.039
BRK,2025Q4,2025   Q4,$274.2 B,9,KHC,Kraft Heinz Co.,0.0288
BRK,2025Q4,2025   Q4,$274.2 B,10,GOOGL,Alphabet Inc.,0.0204
BRK,2025Q4,2025   Q4,$274.2 B,11,DVA,DaVita HealthCare Partners,0.0132
BRK,2025Q4,2025   Q4,$274.2 B,12,KR,Kroger Co.,0.011399999999999999
BRK,2025Q4,2025   Q4,$274.2 B,13,V,Visa Inc.,0.0106
BRK,2025Q4,2025   Q4,$274.2 B,14,SIRI,SiriusXM Holdings Inc,0.0091
BRK,2025Q4,2025   Q4,$274.2 B,15,MA,Mastercard Inc.,0.0083
BRK,2025Q4,2025   Q4,$274.2 B,16,VRSN,Verisign Inc.,0.008
BRK,2025Q4,2025   Q4,$274.2 B,17,STZ,Constellation Brands,0.006500000000000001
BRK,2025Q4,2025   Q4,$274.2 B,18,COF,Capital One Financial,0.0063
BRK,2025Q4,2025   Q4,$274.2 B,19,UNH,United Health Group Inc.,0.0060999999999999995
BRK,2025Q4,2025   Q4,$274.2 B,20,DPZ,Dominos Pizza Inc.,0.0051
BRK,2025Q3,2025   Q3,$267.3 B,1,AAPL,Apple Inc.,0.22690000000000002
BRK,2025Q3,2025   Q3,$267.3 B,2,AXP,American Express,0.1884
BRK,2025Q3,2025   Q3,$267.3 B,3,BAC,Bank of America Corp.,0.1096
BRK,2025Q3,2025   Q3,$267.3 B,4,KO,Coca Cola Co.,0.0992
BRK,2025Q3,2025   Q3,$267.3 B,5,CVX,Chevron Corp.,0.0709
BRK,2025Q3,2025   Q3,$267.3 B,6,OXY,Occidental Petroleum,0.046799999999999994
BRK,2025Q3,2025   Q3,$267.3 B,7,MCO,Moody's Corp.,0.044000000000000004
BRK,2025Q3,2025   Q3,$267.3 B,8,CB,Chubb Limited,0.0331
BRK,2025Q3,2025   Q3,$267.3 B,9,KHC,Kraft Heinz Co.,0.0317
BRK,2025Q3,2025   Q3,$267.3 B,10,GOOGL,Alphabet Inc.,0.016200000000000003
BRK,2025Q3,2025   Q3,$267.3 B,11,DVA,DaVita HealthCare Partners,0.016
BRK,2025Q3,2025   Q3,$267.3 B,12,KR,Kroger Co.,0.0126
BRK,2025Q3,2025   Q3,$267.3 B,13,SIRI,SiriusXM Holdings Inc,0.0109
BRK,2025Q3,2025   Q3,$267.3 B,14,V,Visa Inc.,0.0106
BRK,2025Q3,2025   Q3,$267.3 B,15,VRSN,Verisign Inc.,0.009399999999999999
BRK,2025Q3,2025   Q3,$267.3 B,16,MA,Mastercard Inc.,0.0085
BRK,2025Q3,2025   Q3,$267.3 B,17,AMZN,Amazon.com Inc.,0.008199999999999999
BRK,2025Q3,2025   Q3,$267.3 B,18,STZ,Constellation Brands,0.0068000000000000005
BRK,2025Q3,2025   Q3,$267.3 B,19,UNH,United Health Group Inc.,0.006500000000000001
BRK,2025Q3,2025   Q3,$267.3 B,20,COF,Capital One Financial,0.005699999999999999
BRK,2025Q2,2025   Q2,$257.5 B,1,AAPL,Apple Inc.,0.2231
BRK,2025Q2,2025   Q2,$257.5 B,2,AXP,American Express,0.18780000000000002
BRK,2025Q2,2025   Q2,$257.5 B,3,BAC,Bank of America Corp.,0.1112
BRK,2025Q2,2025   Q2,$257.5 B,4,KO,Coca Cola Co.,0.1099
BRK,2025Q2,2025   Q2,$257.5 B,5,CVX,Chevron Corp.,0.0679
BRK,2025Q2,2025   Q2,$257.5 B,6,MCO,Moody's Corp.,0.0481
BRK,2025Q2,2025   Q2,$257.5 B,7,OXY,Occidental Petroleum,0.0432
BRK,2025Q2,2025   Q2,$257.5 B,8,KHC,Kraft Heinz Co.,0.0326
BRK,2025Q2,2025   Q2,$257.5 B,9,CB,Chubb Limited,0.0304
BRK,2025Q2,2025   Q2,$257.5 B,10,DVA,DaVita HealthCare Partners,0.0187
BRK,2025Q2,2025   Q2,$257.5 B,11,VRSN,Verisign Inc.,0.0149
BRK,2025Q2,2025   Q2,$257.5 B,12,KR,Kroger Co.,0.0139
BRK,2025Q2,2025   Q2,$257.5 B,13,V,Visa Inc.,0.011399999999999999
BRK,2025Q2,2025   Q2,$257.5 B,14,SIRI,SiriusXM Holdings Inc,0.010700000000000001
BRK,2025Q2,2025   Q2,$257.5 B,15,MA,Mastercard Inc.,0.0087
BRK,2025Q2,2025   Q2,$257.5 B,16,STZ,Constellation Brands,0.0085
BRK,2025Q2,2025   Q2,$257.5 B,17,AMZN,Amazon.com Inc.,0.0085
BRK,2025Q2,2025   Q2,$257.5 B,18,UNH,United Health Group Inc.,0.0060999999999999995
BRK,2025Q2,2025   Q2,$257.5 B,19,COF,Capital One Financial,0.0059
BRK,2025Q2,2025   Q2,$257.5 B,20,AON,Aon Plc,0.005699999999999999
BRK,2025Q1,2025   Q1,$259.8 B,1,AAPL,Apple Inc.,0.2565
BRK,2025Q1,2025   Q1,$259.8 B,2,AXP,American Express,0.157
BRK,2025Q1,2025   Q1,$259.8 B,3,KO,Coca Cola Co.,0.1103
BRK,2025Q1,2025   Q1,$259.8 B,4,BAC,Bank of America Corp.,0.1014
BRK,2025Q1,2025   Q1,$259.8 B,5,CVX,Chevron Corp.,0.0764
BRK,2025Q1,2025   Q1,$259.8 B,6,OXY,Occidental Petroleum,0.050300000000000004
BRK,2025Q1,2025   Q1,$259.8 B,7,MCO,Moody's Corp.,0.044199999999999996
BRK,2025Q1,2025   Q1,$259.8 B,8,KHC,Kraft Heinz Co.,0.0381
BRK,2025Q1,2025   Q1,$259.8 B,9,CB,Chubb Limited,0.031400000000000004
BRK,2025Q1,2025   Q1,$259.8 B,10,DVA,DaVita HealthCare Partners,0.0207
BRK,2025Q1,2025   Q1,$259.8 B,11,VRSN,Verisign Inc.,0.013000000000000001
BRK,2025Q1,2025   Q1,$259.8 B,12,KR,Kroger Co.,0.013000000000000001
BRK,2025Q1,2025   Q1,$259.8 B,13,V,Visa Inc.,0.011200000000000002
BRK,2025Q1,2025   Q1,$259.8 B,14,SIRI,SiriusXM Holdings Inc,0.0104
BRK,2025Q1,2025   Q1,$259.8 B,15,STZ,Constellation Brands,0.0085
BRK,2025Q1,2025   Q1,$259.8 B,16,MA,Mastercard Inc.,0.0084
BRK,2025Q1,2025   Q1,$259.8 B,17,AMZN,Amazon.com Inc.,0.0073
BRK,2025Q1,2025   Q1,$259.8 B,18,AON,Aon Plc,0.0063
BRK,2025Q1,2025   Q1,$259.8 B,19,COF,Capital One Financial,0.0049
BRK,2025Q1,2025   Q1,$259.8 B,20,DPZ,Dominos Pizza Inc.,0.0046
BRK,2024Q4,2024   Q4,$267.2 B,1,AAPL,Apple Inc.,0.2812
BRK,2024Q4,2024   Q4,$267.2 B,2,AXP,American Express,0.1684
BRK,2024Q4,2024   Q4,$267.2 B,3,BAC,Bank of America Corp.,0.1119
BRK,2024Q4,2024   Q4,$267.2 B,4,KO,Coca Cola Co.,0.0932
BRK,2024Q4,2024   Q4,$267.2 B,5,CVX,Chevron Corp.,0.0643
BRK,2024Q4,2024   Q4,$267.2 B,6,OXY,Occidental Petroleum,0.0489
BRK,2024Q4,2024   Q4,$267.2 B,7,MCO,Moody's Corp.,0.0437
BRK,2024Q4,2024   Q4,$267.2 B,8,KHC,Kraft Heinz Co.,0.0374
BRK,2024Q4,2024   Q4,$267.2 B,9,CB,Chubb Limited,0.027999999999999997
BRK,2024Q4,2024   Q4,$267.2 B,10,DVA,DaVita HealthCare Partners,0.0202
BRK,2024Q4,2024   Q4,$267.2 B,11,KR,Kroger Co.,0.011399999999999999
BRK,2024Q4,2024   Q4,$267.2 B,12,VRSN,Verisign Inc.,0.0103
BRK,2024Q4,2024   Q4,$267.2 B,13,SIRI,SiriusXM Holdings Inc,0.01
BRK,2024Q4,2024   Q4,$267.2 B,14,V,Visa Inc.,0.0098
BRK,2024Q4,2024   Q4,$267.2 B,15,AMZN,Amazon.com Inc.,0.008199999999999999
BRK,2024Q4,2024   Q4,$267.2 B,16,MA,Mastercard Inc.,0.0079
BRK,2024Q4,2024   Q4,$267.2 B,17,AON,Aon Plc,0.0055000000000000005
BRK,2024Q4,2024   Q4,$267.2 B,18,COF,Capital One Financial,0.005
BRK,2024Q4,2024   Q4,$267.2 B,19,STZ,Constellation Brands,0.004699999999999999
BRK,2024Q4,2024   Q4,$267.2 B,20,ALLY,Ally Financial Inc.,0.0039000000000000003
BRK,2024Q3,2024   Q3,$266.4 B,1,AAPL,Apple Inc.,0.26239999999999997
BRK,2024Q3,2024   Q3,$266.4 B,2,AXP,American Express,0.15439999999999998
BRK,2024Q3,2024   Q3,$266.4 B,3,BAC,Bank of America Corp.,0.1188
BRK,2024Q3,2024   Q3,$266.4 B,4,KO,Coca Cola Co.,0.1079
BRK,2024Q3,2024   Q3,$266.4 B,5,CVX,Chevron Corp.,0.06559999999999999
BRK,2024Q3,2024   Q3,$266.4 B,6,OXY,Occidental Petroleum,0.049400000000000006
BRK,2024Q3,2024   Q3,$266.4 B,7,MCO,Moody's Corp.,0.044000000000000004
BRK,2024Q3,2024   Q3,$266.4 B,8,KHC,Kraft Heinz Co.,0.0429
BRK,2024Q3,2024   Q3,$266.4 B,9,CB,Chubb Limited,0.029300000000000003
BRK,2024Q3,2024   Q3,$266.4 B,10,DVA,DaVita HealthCare Partners,0.0222
BRK,2024Q3,2024   Q3,$266.4 B,11,C,Citigroup Inc.,0.013000000000000001
BRK,2024Q3,2024   Q3,$266.4 B,12,KR,Kroger Co.,0.0108
BRK,2024Q3,2024   Q3,$266.4 B,13,SIRI,SiriusXM Holdings Inc,0.009300000000000001
BRK,2024Q3,2024   Q3,$266.4 B,14,VRSN,Verisign Inc.,0.0091
BRK,2024Q3,2024   Q3,$266.4 B,15,V,Visa Inc.,0.0086
BRK,2024Q3,2024   Q3,$266.4 B,16,MA,Mastercard Inc.,0.0074
BRK,2024Q3,2024   Q3,$266.4 B,17,AMZN,Amazon.com Inc.,0.006999999999999999
BRK,2024Q3,2024   Q3,$266.4 B,18,AON,Aon Plc,0.0053
BRK,2024Q3,2024   Q3,$266.4 B,19,COF,Capital One Financial,0.0051
BRK,2024Q3,2024   Q3,$266.4 B,20,NU,Nu Holdings Ltd,0.0044
BRK,2024Q2,2024   Q2,$280 B,1,AAPL,Apple Inc.,0.3009
BRK,2024Q2,2024   Q2,$280 B,2,BAC,Bank of America Corp.,0.1467
BRK,2024Q2,2024   Q2,$280 B,3,AXP,American Express,0.12539999999999998
BRK,2024Q2,2024   Q2,$280 B,4,KO,Coca Cola Co.,0.0909
BRK,2024Q2,2024   Q2,$280 B,5,CVX,Chevron Corp.,0.0663
BRK,2024Q2,2024   Q2,$280 B,6,OXY,Occidental Petroleum,0.0575
BRK,2024Q2,2024   Q2,$280 B,7,KHC,Kraft Heinz Co.,0.0375
BRK,2024Q2,2024   Q2,$280 B,8,MCO,Moody's Corp.,0.0371
BRK,2024Q2,2024   Q2,$280 B,9,CB,Chubb Limited,0.0246
BRK,2024Q2,2024   Q2,$280 B,10,DVA,DaVita HealthCare Partners,0.0179
BRK,2024Q2,2024   Q2,$280 B,11,C,Citigroup Inc.,0.0125
BRK,2024Q2,2024   Q2,$280 B,12,KR,Kroger Co.,0.0089
BRK,2024Q2,2024   Q2,$280 B,13,VRSN,Verisign Inc.,0.008100000000000001
BRK,2024Q2,2024   Q2,$280 B,14,V,Visa Inc.,0.0078000000000000005
BRK,2024Q2,2024   Q2,$280 B,15,AMZN,Amazon.com Inc.,0.0069
BRK,2024Q2,2024   Q2,$280 B,16,MA,Mastercard Inc.,0.0063
BRK,2024Q2,2024   Q2,$280 B,17,LSXMK,Liberty SiriusXM Series C,0.0055000000000000005
BRK,2024Q2,2024   Q2,$280 B,18,NU,Nu Holdings Ltd,0.0049
BRK,2024Q2,2024   Q2,$280 B,19,COF,Capital One Financial,0.0049
BRK,2024Q2,2024   Q2,$280 B,20,AON,Aon Plc,0.0043
BRK,2024Q1,2024   Q1,$331.7 B,1,AAPL,Apple Inc.,0.4081
BRK,2024Q1,2024   Q1,$331.7 B,2,BAC,Bank of America Corp.,0.11810000000000001
BRK,2024Q1,2024   Q1,$331.7 B,3,AXP,American Express,0.1041
BRK,2024Q1,2024   Q1,$331.7 B,4,KO,Coca Cola Co.,0.0738
BRK,2024Q1,2024   Q1,$331.7 B,5,CVX,Chevron Corp.,0.058499999999999996
BRK,2024Q1,2024   Q1,$331.7 B,6,OXY,Occidental Petroleum,0.048600000000000004
BRK,2024Q1,2024   Q1,$331.7 B,7,KHC,Kraft Heinz Co.,0.0362
BRK,2024Q1,2024   Q1,$331.7 B,8,MCO,Moody's Corp.,0.0292
BRK,2024Q1,2024   Q1,$331.7 B,9,CB,Chubb Limited,0.0203
BRK,2024Q1,2024   Q1,$331.7 B,10,DVA,DaVita HealthCare Partners,0.015
BRK,2024Q1,2024   Q1,$331.7 B,11,C,Citigroup Inc.,0.0105
BRK,2024Q1,2024   Q1,$331.7 B,12,KR,Kroger Co.,0.0086
BRK,2024Q1,2024   Q1,$331.7 B,13,VRSN,Verisign Inc.,0.0073
BRK,2024Q1,2024   Q1,$331.7 B,14,V,Visa Inc.,0.006999999999999999
BRK,2024Q1,2024   Q1,$331.7 B,15,LSXMK,Liberty SiriusXM Series C,0.0059
BRK,2024Q1,2024   Q1,$331.7 B,16,MA,Mastercard Inc.,0.0058
BRK,2024Q1,2024   Q1,$331.7 B,17,COF,Capital One Financial,0.005600000000000001
BRK,2024Q1,2024   Q1,$331.7 B,18,AMZN,Amazon.com Inc.,0.0054
BRK,2024Q1,2024   Q1,$331.7 B,19,AON,Aon Plc,0.0040999999999999995
BRK,2024Q1,2024   Q1,$331.7 B,20,NU,Nu Holdings Ltd,0.0039000000000000003
BRK,2023Q4,2023   Q4,$351.9 B,1,AAPL,Apple Inc.,0.4954
BRK,2023Q4,2023   Q4,$351.9 B,2,BAC,Bank of America Corp.,0.09880000000000001
BRK,2023Q4,2023   Q4,$351.9 B,3,AXP,American Express,0.08070000000000001
BRK,2023Q4,2023   Q4,$351.9 B,4,KO,Coca Cola Co.,0.067
BRK,2023Q4,2023   Q4,$351.9 B,5,CVX,Chevron Corp.,0.053399999999999996
BRK,2023Q4,2023   Q4,$351.9 B,6,OXY,Occidental Petroleum,0.0414
BRK,2023Q4,2023   Q4,$351.9 B,7,KHC,Kraft Heinz Co.,0.0342
BRK,2023Q4,2023   Q4,$351.9 B,8,MCO,Moody's Corp.,0.0274
BRK,2023Q4,2023   Q4,$351.9 B,9,CB,Chubb Limited,0.0129
BRK,2023Q4,2023   Q4,$351.9 B,10,DVA,DaVita HealthCare Partners,0.010700000000000001
BRK,2023Q4,2023   Q4,$351.9 B,11,C,Citigroup Inc.,0.008100000000000001
BRK,2023Q4,2023   Q4,$351.9 B,12,VRSN,Verisign Inc.,0.0075
BRK,2023Q4,2023   Q4,$351.9 B,13,KR,Kroger Co.,0.006500000000000001
BRK,2023Q4,2023   Q4,$351.9 B,14,V,Visa Inc.,0.0060999999999999995
BRK,2023Q4,2023   Q4,$351.9 B,15,MA,Mastercard Inc.,0.0048
BRK,2023Q4,2023   Q4,$351.9 B,16,COF,Capital One Financial,0.0046
BRK,2023Q4,2023   Q4,$351.9 B,17,AMZN,Amazon.com Inc.,0.0043
BRK,2023Q4,2023   Q4,$351.9 B,18,CHTR,Charter Communications,0.0042
BRK,2023Q4,2023   Q4,$351.9 B,19,LSXMK,Liberty SiriusXM Series C,0.0034999999999999996
BRK,2023Q4,2023   Q4,$351.9 B,20,SNOW,Snowflake Inc.,0.0034999999999999996
BRK,2023Q3,2023   Q3,$315 B,1,AAPL,Apple Inc.,0.49770000000000003
BRK,2023Q3,2023   Q3,$315 B,2,BAC,Bank of America Corp.,0.0898
BRK,2023Q3,2023   Q3,$315 B,3,AXP,American Express,0.0718
BRK,2023Q3,2023   Q3,$315 B,4,KO,Coca Cola Co.,0.0711
BRK,2023Q3,2023   Q3,$315 B,5,CVX,Chevron Corp.,0.059000000000000004
BRK,2023Q3,2023   Q3,$315 B,6,OXY,Occidental Petroleum,0.0462
BRK,2023Q3,2023   Q3,$315 B,7,KHC,Kraft Heinz Co.,0.0348
BRK,2023Q3,2023   Q3,$315 B,8,MCO,Moody's Corp.,0.0248
BRK,2023Q3,2023   Q3,$315 B,9,DVA,DaVita HealthCare Partners,0.0108
BRK,2023Q3,2023   Q3,$315 B,10,HPQ,HP Inc.,0.0084
BRK,2023Q3,2023   Q3,$315 B,11,VRSN,Verisign Inc.,0.008199999999999999
BRK,2023Q3,2023   Q3,$315 B,12,C,Citigroup Inc.,0.0072
BRK,2023Q3,2023   Q3,$315 B,13,KR,Kroger Co.,0.0070999999999999995
BRK,2023Q3,2023   Q3,$315 B,14,V,Visa Inc.,0.0060999999999999995
BRK,2023Q3,2023   Q3,$315 B,15,CB,Chubb Limited,0.0054
BRK,2023Q3,2023   Q3,$315 B,16,CHTR,Charter Communications,0.0053
BRK,2023Q3,2023   Q3,$315 B,17,MA,Mastercard Inc.,0.005
BRK,2023Q3,2023   Q3,$315 B,18,AON,Aon Plc,0.0042
BRK,2023Q3,2023   Q3,$315 B,19,AMZN,Amazon.com Inc.,0.004
BRK,2023Q3,2023   Q3,$315 B,20,PARA-OLD,Paramount Global CL B,0.0038
BRK,2023Q2,2023   Q2,$348.2 B,1,AAPL,Apple Inc.,0.51
BRK,2023Q2,2023   Q2,$348.2 B,2,BAC,Bank of America Corp.,0.0851
BRK,2023Q2,2023   Q2,$348.2 B,3,AXP,American Express,0.0759
BRK,2023Q2,2023   Q2,$348.2 B,4,KO,Coca Cola Co.,0.0692
BRK,2023Q2,2023   Q2,$348.2 B,5,CVX,Chevron Corp.,0.0556
BRK,2023Q2,2023   Q2,$348.2 B,6,OXY,Occidental Petroleum,0.0378
BRK,2023Q2,2023   Q2,$348.2 B,7,KHC,Kraft Heinz Co.,0.0332
BRK,2023Q2,2023   Q2,$348.2 B,8,MCO,Moody's Corp.,0.0246
BRK,2023Q2,2023   Q2,$348.2 B,9,HPQ,HP Inc.,0.010700000000000001
BRK,2023Q2,2023   Q2,$348.2 B,10,DVA,DaVita HealthCare Partners,0.0104
BRK,2023Q2,2023   Q2,$348.2 B,11,VRSN,Verisign Inc.,0.0083
BRK,2023Q2,2023   Q2,$348.2 B,12,C,Citigroup Inc.,0.0073
BRK,2023Q2,2023   Q2,$348.2 B,13,KR,Kroger Co.,0.0067
BRK,2023Q2,2023   Q2,$348.2 B,14,V,Visa Inc.,0.005699999999999999
BRK,2023Q2,2023   Q2,$348.2 B,15,MA,Mastercard Inc.,0.0045000000000000005
BRK,2023Q2,2023   Q2,$348.2 B,16,PARA-OLD,Paramount Global CL B,0.0043
BRK,2023Q2,2023   Q2,$348.2 B,17,AON,Aon Plc,0.0043
BRK,2023Q2,2023   Q2,$348.2 B,18,LSXMK,Liberty SiriusXM Series C,0.0040999999999999995
BRK,2023Q2,2023   Q2,$348.2 B,19,CHTR,Charter Communications,0.004
BRK,2023Q2,2023   Q2,$348.2 B,20,AMZN,Amazon.com Inc.,0.004
BRK,2023Q1,2023   Q1,$325.1 B,1,AAPL,Apple Inc.,0.4644
BRK,2023Q1,2023   Q1,$325.1 B,2,BAC,Bank of America Corp.,0.0909
BRK,2023Q1,2023   Q1,$325.1 B,3,AXP,American Express,0.07690000000000001
BRK,2023Q1,2023   Q1,$325.1 B,4,KO,Coca Cola Co.,0.07629999999999999
BRK,2023Q1,2023   Q1,$325.1 B,5,CVX,Chevron Corp.,0.0665
BRK,2023Q1,2023   Q1,$325.1 B,6,OXY,Occidental Petroleum,0.0407
BRK,2023Q1,2023   Q1,$325.1 B,7,KHC,Kraft Heinz Co.,0.0387
BRK,2023Q1,2023   Q1,$325.1 B,8,MCO,Moody's Corp.,0.0232
BRK,2023Q1,2023   Q1,$325.1 B,9,ATVI,Activision Blizzard Inc.,0.013000000000000001
BRK,2023Q1,2023   Q1,$325.1 B,10,HPQ,HP Inc.,0.0109
BRK,2023Q1,2023   Q1,$325.1 B,11,DVA,DaVita HealthCare Partners,0.009000000000000001
BRK,2023Q1,2023   Q1,$325.1 B,12,VRSN,Verisign Inc.,0.0083
BRK,2023Q1,2023   Q1,$325.1 B,13,C,Citigroup Inc.,0.008
BRK,2023Q1,2023   Q1,$325.1 B,14,KR,Kroger Co.,0.0076
BRK,2023Q1,2023   Q1,$325.1 B,15,PARA-OLD,Paramount Global CL B,0.0064
BRK,2023Q1,2023   Q1,$325.1 B,16,V,Visa Inc.,0.0058
BRK,2023Q1,2023   Q1,$325.1 B,17,GM,General Motors,0.0045000000000000005
BRK,2023Q1,2023   Q1,$325.1 B,18,MA,Mastercard Inc.,0.0045000000000000005
BRK,2023Q1,2023   Q1,$325.1 B,19,CHTR,Charter Communications,0.0042
BRK,2023Q1,2023   Q1,$325.1 B,20,AON,Aon Plc,0.0042
BRK,2022Q4,2022   Q4,$299 B,1,AAPL,Apple Inc.,0.389
BRK,2022Q4,2022   Q4,$299 B,2,BAC,Bank of America Corp.,0.1119
BRK,2022Q4,2022   Q4,$299 B,3,CVX,Chevron Corp.,0.0978
BRK,2022Q4,2022   Q4,$299 B,4,KO,Coca Cola Co.,0.0851
BRK,2022Q4,2022   Q4,$299 B,5,AXP,American Express,0.07490000000000001
BRK,2022Q4,2022   Q4,$299 B,6,KHC,Kraft Heinz Co.,0.0443
BRK,2022Q4,2022   Q4,$299 B,7,OXY,Occidental Petroleum,0.0409
BRK,2022Q4,2022   Q4,$299 B,8,MCO,Moody's Corp.,0.023
BRK,2022Q4,2022   Q4,$299 B,9,ATVI,Activision Blizzard Inc.,0.013500000000000002
BRK,2022Q4,2022   Q4,$299 B,10,HPQ,HP Inc.,0.009399999999999999
BRK,2022Q4,2022   Q4,$299 B,11,DVA,DaVita HealthCare Partners,0.009000000000000001
BRK,2022Q4,2022   Q4,$299 B,12,VRSN,Verisign Inc.,0.0088
BRK,2022Q4,2022   Q4,$299 B,13,C,Citigroup Inc.,0.0083
BRK,2022Q4,2022   Q4,$299 B,14,KR,Kroger Co.,0.0075
BRK,2022Q4,2022   Q4,$299 B,15,V,Visa Inc.,0.0058
BRK,2022Q4,2022   Q4,$299 B,16,LSXMK,Liberty SiriusXM Series C,0.005699999999999999
BRK,2022Q4,2022   Q4,$299 B,17,GM,General Motors,0.005600000000000001
BRK,2022Q4,2022   Q4,$299 B,18,PARA-OLD,Paramount Global CL B,0.0053
BRK,2022Q4,2022   Q4,$299 B,19,MA,Mastercard Inc.,0.0046
BRK,2022Q4,2022   Q4,$299 B,20,AON,Aon Plc,0.0044
BRK,2022Q3,2022   Q3,$296.1 B,1,AAPL,Apple Inc.,0.41759999999999997
BRK,2022Q3,2022   Q3,$296.1 B,2,BAC,Bank of America Corp.,0.10300000000000001
BRK,2022Q3,2022   Q3,$296.1 B,3,CVX,Chevron Corp.,0.0802
BRK,2022Q3,2022   Q3,$296.1 B,4,KO,Coca Cola Co.,0.0757
BRK,2022Q3,2022   Q3,$296.1 B,5,AXP,American Express,0.0691
BRK,2022Q3,2022   Q3,$296.1 B,6,OXY,Occidental Petroleum,0.0403
BRK,2022Q3,2022   Q3,$296.1 B,7,KHC,Kraft Heinz Co.,0.036699999999999997
BRK,2022Q3,2022   Q3,$296.1 B,8,MCO,Moody's Corp.,0.0203
BRK,2022Q3,2022   Q3,$296.1 B,9,ATVI,Activision Blizzard Inc.,0.0151
BRK,2022Q3,2022   Q3,$296.1 B,10,TSM,Taiwan Semiconductor S.A.,0.0139
BRK,2022Q3,2022   Q3,$296.1 B,11,USB,U.S. Bancorp,0.0106
BRK,2022Q3,2022   Q3,$296.1 B,12,DVA,DaVita HealthCare Partners,0.0101
BRK,2022Q3,2022   Q3,$296.1 B,13,HPQ,HP Inc.,0.0088
BRK,2022Q3,2022   Q3,$296.1 B,14,BNY,Bank of New York Mellon Corp.,0.008100000000000001
BRK,2022Q3,2022   Q3,$296.1 B,15,C,Citigroup Inc.,0.0078000000000000005
BRK,2022Q3,2022   Q3,$296.1 B,16,VRSN,Verisign Inc.,0.0075
BRK,2022Q3,2022   Q3,$296.1 B,17,KR,Kroger Co.,0.0074
BRK,2022Q3,2022   Q3,$296.1 B,18,PARA-OLD,Paramount Global CL B,0.0059
BRK,2022Q3,2022   Q3,$296.1 B,19,LSXMK,Liberty SiriusXM Series C,0.0055000000000000005
BRK,2022Q3,2022   Q3,$296.1 B,20,GM,General Motors,0.0054
BRK,2022Q2,2022   Q2,$300.1 B,1,AAPL,Apple Inc.,0.40759999999999996
BRK,2022Q2,2022   Q2,$300.1 B,2,BAC,Bank of America Corp.,0.1048
BRK,2022Q2,2022   Q2,$300.1 B,3,KO,Coca Cola Co.,0.08380000000000001
BRK,2022Q2,2022   Q2,$300.1 B,4,CVX,Chevron Corp.,0.0779
BRK,2022Q2,2022   Q2,$300.1 B,5,AXP,American Express,0.07
BRK,2022Q2,2022   Q2,$300.1 B,6,KHC,Kraft Heinz Co.,0.0414
BRK,2022Q2,2022   Q2,$300.1 B,7,OXY,Occidental Petroleum,0.0311
BRK,2022Q2,2022   Q2,$300.1 B,8,MCO,Moody's Corp.,0.022400000000000003
BRK,2022Q2,2022   Q2,$300.1 B,9,USB,U.S. Bancorp,0.0184
BRK,2022Q2,2022   Q2,$300.1 B,10,ATVI,Activision Blizzard Inc.,0.0177
BRK,2022Q2,2022   Q2,$300.1 B,11,HPQ,HP Inc.,0.011399999999999999
BRK,2022Q2,2022   Q2,$300.1 B,12,BNY,Bank of New York Mellon Corp.,0.0101
BRK,2022Q2,2022   Q2,$300.1 B,13,DVA,DaVita HealthCare Partners,0.0096
BRK,2022Q2,2022   Q2,$300.1 B,14,C,Citigroup Inc.,0.0085
BRK,2022Q2,2022   Q2,$300.1 B,15,KR,Kroger Co.,0.0083
BRK,2022Q2,2022   Q2,$300.1 B,16,VRSN,Verisign Inc.,0.0070999999999999995
BRK,2022Q2,2022   Q2,$300.1 B,17,PARA-OLD,Paramount Global CL B,0.0064
BRK,2022Q2,2022   Q2,$300.1 B,18,CHTR,Charter Communications,0.006
BRK,2022Q2,2022   Q2,$300.1 B,19,GM,General Motors,0.005600000000000001
BRK,2022Q2,2022   Q2,$300.1 B,20,V,Visa Inc.,0.0054
BRK,2022Q1,2022   Q1,$363.6 B,1,AAPL,Apple Inc.,0.4279
BRK,2022Q1,2022   Q1,$363.6 B,2,BAC,Bank of America Corp.,0.11449999999999999
BRK,2022Q1,2022   Q1,$363.6 B,3,AXP,American Express,0.078
BRK,2022Q1,2022   Q1,$363.6 B,4,CVX,Chevron Corp.,0.0713
BRK,2022Q1,2022   Q1,$363.6 B,5,KO,Coca Cola Co.,0.0682
BRK,2022Q1,2022   Q1,$363.6 B,6,KHC,Kraft Heinz Co.,0.0353
BRK,2022Q1,2022   Q1,$363.6 B,7,MCO,Moody's Corp.,0.0229
BRK,2022Q1,2022   Q1,$363.6 B,8,OXY,Occidental Petroleum,0.0213
BRK,2022Q1,2022   Q1,$363.6 B,9,USB,U.S. Bancorp,0.018500000000000003
BRK,2022Q1,2022   Q1,$363.6 B,10,ATVI,Activision Blizzard Inc.,0.014199999999999999
BRK,2022Q1,2022   Q1,$363.6 B,11,DVA,DaVita HealthCare Partners,0.011200000000000002
BRK,2022Q1,2022   Q1,$363.6 B,12,HPQ,HP Inc.,0.0104
BRK,2022Q1,2022   Q1,$363.6 B,13,BNY,Bank of New York Mellon Corp.,0.009899999999999999
BRK,2022Q1,2022   Q1,$363.6 B,14,KR,Kroger Co.,0.0092
BRK,2022Q1,2022   Q1,$363.6 B,15,C,Citigroup Inc.,0.008100000000000001
BRK,2022Q1,2022   Q1,$363.6 B,16,VRSN,Verisign Inc.,0.0078000000000000005
BRK,2022Q1,2022   Q1,$363.6 B,17,GM,General Motors,0.0075
BRK,2022Q1,2022   Q1,$363.6 B,18,PARA-OLD,Paramount Global CL B,0.0072
BRK,2022Q1,2022   Q1,$363.6 B,19,CHTR,Charter Communications,0.005699999999999999
BRK,2022Q1,2022   Q1,$363.6 B,20,LSXMK,Liberty SiriusXM Series C,0.0054
BRK,2021Q4,2021   Q4,$331 B,1,AAPL,Apple Inc.,0.47600000000000003
BRK,2021Q4,2021   Q4,$331 B,2,BAC,Bank of America Corp.,0.1358
BRK,2021Q4,2021   Q4,$331 B,3,AXP,American Express,0.07490000000000001
BRK,2021Q4,2021   Q4,$331 B,4,KO,Coca Cola Co.,0.0716
BRK,2021Q4,2021   Q4,$331 B,5,KHC,Kraft Heinz Co.,0.0353
BRK,2021Q4,2021   Q4,$331 B,6,MCO,Moody's Corp.,0.0291
BRK,2021Q4,2021   Q4,$331 B,7,VZ,Verizon Communications,0.024900000000000002
BRK,2021Q4,2021   Q4,$331 B,8,USB,U.S. Bancorp,0.0215
BRK,2021Q4,2021   Q4,$331 B,9,CVX,Chevron Corp.,0.013600000000000001
BRK,2021Q4,2021   Q4,$331 B,10,BNY,Bank of New York Mellon Corp.,0.0127
BRK,2021Q4,2021   Q4,$331 B,11,DVA,DaVita HealthCare Partners,0.0124
BRK,2021Q4,2021   Q4,$331 B,12,GM,General Motors,0.0106
BRK,2021Q4,2021   Q4,$331 B,13,VRSN,Verisign Inc.,0.0098
BRK,2021Q4,2021   Q4,$331 B,14,KR,Kroger Co.,0.0084
BRK,2021Q4,2021   Q4,$331 B,15,CHTR,Charter Communications,0.0075
BRK,2021Q4,2021   Q4,$331 B,16,LSXMK,Liberty SiriusXM Series C,0.0066
BRK,2021Q4,2021   Q4,$331 B,17,SNOW,Snowflake Inc.,0.0063
BRK,2021Q4,2021   Q4,$331 B,18,V,Visa Inc.,0.0054
BRK,2021Q4,2021   Q4,$331 B,19,AMZN,Amazon.com Inc.,0.0054
BRK,2021Q4,2021   Q4,$331 B,20,MA,Mastercard Inc.,0.0043
BRK,2021Q3,2021   Q3,$293.4 B,1,AAPL,Apple Inc.,0.4278
BRK,2021Q3,2021   Q3,$293.4 B,2,BAC,Bank of America Corp.,0.1461
BRK,2021Q3,2021   Q3,$293.4 B,3,AXP,American Express,0.0866
BRK,2021Q3,2021   Q3,$293.4 B,4,KO,Coca Cola Co.,0.07150000000000001
BRK,2021Q3,2021   Q3,$293.4 B,5,KHC,Kraft Heinz Co.,0.0409
BRK,2021Q3,2021   Q3,$293.4 B,6,MCO,Moody's Corp.,0.029900000000000003
BRK,2021Q3,2021   Q3,$293.4 B,7,VZ,Verizon Communications,0.0292
BRK,2021Q3,2021   Q3,$293.4 B,8,USB,U.S. Bancorp,0.0256
BRK,2021Q3,2021   Q3,$293.4 B,9,DVA,DaVita HealthCare Partners,0.0143
BRK,2021Q3,2021   Q3,$293.4 B,10,BNY,Bank of New York Mellon Corp.,0.0128
BRK,2021Q3,2021   Q3,$293.4 B,11,GM,General Motors,0.0108
BRK,2021Q3,2021   Q3,$293.4 B,12,CHTR,Charter Communications,0.0104
BRK,2021Q3,2021   Q3,$293.4 B,13,CVX,Chevron Corp.,0.009899999999999999
BRK,2021Q3,2021   Q3,$293.4 B,14,VRSN,Verisign Inc.,0.009000000000000001
BRK,2021Q3,2021   Q3,$293.4 B,15,KR,Kroger Co.,0.0085
BRK,2021Q3,2021   Q3,$293.4 B,16,V,Visa Inc.,0.0073
BRK,2021Q3,2021   Q3,$293.4 B,17,LSXMK,Liberty SiriusXM Series C,0.006999999999999999
BRK,2021Q3,2021   Q3,$293.4 B,18,SNOW,Snowflake Inc.,0.0063
BRK,2021Q3,2021   Q3,$293.4 B,19,AMZN,Amazon.com Inc.,0.006
BRK,2021Q3,2021   Q3,$293.4 B,20,ABBV,AbbVie Inc.,0.0053
BRK,2021Q2,2021   Q2,$293 B,1,AAPL,Apple Inc.,0.4146
BRK,2021Q2,2021   Q2,$293 B,2,BAC,Bank of America Corp.,0.1421
BRK,2021Q2,2021   Q2,$293 B,3,AXP,American Express,0.0855
BRK,2021Q2,2021   Q2,$293 B,4,KO,Coca Cola Co.,0.0739
BRK,2021Q2,2021   Q2,$293 B,5,KHC,Kraft Heinz Co.,0.0453
BRK,2021Q2,2021   Q2,$293 B,6,MCO,Moody's Corp.,0.0305
BRK,2021Q2,2021   Q2,$293 B,7,VZ,Verizon Communications,0.0304
BRK,2021Q2,2021   Q2,$293 B,8,USB,U.S. Bancorp,0.025099999999999997
BRK,2021Q2,2021   Q2,$293 B,9,DVA,DaVita HealthCare Partners,0.0148
BRK,2021Q2,2021   Q2,$293 B,10,CHTR,Charter Communications,0.0128
BRK,2021Q2,2021   Q2,$293 B,11,BNY,Bank of New York Mellon Corp.,0.0127
BRK,2021Q2,2021   Q2,$293 B,12,GM,General Motors,0.0121
BRK,2021Q2,2021   Q2,$293 B,13,VRSN,Verisign Inc.,0.01
BRK,2021Q2,2021   Q2,$293 B,14,CVX,Chevron Corp.,0.0083
BRK,2021Q2,2021   Q2,$293 B,15,KR,Kroger Co.,0.008100000000000001
BRK,2021Q2,2021   Q2,$293 B,16,V,Visa Inc.,0.008
BRK,2021Q2,2021   Q2,$293 B,17,ABBV,AbbVie Inc.,0.0079
BRK,2021Q2,2021   Q2,$293 B,18,LSXMK,Liberty SiriusXM Series C,0.0068000000000000005
BRK,2021Q2,2021   Q2,$293 B,19,AMZN,Amazon.com Inc.,0.0063
BRK,2021Q2,2021   Q2,$293 B,20,BMY,Bristol-Myers Squibb,0.006
BRK,2021Q1,2021   Q1,$270.4 B,1,AAPL,Apple Inc.,0.4007
BRK,2021Q1,2021   Q1,$270.4 B,2,BAC,Bank of America Corp.,0.1445
BRK,2021Q1,2021   Q1,$270.4 B,3,AXP,American Express,0.0793
BRK,2021Q1,2021   Q1,$270.4 B,4,KO,Coca Cola Co.,0.078
BRK,2021Q1,2021   Q1,$270.4 B,5,KHC,Kraft Heinz Co.,0.0482
BRK,2021Q1,2021   Q1,$270.4 B,6,VZ,Verizon Communications,0.0342
BRK,2021Q1,2021   Q1,$270.4 B,7,MCO,Moody's Corp.,0.027200000000000002
BRK,2021Q1,2021   Q1,$270.4 B,8,USB,U.S. Bancorp,0.0265
BRK,2021Q1,2021   Q1,$270.4 B,9,DVA,DaVita HealthCare Partners,0.0144
BRK,2021Q1,2021   Q1,$270.4 B,10,GM,General Motors,0.014199999999999999
BRK,2021Q1,2021   Q1,$270.4 B,11,BNY,Bank of New York Mellon Corp.,0.0127
BRK,2021Q1,2021   Q1,$270.4 B,12,CHTR,Charter Communications,0.011899999999999999
BRK,2021Q1,2021   Q1,$270.4 B,13,VRSN,Verisign Inc.,0.009399999999999999
BRK,2021Q1,2021   Q1,$270.4 B,14,ABBV,AbbVie Inc.,0.0092
BRK,2021Q1,2021   Q1,$270.4 B,15,CVX,Chevron Corp.,0.0092
BRK,2021Q1,2021   Q1,$270.4 B,16,V,Visa Inc.,0.0078000000000000005
BRK,2021Q1,2021   Q1,$270.4 B,17,BMY,Bristol-Myers Squibb,0.0072
BRK,2021Q1,2021   Q1,$270.4 B,18,LSXMK,Liberty SiriusXM Series C,0.006999999999999999
BRK,2021Q1,2021   Q1,$270.4 B,19,KR,Kroger Co.,0.0068000000000000005
BRK,2021Q1,2021   Q1,$270.4 B,20,AMZN,Amazon.com Inc.,0.0060999999999999995
BRK,2020Q4,2020   Q4,$269.9 B,1,AAPL,Apple Inc.,0.4361
BRK,2020Q4,2020   Q4,$269.9 B,2,BAC,Bank of America Corp.,0.1134
BRK,2020Q4,2020   Q4,$269.9 B,3,KO,Coca Cola Co.,0.08130000000000001
BRK,2020Q4,2020   Q4,$269.9 B,4,AXP,American Express,0.0679
BRK,2020Q4,2020   Q4,$269.9 B,5,KHC,Kraft Heinz Co.,0.0418
BRK,2020Q4,2020   Q4,$269.9 B,6,VZ,Verizon Communications,0.0319
BRK,2020Q4,2020   Q4,$269.9 B,7,MCO,Moody's Corp.,0.0265
BRK,2020Q4,2020   Q4,$269.9 B,8,USB,U.S. Bancorp,0.0226
BRK,2020Q4,2020   Q4,$269.9 B,9,DVA,DaVita HealthCare Partners,0.015700000000000002
BRK,2020Q4,2020   Q4,$269.9 B,10,CVX,Chevron Corp.,0.0152
BRK,2020Q4,2020   Q4,$269.9 B,11,CHTR,Charter Communications,0.0128
BRK,2020Q4,2020   Q4,$269.9 B,12,BNY,Bank of New York Mellon Corp.,0.011399999999999999
BRK,2020Q4,2020   Q4,$269.9 B,13,GM,General Motors,0.011200000000000002
BRK,2020Q4,2020   Q4,$269.9 B,14,VRSN,Verisign Inc.,0.0103
BRK,2020Q4,2020   Q4,$269.9 B,15,ABBV,AbbVie Inc.,0.0101
BRK,2020Q4,2020   Q4,$269.9 B,16,MRK,Merck & Co.,0.0087
BRK,2020Q4,2020   Q4,$269.9 B,17,V,Visa Inc.,0.008100000000000001
BRK,2020Q4,2020   Q4,$269.9 B,18,BMY,Bristol-Myers Squibb,0.0077
BRK,2020Q4,2020   Q4,$269.9 B,19,LSXMK,Liberty SiriusXM Series C,0.006999999999999999
BRK,2020Q4,2020   Q4,$269.9 B,20,SNOW,Snowflake Inc.,0.0064
BRK,2020Q3,2020   Q3,$235.9 B,1,AAPL,Apple Inc.,0.4635
BRK,2020Q3,2020   Q3,$235.9 B,2,BAC,Bank of America Corp.,0.10310000000000001
BRK,2020Q3,2020   Q3,$235.9 B,3,KO,Coca Cola Co.,0.0837
BRK,2020Q3,2020   Q3,$235.9 B,4,AXP,American Express,0.0644
BRK,2020Q3,2020   Q3,$235.9 B,5,KHC,Kraft Heinz Co.,0.041299999999999996
BRK,2020Q3,2020   Q3,$235.9 B,6,MCO,Moody's Corp.,0.030299999999999997
BRK,2020Q3,2020   Q3,$235.9 B,7,USB,U.S. Bancorp,0.020099999999999996
BRK,2020Q3,2020   Q3,$235.9 B,8,VZ,Verizon Communications,0.0147
BRK,2020Q3,2020   Q3,$235.9 B,9,CHTR,Charter Communications,0.0138
BRK,2020Q3,2020   Q3,$235.9 B,10,CVX,Chevron Corp.,0.013500000000000002
BRK,2020Q3,2020   Q3,$235.9 B,11,DVA,DaVita HealthCare Partners,0.0131
BRK,2020Q3,2020   Q3,$235.9 B,12,WFC,Wells Fargo,0.0127
BRK,2020Q3,2020   Q3,$235.9 B,13,VRSN,Verisign Inc.,0.0111
BRK,2020Q3,2020   Q3,$235.9 B,14,BNY,Bank of New York Mellon Corp.,0.0105
BRK,2020Q3,2020   Q3,$235.9 B,15,GM,General Motors,0.01
BRK,2020Q3,2020   Q3,$235.9 B,16,V,Visa Inc.,0.0085
BRK,2020Q3,2020   Q3,$235.9 B,17,ABBV,AbbVie Inc.,0.0079
BRK,2020Q3,2020   Q3,$235.9 B,18,MRK,Merck & Co.,0.0079
BRK,2020Q3,2020   Q3,$235.9 B,19,BMY,Bristol-Myers Squibb,0.0077
BRK,2020Q3,2020   Q3,$235.9 B,20,AMZN,Amazon.com Inc.,0.0070999999999999995
BRK,2020Q2,2020   Q2,$202.4 B,1,AAPL,Apple Inc.,0.44179999999999997
BRK,2020Q2,2020   Q2,$202.4 B,2,BAC,Bank of America Corp.,0.1085
BRK,2020Q2,2020   Q2,$202.4 B,3,KO,Coca Cola Co.,0.0883
BRK,2020Q2,2020   Q2,$202.4 B,4,AXP,American Express,0.0713
BRK,2020Q2,2020   Q2,$202.4 B,5,KHC,Kraft Heinz Co.,0.0513
BRK,2020Q2,2020   Q2,$202.4 B,6,MCO,Moody's Corp.,0.0335
BRK,2020Q2,2020   Q2,$202.4 B,7,WFC,Wells Fargo,0.03
BRK,2020Q2,2020   Q2,$202.4 B,8,USB,U.S. Bancorp,0.024
BRK,2020Q2,2020   Q2,$202.4 B,9,DVA,DaVita HealthCare Partners,0.0149
BRK,2020Q2,2020   Q2,$202.4 B,10,BNY,Bank of New York Mellon Corp.,0.0138
BRK,2020Q2,2020   Q2,$202.4 B,11,CHTR,Charter Communications,0.0131
BRK,2020Q2,2020   Q2,$202.4 B,12,VRSN,Verisign Inc.,0.0131
BRK,2020Q2,2020   Q2,$202.4 B,13,JPM,JPMorgan Chase & Co.,0.0103
BRK,2020Q2,2020   Q2,$202.4 B,14,V,Visa Inc.,0.0095
BRK,2020Q2,2020   Q2,$202.4 B,15,GM,General Motors,0.009300000000000001
BRK,2020Q2,2020   Q2,$202.4 B,16,LSXMK,Liberty SiriusXM Series C,0.0074
BRK,2020Q2,2020   Q2,$202.4 B,17,AMZN,Amazon.com Inc.,0.0073
BRK,2020Q2,2020   Q2,$202.4 B,18,MA,Mastercard Inc.,0.0067
BRK,2020Q2,2020   Q2,$202.4 B,19,COST,Costco Co.,0.006500000000000001
BRK,2020Q2,2020   Q2,$202.4 B,20,KR,Kroger Co.,0.0037
BRK,2020Q1,2020   Q1,$175.5 B,1,AAPL,Apple Inc.,0.3552
BRK,2020Q1,2020   Q1,$175.5 B,2,BAC,Bank of America Corp.,0.1119
BRK,2020Q1,2020   Q1,$175.5 B,3,KO,Coca Cola Co.,0.1008
BRK,2020Q1,2020   Q1,$175.5 B,4,AXP,American Express,0.0739
BRK,2020Q1,2020   Q1,$175.5 B,5,WFC,Wells Fargo,0.0528
BRK,2020Q1,2020   Q1,$175.5 B,6,KHC,Kraft Heinz Co.,0.045899999999999996
BRK,2020Q1,2020   Q1,$175.5 B,7,MCO,Moody's Corp.,0.0297
BRK,2020Q1,2020   Q1,$175.5 B,8,JPM,JPMorgan Chase & Co.,0.0296
BRK,2020Q1,2020   Q1,$175.5 B,9,USB,U.S. Bancorp,0.026000000000000002
BRK,2020Q1,2020   Q1,$175.5 B,10,DVA,DaVita HealthCare Partners,0.0165
BRK,2020Q1,2020   Q1,$175.5 B,11,BNY,Bank of New York Mellon Corp.,0.015300000000000001
BRK,2020Q1,2020   Q1,$175.5 B,12,CHTR,Charter Communications,0.013500000000000002
BRK,2020Q1,2020   Q1,$175.5 B,13,VRSN,Verisign Inc.,0.0131
BRK,2020Q1,2020   Q1,$175.5 B,14,DAL,Delta Air Lines Inc.,0.011699999999999999
BRK,2020Q1,2020   Q1,$175.5 B,15,LUV,Southwest Airlines,0.0109
BRK,2020Q1,2020   Q1,$175.5 B,16,V,Visa Inc.,0.0097
BRK,2020Q1,2020   Q1,$175.5 B,17,GM,General Motors,0.0088
BRK,2020Q1,2020   Q1,$175.5 B,18,COST,Costco Co.,0.006999999999999999
BRK,2020Q1,2020   Q1,$175.5 B,19,MA,Mastercard Inc.,0.0068000000000000005
BRK,2020Q1,2020   Q1,$175.5 B,20,AMZN,Amazon.com Inc.,0.0059
BRK,2019Q4,2019   Q4,$242.1 B,1,AAPL,Apple Inc.,0.2974
BRK,2019Q4,2019   Q4,$242.1 B,2,BAC,Bank of America Corp.,0.1346
BRK,2019Q4,2019   Q4,$242.1 B,3,KO,Coca Cola Co.,0.0915
BRK,2019Q4,2019   Q4,$242.1 B,4,AXP,American Express,0.078
BRK,2019Q4,2019   Q4,$242.1 B,5,WFC,Wells Fargo,0.0718
BRK,2019Q4,2019   Q4,$242.1 B,6,KHC,Kraft Heinz Co.,0.0432
BRK,2019Q4,2019   Q4,$242.1 B,7,JPM,JPMorgan Chase & Co.,0.034300000000000004
BRK,2019Q4,2019   Q4,$242.1 B,8,USB,U.S. Bancorp,0.032400000000000005
BRK,2019Q4,2019   Q4,$242.1 B,9,MCO,Moody's Corp.,0.0242
BRK,2019Q4,2019   Q4,$242.1 B,10,DAL,Delta Air Lines Inc.,0.0171
BRK,2019Q4,2019   Q4,$242.1 B,11,BNY,Bank of New York Mellon Corp.,0.0166
BRK,2019Q4,2019   Q4,$242.1 B,12,DVA,DaVita HealthCare Partners,0.012
BRK,2019Q4,2019   Q4,$242.1 B,13,LUV,Southwest Airlines,0.012
BRK,2019Q4,2019   Q4,$242.1 B,14,GS,Goldman Sachs Group,0.011399999999999999
BRK,2019Q4,2019   Q4,$242.1 B,15,GM,General Motors,0.0113
BRK,2019Q4,2019   Q4,$242.1 B,16,CHTR,Charter Communications,0.0109
BRK,2019Q4,2019   Q4,$242.1 B,17,VRSN,Verisign Inc.,0.0103
BRK,2019Q4,2019   Q4,$242.1 B,18,V,Visa Inc.,0.008199999999999999
BRK,2019Q4,2019   Q4,$242.1 B,19,UAL,United Airlines Holdings Inc.,0.008
BRK,2019Q4,2019   Q4,$242.1 B,20,LSXMK,Liberty SiriusXM Series C,0.0062
BRK,2019Q3,2019   Q3,$214.7 B,1,AAPL,Apple Inc.,0.2596
BRK,2019Q3,2019   Q3,$214.7 B,2,BAC,Bank of America Corp.,0.126
BRK,2019Q3,2019   Q3,$214.7 B,3,KO,Coca Cola Co.,0.1014
BRK,2019Q3,2019   Q3,$214.7 B,4,WFC,Wells Fargo,0.0889
BRK,2019Q3,2019   Q3,$214.7 B,5,AXP,American Express,0.08349999999999999
BRK,2019Q3,2019   Q3,$214.7 B,6,KHC,Kraft Heinz Co.,0.0424
BRK,2019Q3,2019   Q3,$214.7 B,7,USB,U.S. Bancorp,0.0341
BRK,2019Q3,2019   Q3,$214.7 B,8,JPM,JPMorgan Chase & Co.,0.0326
BRK,2019Q3,2019   Q3,$214.7 B,9,MCO,Moody's Corp.,0.0235
BRK,2019Q3,2019   Q3,$214.7 B,10,DAL,Delta Air Lines Inc.,0.019
BRK,2019Q3,2019   Q3,$214.7 B,11,GS,Goldman Sachs Group,0.0177
BRK,2019Q3,2019   Q3,$214.7 B,12,BNY,Bank of New York Mellon Corp.,0.017
BRK,2019Q3,2019   Q3,$214.7 B,13,LUV,Southwest Airlines,0.013500000000000002
BRK,2019Q3,2019   Q3,$214.7 B,14,GM,General Motors,0.0126
BRK,2019Q3,2019   Q3,$214.7 B,15,VRSN,Verisign Inc.,0.011399999999999999
BRK,2019Q3,2019   Q3,$214.7 B,16,CHTR,Charter Communications,0.0104
BRK,2019Q3,2019   Q3,$214.7 B,17,DVA,DaVita HealthCare Partners,0.0103
BRK,2019Q3,2019   Q3,$214.7 B,18,UAL,United Airlines Holdings Inc.,0.009000000000000001
BRK,2019Q3,2019   Q3,$214.7 B,19,V,Visa Inc.,0.0085
BRK,2019Q3,2019   Q3,$214.7 B,20,MA,Mastercard Inc.,0.0062
BRK,2019Q2,2019   Q2,$208.1 B,1,AAPL,Apple Inc.,0.23739999999999997
BRK,2019Q2,2019   Q2,$208.1 B,2,BAC,Bank of America Corp.,0.1292
BRK,2019Q2,2019   Q2,$208.1 B,3,KO,Coca Cola Co.,0.09789999999999999
BRK,2019Q2,2019   Q2,$208.1 B,4,WFC,Wells Fargo,0.0932
BRK,2019Q2,2019   Q2,$208.1 B,5,AXP,American Express,0.08990000000000001
BRK,2019Q2,2019   Q2,$208.1 B,6,KHC,Kraft Heinz Co.,0.048600000000000004
BRK,2019Q2,2019   Q2,$208.1 B,7,USB,U.S. Bancorp,0.0334
BRK,2019Q2,2019   Q2,$208.1 B,8,JPM,JPMorgan Chase & Co.,0.032
BRK,2019Q2,2019   Q2,$208.1 B,9,MCO,Moody's Corp.,0.0232
BRK,2019Q2,2019   Q2,$208.1 B,10,DAL,Delta Air Lines Inc.,0.019299999999999998
BRK,2019Q2,2019   Q2,$208.1 B,11,GS,Goldman Sachs Group,0.018000000000000002
BRK,2019Q2,2019   Q2,$208.1 B,12,BNY,Bank of New York Mellon Corp.,0.0172
BRK,2019Q2,2019   Q2,$208.1 B,13,GM,General Motors,0.0134
BRK,2019Q2,2019   Q2,$208.1 B,14,LUV,Southwest Airlines,0.0131
BRK,2019Q2,2019   Q2,$208.1 B,15,VRSN,Verisign Inc.,0.013000000000000001
BRK,2019Q2,2019   Q2,$208.1 B,16,DVA,DaVita HealthCare Partners,0.0104
BRK,2019Q2,2019   Q2,$208.1 B,17,CHTR,Charter Communications,0.0103
BRK,2019Q2,2019   Q2,$208.1 B,18,UAL,United Airlines Holdings Inc.,0.0092
BRK,2019Q2,2019   Q2,$208.1 B,19,V,Visa Inc.,0.0088
BRK,2019Q2,2019   Q2,$208.1 B,20,AAL,American Airlines Group Inc.,0.0068000000000000005
BRK,2019Q1,2019   Q1,$199.5 B,1,AAPL,Apple Inc.,0.2377
BRK,2019Q1,2019   Q1,$199.5 B,2,BAC,Bank of America Corp.,0.12390000000000001
BRK,2019Q1,2019   Q1,$199.5 B,3,WFC,Wells Fargo,0.0993
BRK,2019Q1,2019   Q1,$199.5 B,4,KO,Coca Cola Co.,0.094
BRK,2019Q1,2019   Q1,$199.5 B,5,AXP,American Express,0.08310000000000001
BRK,2019Q1,2019   Q1,$199.5 B,6,KHC,Kraft Heinz Co.,0.0533
BRK,2019Q1,2019   Q1,$199.5 B,7,USB,U.S. Bancorp,0.031200000000000002
BRK,2019Q1,2019   Q1,$199.5 B,8,JPM,JPMorgan Chase & Co.,0.0302
BRK,2019Q1,2019   Q1,$199.5 B,9,MCO,Moody's Corp.,0.022400000000000003
BRK,2019Q1,2019   Q1,$199.5 B,10,BNY,Bank of New York Mellon Corp.,0.020499999999999997
BRK,2019Q1,2019   Q1,$199.5 B,11,DAL,Delta Air Lines Inc.,0.0184
BRK,2019Q1,2019   Q1,$199.5 B,12,GS,Goldman Sachs Group,0.0177
BRK,2019Q1,2019   Q1,$199.5 B,13,LUV,Southwest Airlines,0.013999999999999999
BRK,2019Q1,2019   Q1,$199.5 B,14,GM,General Motors,0.0134
BRK,2019Q1,2019   Q1,$199.5 B,15,VRSN,Verisign Inc.,0.0118
BRK,2019Q1,2019   Q1,$199.5 B,16,DVA,DaVita HealthCare Partners,0.0105
BRK,2019Q1,2019   Q1,$199.5 B,17,CHTR,Charter Communications,0.009899999999999999
BRK,2019Q1,2019   Q1,$199.5 B,18,UAL,United Airlines Holdings Inc.,0.0088
BRK,2019Q1,2019   Q1,$199.5 B,19,USG,USG Corp.,0.0085
BRK,2019Q1,2019   Q1,$199.5 B,20,V,Visa Inc.,0.0083
BRK,2018Q4,2018   Q4,$183.1 B,1,AAPL,Apple Inc.,0.2151
BRK,2018Q4,2018   Q4,$183.1 B,2,BAC,Bank of America Corp.,0.1206
BRK,2018Q4,2018   Q4,$183.1 B,3,WFC,Wells Fargo,0.1074
BRK,2018Q4,2018   Q4,$183.1 B,4,KO,Coca Cola Co.,0.1035
BRK,2018Q4,2018   Q4,$183.1 B,5,AXP,American Express,0.0789
BRK,2018Q4,2018   Q4,$183.1 B,6,KHC,Kraft Heinz Co.,0.0766
BRK,2018Q4,2018   Q4,$183.1 B,7,USB,U.S. Bancorp,0.0323
BRK,2018Q4,2018   Q4,$183.1 B,8,JPM,JPMorgan Chase & Co.,0.026699999999999998
BRK,2018Q4,2018   Q4,$183.1 B,9,BNY,Bank of New York Mellon Corp.,0.0208
BRK,2018Q4,2018   Q4,$183.1 B,10,MCO,Moody's Corp.,0.0189
BRK,2018Q4,2018   Q4,$183.1 B,11,DAL,Delta Air Lines Inc.,0.0179
BRK,2018Q4,2018   Q4,$183.1 B,12,GS,Goldman Sachs Group,0.0167
BRK,2018Q4,2018   Q4,$183.1 B,13,LUV,Southwest Airlines,0.0139
BRK,2018Q4,2018   Q4,$183.1 B,14,GM,General Motors,0.0132
BRK,2018Q4,2018   Q4,$183.1 B,15,CHTR,Charter Communications,0.0109
BRK,2018Q4,2018   Q4,$183.1 B,16,DVA,DaVita HealthCare Partners,0.0108
BRK,2018Q4,2018   Q4,$183.1 B,17,VRSN,Verisign Inc.,0.0105
BRK,2018Q4,2018   Q4,$183.1 B,18,UAL,United Airlines Holdings Inc.,0.01
BRK,2018Q4,2018   Q4,$183.1 B,19,USG,USG Corp.,0.0091
BRK,2018Q4,2018   Q4,$183.1 B,20,AAL,American Airlines Group Inc.,0.0077
BRK,2018Q3,2018   Q3,$221 B,1,AAPL,Apple Inc.,0.2579
BRK,2018Q3,2018   Q3,$221 B,2,BAC,Bank of America Corp.,0.11689999999999999
BRK,2018Q3,2018   Q3,$221 B,3,WFC,Wells Fargo,0.1052
BRK,2018Q3,2018   Q3,$221 B,4,KO,Coca Cola Co.,0.0836
BRK,2018Q3,2018   Q3,$221 B,5,KHC,Kraft Heinz Co.,0.0812
BRK,2018Q3,2018   Q3,$221 B,6,AXP,American Express,0.073
BRK,2018Q3,2018   Q3,$221 B,7,USB,U.S. Bancorp,0.0298
BRK,2018Q3,2018   Q3,$221 B,8,MCO,Moody's Corp.,0.0187
BRK,2018Q3,2018   Q3,$221 B,9,GS,Goldman Sachs Group,0.018600000000000002
BRK,2018Q3,2018   Q3,$221 B,10,JPM,JPMorgan Chase & Co.,0.0182
BRK,2018Q3,2018   Q3,$221 B,11,BNY,Bank of New York Mellon Corp.,0.018000000000000002
BRK,2018Q3,2018   Q3,$221 B,12,DAL,Delta Air Lines Inc.,0.0171
BRK,2018Q3,2018   Q3,$221 B,13,LUV,Southwest Airlines,0.0158
BRK,2018Q3,2018   Q3,$221 B,14,DVA,DaVita HealthCare Partners,0.0125
BRK,2018Q3,2018   Q3,$221 B,15,CHTR,Charter Communications,0.0108
BRK,2018Q3,2018   Q3,$221 B,16,UAL,United Airlines Holdings Inc.,0.0105
BRK,2018Q3,2018   Q3,$221 B,17,ORCL,Oracle Corp.,0.0097
BRK,2018Q3,2018   Q3,$221 B,18,VRSN,Verisign Inc.,0.009399999999999999
BRK,2018Q3,2018   Q3,$221 B,19,AAL,American Airlines Group Inc.,0.008199999999999999
BRK,2018Q3,2018   Q3,$221 B,20,GM,General Motors,0.008
BRK,2018Q2,2018   Q2,$195.6 B,1,AAPL,Apple Inc.,0.2384
BRK,2018Q2,2018   Q2,$195.6 B,2,WFC,Wells Fargo,0.1281
BRK,2018Q2,2018   Q2,$195.6 B,3,KHC,Kraft Heinz Co.,0.10460000000000001
BRK,2018Q2,2018   Q2,$195.6 B,4,BAC,Bank of America Corp.,0.09789999999999999
BRK,2018Q2,2018   Q2,$195.6 B,5,KO,Coca Cola Co.,0.0897
BRK,2018Q2,2018   Q2,$195.6 B,6,AXP,American Express,0.076
BRK,2018Q2,2018   Q2,$195.6 B,7,USB,U.S. Bancorp,0.025699999999999997
BRK,2018Q2,2018   Q2,$195.6 B,8,MCO,Moody's Corp.,0.0215
BRK,2018Q2,2018   Q2,$195.6 B,9,PSX,Phillips 66,0.0199
BRK,2018Q2,2018   Q2,$195.6 B,10,BNY,Bank of New York Mellon Corp.,0.0179
BRK,2018Q2,2018   Q2,$195.6 B,11,DAL,Delta Air Lines Inc.,0.0161
BRK,2018Q2,2018   Q2,$195.6 B,12,GS,Goldman Sachs Group,0.0149
BRK,2018Q2,2018   Q2,$195.6 B,13,LUV,Southwest Airlines,0.0147
BRK,2018Q2,2018   Q2,$195.6 B,14,DVA,DaVita HealthCare Partners,0.0137
BRK,2018Q2,2018   Q2,$195.6 B,15,CHTR,Charter Communications,0.011200000000000002
BRK,2018Q2,2018   Q2,$195.6 B,16,GM,General Motors,0.0104
BRK,2018Q2,2018   Q2,$195.6 B,17,UAL,United Airlines Holdings Inc.,0.0095
BRK,2018Q2,2018   Q2,$195.6 B,18,VRSN,Verisign Inc.,0.0091
BRK,2018Q2,2018   Q2,$195.6 B,19,AAL,American Airlines Group Inc.,0.0087
BRK,2018Q2,2018   Q2,$195.6 B,20,USG,USG Corp.,0.0086
BRK,2018Q1,2018   Q1,$188.9 B,1,AAPL,Apple Inc.,0.2127
BRK,2018Q1,2018   Q1,$188.9 B,2,WFC,Wells Fargo,0.1266
BRK,2018Q1,2018   Q1,$188.9 B,3,BAC,Bank of America Corp.,0.10779999999999999
BRK,2018Q1,2018   Q1,$188.9 B,4,KHC,Kraft Heinz Co.,0.1074
BRK,2018Q1,2018   Q1,$188.9 B,5,KO,Coca Cola Co.,0.0919
BRK,2018Q1,2018   Q1,$188.9 B,6,AXP,American Express,0.0748
BRK,2018Q1,2018   Q1,$188.9 B,7,USB,U.S. Bancorp,0.024300000000000002
BRK,2018Q1,2018   Q1,$188.9 B,8,PSX,Phillips 66,0.0232
BRK,2018Q1,2018   Q1,$188.9 B,9,MCO,Moody's Corp.,0.021099999999999997
BRK,2018Q1,2018   Q1,$188.9 B,10,BNY,Bank of New York Mellon Corp.,0.017
BRK,2018Q1,2018   Q1,$188.9 B,11,DAL,Delta Air Lines Inc.,0.0155
BRK,2018Q1,2018   Q1,$188.9 B,12,GS,Goldman Sachs Group,0.0146
BRK,2018Q1,2018   Q1,$188.9 B,13,LUV,Southwest Airlines,0.0144
BRK,2018Q1,2018   Q1,$188.9 B,14,DVA,DaVita HealthCare Partners,0.013500000000000002
BRK,2018Q1,2018   Q1,$188.9 B,15,CHTR,Charter Communications,0.013500000000000002
BRK,2018Q1,2018   Q1,$188.9 B,16,AAL,American Airlines Group Inc.,0.0127
BRK,2018Q1,2018   Q1,$188.9 B,17,MON-OLD,Monsanto Co.,0.011699999999999999
BRK,2018Q1,2018   Q1,$188.9 B,18,UAL,United Airlines Holdings Inc.,0.0102
BRK,2018Q1,2018   Q1,$188.9 B,19,GM,General Motors,0.0096
BRK,2018Q1,2018   Q1,$188.9 B,20,USG,USG Corp.,0.0083
BRK,2017Q4,2017   Q4,$191.2 B,1,AAPL,Apple Inc.,0.1463
BRK,2017Q4,2017   Q4,$191.2 B,2,WFC,Wells Fargo,0.1454
BRK,2017Q4,2017   Q4,$191.2 B,3,KHC,Kraft Heinz Co.,0.1324
BRK,2017Q4,2017   Q4,$191.2 B,4,BAC,Bank of America Corp.,0.1048
BRK,2017Q4,2017   Q4,$191.2 B,5,KO,Coca Cola Co.,0.096
BRK,2017Q4,2017   Q4,$191.2 B,6,AXP,American Express,0.0787
BRK,2017Q4,2017   Q4,$191.2 B,7,PSX,Phillips 66,0.042699999999999995
BRK,2017Q4,2017   Q4,$191.2 B,8,USB,U.S. Bancorp,0.024399999999999998
BRK,2017Q4,2017   Q4,$191.2 B,9,MCO,Moody's Corp.,0.019
BRK,2017Q4,2017   Q4,$191.2 B,10,BNY,Bank of New York Mellon Corp.,0.0171
BRK,2017Q4,2017   Q4,$191.2 B,11,LUV,Southwest Airlines,0.0163
BRK,2017Q4,2017   Q4,$191.2 B,12,DAL,Delta Air Lines Inc.,0.015600000000000001
BRK,2017Q4,2017   Q4,$191.2 B,13,CHTR,Charter Communications,0.0149
BRK,2017Q4,2017   Q4,$191.2 B,14,DVA,DaVita HealthCare Partners,0.0146
BRK,2017Q4,2017   Q4,$191.2 B,15,GS,Goldman Sachs Group,0.0146
BRK,2017Q4,2017   Q4,$191.2 B,16,AAL,American Airlines Group Inc.,0.0125
BRK,2017Q4,2017   Q4,$191.2 B,17,GM,General Motors,0.010700000000000001
BRK,2017Q4,2017   Q4,$191.2 B,18,UAL,United Airlines Holdings Inc.,0.009899999999999999
BRK,2017Q4,2017   Q4,$191.2 B,19,USG,USG Corp.,0.0079
BRK,2017Q4,2017   Q4,$191.2 B,20,VRSN,Verisign Inc.,0.0078000000000000005
BRK,2017Q3,2017   Q3,$177.7 B,1,WFC,Wells Fargo,0.1441
BRK,2017Q3,2017   Q3,$177.7 B,2,KHC,Kraft Heinz Co.,0.1421
BRK,2017Q3,2017   Q3,$177.7 B,3,AAPL,Apple Inc.,0.11630000000000001
BRK,2017Q3,2017   Q3,$177.7 B,4,KO,Coca Cola Co.,0.1013
BRK,2017Q3,2017   Q3,$177.7 B,5,BAC,Bank of America Corp.,0.0968
BRK,2017Q3,2017   Q3,$177.7 B,6,AXP,American Express,0.07719999999999999
BRK,2017Q3,2017   Q3,$177.7 B,7,PSX,Phillips 66,0.0416
BRK,2017Q3,2017   Q3,$177.7 B,8,IBM,International Business Machines,0.0302
BRK,2017Q3,2017   Q3,$177.7 B,9,USB,U.S. Bancorp,0.025699999999999997
BRK,2017Q3,2017   Q3,$177.7 B,10,MCO,Moody's Corp.,0.019299999999999998
BRK,2017Q3,2017   Q3,$177.7 B,11,CHTR,Charter Communications,0.0174
BRK,2017Q3,2017   Q3,$177.7 B,12,LUV,Southwest Airlines,0.015
BRK,2017Q3,2017   Q3,$177.7 B,13,BNY,Bank of New York Mellon Corp.,0.015
BRK,2017Q3,2017   Q3,$177.7 B,14,GS,Goldman Sachs Group,0.0146
BRK,2017Q3,2017   Q3,$177.7 B,15,DAL,Delta Air Lines Inc.,0.0144
BRK,2017Q3,2017   Q3,$177.7 B,16,GM,General Motors,0.013600000000000001
BRK,2017Q3,2017   Q3,$177.7 B,17,DVA,DaVita HealthCare Partners,0.0129
BRK,2017Q3,2017   Q3,$177.7 B,18,AAL,American Airlines Group Inc.,0.0126
BRK,2017Q3,2017   Q3,$177.7 B,19,UAL,United Airlines Holdings Inc.,0.0097
BRK,2017Q3,2017   Q3,$177.7 B,20,VRSN,Verisign Inc.,0.0078000000000000005
BRK,2017Q2,2017   Q2,$162.1 B,1,KHC,Kraft Heinz Co.,0.172
BRK,2017Q2,2017   Q2,$162.1 B,2,WFC,Wells Fargo,0.15990000000000001
BRK,2017Q2,2017   Q2,$162.1 B,3,AAPL,Apple Inc.,0.11560000000000001
BRK,2017Q2,2017   Q2,$162.1 B,4,KO,Coca Cola Co.,0.1106
BRK,2017Q2,2017   Q2,$162.1 B,5,AXP,American Express,0.0788
BRK,2017Q2,2017   Q2,$162.1 B,6,IBM,International Business Machines,0.0513
BRK,2017Q2,2017   Q2,$162.1 B,7,PSX,Phillips 66,0.0412
BRK,2017Q2,2017   Q2,$162.1 B,8,USB,U.S. Bancorp,0.027200000000000002
BRK,2017Q2,2017   Q2,$162.1 B,9,CHTR,Charter Communications,0.0196
BRK,2017Q2,2017   Q2,$162.1 B,10,MCO,Moody's Corp.,0.018500000000000003
BRK,2017Q2,2017   Q2,$162.1 B,11,LUV,Southwest Airlines,0.0183
BRK,2017Q2,2017   Q2,$162.1 B,12,DAL,Delta Air Lines Inc.,0.0176
BRK,2017Q2,2017   Q2,$162.1 B,13,BNY,Bank of New York Mellon Corp.,0.0158
BRK,2017Q2,2017   Q2,$162.1 B,14,DVA,DaVita HealthCare Partners,0.0154
BRK,2017Q2,2017   Q2,$162.1 B,15,GS,Goldman Sachs Group,0.015
BRK,2017Q2,2017   Q2,$162.1 B,16,AAL,American Airlines Group Inc.,0.0146
BRK,2017Q2,2017   Q2,$162.1 B,17,UAL,United Airlines Holdings Inc.,0.0131
BRK,2017Q2,2017   Q2,$162.1 B,18,GM,General Motors,0.0129
BRK,2017Q2,2017   Q2,$162.1 B,19,LSXMK,Liberty SiriusXM Series C,0.008
BRK,2017Q2,2017   Q2,$162.1 B,20,VRSN,Verisign Inc.,0.0074
BRK,2017Q1,2017   Q1,$161.9 B,1,KHC,Kraft Heinz Co.,0.1827
BRK,2017Q1,2017   Q1,$161.9 B,2,WFC,Wells Fargo,0.1649
BRK,2017Q1,2017   Q1,$161.9 B,3,AAPL,Apple Inc.,0.1148
BRK,2017Q1,2017   Q1,$161.9 B,4,KO,Coca Cola Co.,0.10490000000000001
BRK,2017Q1,2017   Q1,$161.9 B,5,AXP,American Express,0.0741
BRK,2017Q1,2017   Q1,$161.9 B,6,IBM,International Business Machines,0.0695
BRK,2017Q1,2017   Q1,$161.9 B,7,PSX,Phillips 66,0.0395
BRK,2017Q1,2017   Q1,$161.9 B,8,USB,U.S. Bancorp,0.0271
BRK,2017Q1,2017   Q1,$161.9 B,9,CHTR,Charter Communications,0.0191
BRK,2017Q1,2017   Q1,$161.9 B,10,MCO,Moody's Corp.,0.0171
BRK,2017Q1,2017   Q1,$161.9 B,11,DVA,DaVita HealthCare Partners,0.016200000000000003
BRK,2017Q1,2017   Q1,$161.9 B,12,LUV,Southwest Airlines,0.0158
BRK,2017Q1,2017   Q1,$161.9 B,13,DAL,Delta Air Lines Inc.,0.015600000000000001
BRK,2017Q1,2017   Q1,$161.9 B,14,GS,Goldman Sachs Group,0.015600000000000001
BRK,2017Q1,2017   Q1,$161.9 B,15,AAL,American Airlines Group Inc.,0.0129
BRK,2017Q1,2017   Q1,$161.9 B,16,UAL,United Airlines Holdings Inc.,0.0126
BRK,2017Q1,2017   Q1,$161.9 B,17,GM,General Motors,0.0109
BRK,2017Q1,2017   Q1,$161.9 B,18,BNY,Bank of New York Mellon Corp.,0.0096
BRK,2017Q1,2017   Q1,$161.9 B,19,USG,USG Corp.,0.0077
BRK,2017Q1,2017   Q1,$161.9 B,20,VRSN,Verisign Inc.,0.006999999999999999
BRK,2016Q4,2016   Q4,$148 B,1,KHC,Kraft Heinz Co.,0.19210000000000002
BRK,2016Q4,2016   Q4,$148 B,2,WFC,Wells Fargo,0.17859999999999998
BRK,2016Q4,2016   Q4,$148 B,3,KO,Coca Cola Co.,0.1121
BRK,2016Q4,2016   Q4,$148 B,4,IBM,International Business Machines,0.0911
BRK,2016Q4,2016   Q4,$148 B,5,AXP,American Express,0.0759
BRK,2016Q4,2016   Q4,$148 B,6,PSX,Phillips 66,0.0471
BRK,2016Q4,2016   Q4,$148 B,7,AAPL,Apple Inc.,0.0449
BRK,2016Q4,2016   Q4,$148 B,8,USB,U.S. Bancorp,0.029500000000000002
BRK,2016Q4,2016   Q4,$148 B,9,DAL,Delta Air Lines Inc.,0.02
BRK,2016Q4,2016   Q4,$148 B,10,CHTR,Charter Communications,0.0184
BRK,2016Q4,2016   Q4,$148 B,11,GS,Goldman Sachs Group,0.0177
BRK,2016Q4,2016   Q4,$148 B,12,DVA,DaVita HealthCare Partners,0.0167
BRK,2016Q4,2016   Q4,$148 B,13,MCO,Moody's Corp.,0.015700000000000002
BRK,2016Q4,2016   Q4,$148 B,14,LUV,Southwest Airlines,0.0146
BRK,2016Q4,2016   Q4,$148 B,15,AAL,American Airlines Group Inc.,0.0144
BRK,2016Q4,2016   Q4,$148 B,16,UAL,United Airlines Holdings Inc.,0.0143
BRK,2016Q4,2016   Q4,$148 B,17,GM,General Motors,0.0118
BRK,2016Q4,2016   Q4,$148 B,18,USG,USG Corp.,0.0076
BRK,2016Q4,2016   Q4,$148 B,19,BNY,Bank of New York Mellon Corp.,0.0069
BRK,2016Q4,2016   Q4,$148 B,20,VRSN,Verisign Inc.,0.0067
BRK,2016Q3,2016   Q3,$128.8 B,1,KHC,Kraft Heinz Co.,0.2263
BRK,2016Q3,2016   Q3,$128.8 B,2,WFC,Wells Fargo,0.1649
BRK,2016Q3,2016   Q3,$128.8 B,3,KO,Coca Cola Co.,0.13140000000000002
BRK,2016Q3,2016   Q3,$128.8 B,4,IBM,International Business Machines,0.1002
BRK,2016Q3,2016   Q3,$128.8 B,5,AXP,American Express,0.0754
BRK,2016Q3,2016   Q3,$128.8 B,6,PSX,Phillips 66,0.050499999999999996
BRK,2016Q3,2016   Q3,$128.8 B,7,USB,U.S. Bancorp,0.028300000000000002
BRK,2016Q3,2016   Q3,$128.8 B,8,MCO,Moody's Corp.,0.0207
BRK,2016Q3,2016   Q3,$128.8 B,9,CHTR,Charter Communications,0.019799999999999998
BRK,2016Q3,2016   Q3,$128.8 B,10,DVA,DaVita HealthCare Partners,0.019799999999999998
BRK,2016Q3,2016   Q3,$128.8 B,11,DE,Deere & Co.,0.013999999999999999
BRK,2016Q3,2016   Q3,$128.8 B,12,GS,Goldman Sachs Group,0.0137
BRK,2016Q3,2016   Q3,$128.8 B,13,AAPL,Apple Inc.,0.0134
BRK,2016Q3,2016   Q3,$128.8 B,14,GM,General Motors,0.0123
BRK,2016Q3,2016   Q3,$128.8 B,15,VRSN,Verisign Inc.,0.0079
BRK,2016Q3,2016   Q3,$128.8 B,16,USG,USG Corp.,0.0078000000000000005
BRK,2016Q3,2016   Q3,$128.8 B,17,WMT,Walmart Inc.,0.0073
BRK,2016Q3,2016   Q3,$128.8 B,18,V,Visa Inc.,0.0068000000000000005
BRK,2016Q3,2016   Q3,$128.8 B,19,BNY,Bank of New York Mellon Corp.,0.006500000000000001
BRK,2016Q3,2016   Q3,$128.8 B,20,AAL,American Airlines Group Inc.,0.0062
BRK,2016Q2,2016   Q2,$129.7 B,1,KHC,Kraft Heinz Co.,0.22210000000000002
BRK,2016Q2,2016   Q2,$129.7 B,2,WFC,Wells Fargo,0.175
BRK,2016Q2,2016   Q2,$129.7 B,3,KO,Coca Cola Co.,0.1398
BRK,2016Q2,2016   Q2,$129.7 B,4,IBM,International Business Machines,0.0951
BRK,2016Q2,2016   Q2,$129.7 B,5,AXP,American Express,0.071
BRK,2016Q2,2016   Q2,$129.7 B,6,PSX,Phillips 66,0.0482
BRK,2016Q2,2016   Q2,$129.7 B,7,USB,U.S. Bancorp,0.0264
BRK,2016Q2,2016   Q2,$129.7 B,8,DVA,DaVita HealthCare Partners,0.023
BRK,2016Q2,2016   Q2,$129.7 B,9,WMT,Walmart Inc.,0.0226
BRK,2016Q2,2016   Q2,$129.7 B,10,MCO,Moody's Corp.,0.0178
BRK,2016Q2,2016   Q2,$129.7 B,11,CHTR,Charter Communications,0.0165
BRK,2016Q2,2016   Q2,$129.7 B,12,DE,Deere & Co.,0.0137
BRK,2016Q2,2016   Q2,$129.7 B,13,GS,Goldman Sachs Group,0.0126
BRK,2016Q2,2016   Q2,$129.7 B,14,AAPL,Apple Inc.,0.011200000000000002
BRK,2016Q2,2016   Q2,$129.7 B,15,GM,General Motors,0.0109
BRK,2016Q2,2016   Q2,$129.7 B,16,VRSN,Verisign Inc.,0.0086
BRK,2016Q2,2016   Q2,$129.7 B,17,USG,USG Corp.,0.008100000000000001
BRK,2016Q2,2016   Q2,$129.7 B,18,VZ,Verizon Communications,0.006500000000000001
BRK,2016Q2,2016   Q2,$129.7 B,19,BNY,Bank of New York Mellon Corp.,0.0062
BRK,2016Q2,2016   Q2,$129.7 B,20,V,Visa Inc.,0.0059
BRK,2016Q1,2016   Q1,$128.6 B,1,KHC,Kraft Heinz Co.,0.19899999999999998
BRK,2016Q1,2016   Q1,$128.6 B,2,WFC,Wells Fargo,0.1804
BRK,2016Q1,2016   Q1,$128.6 B,3,KO,Coca Cola Co.,0.14429999999999998
BRK,2016Q1,2016   Q1,$128.6 B,4,IBM,International Business Machines,0.09570000000000001
BRK,2016Q1,2016   Q1,$128.6 B,5,AXP,American Express,0.0724
BRK,2016Q1,2016   Q1,$128.6 B,6,PSX,Phillips 66,0.0509
BRK,2016Q1,2016   Q1,$128.6 B,7,WMT,Walmart Inc.,0.0294
BRK,2016Q1,2016   Q1,$128.6 B,8,USB,U.S. Bancorp,0.0269
BRK,2016Q1,2016   Q1,$128.6 B,9,DVA,DaVita HealthCare Partners,0.022000000000000002
BRK,2016Q1,2016   Q1,$128.6 B,10,MCO,Moody's Corp.,0.018500000000000003
BRK,2016Q1,2016   Q1,$128.6 B,11,CHTR,Charter Communications,0.0163
BRK,2016Q1,2016   Q1,$128.6 B,12,DE,Deere & Co.,0.0139
BRK,2016Q1,2016   Q1,$128.6 B,13,GS,Goldman Sachs Group,0.0134
BRK,2016Q1,2016   Q1,$128.6 B,14,GM,General Motors,0.012199999999999999
BRK,2016Q1,2016   Q1,$128.6 B,15,VRSN,Verisign Inc.,0.0089
BRK,2016Q1,2016   Q1,$128.6 B,16,AAPL,Apple Inc.,0.0083
BRK,2016Q1,2016   Q1,$128.6 B,17,USG,USG Corp.,0.0075
BRK,2016Q1,2016   Q1,$128.6 B,18,SU,Suncor Energy Inc.,0.006500000000000001
BRK,2016Q1,2016   Q1,$128.6 B,19,VZ,Verizon Communications,0.0063
BRK,2016Q1,2016   Q1,$128.6 B,20,V,Visa Inc.,0.0060999999999999995
BRK,2015Q4,2015   Q4,$131.9 B,1,WFC,Wells Fargo,0.1978
BRK,2015Q4,2015   Q4,$131.9 B,2,KHC,Kraft Heinz Co.,0.1797
BRK,2015Q4,2015   Q4,$131.9 B,3,KO,Coca Cola Co.,0.1303
BRK,2015Q4,2015   Q4,$131.9 B,4,IBM,International Business Machines,0.08460000000000001
BRK,2015Q4,2015   Q4,$131.9 B,5,AXP,American Express,0.08
BRK,2015Q4,2015   Q4,$131.9 B,6,PSX,Phillips 66,0.0381
BRK,2015Q4,2015   Q4,$131.9 B,7,PG,Procter & Gamble,0.0318
BRK,2015Q4,2015   Q4,$131.9 B,8,USB,U.S. Bancorp,0.0275
BRK,2015Q4,2015   Q4,$131.9 B,9,WMT,Walmart Inc.,0.026099999999999998
BRK,2015Q4,2015   Q4,$131.9 B,10,DVA,DaVita HealthCare Partners,0.0204
BRK,2015Q4,2015   Q4,$131.9 B,11,MCO,Moody's Corp.,0.018799999999999997
BRK,2015Q4,2015   Q4,$131.9 B,12,GS,Goldman Sachs Group,0.015
BRK,2015Q4,2015   Q4,$131.9 B,13,CHTR,Charter Communications,0.0143
BRK,2015Q4,2015   Q4,$131.9 B,14,DE,Deere & Co.,0.0132
BRK,2015Q4,2015   Q4,$131.9 B,15,GM,General Motors,0.0129
BRK,2015Q4,2015   Q4,$131.9 B,16,T,AT&T Inc.,0.012199999999999999
BRK,2015Q4,2015   Q4,$131.9 B,17,VRSN,Verisign Inc.,0.0086
BRK,2015Q4,2015   Q4,$131.9 B,18,PCP,Precision Castparts,0.0074
BRK,2015Q4,2015   Q4,$131.9 B,19,USG,USG Corp.,0.0072
BRK,2015Q4,2015   Q4,$131.9 B,20,BNY,Bank of New York Mellon Corp.,0.0063
BRK,2015Q3,2015   Q3,$127.4 B,1,WFC,Wells Fargo,0.1895
BRK,2015Q3,2015   Q3,$127.4 B,2,KHC,Kraft Heinz Co.,0.1804
BRK,2015Q3,2015   Q3,$127.4 B,3,KO,Coca Cola Co.,0.126
BRK,2015Q3,2015   Q3,$127.4 B,4,IBM,International Business Machines,0.0922
BRK,2015Q3,2015   Q3,$127.4 B,5,AXP,American Express,0.0882
BRK,2015Q3,2015   Q3,$127.4 B,6,PSX,Phillips 66,0.0371
BRK,2015Q3,2015   Q3,$127.4 B,7,PG,Procter & Gamble,0.0298
BRK,2015Q3,2015   Q3,$127.4 B,8,WMT,Walmart Inc.,0.0286
BRK,2015Q3,2015   Q3,$127.4 B,9,USB,U.S. Bancorp,0.0274
BRK,2015Q3,2015   Q3,$127.4 B,10,DVA,DaVita HealthCare Partners,0.0219
BRK,2015Q3,2015   Q3,$127.4 B,11,MCO,Moody's Corp.,0.019
BRK,2015Q3,2015   Q3,$127.4 B,12,T,AT&T Inc.,0.0152
BRK,2015Q3,2015   Q3,$127.4 B,13,GS,Goldman Sachs Group,0.0149
BRK,2015Q3,2015   Q3,$127.4 B,14,CHTR,Charter Communications,0.014199999999999999
BRK,2015Q3,2015   Q3,$127.4 B,15,GM,General Motors,0.0118
BRK,2015Q3,2015   Q3,$127.4 B,16,DE,Deere & Co.,0.009899999999999999
BRK,2015Q3,2015   Q3,$127.4 B,17,USG,USG Corp.,0.008100000000000001
BRK,2015Q3,2015   Q3,$127.4 B,18,PCP,Precision Castparts,0.0076
BRK,2015Q3,2015   Q3,$127.4 B,19,VRSN,Verisign Inc.,0.0072
BRK,2015Q3,2015   Q3,$127.4 B,20,SU,Suncor Energy Inc.,0.0063
BRK,2015Q2,2015   Q2,$109.6 B,1,WFC,Wells Fargo,0.2414
BRK,2015Q2,2015   Q2,$109.6 B,2,KO,Coca Cola Co.,0.1432
BRK,2015Q2,2015   Q2,$109.6 B,3,IBM,International Business Machines,0.11810000000000001
BRK,2015Q2,2015   Q2,$109.6 B,4,AXP,American Express,0.1075
BRK,2015Q2,2015   Q2,$109.6 B,5,WMT,Walmart Inc.,0.0391
BRK,2015Q2,2015   Q2,$109.6 B,6,PG,Procter & Gamble,0.0377
BRK,2015Q2,2015   Q2,$109.6 B,7,USB,U.S. Bancorp,0.0337
BRK,2015Q2,2015   Q2,$109.6 B,8,DVA,DaVita HealthCare Partners,0.027999999999999997
BRK,2015Q2,2015   Q2,$109.6 B,9,DTV,DIRECTV Group Inc.,0.026600000000000002
BRK,2015Q2,2015   Q2,$109.6 B,10,MCO,Moody's Corp.,0.024300000000000002
BRK,2015Q2,2015   Q2,$109.6 B,11,GS,Goldman Sachs Group,0.0241
BRK,2015Q2,2015   Q2,$109.6 B,12,PSX,Phillips 66,0.0218
BRK,2015Q2,2015   Q2,$109.6 B,13,DE,Deere & Co.,0.015300000000000001
BRK,2015Q2,2015   Q2,$109.6 B,14,CHTR,Charter Communications,0.013300000000000001
BRK,2015Q2,2015   Q2,$109.6 B,15,GM,General Motors,0.0125
BRK,2015Q2,2015   Q2,$109.6 B,16,USG,USG Corp.,0.009899999999999999
BRK,2015Q2,2015   Q2,$109.6 B,17,BNY,Bank of New York Mellon Corp.,0.0079
BRK,2015Q2,2015   Q2,$109.6 B,18,PCP,Precision Castparts,0.0077
BRK,2015Q2,2015   Q2,$109.6 B,19,VRSN,Verisign Inc.,0.0073
BRK,2015Q2,2015   Q2,$109.6 B,20,VZ,Verizon Communications,0.0064
BRK,2015Q1,2015   Q1,$107.1 B,1,WFC,Wells Fargo,0.23879999999999998
BRK,2015Q1,2015   Q1,$107.1 B,2,KO,Coca Cola Co.,0.1514
BRK,2015Q1,2015   Q1,$107.1 B,3,IBM,International Business Machines,0.1192
BRK,2015Q1,2015   Q1,$107.1 B,4,AXP,American Express,0.1106
BRK,2015Q1,2015   Q1,$107.1 B,5,WMT,Walmart Inc.,0.0464
BRK,2015Q1,2015   Q1,$107.1 B,6,PG,Procter & Gamble,0.0404
BRK,2015Q1,2015   Q1,$107.1 B,7,USB,U.S. Bancorp,0.0341
BRK,2015Q1,2015   Q1,$107.1 B,8,DVA,DaVita HealthCare Partners,0.029300000000000003
BRK,2015Q1,2015   Q1,$107.1 B,9,DTV,DIRECTV Group Inc.,0.024900000000000002
BRK,2015Q1,2015   Q1,$107.1 B,10,MCO,Moody's Corp.,0.0239
BRK,2015Q1,2015   Q1,$107.1 B,11,GS,Goldman Sachs Group,0.0222
BRK,2015Q1,2015   Q1,$107.1 B,12,GM,General Motors,0.0144
BRK,2015Q1,2015   Q1,$107.1 B,13,DE,Deere & Co.,0.014199999999999999
BRK,2015Q1,2015   Q1,$107.1 B,14,CHTR,Charter Communications,0.0108
BRK,2015Q1,2015   Q1,$107.1 B,15,USG,USG Corp.,0.0097
BRK,2015Q1,2015   Q1,$107.1 B,16,PCP,Precision Castparts,0.008199999999999999
BRK,2015Q1,2015   Q1,$107.1 B,17,VRSN,Verisign Inc.,0.008100000000000001
BRK,2015Q1,2015   Q1,$107.1 B,18,BNY,Bank of New York Mellon Corp.,0.0078000000000000005
BRK,2015Q1,2015   Q1,$107.1 B,19,VZ,Verizon Communications,0.0068000000000000005
BRK,2015Q1,2015   Q1,$107.1 B,20,MTB,M&T Bank Corp.,0.0064
BRK,2014Q4,2014   Q4,$109.4 B,1,WFC,Wells Fargo,0.2323
BRK,2014Q4,2014   Q4,$109.4 B,2,KO,Coca Cola Co.,0.15439999999999998
BRK,2014Q4,2014   Q4,$109.4 B,3,AXP,American Express,0.129
BRK,2014Q4,2014   Q4,$109.4 B,4,IBM,International Business Machines,0.11289999999999999
BRK,2014Q4,2014   Q4,$109.4 B,5,WMT,Walmart Inc.,0.047400000000000005
BRK,2014Q4,2014   Q4,$109.4 B,6,PG,Procter & Gamble,0.044000000000000004
BRK,2014Q4,2014   Q4,$109.4 B,7,USB,U.S. Bancorp,0.0329
BRK,2014Q4,2014   Q4,$109.4 B,8,DVA,DaVita HealthCare Partners,0.026699999999999998
BRK,2014Q4,2014   Q4,$109.4 B,9,DTV,DIRECTV Group Inc.,0.024900000000000002
BRK,2014Q4,2014   Q4,$109.4 B,10,GS,Goldman Sachs Group,0.022400000000000003
BRK,2014Q4,2014   Q4,$109.4 B,11,MCO,Moody's Corp.,0.0216
BRK,2014Q4,2014   Q4,$109.4 B,12,DE,Deere & Co.,0.0138
BRK,2014Q4,2014   Q4,$109.4 B,13,GM,General Motors,0.0131
BRK,2014Q4,2014   Q4,$109.4 B,14,USG,USG Corp.,0.01
BRK,2014Q4,2014   Q4,$109.4 B,15,CHTR,Charter Communications,0.009399999999999999
BRK,2014Q4,2014   Q4,$109.4 B,16,BNY,Bank of New York Mellon Corp.,0.008199999999999999
BRK,2014Q4,2014   Q4,$109.4 B,17,VRSN,Verisign Inc.,0.0068000000000000005
BRK,2014Q4,2014   Q4,$109.4 B,18,SU,Suncor Energy Inc.,0.006500000000000001
BRK,2014Q4,2014   Q4,$109.4 B,19,VZ,Verizon Communications,0.0064
BRK,2014Q4,2014   Q4,$109.4 B,20,PCP,Precision Castparts,0.0063
BRK,2014Q3,2014   Q3,$108.4 B,1,WFC,Wells Fargo,0.2218
BRK,2014Q3,2014   Q3,$108.4 B,2,KO,Coca Cola Co.,0.1574
BRK,2014Q3,2014   Q3,$108.4 B,3,IBM,International Business Machines,0.1234
BRK,2014Q3,2014   Q3,$108.4 B,4,AXP,American Express,0.12240000000000001
BRK,2014Q3,2014   Q3,$108.4 B,5,WMT,Walmart Inc.,0.0426
BRK,2014Q3,2014   Q3,$108.4 B,6,PG,Procter & Gamble,0.0408
BRK,2014Q3,2014   Q3,$108.4 B,7,XOM,ExxonMobil Holdings Corp.,0.035699999999999996
BRK,2014Q3,2014   Q3,$108.4 B,8,USB,U.S. Bancorp,0.030899999999999997
BRK,2014Q3,2014   Q3,$108.4 B,9,DVA,DaVita HealthCare Partners,0.0254
BRK,2014Q3,2014   Q3,$108.4 B,10,DTV,DIRECTV Group Inc.,0.0239
BRK,2014Q3,2014   Q3,$108.4 B,11,MCO,Moody's Corp.,0.0215
BRK,2014Q3,2014   Q3,$108.4 B,12,GS,Goldman Sachs Group,0.021400000000000002
BRK,2014Q3,2014   Q3,$108.4 B,13,GM,General Motors,0.0118
BRK,2014Q3,2014   Q3,$108.4 B,14,USG,USG Corp.,0.009899999999999999
BRK,2014Q3,2014   Q3,$108.4 B,15,BNY,Bank of New York Mellon Corp.,0.0084
BRK,2014Q3,2014   Q3,$108.4 B,16,CHTR,Charter Communications,0.0069
BRK,2014Q3,2014   Q3,$108.4 B,17,VZ,Verizon Communications,0.0069
BRK,2014Q3,2014   Q3,$108.4 B,18,VRSN,Verisign Inc.,0.0066
BRK,2014Q3,2014   Q3,$108.4 B,19,SU,Suncor Energy Inc.,0.0062
BRK,2014Q3,2014   Q3,$108.4 B,20,MTB,M&T Bank Corp.,0.0060999999999999995
BRK,2014Q2,2014   Q2,$107.6 B,1,WFC,Wells Fargo,0.22640000000000002
BRK,2014Q2,2014   Q2,$107.6 B,2,KO,Coca Cola Co.,0.1575
BRK,2014Q2,2014   Q2,$107.6 B,3,AXP,American Express,0.13369999999999999
BRK,2014Q2,2014   Q2,$107.6 B,4,IBM,International Business Machines,0.1182
BRK,2014Q2,2014   Q2,$107.6 B,5,WMT,Walmart Inc.,0.040999999999999995
BRK,2014Q2,2014   Q2,$107.6 B,6,PG,Procter & Gamble,0.038599999999999995
BRK,2014Q2,2014   Q2,$107.6 B,7,XOM,ExxonMobil Holdings Corp.,0.0385
BRK,2014Q2,2014   Q2,$107.6 B,8,USB,U.S. Bancorp,0.0323
BRK,2014Q2,2014   Q2,$107.6 B,9,DVA,DaVita HealthCare Partners,0.0253
BRK,2014Q2,2014   Q2,$107.6 B,10,MCO,Moody's Corp.,0.020099999999999996
BRK,2014Q2,2014   Q2,$107.6 B,11,GS,Goldman Sachs Group,0.0197
BRK,2014Q2,2014   Q2,$107.6 B,12,DTV,DIRECTV Group Inc.,0.018500000000000003
BRK,2014Q2,2014   Q2,$107.6 B,13,GM,General Motors,0.0111
BRK,2014Q2,2014   Q2,$107.6 B,14,USG,USG Corp.,0.0109
BRK,2014Q2,2014   Q2,$107.6 B,15,BNY,Bank of New York Mellon Corp.,0.0086
BRK,2014Q2,2014   Q2,$107.6 B,16,VZ,Verizon Communications,0.0068000000000000005
BRK,2014Q2,2014   Q2,$107.6 B,17,CBI,Chicago Bridge & Iron Company,0.0068000000000000005
BRK,2014Q2,2014   Q2,$107.6 B,18,SU,Suncor Energy Inc.,0.006500000000000001
BRK,2014Q2,2014   Q2,$107.6 B,19,MTB,M&T Bank Corp.,0.0062
BRK,2014Q2,2014   Q2,$107.6 B,20,VIAB,Viacom Inc.,0.0060999999999999995
BRK,2014Q1,2014   Q1,$105.8 B,1,WFC,Wells Fargo,0.21789999999999998
BRK,2014Q1,2014   Q1,$105.8 B,2,KO,Coca Cola Co.,0.1462
BRK,2014Q1,2014   Q1,$105.8 B,3,AXP,American Express,0.129
BRK,2014Q1,2014   Q1,$105.8 B,4,IBM,International Business Machines,0.1244
BRK,2014Q1,2014   Q1,$105.8 B,5,WMT,Walmart Inc.,0.04190000000000001
BRK,2014Q1,2014   Q1,$105.8 B,6,PG,Procter & Gamble,0.04019999999999999
BRK,2014Q1,2014   Q1,$105.8 B,7,XOM,ExxonMobil Holdings Corp.,0.038
BRK,2014Q1,2014   Q1,$105.8 B,8,USB,U.S. Bancorp,0.032400000000000005
BRK,2014Q1,2014   Q1,$105.8 B,9,DTV,DIRECTV Group Inc.,0.024900000000000002
BRK,2014Q1,2014   Q1,$105.8 B,10,DVA,DaVita HealthCare Partners,0.0245
BRK,2014Q1,2014   Q1,$105.8 B,11,GS,Goldman Sachs Group,0.0196
BRK,2014Q1,2014   Q1,$105.8 B,12,MCO,Moody's Corp.,0.018500000000000003
BRK,2014Q1,2014   Q1,$105.8 B,13,GHC,Graham Holdings Co.,0.0115
BRK,2014Q1,2014   Q1,$105.8 B,14,USG,USG Corp.,0.0108
BRK,2014Q1,2014   Q1,$105.8 B,15,GM,General Motors,0.0098
BRK,2014Q1,2014   Q1,$105.8 B,16,BNY,Bank of New York Mellon Corp.,0.008199999999999999
BRK,2014Q1,2014   Q1,$105.8 B,17,CBI,Chicago Bridge & Iron Company,0.0079
BRK,2014Q1,2014   Q1,$105.8 B,18,COP,ConocoPhillips,0.0074
BRK,2014Q1,2014   Q1,$105.8 B,19,PSX,Phillips 66,0.0070999999999999995
BRK,2014Q1,2014   Q1,$105.8 B,20,FWONA,Liberty Media Corp Formula One Series A,0.0066
BRK,2013Q4,2013   Q4,$104.8 B,1,WFC,Wells Fargo,0.2007
BRK,2013Q4,2013   Q4,$104.8 B,2,KO,Coca Cola Co.,0.1576
BRK,2013Q4,2013   Q4,$104.8 B,3,AXP,American Express,0.13119999999999998
BRK,2013Q4,2013   Q4,$104.8 B,4,IBM,International Business Machines,0.1219
BRK,2013Q4,2013   Q4,$104.8 B,5,PG,Procter & Gamble,0.040999999999999995
BRK,2013Q4,2013   Q4,$104.8 B,6,XOM,ExxonMobil Holdings Corp.,0.0397
BRK,2013Q4,2013   Q4,$104.8 B,7,WMT,Walmart Inc.,0.0371
BRK,2013Q4,2013   Q4,$104.8 B,8,USB,U.S. Bancorp,0.030600000000000002
BRK,2013Q4,2013   Q4,$104.8 B,9,DTV,DIRECTV Group Inc.,0.0241
BRK,2013Q4,2013   Q4,$104.8 B,10,DVA,DaVita HealthCare Partners,0.022000000000000002
BRK,2013Q4,2013   Q4,$104.8 B,11,GS,Goldman Sachs Group,0.021400000000000002
BRK,2013Q4,2013   Q4,$104.8 B,12,PSX,Phillips 66,0.02
BRK,2013Q4,2013   Q4,$104.8 B,13,MCO,Moody's Corp.,0.018500000000000003
BRK,2013Q4,2013   Q4,$104.8 B,14,GM,General Motors,0.015600000000000001
BRK,2013Q4,2013   Q4,$104.8 B,15,GHC,Graham Holdings Co.,0.0109
BRK,2013Q4,2013   Q4,$104.8 B,16,USG,USG Corp.,0.009399999999999999
BRK,2013Q4,2013   Q4,$104.8 B,17,BNY,Bank of New York Mellon Corp.,0.008199999999999999
BRK,2013Q4,2013   Q4,$104.8 B,18,CBI,Chicago Bridge & Iron Company,0.0076
BRK,2013Q4,2013   Q4,$104.8 B,19,COP,ConocoPhillips,0.0075
BRK,2013Q4,2013   Q4,$104.8 B,20,FWONA,Liberty Media Corp Formula One Series A,0.0074
BRK,2013Q3,2013   Q3,$92 B,1,WFC,Wells Fargo,0.2079
BRK,2013Q3,2013   Q3,$92 B,2,KO,Coca Cola Co.,0.1646
BRK,2013Q3,2013   Q3,$92 B,3,IBM,International Business Machines,0.1371
BRK,2013Q3,2013   Q3,$92 B,4,AXP,American Express,0.1244
BRK,2013Q3,2013   Q3,$92 B,5,PG,Procter & Gamble,0.0434
BRK,2013Q3,2013   Q3,$92 B,6,WMT,Walmart Inc.,0.039599999999999996
BRK,2013Q3,2013   Q3,$92 B,7,XOM,ExxonMobil Holdings Corp.,0.0375
BRK,2013Q3,2013   Q3,$92 B,8,USB,U.S. Bancorp,0.031400000000000004
BRK,2013Q3,2013   Q3,$92 B,9,DTV,DIRECTV Group Inc.,0.023700000000000002
BRK,2013Q3,2013   Q3,$92 B,10,DVA,DaVita HealthCare Partners,0.0194
BRK,2013Q3,2013   Q3,$92 B,11,MCO,Moody's Corp.,0.019
BRK,2013Q3,2013   Q3,$92 B,12,PSX,Phillips 66,0.0171
BRK,2013Q3,2013   Q3,$92 B,13,GM,General Motors,0.015600000000000001
BRK,2013Q3,2013   Q3,$92 B,14,GHC,Graham Holdings Co.,0.0115
BRK,2013Q3,2013   Q3,$92 B,15,COP,ConocoPhillips,0.0102
BRK,2013Q3,2013   Q3,$92 B,16,FWONA,Liberty Media Corp Formula One Series A,0.009000000000000001
BRK,2013Q3,2013   Q3,$92 B,17,BNY,Bank of New York Mellon Corp.,0.008100000000000001
BRK,2013Q3,2013   Q3,$92 B,18,NOV,Nov Inc.,0.0075
BRK,2013Q3,2013   Q3,$92 B,19,SU,Suncor Energy Inc.,0.006999999999999999
BRK,2013Q3,2013   Q3,$92 B,20,CBI,Chicago Bridge & Iron Company,0.006999999999999999
BRK,2013Q2,2013   Q2,$91.9 B,1,WFC,Wells Fargo,0.20809999999999998
BRK,2013Q2,2013   Q2,$91.9 B,2,KO,Coca Cola Co.,0.1747
BRK,2013Q2,2013   Q2,$91.9 B,3,IBM,International Business Machines,0.1417
BRK,2013Q2,2013   Q2,$91.9 B,4,AXP,American Express,0.1234
BRK,2013Q2,2013   Q2,$91.9 B,5,PG,Procter & Gamble,0.044199999999999996
BRK,2013Q2,2013   Q2,$91.9 B,6,WMT,Walmart Inc.,0.039900000000000005
BRK,2013Q2,2013   Q2,$91.9 B,7,USB,U.S. Bancorp,0.0308
BRK,2013Q2,2013   Q2,$91.9 B,8,XOM,ExxonMobil Holdings Corp.,0.030699999999999998
BRK,2013Q2,2013   Q2,$91.9 B,9,DTV,DIRECTV Group Inc.,0.025
BRK,2013Q2,2013   Q2,$91.9 B,10,DVA,DaVita HealthCare Partners,0.0197
BRK,2013Q2,2013   Q2,$91.9 B,11,PSX,Phillips 66,0.0174
BRK,2013Q2,2013   Q2,$91.9 B,12,MCO,Moody's Corp.,0.0165
BRK,2013Q2,2013   Q2,$91.9 B,13,COP,ConocoPhillips,0.0159
BRK,2013Q2,2013   Q2,$91.9 B,14,GM,General Motors,0.014499999999999999
BRK,2013Q2,2013   Q2,$91.9 B,15,GHC,Graham Holdings Co.,0.0091
BRK,2013Q2,2013   Q2,$91.9 B,16,FWONA,Liberty Media Corp Formula One Series A,0.0078000000000000005
BRK,2013Q2,2013   Q2,$91.9 B,17,BNY,Bank of New York Mellon Corp.,0.0075
BRK,2013Q2,2013   Q2,$91.9 B,18,NOV,Nov Inc.,0.0067
BRK,2013Q2,2013   Q2,$91.9 B,19,MTB,M&T Bank Corp.,0.006500000000000001
BRK,2013Q2,2013   Q2,$91.9 B,20,CBI,Chicago Bridge & Iron Company,0.0062
BRK,2013Q1,2013   Q1,$85 B,1,WFC,Wells Fargo,0.19940000000000002
BRK,2013Q1,2013   Q1,$85 B,2,KO,Coca Cola Co.,0.19030000000000002
BRK,2013Q1,2013   Q1,$85 B,3,IBM,International Business Machines,0.1709
BRK,2013Q1,2013   Q1,$85 B,4,AXP,American Express,0.12029999999999999
BRK,2013Q1,2013   Q1,$85 B,5,PG,Procter & Gamble,0.0479
BRK,2013Q1,2013   Q1,$85 B,6,WMT,Walmart Inc.,0.0434
BRK,2013Q1,2013   Q1,$85 B,7,DTV,DIRECTV Group Inc.,0.0248
BRK,2013Q1,2013   Q1,$85 B,8,USB,U.S. Bancorp,0.0245
BRK,2013Q1,2013   Q1,$85 B,9,PSX,Phillips 66,0.022400000000000003
BRK,2013Q1,2013   Q1,$85 B,10,DVA,DaVita HealthCare Partners,0.0209
BRK,2013Q1,2013   Q1,$85 B,11,MCO,Moody's Corp.,0.0178
BRK,2013Q1,2013   Q1,$85 B,12,COP,ConocoPhillips,0.0171
BRK,2013Q1,2013   Q1,$85 B,13,GHC,Graham Holdings Co.,0.0091
BRK,2013Q1,2013   Q1,$85 B,14,GM,General Motors,0.008199999999999999
BRK,2013Q1,2013   Q1,$85 B,15,FWONA,Liberty Media Corp Formula One Series A,0.0074
BRK,2013Q1,2013   Q1,$85 B,16,MTB,M&T Bank Corp.,0.006500000000000001
BRK,2013Q1,2013   Q1,$85 B,17,BNY,Bank of New York Mellon Corp.,0.0062
BRK,2013Q1,2013   Q1,$85 B,18,NOV,Nov Inc.,0.0062
BRK,2013Q1,2013   Q1,$85 B,19,VIAB,Viacom Inc.,0.0055000000000000005
BRK,2013Q1,2013   Q1,$85 B,20,COST,Costco Co.,0.0054
BRK,2012Q4,2012   Q4,$75.3 B,1,WFC,Wells Fargo,0.1996
BRK,2012Q4,2012   Q4,$75.3 B,2,KO,Coca Cola Co.,0.1925
BRK,2012Q4,2012   Q4,$75.3 B,3,IBM,International Business Machines,0.1732
BRK,2012Q4,2012   Q4,$75.3 B,4,AXP,American Express,0.1157
BRK,2012Q4,2012   Q4,$75.3 B,5,PG,Procter & Gamble,0.047599999999999996
BRK,2012Q4,2012   Q4,$75.3 B,6,WMT,Walmart Inc.,0.043
BRK,2012Q4,2012   Q4,$75.3 B,7,USB,U.S. Bancorp,0.026000000000000002
BRK,2012Q4,2012   Q4,$75.3 B,8,DTV,DIRECTV Group Inc.,0.0227
BRK,2012Q4,2012   Q4,$75.3 B,9,DVA,DaVita HealthCare Partners,0.02
BRK,2012Q4,2012   Q4,$75.3 B,10,PSX,Phillips 66,0.0192
BRK,2012Q4,2012   Q4,$75.3 B,11,MCO,Moody's Corp.,0.019
BRK,2012Q4,2012   Q4,$75.3 B,12,COP,ConocoPhillips,0.018600000000000002
BRK,2012Q4,2012   Q4,$75.3 B,13,GM,General Motors,0.0096
BRK,2012Q4,2012   Q4,$75.3 B,14,FWONA,Liberty Media Corp Formula One Series A,0.0087
BRK,2012Q4,2012   Q4,$75.3 B,15,GHC,Graham Holdings Co.,0.0084
BRK,2012Q4,2012   Q4,$75.3 B,16,MTB,M&T Bank Corp.,0.006999999999999999
BRK,2012Q4,2012   Q4,$75.3 B,17,BNY,Bank of New York Mellon Corp.,0.0067
BRK,2012Q4,2012   Q4,$75.3 B,18,USG,USG Corp.,0.0064
BRK,2012Q4,2012   Q4,$75.3 B,19,COST,Costco Co.,0.005699999999999999
BRK,2012Q4,2012   Q4,$75.3 B,20,VIAB,Viacom Inc.,0.0053
BRK,2012Q3,2012   Q3,$75.3 B,1,KO,Coca Cola Co.,0.2014
BRK,2012Q3,2012   Q3,$75.3 B,2,WFC,Wells Fargo,0.1937
BRK,2012Q3,2012   Q3,$75.3 B,3,IBM,International Business Machines,0.1859
BRK,2012Q3,2012   Q3,$75.3 B,4,AXP,American Express,0.1144
BRK,2012Q3,2012   Q3,$75.3 B,5,PG,Procter & Gamble,0.048600000000000004
BRK,2012Q3,2012   Q3,$75.3 B,6,WMT,Walmart Inc.,0.0458
BRK,2012Q3,2012   Q3,$75.3 B,7,USB,U.S. Bancorp,0.0279
BRK,2012Q3,2012   Q3,$75.3 B,8,DTV,DIRECTV Group Inc.,0.0206
BRK,2012Q3,2012   Q3,$75.3 B,9,COP,ConocoPhillips,0.0183
BRK,2012Q3,2012   Q3,$75.3 B,10,PSX,Phillips 66,0.0167
BRK,2012Q3,2012   Q3,$75.3 B,11,MDLZ,Mondelez International,0.0167
BRK,2012Q3,2012   Q3,$75.3 B,12,MCO,Moody's Corp.,0.0167
BRK,2012Q3,2012   Q3,$75.3 B,13,DVA,DaVita HealthCare Partners,0.013999999999999999
BRK,2012Q3,2012   Q3,$75.3 B,14,GHC,Graham Holdings Co.,0.0083
BRK,2012Q3,2012   Q3,$75.3 B,15,FWONA,Liberty Media Corp Formula One Series A,0.0076
BRK,2012Q3,2012   Q3,$75.3 B,16,MTB,M&T Bank Corp.,0.0068000000000000005
BRK,2012Q3,2012   Q3,$75.3 B,17,BNY,Bank of New York Mellon Corp.,0.0059
BRK,2012Q3,2012   Q3,$75.3 B,18,COST,Costco Co.,0.0058
BRK,2012Q3,2012   Q3,$75.3 B,19,VIAB,Viacom Inc.,0.0054
BRK,2012Q3,2012   Q3,$75.3 B,20,USG,USG Corp.,0.005
BRK,2012Q2,2012   Q2,$74.3 B,1,KO,Coca Cola Co.,0.2104
BRK,2012Q2,2012   Q2,$74.3 B,2,WFC,Wells Fargo,0.18489999999999998
BRK,2012Q2,2012   Q2,$74.3 B,3,IBM,International Business Machines,0.1754
BRK,2012Q2,2012   Q2,$74.3 B,4,AXP,American Express,0.11869999999999999
BRK,2012Q2,2012   Q2,$74.3 B,5,PG,Procter & Gamble,0.049100000000000005
BRK,2012Q2,2012   Q2,$74.3 B,6,WMT,Walmart Inc.,0.0438
BRK,2012Q2,2012   Q2,$74.3 B,7,MDLZ,Mondelez International,0.030600000000000002
BRK,2012Q2,2012   Q2,$74.3 B,8,USB,U.S. Bancorp,0.0286
BRK,2012Q2,2012   Q2,$74.3 B,9,COP,ConocoPhillips,0.0217
BRK,2012Q2,2012   Q2,$74.3 B,10,DTV,DIRECTV Group Inc.,0.0187
BRK,2012Q2,2012   Q2,$74.3 B,11,MCO,Moody's Corp.,0.013999999999999999
BRK,2012Q2,2012   Q2,$74.3 B,12,DVA,DaVita HealthCare Partners,0.0123
BRK,2012Q2,2012   Q2,$74.3 B,13,PSX,Phillips 66,0.0121
BRK,2012Q2,2012   Q2,$74.3 B,14,JNJ,Johnson & Johnson,0.009399999999999999
BRK,2012Q2,2012   Q2,$74.3 B,15,GHC,Graham Holdings Co.,0.0087
BRK,2012Q2,2012   Q2,$74.3 B,16,FWONA,Liberty Media Corp Formula One Series A,0.006500000000000001
BRK,2012Q2,2012   Q2,$74.3 B,17,MTB,M&T Bank Corp.,0.006
BRK,2012Q2,2012   Q2,$74.3 B,18,BNY,Bank of New York Mellon Corp.,0.0055000000000000005
BRK,2012Q2,2012   Q2,$74.3 B,19,COST,Costco Co.,0.0055000000000000005
BRK,2012Q2,2012   Q2,$74.3 B,20,USG,USG Corp.,0.0044
BRK,2012Q1,2012   Q1,$75.3 B,1,KO,Coca Cola Co.,0.1966
BRK,2012Q1,2012   Q1,$75.3 B,2,WFC,Wells Fargo,0.1788
BRK,2012Q1,2012   Q1,$75.3 B,3,IBM,International Business Machines,0.1784
BRK,2012Q1,2012   Q1,$75.3 B,4,AXP,American Express,0.1165
BRK,2012Q1,2012   Q1,$75.3 B,5,PG,Procter & Gamble,0.0654
BRK,2012Q1,2012   Q1,$75.3 B,6,MDLZ,Mondelez International,0.0394
BRK,2012Q1,2012   Q1,$75.3 B,7,WMT,Walmart Inc.,0.038
BRK,2012Q1,2012   Q1,$75.3 B,8,COP,ConocoPhillips,0.0294
BRK,2012Q1,2012   Q1,$75.3 B,9,USB,U.S. Bancorp,0.028999999999999998
BRK,2012Q1,2012   Q1,$75.3 B,10,JNJ,Johnson & Johnson,0.0254
BRK,2012Q1,2012   Q1,$75.3 B,11,MCO,Moody's Corp.,0.0159
BRK,2012Q1,2012   Q1,$75.3 B,12,DTV,DIRECTV Group Inc.,0.0151
BRK,2012Q1,2012   Q1,$75.3 B,13,GHC,Graham Holdings Co.,0.0086
BRK,2012Q1,2012   Q1,$75.3 B,14,DVA,DaVita HealthCare Partners,0.0072
BRK,2012Q1,2012   Q1,$75.3 B,15,MTB,M&T Bank Corp.,0.0062
BRK,2012Q1,2012   Q1,$75.3 B,16,COST,Costco Co.,0.0052
BRK,2012Q1,2012   Q1,$75.3 B,17,V,Visa Inc.,0.0045000000000000005
BRK,2012Q1,2012   Q1,$75.3 B,18,CVS,CVS Health Corp.,0.0042
BRK,2012Q1,2012   Q1,$75.3 B,19,USG,USG Corp.,0.0039000000000000003
BRK,2012Q1,2012   Q1,$75.3 B,20,GD,General Dynamics,0.0038
BRK,2011Q4,2011   Q4,$66.2 B,1,KO,Coca Cola Co.,0.2115
BRK,2011Q4,2011   Q4,$66.2 B,2,IBM,International Business Machines,0.1776
BRK,2011Q4,2011   Q4,$66.2 B,3,WFC,Wells Fargo,0.15990000000000001
BRK,2011Q4,2011   Q4,$66.2 B,4,AXP,American Express,0.1081
BRK,2011Q4,2011   Q4,$66.2 B,5,PG,Procter & Gamble,0.0774
BRK,2011Q4,2011   Q4,$66.2 B,6,MDLZ,Mondelez International,0.0492
BRK,2011Q4,2011   Q4,$66.2 B,7,WMT,Walmart Inc.,0.0353
BRK,2011Q4,2011   Q4,$66.2 B,8,COP,ConocoPhillips,0.0321
BRK,2011Q4,2011   Q4,$66.2 B,9,JNJ,Johnson & Johnson,0.0288
BRK,2011Q4,2011   Q4,$66.2 B,10,USB,U.S. Bancorp,0.0282
BRK,2011Q4,2011   Q4,$66.2 B,11,MCO,Moody's Corp.,0.014499999999999999
BRK,2011Q4,2011   Q4,$66.2 B,12,DTV,DIRECTV Group Inc.,0.0132
BRK,2011Q4,2011   Q4,$66.2 B,13,GHC,Graham Holdings Co.,0.0098
BRK,2011Q4,2011   Q4,$66.2 B,14,MTB,M&T Bank Corp.,0.0062
BRK,2011Q4,2011   Q4,$66.2 B,15,COST,Costco Co.,0.0055000000000000005
BRK,2011Q4,2011   Q4,$66.2 B,16,CVS,CVS Health Corp.,0.0044
BRK,2011Q4,2011   Q4,$66.2 B,17,V,Visa Inc.,0.0044
BRK,2011Q4,2011   Q4,$66.2 B,18,INTC,Intel Corp.,0.0042
BRK,2011Q4,2011   Q4,$66.2 B,19,GD,General Dynamics,0.0039000000000000003
BRK,2011Q4,2011   Q4,$66.2 B,20,DVA,DaVita HealthCare Partners,0.0031
BRK,2011Q3,2011   Q3,$59.1 B,1,KO,Coca Cola Co.,0.2288
BRK,2011Q3,2011   Q3,$59.1 B,2,IBM,International Business Machines,0.1698
BRK,2011Q3,2011   Q3,$59.1 B,3,WFC,Wells Fargo,0.1476
BRK,2011Q3,2011   Q3,$59.1 B,4,AXP,American Express,0.1153
BRK,2011Q3,2011   Q3,$59.1 B,5,PG,Procter & Gamble,0.0821
BRK,2011Q3,2011   Q3,$59.1 B,6,MDLZ,Mondelez International,0.051
BRK,2011Q3,2011   Q3,$59.1 B,7,JNJ,Johnson & Johnson,0.0404
BRK,2011Q3,2011   Q3,$59.1 B,8,WMT,Walmart Inc.,0.034300000000000004
BRK,2011Q3,2011   Q3,$59.1 B,9,COP,ConocoPhillips,0.031200000000000002
BRK,2011Q3,2011   Q3,$59.1 B,10,USB,U.S. Bancorp,0.0275
BRK,2011Q3,2011   Q3,$59.1 B,11,MCO,Moody's Corp.,0.0147
BRK,2011Q3,2011   Q3,$59.1 B,12,GHC,Graham Holdings Co.,0.0096
BRK,2011Q3,2011   Q3,$59.1 B,13,MTB,M&T Bank Corp.,0.0064
BRK,2011Q3,2011   Q3,$59.1 B,14,COST,Costco Co.,0.006
BRK,2011Q3,2011   Q3,$59.1 B,15,INTC,Intel Corp.,0.0034000000000000002
BRK,2011Q3,2011   Q3,$59.1 B,16,V,Visa Inc.,0.0033
BRK,2011Q3,2011   Q3,$59.1 B,17,CVS,CVS Health Corp.,0.0032
BRK,2011Q3,2011   Q3,$59.1 B,18,GD,General Dynamics,0.003
BRK,2011Q3,2011   Q3,$59.1 B,19,DTV,DIRECTV Group Inc.,0.003
BRK,2011Q3,2011   Q3,$59.1 B,20,DG,Dollar General,0.0029
BRK,2011Q2,2011   Q2,$56.6 B,1,KO,Coca Cola Co.,0.2377
BRK,2011Q2,2011   Q2,$56.6 B,2,WFC,Wells Fargo,0.1746
BRK,2011Q2,2011   Q2,$56.6 B,3,AXP,American Express,0.1384
BRK,2011Q2,2011   Q2,$56.6 B,4,PG,Procter & Gamble,0.0862
BRK,2011Q2,2011   Q2,$56.6 B,5,IBM,International Business Machines,0.0753
BRK,2011Q2,2011   Q2,$56.6 B,6,MDLZ,Mondelez International,0.061900000000000004
BRK,2011Q2,2011   Q2,$56.6 B,7,JNJ,Johnson & Johnson,0.0501
BRK,2011Q2,2011   Q2,$56.6 B,8,COP,ConocoPhillips,0.038599999999999995
BRK,2011Q2,2011   Q2,$56.6 B,9,WMT,Walmart Inc.,0.0366
BRK,2011Q2,2011   Q2,$56.6 B,10,USB,U.S. Bancorp,0.0311
BRK,2011Q2,2011   Q2,$56.6 B,11,MCO,Moody's Corp.,0.0192
BRK,2011Q2,2011   Q2,$56.6 B,12,GHC,Graham Holdings Co.,0.0128
BRK,2011Q2,2011   Q2,$56.6 B,13,MTB,M&T Bank Corp.,0.0083
BRK,2011Q2,2011   Q2,$56.6 B,14,COST,Costco Co.,0.0062
BRK,2011Q2,2011   Q2,$56.6 B,15,USG,USG Corp.,0.0043
BRK,2011Q2,2011   Q2,$56.6 B,16,GL,Globe Life Inc.,0.0032
BRK,2011Q2,2011   Q2,$56.6 B,17,SNY,Sanofi Aventis,0.0029
BRK,2011Q2,2011   Q2,$56.6 B,18,GE,GE Aerospace,0.0026
BRK,2011Q2,2011   Q2,$56.6 B,19,MA,Mastercard Inc.,0.0022
BRK,2011Q2,2011   Q2,$56.6 B,20,UPS,United Parcel Service,0.0018
BRK,2011Q1,2011   Q1,$54.3 B,1,KO,Coca Cola Co.,0.24420000000000003
BRK,2011Q1,2011   Q1,$54.3 B,2,WFC,Wells Fargo,0.1999
BRK,2011Q1,2011   Q1,$54.3 B,3,AXP,American Express,0.1261
BRK,2011Q1,2011   Q1,$54.3 B,4,PG,Procter & Gamble,0.087
BRK,2011Q1,2011   Q1,$54.3 B,5,MDLZ,Mondelez International,0.060700000000000004
BRK,2011Q1,2011   Q1,$54.3 B,6,JNJ,Johnson & Johnson,0.04650000000000001
BRK,2011Q1,2011   Q1,$54.3 B,7,COP,ConocoPhillips,0.042800000000000005
BRK,2011Q1,2011   Q1,$54.3 B,8,WSC-OLD,Wesco Financial Corp.,0.0408
BRK,2011Q1,2011   Q1,$54.3 B,9,WMT,Walmart Inc.,0.0374
BRK,2011Q1,2011   Q1,$54.3 B,10,USB,U.S. Bancorp,0.0336
BRK,2011Q1,2011   Q1,$54.3 B,11,MCO,Moody's Corp.,0.0177
BRK,2011Q1,2011   Q1,$54.3 B,12,GHC,Graham Holdings Co.,0.0139
BRK,2011Q1,2011   Q1,$54.3 B,13,IBM,International Business Machines,0.013600000000000001
BRK,2011Q1,2011   Q1,$54.3 B,14,MTB,M&T Bank Corp.,0.0087
BRK,2011Q1,2011   Q1,$54.3 B,15,COST,Costco Co.,0.0058
BRK,2011Q1,2011   Q1,$54.3 B,16,USG,USG Corp.,0.0052
BRK,2011Q1,2011   Q1,$54.3 B,17,GL,Globe Life Inc.,0.0034999999999999996
BRK,2011Q1,2011   Q1,$54.3 B,18,GE,GE Aerospace,0.0029
BRK,2011Q1,2011   Q1,$54.3 B,19,SNY,Sanofi Aventis,0.0026
BRK,2011Q1,2011   Q1,$54.3 B,20,UPS,United Parcel Service,0.002
BRK,2010Q4,2010   Q4,$52.6 B,1,KO,Coca Cola Co.,0.2503
BRK,2010Q4,2010   Q4,$52.6 B,2,WFC,Wells Fargo,0.20199999999999999
BRK,2010Q4,2010   Q4,$52.6 B,3,AXP,American Express,0.12380000000000001
BRK,2010Q4,2010   Q4,$52.6 B,4,PG,Procter & Gamble,0.094
BRK,2010Q4,2010   Q4,$52.6 B,5,MDLZ,Mondelez International,0.06309999999999999
BRK,2010Q4,2010   Q4,$52.6 B,6,JNJ,Johnson & Johnson,0.050199999999999995
BRK,2010Q4,2010   Q4,$52.6 B,7,WMT,Walmart Inc.,0.0401
BRK,2010Q4,2010   Q4,$52.6 B,8,WSC-OLD,Wesco Financial Corp.,0.04
BRK,2010Q4,2010   Q4,$52.6 B,9,COP,ConocoPhillips,0.0377
BRK,2010Q4,2010   Q4,$52.6 B,10,USB,U.S. Bancorp,0.0354
BRK,2010Q4,2010   Q4,$52.6 B,11,GHC,Graham Holdings Co.,0.0144
BRK,2010Q4,2010   Q4,$52.6 B,12,MCO,Moody's Corp.,0.0143
BRK,2010Q4,2010   Q4,$52.6 B,13,MTB,M&T Bank Corp.,0.0089
BRK,2010Q4,2010   Q4,$52.6 B,14,COST,Costco Co.,0.006
BRK,2010Q4,2010   Q4,$52.6 B,15,USG,USG Corp.,0.0055000000000000005
BRK,2010Q4,2010   Q4,$52.6 B,16,GL,Globe Life Inc.,0.0032
BRK,2010Q4,2010   Q4,$52.6 B,17,GE,GE Aerospace,0.0027
BRK,2010Q4,2010   Q4,$52.6 B,18,SNY,Sanofi Aventis,0.0025
BRK,2010Q4,2010   Q4,$52.6 B,19,UPS,United Parcel Service,0.002
BRK,2010Q4,2010   Q4,$52.6 B,20,GSK,GSK plc,0.0011
BRK,2010Q3,2010   Q3,$48.6 B,1,KO,Coca Cola Co.,0.24100000000000002
BRK,2010Q3,2010   Q3,$48.6 B,2,WFC,Wells Fargo,0.174
BRK,2010Q3,2010   Q3,$48.6 B,3,AXP,American Express,0.13119999999999998
BRK,2010Q3,2010   Q3,$48.6 B,4,PG,Procter & Gamble,0.09480000000000001
BRK,2010Q3,2010   Q3,$48.6 B,5,MDLZ,Mondelez International,0.0669
BRK,2010Q3,2010   Q3,$48.6 B,6,JNJ,Johnson & Johnson,0.054400000000000004
BRK,2010Q3,2010   Q3,$48.6 B,7,WMT,Walmart Inc.,0.043
BRK,2010Q3,2010   Q3,$48.6 B,8,WSC-OLD,Wesco Financial Corp.,0.0421
BRK,2010Q3,2010   Q3,$48.6 B,9,COP,ConocoPhillips,0.0344
BRK,2010Q3,2010   Q3,$48.6 B,10,USB,U.S. Bancorp,0.030699999999999998
BRK,2010Q3,2010   Q3,$48.6 B,11,MCO,Moody's Corp.,0.0149
BRK,2010Q3,2010   Q3,$48.6 B,12,GHC,Graham Holdings Co.,0.014199999999999999
BRK,2010Q3,2010   Q3,$48.6 B,13,MTB,M&T Bank Corp.,0.009000000000000001
BRK,2010Q3,2010   Q3,$48.6 B,14,NKE,NIKE Inc.,0.006
BRK,2010Q3,2010   Q3,$48.6 B,15,COST,Costco Co.,0.0058
BRK,2010Q3,2010   Q3,$48.6 B,16,USG,USG Corp.,0.0046
BRK,2010Q3,2010   Q3,$48.6 B,17,FISV,Fiserv Inc.,0.0043
BRK,2010Q3,2010   Q3,$48.6 B,18,NSRGY,Nestle,0.0038
BRK,2010Q3,2010   Q3,$48.6 B,19,NLC,Nalco Holding Co.,0.0032
BRK,2010Q3,2010   Q3,$48.6 B,20,GL,Globe Life Inc.,0.0031
BRK,2010Q2,2010   Q2,$46.4 B,1,KO,Coca Cola Co.,0.2158
BRK,2010Q2,2010   Q2,$46.4 B,2,WFC,Wells Fargo,0.1764
BRK,2010Q2,2010   Q2,$46.4 B,3,AXP,American Express,0.12960000000000002
BRK,2010Q2,2010   Q2,$46.4 B,4,PG,Procter & Gamble,0.1008
BRK,2010Q2,2010   Q2,$46.4 B,5,MDLZ,Mondelez International,0.0634
BRK,2010Q2,2010   Q2,$46.4 B,6,JNJ,Johnson & Johnson,0.0525
BRK,2010Q2,2010   Q2,$46.4 B,7,WMT,Walmart Inc.,0.0404
BRK,2010Q2,2010   Q2,$46.4 B,8,WSC-OLD,Wesco Financial Corp.,0.0397
BRK,2010Q2,2010   Q2,$46.4 B,9,USB,U.S. Bancorp,0.0332
BRK,2010Q2,2010   Q2,$46.4 B,10,COP,ConocoPhillips,0.0308
BRK,2010Q2,2010   Q2,$46.4 B,11,GHC,Graham Holdings Co.,0.015300000000000001
BRK,2010Q2,2010   Q2,$46.4 B,12,MCO,Moody's Corp.,0.0132
BRK,2010Q2,2010   Q2,$46.4 B,13,NKE,NIKE Inc.,0.0111
BRK,2010Q2,2010   Q2,$46.4 B,14,MTB,M&T Bank Corp.,0.0098
BRK,2010Q2,2010   Q2,$46.4 B,15,RSG,Republic Services,0.0069
BRK,2010Q2,2010   Q2,$46.4 B,16,COST,Costco Co.,0.0051
BRK,2010Q2,2010   Q2,$46.4 B,17,USG,USG Corp.,0.0044
BRK,2010Q2,2010   Q2,$46.4 B,18,FISV,Fiserv Inc.,0.0043
BRK,2010Q2,2010   Q2,$46.4 B,19,CMCSK-OLD,Comcast Corp. CL A Spl,0.0042
BRK,2010Q2,2010   Q2,$46.4 B,20,IR,Ingersoll Rand Inc.,0.0042
BRK,2010Q1,2010   Q1,$50.9 B,1,KO,Coca Cola Co.,0.21600000000000003
BRK,2010Q1,2010   Q1,$50.9 B,2,WFC,Wells Fargo,0.1956
BRK,2010Q1,2010   Q1,$50.9 B,3,AXP,American Express,0.12279999999999999
BRK,2010Q1,2010   Q1,$50.9 B,4,PG,Procter & Gamble,0.0983
BRK,2010Q1,2010   Q1,$50.9 B,5,MDLZ,Mondelez International,0.0634
BRK,2010Q1,2010   Q1,$50.9 B,6,WSC-OLD,Wesco Financial Corp.,0.0432
BRK,2010Q1,2010   Q1,$50.9 B,7,WMT,Walmart Inc.,0.0426
BRK,2010Q1,2010   Q1,$50.9 B,8,USB,U.S. Bancorp,0.0351
BRK,2010Q1,2010   Q1,$50.9 B,9,COP,ConocoPhillips,0.034300000000000004
BRK,2010Q1,2010   Q1,$50.9 B,10,JNJ,Johnson & Johnson,0.030600000000000002
BRK,2010Q1,2010   Q1,$50.9 B,11,MCO,Moody's Corp.,0.018000000000000002
BRK,2010Q1,2010   Q1,$50.9 B,12,GHC,Graham Holdings Co.,0.0151
BRK,2010Q1,2010   Q1,$50.9 B,13,NKE,NIKE Inc.,0.011000000000000001
BRK,2010Q1,2010   Q1,$50.9 B,14,MTB,M&T Bank Corp.,0.0087
BRK,2010Q1,2010   Q1,$50.9 B,15,RSG,Republic Services,0.0062
BRK,2010Q1,2010   Q1,$50.9 B,16,USG,USG Corp.,0.0058
BRK,2010Q1,2010   Q1,$50.9 B,17,COST,Costco Co.,0.0051
BRK,2010Q1,2010   Q1,$50.9 B,18,NLC,Nalco Holding Co.,0.0043
BRK,2010Q1,2010   Q1,$50.9 B,19,CMCSK-OLD,Comcast Corp. CL A Spl,0.0042
BRK,2010Q1,2010   Q1,$50.9 B,20,IRM,Iron Mountain Inc.,0.0042
BRK,2009Q4,2009   Q4,$57.9 B,1,KO,Coca Cola Co.,0.1968
BRK,2009Q4,2009   Q4,$57.9 B,2,WFC,Wells Fargo,0.1491
BRK,2009Q4,2009   Q4,$57.9 B,3,BNI,Burlington Northern Santa Fe,0.1307
BRK,2009Q4,2009   Q4,$57.9 B,4,AXP,American Express,0.106
BRK,2009Q4,2009   Q4,$57.9 B,5,PG,Procter & Gamble,0.0916
BRK,2009Q4,2009   Q4,$57.9 B,6,MDLZ,Mondelez International,0.0649
BRK,2009Q4,2009   Q4,$57.9 B,7,WMT,Walmart Inc.,0.036000000000000004
BRK,2009Q4,2009   Q4,$57.9 B,8,WSC-OLD,Wesco Financial Corp.,0.0338
BRK,2009Q4,2009   Q4,$57.9 B,9,COP,ConocoPhillips,0.0332
BRK,2009Q4,2009   Q4,$57.9 B,10,JNJ,Johnson & Johnson,0.0302
BRK,2009Q4,2009   Q4,$57.9 B,11,USB,U.S. Bancorp,0.0268
BRK,2009Q4,2009   Q4,$57.9 B,12,MCO,Moody's Corp.,0.0147
BRK,2009Q4,2009   Q4,$57.9 B,13,GHC,Graham Holdings Co.,0.0131
BRK,2009Q4,2009   Q4,$57.9 B,14,NKE,NIKE Inc.,0.0087
BRK,2009Q4,2009   Q4,$57.9 B,15,MTB,M&T Bank Corp.,0.0078000000000000005
BRK,2009Q4,2009   Q4,$57.9 B,16,COST,Costco Co.,0.0054
BRK,2009Q4,2009   Q4,$57.9 B,17,RSG,Republic Services,0.0040999999999999995
BRK,2009Q4,2009   Q4,$57.9 B,18,USG,USG Corp.,0.0040999999999999995
BRK,2009Q4,2009   Q4,$57.9 B,19,NLC,Nalco Holding Co.,0.004
BRK,2009Q4,2009   Q4,$57.9 B,20,IR,Ingersoll Rand Inc.,0.0034999999999999996
BRK,2009Q3,2009   Q3,$56.5 B,1,KO,Coca Cola Co.,0.18989999999999999
BRK,2009Q3,2009   Q3,$56.5 B,2,WFC,Wells Fargo,0.1562
BRK,2009Q3,2009   Q3,$56.5 B,3,BNI,Burlington Northern Santa Fe,0.1084
BRK,2009Q3,2009   Q3,$56.5 B,4,PG,Procter & Gamble,0.0987
BRK,2009Q3,2009   Q3,$56.5 B,5,AXP,American Express,0.0909
BRK,2009Q3,2009   Q3,$56.5 B,6,MDLZ,Mondelez International,0.0642
BRK,2009Q3,2009   Q3,$56.5 B,7,COP,ConocoPhillips,0.045899999999999996
BRK,2009Q3,2009   Q3,$56.5 B,8,JNJ,Johnson & Johnson,0.0398
BRK,2009Q3,2009   Q3,$56.5 B,9,WSC-OLD,Wesco Financial Corp.,0.032799999999999996
BRK,2009Q3,2009   Q3,$56.5 B,10,WMT,Walmart Inc.,0.032799999999999996
BRK,2009Q3,2009   Q3,$56.5 B,11,USB,U.S. Bancorp,0.026699999999999998
BRK,2009Q3,2009   Q3,$56.5 B,12,GHC,Graham Holdings Co.,0.0143
BRK,2009Q3,2009   Q3,$56.5 B,13,MCO,Moody's Corp.,0.014199999999999999
BRK,2009Q3,2009   Q3,$56.5 B,14,UNP,Union Pacific,0.009899999999999999
BRK,2009Q3,2009   Q3,$56.5 B,15,NKE,NIKE Inc.,0.0087
BRK,2009Q3,2009   Q3,$56.5 B,16,MTB,M&T Bank Corp.,0.0074
BRK,2009Q3,2009   Q3,$56.5 B,17,COST,Costco Co.,0.0052
BRK,2009Q3,2009   Q3,$56.5 B,18,USG,USG Corp.,0.0052
BRK,2009Q3,2009   Q3,$56.5 B,19,IR,Ingersoll Rand Inc.,0.0042
BRK,2009Q3,2009   Q3,$56.5 B,20,CMCSK-OLD,Comcast Corp. CL A Spl,0.0034000000000000002
BRK,2009Q2,2009   Q2,$49 B,1,KO,Coca Cola Co.,0.19579999999999997
BRK,2009Q2,2009   Q2,$49 B,2,WFC,Wells Fargo,0.14980000000000002
BRK,2009Q2,2009   Q2,$49 B,3,BNI,Burlington Northern Santa Fe,0.1152
BRK,2009Q2,2009   Q2,$49 B,4,PG,Procter & Gamble,0.10039999999999999
BRK,2009Q2,2009   Q2,$49 B,5,AXP,American Express,0.0719
BRK,2009Q2,2009   Q2,$49 B,6,MDLZ,Mondelez International,0.07150000000000001
BRK,2009Q2,2009   Q2,$49 B,7,COP,ConocoPhillips,0.0553
BRK,2009Q2,2009   Q2,$49 B,8,JNJ,Johnson & Johnson,0.042800000000000005
BRK,2009Q2,2009   Q2,$49 B,9,WSC-OLD,Wesco Financial Corp.,0.0339
BRK,2009Q2,2009   Q2,$49 B,10,MCO,Moody's Corp.,0.0258
BRK,2009Q2,2009   Q2,$49 B,11,USB,U.S. Bancorp,0.0252
BRK,2009Q2,2009   Q2,$49 B,12,WMT,Walmart Inc.,0.0197
BRK,2009Q2,2009   Q2,$49 B,13,GHC,Graham Holdings Co.,0.0124
BRK,2009Q2,2009   Q2,$49 B,14,UNP,Union Pacific,0.0102
BRK,2009Q2,2009   Q2,$49 B,15,NKE,NIKE Inc.,0.008100000000000001
BRK,2009Q2,2009   Q2,$49 B,16,MTB,M&T Bank Corp.,0.006999999999999999
BRK,2009Q2,2009   Q2,$49 B,17,COST,Costco Co.,0.0049
BRK,2009Q2,2009   Q2,$49 B,18,NRG,NRG Energy Inc.,0.0038
BRK,2009Q2,2009   Q2,$49 B,19,ELV,Elevance Health Inc.,0.0036
BRK,2009Q2,2009   Q2,$49 B,20,CMCSK-OLD,Comcast Corp. CL A Spl,0.0034999999999999996
BRK,2009Q1,2009   Q1,$40.9 B,1,KO,Coca Cola Co.,0.2151
BRK,2009Q1,2009   Q1,$40.9 B,2,BNI,Burlington Northern Santa Fe,0.113
BRK,2009Q1,2009   Q1,$40.9 B,3,PG,Procter & Gamble,0.111
BRK,2009Q1,2009   Q1,$40.9 B,4,WFC,Wells Fargo,0.1054
BRK,2009Q1,2009   Q1,$40.9 B,5,MDLZ,Mondelez International,0.0754
BRK,2009Q1,2009   Q1,$40.9 B,6,COP,ConocoPhillips,0.0682
BRK,2009Q1,2009   Q1,$40.9 B,7,AXP,American Express,0.0506
BRK,2009Q1,2009   Q1,$40.9 B,8,JNJ,Johnson & Johnson,0.0418
BRK,2009Q1,2009   Q1,$40.9 B,9,WSC-OLD,Wesco Financial Corp.,0.0385
BRK,2009Q1,2009   Q1,$40.9 B,10,MCO,Moody's Corp.,0.0269
BRK,2009Q1,2009   Q1,$40.9 B,11,WMT,Walmart Inc.,0.0254
BRK,2009Q1,2009   Q1,$40.9 B,12,USB,U.S. Bancorp,0.024700000000000003
BRK,2009Q1,2009   Q1,$40.9 B,13,GHC,Graham Holdings Co.,0.0151
BRK,2009Q1,2009   Q1,$40.9 B,14,UNP,Union Pacific,0.0096
BRK,2009Q1,2009   Q1,$40.9 B,15,NKE,NIKE Inc.,0.0088
BRK,2009Q1,2009   Q1,$40.9 B,16,CEG,Constellation Energy Corp.,0.0075
BRK,2009Q1,2009   Q1,$40.9 B,17,MTB,M&T Bank Corp.,0.0074
BRK,2009Q1,2009   Q1,$40.9 B,18,COST,Costco Co.,0.006
BRK,2009Q1,2009   Q1,$40.9 B,19,ELV,Elevance Health Inc.,0.0044
BRK,2009Q1,2009   Q1,$40.9 B,20,CMCSK-OLD,Comcast Corp. CL A Spl,0.0038
BRK,2008Q4,2008   Q4,$51.9 B,1,KO,Coca Cola Co.,0.1746
BRK,2008Q4,2008   Q4,$51.9 B,2,WFC,Wells Fargo,0.1649
BRK,2008Q4,2008   Q4,$51.9 B,3,PG,Procter & Gamble,0.1148
BRK,2008Q4,2008   Q4,$51.9 B,4,BNI,Burlington Northern Santa Fe,0.1023
BRK,2008Q4,2008   Q4,$51.9 B,5,COP,ConocoPhillips,0.07980000000000001
BRK,2008Q4,2008   Q4,$51.9 B,6,MDLZ,Mondelez International,0.0716
BRK,2008Q4,2008   Q4,$51.9 B,7,AXP,American Express,0.0542
BRK,2008Q4,2008   Q4,$51.9 B,8,JNJ,Johnson & Johnson,0.033
BRK,2008Q4,2008   Q4,$51.9 B,9,USB,U.S. Bancorp,0.0326
BRK,2008Q4,2008   Q4,$51.9 B,10,WSC-OLD,Wesco Financial Corp.,0.0317
BRK,2008Q4,2008   Q4,$51.9 B,11,WMT,Walmart Inc.,0.0216
BRK,2008Q4,2008   Q4,$51.9 B,12,MCO,Moody's Corp.,0.018600000000000002
BRK,2008Q4,2008   Q4,$51.9 B,13,GHC,Graham Holdings Co.,0.013000000000000001
BRK,2008Q4,2008   Q4,$51.9 B,14,CEG,Constellation Energy Corp.,0.0096
BRK,2008Q4,2008   Q4,$51.9 B,15,UNP,Union Pacific,0.008199999999999999
BRK,2008Q4,2008   Q4,$51.9 B,16,NKE,NIKE Inc.,0.0075
BRK,2008Q4,2008   Q4,$51.9 B,17,MTB,M&T Bank Corp.,0.0074
BRK,2008Q4,2008   Q4,$51.9 B,18,COST,Costco Co.,0.0053
BRK,2008Q4,2008   Q4,$51.9 B,19,ELV,Elevance Health Inc.,0.0039000000000000003
BRK,2008Q4,2008   Q4,$51.9 B,20,CMCSK-OLD,Comcast Corp.,0.0037
BRK,2008Q3,2008   Q3,$69.9 B,1,WFC,Wells Fargo,0.1559
BRK,2008Q3,2008   Q3,$69.9 B,2,KO,Coca Cola Co.,0.15130000000000002
BRK,2008Q3,2008   Q3,$69.9 B,3,PG,Procter & Gamble,0.10550000000000001
BRK,2008Q3,2008   Q3,$69.9 B,4,COP,ConocoPhillips,0.08800000000000001
BRK,2008Q3,2008   Q3,$69.9 B,5,BNI,Burlington Northern Santa Fe,0.08439999999999999
BRK,2008Q3,2008   Q3,$69.9 B,6,AXP,American Express,0.07690000000000001
BRK,2008Q3,2008   Q3,$69.9 B,7,MDLZ,Mondelez International,0.06480000000000001
BRK,2008Q3,2008   Q3,$69.9 B,8,JNJ,Johnson & Johnson,0.061200000000000004
BRK,2008Q3,2008   Q3,$69.9 B,9,USB,U.S. Bancorp,0.037599999999999995
BRK,2008Q3,2008   Q3,$69.9 B,10,WSC-OLD,Wesco Financial Corp.,0.0291
BRK,2008Q3,2008   Q3,$69.9 B,11,MCO,Moody's Corp.,0.023399999999999997
BRK,2008Q3,2008   Q3,$69.9 B,12,WMT,Walmart Inc.,0.0171
BRK,2008Q3,2008   Q3,$69.9 B,13,GHC,Graham Holdings Co.,0.0138
BRK,2008Q3,2008   Q3,$69.9 B,14,BUD,Anheuser-Busch InBev,0.0129
BRK,2008Q3,2008   Q3,$69.9 B,15,UNP,Union Pacific,0.0091
BRK,2008Q3,2008   Q3,$69.9 B,16,MTB,M&T Bank Corp.,0.0086
BRK,2008Q3,2008   Q3,$69.9 B,17,NKE,NIKE Inc.,0.0073
BRK,2008Q3,2008   Q3,$69.9 B,18,USG,USG Corp.,0.0063
BRK,2008Q3,2008   Q3,$69.9 B,19,COST,Costco Co.,0.0049
BRK,2008Q3,2008   Q3,$69.9 B,20,KMX,CarMax Inc.,0.0037
BRK,2008Q2,2008   Q2,$63.5 B,1,KO,Coca Cola Co.,0.1637
BRK,2008Q2,2008   Q2,$63.5 B,2,WFC,Wells Fargo,0.10869999999999999
BRK,2008Q2,2008   Q2,$63.5 B,3,PG,Procter & Gamble,0.1013
BRK,2008Q2,2008   Q2,$63.5 B,4,BNI,Burlington Northern Santa Fe,0.1003
BRK,2008Q2,2008   Q2,$63.5 B,5,AXP,American Express,0.08990000000000001
BRK,2008Q2,2008   Q2,$63.5 B,6,COP,ConocoPhillips,0.08869999999999999
BRK,2008Q2,2008   Q2,$63.5 B,7,JNJ,Johnson & Johnson,0.0626
BRK,2008Q2,2008   Q2,$63.5 B,8,MDLZ,Mondelez International,0.061900000000000004
BRK,2008Q2,2008   Q2,$63.5 B,9,WSC-OLD,Wesco Financial Corp.,0.034300000000000004
BRK,2008Q2,2008   Q2,$63.5 B,10,USB,U.S. Bancorp,0.0301
BRK,2008Q2,2008   Q2,$63.5 B,11,MCO,Moody's Corp.,0.026000000000000002
BRK,2008Q2,2008   Q2,$63.5 B,12,WMT,Walmart Inc.,0.0176
BRK,2008Q2,2008   Q2,$63.5 B,13,GHC,Graham Holdings Co.,0.016
BRK,2008Q2,2008   Q2,$63.5 B,14,BUD,Anheuser-Busch InBev,0.013500000000000002
BRK,2008Q2,2008   Q2,$63.5 B,15,UNP,Union Pacific,0.0106
BRK,2008Q2,2008   Q2,$63.5 B,16,USG,USG Corp.,0.0079
BRK,2008Q2,2008   Q2,$63.5 B,17,MTB,M&T Bank Corp.,0.0075
BRK,2008Q2,2008   Q2,$63.5 B,18,NKE,NIKE Inc.,0.0072
BRK,2008Q2,2008   Q2,$63.5 B,19,COST,Costco Co.,0.0058
BRK,2008Q2,2008   Q2,$63.5 B,20,KMX,CarMax Inc.,0.0048
BRK,2008Q1,2008   Q1,$66.5 B,1,KO,Coca Cola Co.,0.1832
BRK,2008Q1,2008   Q1,$66.5 B,2,WFC,Wells Fargo,0.1273
BRK,2008Q1,2008   Q1,$66.5 B,3,PG,Procter & Gamble,0.1116
BRK,2008Q1,2008   Q1,$66.5 B,4,AXP,American Express,0.09970000000000001
BRK,2008Q1,2008   Q1,$66.5 B,5,BNI,Burlington Northern Santa Fe,0.0885
BRK,2008Q1,2008   Q1,$66.5 B,6,MDLZ,Mondelez International,0.0645
BRK,2008Q1,2008   Q1,$66.5 B,7,JNJ,Johnson & Johnson,0.0603
BRK,2008Q1,2008   Q1,$66.5 B,8,WSC-OLD,Wesco Financial Corp.,0.0347
BRK,2008Q1,2008   Q1,$66.5 B,9,USB,U.S. Bancorp,0.0334
BRK,2008Q1,2008   Q1,$66.5 B,10,BUD,Anheuser-Busch InBev,0.0254
BRK,2008Q1,2008   Q1,$66.5 B,11,MCO,Moody's Corp.,0.0252
BRK,2008Q1,2008   Q1,$66.5 B,12,COP,ConocoPhillips,0.020099999999999996
BRK,2008Q1,2008   Q1,$66.5 B,13,GHC,Graham Holdings Co.,0.0172
BRK,2008Q1,2008   Q1,$66.5 B,14,WMT,Walmart Inc.,0.0158
BRK,2008Q1,2008   Q1,$66.5 B,15,USG,USG Corp.,0.0095
BRK,2008Q1,2008   Q1,$66.5 B,16,UNP,Union Pacific,0.0084
BRK,2008Q1,2008   Q1,$66.5 B,17,MTB,M&T Bank Corp.,0.008100000000000001
BRK,2008Q1,2008   Q1,$66.5 B,18,NKE,NIKE Inc.,0.0078000000000000005
BRK,2008Q1,2008   Q1,$66.5 B,19,TT,Trane Technologies plc,0.0075
BRK,2008Q1,2008   Q1,$66.5 B,20,KMX,CarMax Inc.,0.0062
BRK,2007Q4,2007   Q4,$68.8 B,1,KO,Coca Cola Co.,0.17850000000000002
BRK,2007Q4,2007   Q4,$68.8 B,2,WFC,Wells Fargo,0.127
BRK,2007Q4,2007   Q4,$68.8 B,3,AXP,American Express,0.11470000000000001
BRK,2007Q4,2007   Q4,$68.8 B,4,PG,Procter & Gamble,0.113
BRK,2007Q4,2007   Q4,$68.8 B,5,BNI,Burlington Northern Santa Fe,0.0736
BRK,2007Q4,2007   Q4,$68.8 B,6,MDLZ,Mondelez International,0.06280000000000001
BRK,2007Q4,2007   Q4,$68.8 B,7,JNJ,Johnson & Johnson,0.0599
BRK,2007Q4,2007   Q4,$68.8 B,8,WSC-OLD,Wesco Financial Corp.,0.0332
BRK,2007Q4,2007   Q4,$68.8 B,9,USB,U.S. Bancorp,0.031200000000000002
BRK,2007Q4,2007   Q4,$68.8 B,10,BUD,Anheuser-Busch InBev,0.027200000000000002
BRK,2007Q4,2007   Q4,$68.8 B,11,MCO,Moody's Corp.,0.024900000000000002
BRK,2007Q4,2007   Q4,$68.8 B,12,COP,ConocoPhillips,0.0225
BRK,2007Q4,2007   Q4,$68.8 B,13,GHC,Graham Holdings Co.,0.0199
BRK,2007Q4,2007   Q4,$68.8 B,14,WMT,Walmart Inc.,0.0138
BRK,2007Q4,2007   Q4,$68.8 B,15,USG,USG Corp.,0.0089
BRK,2007Q4,2007   Q4,$68.8 B,16,UNP,Union Pacific,0.008100000000000001
BRK,2007Q4,2007   Q4,$68.8 B,17,MTB,M&T Bank Corp.,0.008
BRK,2007Q4,2007   Q4,$68.8 B,18,TT,Trane Technologies plc,0.0074
BRK,2007Q4,2007   Q4,$68.8 B,19,NKE,NIKE Inc.,0.0070999999999999995
BRK,2007Q4,2007   Q4,$68.8 B,20,KMX,CarMax Inc.,0.006
BRK,2007Q3,2007   Q3,$65.8 B,1,KO,Coca Cola Co.,0.1747
BRK,2007Q3,2007   Q3,$65.8 B,2,WFC,Wells Fargo,0.1514
BRK,2007Q3,2007   Q3,$65.8 B,3,AXP,American Express,0.1368
BRK,2007Q3,2007   Q3,$65.8 B,4,PG,Procter & Gamble,0.1131
BRK,2007Q3,2007   Q3,$65.8 B,5,BNI,Burlington Northern Santa Fe,0.0654
BRK,2007Q3,2007   Q3,$65.8 B,6,JNJ,Johnson & Johnson,0.061500000000000006
BRK,2007Q3,2007   Q3,$65.8 B,7,MCO,Moody's Corp.,0.0368
BRK,2007Q3,2007   Q3,$65.8 B,8,WSC-OLD,Wesco Financial Corp.,0.0345
BRK,2007Q3,2007   Q3,$65.8 B,9,USB,U.S. Bancorp,0.032400000000000005
BRK,2007Q3,2007   Q3,$65.8 B,10,BUD,Anheuser-Busch InBev,0.027000000000000003
BRK,2007Q3,2007   Q3,$65.8 B,11,COP,ConocoPhillips,0.023399999999999997
BRK,2007Q3,2007   Q3,$65.8 B,12,GHC,Graham Holdings Co.,0.021099999999999997
BRK,2007Q3,2007   Q3,$65.8 B,13,WMT,Walmart Inc.,0.0132
BRK,2007Q3,2007   Q3,$65.8 B,14,MTB,M&T Bank Corp.,0.0105
BRK,2007Q3,2007   Q3,$65.8 B,15,USG,USG Corp.,0.0097
BRK,2007Q3,2007   Q3,$65.8 B,16,UNP,Union Pacific,0.0077
BRK,2007Q3,2007   Q3,$65.8 B,17,BAC,Bank of America Corp.,0.006999999999999999
BRK,2007Q3,2007   Q3,$65.8 B,18,NKE,NIKE Inc.,0.0068000000000000005
BRK,2007Q3,2007   Q3,$65.8 B,19,TT,Trane Technologies plc,0.0059
BRK,2007Q3,2007   Q3,$65.8 B,20,DJ-OLD,Dow Jones & Co.,0.0058
BRK,2007Q2,2007   Q2,$62.1 B,1,KO,Coca Cola Co.,0.1684
BRK,2007Q2,2007   Q2,$62.1 B,2,AXP,American Express,0.1493
BRK,2007Q2,2007   Q2,$62.1 B,3,WFC,Wells Fargo,0.1459
BRK,2007Q2,2007   Q2,$62.1 B,4,PG,Procter & Gamble,0.10369999999999999
BRK,2007Q2,2007   Q2,$62.1 B,5,BNI,Burlington Northern Santa Fe,0.0535
BRK,2007Q2,2007   Q2,$62.1 B,6,JNJ,Johnson & Johnson,0.0527
BRK,2007Q2,2007   Q2,$62.1 B,7,MCO,Moody's Corp.,0.0481
BRK,2007Q2,2007   Q2,$62.1 B,8,WSC-OLD,Wesco Financial Corp.,0.0353
BRK,2007Q2,2007   Q2,$62.1 B,9,BUD,Anheuser-Busch InBev,0.029900000000000003
BRK,2007Q2,2007   Q2,$62.1 B,10,COP,ConocoPhillips,0.0227
BRK,2007Q2,2007   Q2,$62.1 B,11,GHC,Graham Holdings Co.,0.0216
BRK,2007Q2,2007   Q2,$62.1 B,12,USB,U.S. Bancorp,0.0197
BRK,2007Q2,2007   Q2,$62.1 B,13,WMT,Walmart Inc.,0.0154
BRK,2007Q2,2007   Q2,$62.1 B,14,UNP,Union Pacific,0.0137
BRK,2007Q2,2007   Q2,$62.1 B,15,USG,USG Corp.,0.013500000000000002
BRK,2007Q2,2007   Q2,$62.1 B,16,MTB,M&T Bank Corp.,0.0115
BRK,2007Q2,2007   Q2,$62.1 B,17,TT,Trane Technologies plc,0.0105
BRK,2007Q2,2007   Q2,$62.1 B,18,NKE,NIKE Inc.,0.0075
BRK,2007Q2,2007   Q2,$62.1 B,19,BAC,Bank of America Corp.,0.0068000000000000005
BRK,2007Q2,2007   Q2,$62.1 B,20,ELV,Elevance Health Inc.,0.0054
BRK,2007Q1,2007   Q1,$57.5 B,1,KO,Coca Cola Co.,0.16690000000000002
BRK,2007Q1,2007   Q1,$57.5 B,2,AXP,American Express,0.1487
BRK,2007Q1,2007   Q1,$57.5 B,3,WFC,Wells Fargo,0.1391
BRK,2007Q1,2007   Q1,$57.5 B,4,PG,Procter & Gamble,0.10980000000000001
BRK,2007Q1,2007   Q1,$57.5 B,5,MCO,Moody's Corp,0.0518
BRK,2007Q1,2007   Q1,$57.5 B,6,JNJ,Johnson & Johnson,0.051
BRK,2007Q1,2007   Q1,$57.5 B,7,BNI,Burlington Northern Santa Fe,0.048499999999999995
BRK,2007Q1,2007   Q1,$57.5 B,8,WSC-OLD,Wesco Financial Corp.,0.045599999999999995
BRK,2007Q1,2007   Q1,$57.5 B,9,BUD,Anheuser-Busch InBev,0.031200000000000002
BRK,2007Q1,2007   Q1,$57.5 B,10,GHC,Graham Holdings Co.,0.0229
BRK,2007Q1,2007   Q1,$57.5 B,11,COP,ConocoPhillips,0.0213
BRK,2007Q1,2007   Q1,$57.5 B,12,UNP,Union Pacific,0.018600000000000002
BRK,2007Q1,2007   Q1,$57.5 B,13,WMT,Walmart Inc.,0.0163
BRK,2007Q1,2007   Q1,$57.5 B,14,USB,U.S. Bancorp,0.014199999999999999
BRK,2007Q1,2007   Q1,$57.5 B,15,USG,USG Corp.,0.0139
BRK,2007Q1,2007   Q1,$57.5 B,16,MTB,M&T Bank Corp.,0.013500000000000002
BRK,2007Q1,2007   Q1,$57.5 B,17,TT,Trane Technologies plc,0.0102
BRK,2007Q1,2007   Q1,$57.5 B,18,NKE,NIKE Inc.,0.0074
BRK,2007Q1,2007   Q1,$57.5 B,19,NSC,Norfolk Southern Corp.,0.005600000000000001
BRK,2007Q1,2007   Q1,$57.5 B,20,TYC,Tyco International,0.0055000000000000005
BRK,2006Q4,2006   Q4,$52.8 B,1,KO,Coca Cola Co.,0.18280000000000002
BRK,2006Q4,2006   Q4,$52.8 B,2,AXP,American Express,0.1743
BRK,2006Q4,2006   Q4,$52.8 B,3,WFC,Wells Fargo,0.1375
BRK,2006Q4,2006   Q4,$52.8 B,4,PG,Procter & Gamble,0.12179999999999999
BRK,2006Q4,2006   Q4,$52.8 B,5,MCO,Moody's Corp,0.06280000000000001
BRK,2006Q4,2006   Q4,$52.8 B,6,WSC-OLD,Wesco Financial Corp.,0.049699999999999994
BRK,2006Q4,2006   Q4,$52.8 B,7,BUD,Anheuser-Busch InBev,0.0339
BRK,2006Q4,2006   Q4,$52.8 B,8,JNJ,Johnson & Johnson,0.0308
BRK,2006Q4,2006   Q4,$52.8 B,9,COP,ConocoPhillips,0.0245
BRK,2006Q4,2006   Q4,$52.8 B,10,GHC,Graham Holdings Co.,0.024399999999999998
BRK,2006Q4,2006   Q4,$52.8 B,11,USG,USG Corp.,0.0177
BRK,2006Q4,2006   Q4,$52.8 B,12,WMT,Walmart Inc.,0.0174
BRK,2006Q4,2006   Q4,$52.8 B,13,USB,U.S. Bancorp,0.016
BRK,2006Q4,2006   Q4,$52.8 B,14,MTB,M&T Bank Corp.,0.0155
BRK,2006Q4,2006   Q4,$52.8 B,15,TT,Trane Technologies plc,0.0096
BRK,2006Q4,2006   Q4,$52.8 B,16,AMP,Ameriprise Financial Inc.,0.0085
BRK,2006Q4,2006   Q4,$52.8 B,17,NKE,NIKE Inc.,0.0075
BRK,2006Q4,2006   Q4,$52.8 B,18,CMCSK-OLD,Comcast Corp.,0.0063
BRK,2006Q4,2006   Q4,$52.8 B,19,TYC,Tyco International,0.0058
BRK,2006Q4,2006   Q4,$52.8 B,20,GE,GE Aerospace,0.0055000000000000005
HC,2026Q2,2026   Q2,$3.7 B,1,GOOGL,Alphabet Inc.,0.2455
HC,2026Q2,2026   Q2,$3.7 B,2,GOOG,Alphabet Inc. CL C,0.2339
HC,2026Q2,2026   Q2,$3.7 B,3,PDD,Pinduoduo Inc.,0.2217
HC,2026Q2,2026   Q2,$3.7 B,4,BRK.B,Berkshire Hathaway CL B,0.14980000000000002
HC,2026Q2,2026   Q2,$3.7 B,5,EWBC,East West Bancorp,0.0968
HC,2026Q2,2026   Q2,$3.7 B,6,CROX,Crocs Inc.,0.028900000000000002
HC,2026Q2,2026   Q2,$3.7 B,7,TME,Tencent Music Entertainment Grp,0.0149
HC,2026Q2,2026   Q2,$3.7 B,8,AAPL,Apple Inc.,0.0086
HC,2026Q1,2026   Q1,$3.2 B,1,GOOGL,Alphabet Inc.,0.2285
HC,2026Q1,2026   Q1,$3.2 B,2,GOOG,Alphabet Inc. CL C,0.21969999999999998
HC,2026Q1,2026   Q1,$3.2 B,3,PDD,Pinduoduo Inc.,0.1471
HC,2026Q1,2026   Q1,$3.2 B,4,BRK.B,Berkshire Hathaway CL B,0.1344
HC,2026Q1,2026   Q1,$3.2 B,5,EWBC,East West Bancorp,0.0926
HC,2026Q1,2026   Q1,$3.2 B,6,BAC,Bank of America Corp.,0.045700000000000005
HC,2026Q1,2026   Q1,$3.2 B,7,OXY,Occidental Petroleum,0.0298
HC,2026Q1,2026   Q1,$3.2 B,8,CROX,Crocs Inc.,0.023
HC,2026Q1,2026   Q1,$3.2 B,9,TME,Tencent Music Entertainment Grp,0.0191
HC,2026Q1,2026   Q1,$3.2 B,10,MCO,Moody's Corp.,0.0161
HC,2026Q1,2026   Q1,$3.2 B,11,HRB,H&R Block Inc.,0.0161
HC,2026Q1,2026   Q1,$3.2 B,12,SPGI,S&P Global Inc.,0.0161
HC,2026Q1,2026   Q1,$3.2 B,13,AAPL,Apple Inc.,0.0088
HC,2026Q1,2026   Q1,$3.2 B,14,MSCI,MSCI Inc.,0.0032
HC,2025Q4,2025   Q4,$3.57 B,1,GOOGL,Alphabet Inc.,0.2231
HC,2025Q4,2025   Q4,$3.57 B,2,GOOG,Alphabet Inc. CL C,0.2155
HC,2025Q4,2025   Q4,$3.57 B,3,BAC,Bank of America Corp.,0.16079999999999997
HC,2025Q4,2025   Q4,$3.57 B,4,PDD,Pinduoduo Inc.,0.1464
HC,2025Q4,2025   Q4,$3.57 B,5,BRK.B,Berkshire Hathaway CL B,0.1264
HC,2025Q4,2025   Q4,$3.57 B,6,EWBC,East West Bancorp,0.0874
HC,2025Q4,2025   Q4,$3.57 B,7,OXY,Occidental Petroleum,0.0169
HC,2025Q4,2025   Q4,$3.57 B,8,CROX,Crocs Inc.,0.0151
HC,2025Q4,2025   Q4,$3.57 B,9,AAPL,Apple Inc.,0.0084
HC,2025Q3,2025   Q3,$3.23 B,1,GOOGL,Alphabet Inc.,0.19140000000000001
HC,2025Q3,2025   Q3,$3.23 B,2,PDD,Pinduoduo Inc.,0.1885
HC,2025Q3,2025   Q3,$3.23 B,3,GOOG,Alphabet Inc. CL C,0.1848
HC,2025Q3,2025   Q3,$3.23 B,4,BAC,Bank of America Corp.,0.1666
HC,2025Q3,2025   Q3,$3.23 B,5,BRK.B,Berkshire Hathaway CL B,0.13970000000000002
HC,2025Q3,2025   Q3,$3.23 B,6,EWBC,East West Bancorp,0.0915
HC,2025Q3,2025   Q3,$3.23 B,7,OXY,Occidental Petroleum,0.0215
HC,2025Q3,2025   Q3,$3.23 B,8,AAPL,Apple Inc.,0.0087
HC,2025Q3,2025   Q3,$3.23 B,9,SOC,Sable Offshore Corp,0.0073
HC,2025Q2,2025   Q2,$2.69 B,1,BAC,Bank of America Corp.,0.18359999999999999
HC,2025Q2,2025   Q2,$2.69 B,2,PDD,Pinduoduo Inc.,0.1793
HC,2025Q2,2025   Q2,$2.69 B,3,GOOGL,Alphabet Inc.,0.16670000000000001
HC,2025Q2,2025   Q2,$2.69 B,4,BRK.B,Berkshire Hathaway CL B,0.16219999999999998
HC,2025Q2,2025   Q2,$2.69 B,5,GOOG,Alphabet Inc. CL C,0.1617
HC,2025Q2,2025   Q2,$2.69 B,6,EWBC,East West Bancorp,0.1043
HC,2025Q2,2025   Q2,$2.69 B,7,OXY,Occidental Petroleum,0.0229
HC,2025Q2,2025   Q2,$2.69 B,8,SOC,Sable Offshore Corp,0.011000000000000001
HC,2025Q2,2025   Q2,$2.69 B,9,AAPL,Apple Inc.,0.0084
HC,2025Q1,2025   Q1,$2.21 B,1,BAC,Bank of America Corp.,0.2612
HC,2025Q1,2025   Q1,$2.21 B,2,BRK.B,Berkshire Hathaway CL B,0.2161
HC,2025Q1,2025   Q1,$2.21 B,3,GOOGL,Alphabet Inc.,0.1778
HC,2025Q1,2025   Q1,$2.21 B,4,GOOG,Alphabet Inc. CL C,0.17309999999999998
HC,2025Q1,2025   Q1,$2.21 B,5,EWBC,East West Bancorp,0.11259999999999999
HC,2025Q1,2025   Q1,$2.21 B,6,OXY,Occidental Petroleum,0.0327
HC,2025Q1,2025   Q1,$2.21 B,7,SOC,Sable Offshore Corp,0.0154
HC,2025Q1,2025   Q1,$2.21 B,8,AAPL,Apple Inc.,0.0111
HC,2024Q4,2024   Q4,$2.71 B,1,BAC,Bank of America Corp.,0.29309999999999997
HC,2024Q4,2024   Q4,$2.71 B,2,GOOG,Alphabet Inc. CL C,0.2138
HC,2024Q4,2024   Q4,$2.71 B,3,GOOGL,Alphabet Inc.,0.1776
HC,2024Q4,2024   Q4,$2.71 B,4,BRK.B,Berkshire Hathaway CL B,0.1501
HC,2024Q4,2024   Q4,$2.71 B,5,EWBC,East West Bancorp,0.0981
HC,2024Q4,2024   Q4,$2.71 B,6,AAPL,Apple Inc.,0.029300000000000003
HC,2024Q4,2024   Q4,$2.71 B,7,OXY,Occidental Petroleum,0.026699999999999998
HC,2024Q4,2024   Q4,$2.71 B,8,SOC,Sable Offshore Corp,0.0113
HC,2024Q3,2024   Q3,$2.47 B,1,BAC,Bank of America Corp.,0.2902
HC,2024Q3,2024   Q3,$2.47 B,2,GOOG,Alphabet Inc. CL C,0.20579999999999998
HC,2024Q3,2024   Q3,$2.47 B,3,GOOGL,Alphabet Inc.,0.17059999999999997
HC,2024Q3,2024   Q3,$2.47 B,4,BRK.B,Berkshire Hathaway CL B,0.1671
HC,2024Q3,2024   Q3,$2.47 B,5,EWBC,East West Bancorp,0.0929
HC,2024Q3,2024   Q3,$2.47 B,6,OXY,Occidental Petroleum,0.030600000000000002
HC,2024Q3,2024   Q3,$2.47 B,7,AAPL,Apple Inc.,0.029900000000000003
HC,2024Q3,2024   Q3,$2.47 B,8,SOC,Sable Offshore Corp,0.0128
HC,2024Q2,2024   Q2,$2.56 B,1,BAC,Bank of America Corp.,0.2807
HC,2024Q2,2024   Q2,$2.56 B,2,GOOG,Alphabet Inc. CL C,0.218
HC,2024Q2,2024   Q2,$2.56 B,3,GOOGL,Alphabet Inc.,0.1808
HC,2024Q2,2024   Q2,$2.56 B,4,BRK.B,Berkshire Hathaway CL B,0.1426
HC,2024Q2,2024   Q2,$2.56 B,5,EWBC,East West Bancorp,0.0794
HC,2024Q2,2024   Q2,$2.56 B,6,AAPL,Apple Inc.,0.0625
HC,2024Q2,2024   Q2,$2.56 B,7,OXY,Occidental Petroleum,0.0361
HC,2024Q1,2024   Q1,$2.26 B,1,BAC,Bank of America Corp.,0.30329999999999996
HC,2024Q1,2024   Q1,$2.26 B,2,GOOG,Alphabet Inc. CL C,0.205
HC,2024Q1,2024   Q1,$2.26 B,3,GOOGL,Alphabet Inc.,0.1698
HC,2024Q1,2024   Q1,$2.26 B,4,BRK.B,Berkshire Hathaway CL B,0.16699999999999998
HC,2024Q1,2024   Q1,$2.26 B,5,EWBC,East West Bancorp,0.09720000000000001
HC,2024Q1,2024   Q1,$2.26 B,6,AAPL,Apple Inc.,0.0576
HC,2023Q4,2023   Q4,$2.06 B,1,BAC,Bank of America Corp.,0.2956
HC,2023Q4,2023   Q4,$2.06 B,2,GOOG,Alphabet Inc. CL C,0.20829999999999999
HC,2023Q4,2023   Q4,$2.06 B,3,GOOGL,Alphabet Inc.,0.1725
HC,2023Q4,2023   Q4,$2.06 B,4,BRK.B,Berkshire Hathaway CL B,0.1555
HC,2023Q4,2023   Q4,$2.06 B,5,EWBC,East West Bancorp,0.09699999999999999
HC,2023Q4,2023   Q4,$2.06 B,6,AAPL,Apple Inc.,0.071
HC,2023Q3,2023   Q3,$1.82 B,1,BAC,Bank of America Corp.,0.272
HC,2023Q3,2023   Q3,$1.82 B,2,GOOG,Alphabet Inc. CL C,0.2205
HC,2023Q3,2023   Q3,$1.82 B,3,GOOGL,Alphabet Inc.,0.18289999999999998
HC,2023Q3,2023   Q3,$1.82 B,4,BRK.B,Berkshire Hathaway CL B,0.1728
HC,2023Q3,2023   Q3,$1.82 B,5,EWBC,East West Bancorp,0.08039999999999999
HC,2023Q3,2023   Q3,$1.82 B,6,AAPL,Apple Inc.,0.07150000000000001
HC,2023Q2,2023   Q2,$1.79 B,1,BAC,Bank of America Corp.,0.2896
HC,2023Q2,2023   Q2,$1.79 B,2,GOOG,Alphabet Inc. CL C,0.20559999999999998
HC,2023Q2,2023   Q2,$1.79 B,3,BRK.B,Berkshire Hathaway CL B,0.1709
HC,2023Q2,2023   Q2,$1.79 B,4,GOOGL,Alphabet Inc.,0.1699
HC,2023Q2,2023   Q2,$1.79 B,5,AAPL,Apple Inc.,0.08220000000000001
HC,2023Q2,2023   Q2,$1.79 B,6,EWBC,East West Bancorp,0.0818
HC,2023Q1,2023   Q1,$2.04 B,1,BAC,Bank of America Corp.,0.2536
HC,2023Q1,2023   Q1,$2.04 B,2,MU,Micron Technology Inc.,0.20199999999999999
HC,2023Q1,2023   Q1,$2.04 B,3,GOOG,Alphabet Inc. CL C,0.1552
HC,2023Q1,2023   Q1,$2.04 B,4,BRK.B,Berkshire Hathaway CL B,0.1359
HC,2023Q1,2023   Q1,$2.04 B,5,GOOGL,Alphabet Inc.,0.1294
HC,2023Q1,2023   Q1,$2.04 B,6,EWBC,East West Bancorp,0.0625
HC,2023Q1,2023   Q1,$2.04 B,7,AAPL,Apple Inc.,0.061399999999999996
HC,2022Q4,2022   Q4,$1.93 B,1,MU,Micron Technology Inc.,0.29760000000000003
HC,2022Q4,2022   Q4,$1.93 B,2,BAC,Bank of America Corp.,0.2507
HC,2022Q4,2022   Q4,$1.93 B,3,BRK.B,Berkshire Hathaway CL B,0.1439
HC,2022Q4,2022   Q4,$1.93 B,4,GOOG,Alphabet Inc. CL C,0.1401
HC,2022Q4,2022   Q4,$1.93 B,5,GOOGL,Alphabet Inc.,0.1164
HC,2022Q4,2022   Q4,$1.93 B,6,AAPL,Apple Inc.,0.0512
HC,2022Q3,2022   Q3,$1.74 B,1,MU,Micron Technology Inc.,0.3298
HC,2022Q3,2022   Q3,$1.74 B,2,BAC,Bank of America Corp.,0.2527
HC,2022Q3,2022   Q3,$1.74 B,3,GOOG,Alphabet Inc. CL C,0.1679
HC,2022Q3,2022   Q3,$1.74 B,4,BRK.B,Berkshire Hathaway CL B,0.1375
HC,2022Q3,2022   Q3,$1.74 B,5,AAPL,Apple Inc.,0.0602
HC,2022Q3,2022   Q3,$1.74 B,6,GOOGL,Alphabet Inc.,0.052000000000000005
HC,2022Q2,2022   Q2,$1.87 B,1,MU,Micron Technology Inc.,0.3386
HC,2022Q2,2022   Q2,$1.87 B,2,BAC,Bank of America Corp.,0.24239999999999998
HC,2022Q2,2022   Q2,$1.87 B,3,GOOG,Alphabet Inc. CL C,0.1777
HC,2022Q2,2022   Q2,$1.87 B,4,BRK.B,Berkshire Hathaway CL B,0.1308
HC,2022Q2,2022   Q2,$1.87 B,5,AAPL,Apple Inc.,0.0554
HC,2022Q2,2022   Q2,$1.87 B,6,GOOGL,Alphabet Inc.,0.055099999999999996
HC,2022Q1,2022   Q1,$2.38 B,1,MU,Micron Technology Inc.,0.3757
HC,2022Q1,2022   Q1,$2.38 B,2,BAC,Bank of America Corp.,0.2527
HC,2022Q1,2022   Q1,$2.38 B,3,BRK.B,Berkshire Hathaway CL B,0.1332
HC,2022Q1,2022   Q1,$2.38 B,4,GOOG,Alphabet Inc. CL C,0.1008
HC,2022Q1,2022   Q1,$2.38 B,5,META,Meta Platforms Inc.,0.0819
HC,2022Q1,2022   Q1,$2.38 B,6,AAPL,Apple Inc.,0.0557
HC,2021Q4,2021   Q4,$2.67 B,1,MU,Micron Technology Inc.,0.4012
HC,2021Q4,2021   Q4,$2.67 B,2,BAC,Bank of America Corp.,0.24359999999999998
HC,2021Q4,2021   Q4,$2.67 B,3,META,Meta Platforms Inc.,0.1106
HC,2021Q4,2021   Q4,$2.67 B,4,BRK.B,Berkshire Hathaway CL B,0.1007
HC,2021Q4,2021   Q4,$2.67 B,5,GOOG,Alphabet Inc. CL C,0.0933
HC,2021Q4,2021   Q4,$2.67 B,6,AAPL,Apple Inc.,0.0506
HC,2021Q3,2021   Q3,$2.15 B,1,MU,Micron Technology Inc.,0.37920000000000004
HC,2021Q3,2021   Q3,$2.15 B,2,BAC,Bank of America Corp.,0.24420000000000003
HC,2021Q3,2021   Q3,$2.15 B,3,BRK.B,Berkshire Hathaway CL B,0.11410000000000001
HC,2021Q3,2021   Q3,$2.15 B,4,GOOG,Alphabet Inc. CL C,0.1066
HC,2021Q3,2021   Q3,$2.15 B,5,META,Meta Platforms Inc.,0.09050000000000001
HC,2021Q3,2021   Q3,$2.15 B,6,AAPL,Apple Inc.,0.05
HC,2021Q3,2021   Q3,$2.15 B,7,PDD,Pinduoduo Inc.,0.015300000000000001
HC,2021Q2,2021   Q2,$2.05 B,1,MU,Micron Technology Inc.,0.47590000000000005
HC,2021Q2,2021   Q2,$2.05 B,2,BAC,Bank of America Corp.,0.2486
HC,2021Q2,2021   Q2,$2.05 B,3,GOOG,Alphabet Inc. CL C,0.1051
HC,2021Q2,2021   Q2,$2.05 B,4,META,Meta Platforms Inc.,0.09720000000000001
HC,2021Q2,2021   Q2,$2.05 B,5,AAPL,Apple Inc.,0.0508
HC,2021Q2,2021   Q2,$2.05 B,6,PDD,Pinduoduo Inc.,0.0225
HC,2021Q1,2021   Q1,$1.98 B,1,MU,Micron Technology Inc.,0.5117
HC,2021Q1,2021   Q1,$1.98 B,2,BAC,Bank of America Corp.,0.24170000000000003
HC,2021Q1,2021   Q1,$1.98 B,3,GOOG,Alphabet Inc. CL C,0.0898
HC,2021Q1,2021   Q1,$1.98 B,4,META,Meta Platforms Inc.,0.08529999999999999
HC,2021Q1,2021   Q1,$1.98 B,5,AAPL,Apple Inc.,0.046900000000000004
HC,2021Q1,2021   Q1,$1.98 B,6,PDD,Pinduoduo Inc.,0.0246
HC,2020Q4,2020   Q4,$1.82 B,1,MU,Micron Technology Inc.,0.4752
HC,2020Q4,2020   Q4,$1.82 B,2,BAC,Bank of America Corp.,0.20629999999999998
HC,2020Q4,2020   Q4,$1.82 B,3,META,Meta Platforms Inc.,0.1445
HC,2020Q4,2020   Q4,$1.82 B,4,GOOG,Alphabet Inc. CL C,0.08289999999999999
HC,2020Q4,2020   Q4,$1.82 B,5,AAPL,Apple Inc.,0.0555
HC,2020Q4,2020   Q4,$1.82 B,6,PDD,Pinduoduo Inc.,0.0355
HC,2020Q3,2020   Q3,$1.31 B,1,MU,Micron Technology Inc.,0.41090000000000004
HC,2020Q3,2020   Q3,$1.31 B,2,META,Meta Platforms Inc.,0.2658
HC,2020Q3,2020   Q3,$1.31 B,3,BAC,Bank of America Corp.,0.22699999999999998
HC,2020Q3,2020   Q3,$1.31 B,4,GOOG,Alphabet Inc. CL C,0.09630000000000001
HC,2020Q2,2020   Q2,$1.06 B,1,MU,Micron Technology Inc.,0.4799
HC,2020Q2,2020   Q2,$1.06 B,2,BAC,Bank of America Corp.,0.2759
HC,2020Q2,2020   Q2,$1.06 B,3,META,Meta Platforms Inc.,0.13
HC,2020Q2,2020   Q2,$1.06 B,4,GOOG,Alphabet Inc. CL C,0.1142
HC,2020Q1,2020   Q1,$713 M,1,MU,Micron Technology Inc.,0.5844
HC,2020Q1,2020   Q1,$713 M,2,BAC,Bank of America Corp.,0.3679
HC,2020Q1,2020   Q1,$713 M,3,BABA,Alibaba Group Holdings,0.04769999999999999
HC,2019Q4,2019   Q4,$420 M,1,MU,Micron Technology Inc.,1.0
tci,2026Q2,2026   Q2,$52.8 B,1,GE,GE Aerospace,0.33590000000000003
tci,2026Q2,2026   Q2,$52.8 B,2,V,Visa Inc.,0.19829999999999998
tci,2026Q2,2026   Q2,$52.8 B,3,MCO,Moody's Corp.,0.12300000000000001
tci,2026Q2,2026   Q2,$52.8 B,4,SPGI,S&P Global Inc.,0.10869999999999999
tci,2026Q2,2026   Q2,$52.8 B,5,CP,Canadian Pacific Kansas City,0.07440000000000001
tci,2026Q2,2026   Q2,$52.8 B,6,GOOG,Alphabet Inc. CL C,0.0665
tci,2026Q2,2026   Q2,$52.8 B,7,FER,Ferrovial Se,0.027200000000000002
tci,2026Q2,2026   Q2,$52.8 B,8,CNI,Canadian Natl Railway Co.,0.0213
tci,2026Q2,2026   Q2,$52.8 B,9,GOOGL,Alphabet Inc.,0.0166
tci,2026Q2,2026   Q2,$52.8 B,10,MLM,Martin Marietta,0.0144
tci,2026Q2,2026   Q2,$52.8 B,11,VMC,Vulcan Materials,0.0137
tci,2026Q1,2026   Q1,$45.2 B,1,GE,GE Aerospace,0.2985
tci,2026Q1,2026   Q1,$45.2 B,2,V,Visa Inc.,0.2039
tci,2026Q1,2026   Q1,$45.2 B,3,MCO,Moody's Corp.,0.1384
tci,2026Q1,2026   Q1,$45.2 B,4,SPGI,S&P Global Inc.,0.1322
tci,2026Q1,2026   Q1,$45.2 B,5,CP,Canadian Pacific Kansas City,0.081
tci,2026Q1,2026   Q1,$45.2 B,6,GOOG,Alphabet Inc. CL C,0.0562
tci,2026Q1,2026   Q1,$45.2 B,7,FER,Ferrovial Se,0.0294
tci,2026Q1,2026   Q1,$45.2 B,8,CNI,Canadian Natl Railway Co.,0.022400000000000003
tci,2026Q1,2026   Q1,$45.2 B,9,MSFT,Microsoft Corp.,0.022400000000000003
tci,2026Q1,2026   Q1,$45.2 B,10,GOOGL,Alphabet Inc.,0.015600000000000001
tci,2025Q4,2025   Q4,$53.6 B,1,GE,GE Aerospace,0.2728
tci,2025Q4,2025   Q4,$53.6 B,2,V,Visa Inc.,0.1812
tci,2025Q4,2025   Q4,$53.6 B,3,MSFT,Microsoft Corp.,0.15130000000000002
tci,2025Q4,2025   Q4,$53.6 B,4,MCO,Moody's Corp.,0.1267
tci,2025Q4,2025   Q4,$53.6 B,5,SPGI,S&P Global Inc.,0.1148
tci,2025Q4,2025   Q4,$53.6 B,6,CP,Canadian Pacific Kansas City,0.0654
tci,2025Q4,2025   Q4,$53.6 B,7,GOOG,Alphabet Inc. CL C,0.0444
tci,2025Q4,2025   Q4,$53.6 B,8,FER,Ferrovial Se,0.025099999999999997
tci,2025Q4,2025   Q4,$53.6 B,9,CNI,Canadian Natl Railway Co.,0.0182
tci,2025Q3,2025   Q3,$52.7 B,1,GE,GE Aerospace,0.2712
tci,2025Q3,2025   Q3,$52.7 B,2,V,Visa Inc.,0.1818
tci,2025Q3,2025   Q3,$52.7 B,3,MSFT,Microsoft Corp.,0.1631
tci,2025Q3,2025   Q3,$52.7 B,4,MCO,Moody's Corp.,0.12029999999999999
tci,2025Q3,2025   Q3,$52.7 B,5,SPGI,S&P Global Inc.,0.1033
tci,2025Q3,2025   Q3,$52.7 B,6,CP,Canadian Pacific Kansas City,0.0705
tci,2025Q3,2025   Q3,$52.7 B,7,GOOG,Alphabet Inc. CL C,0.0351
tci,2025Q3,2025   Q3,$52.7 B,8,CNI,Canadian Natl Railway Co.,0.0336
tci,2025Q3,2025   Q3,$52.7 B,9,FER,Ferrovial Se,0.021099999999999997
tci,2025Q2,2025   Q2,$50.7 B,1,GE,GE Aerospace,0.2412
tci,2025Q2,2025   Q2,$50.7 B,2,MSFT,Microsoft Corp.,0.1723
tci,2025Q2,2025   Q2,$50.7 B,3,V,Visa Inc.,0.1335
tci,2025Q2,2025   Q2,$50.7 B,4,MCO,Moody's Corp.,0.131
tci,2025Q2,2025   Q2,$50.7 B,5,SPGI,S&P Global Inc.,0.1153
tci,2025Q2,2025   Q2,$50.7 B,6,CP,Canadian Pacific Kansas City,0.08259999999999999
tci,2025Q2,2025   Q2,$50.7 B,7,CNI,Canadian Natl Railway Co.,0.0472
tci,2025Q2,2025   Q2,$50.7 B,8,GOOG,Alphabet Inc. CL C,0.0454
tci,2025Q2,2025   Q2,$50.7 B,9,FER,Ferrovial Se,0.020499999999999997
tci,2025Q2,2025   Q2,$50.7 B,10,GOOGL,Alphabet Inc.,0.011000000000000001
tci,2025Q1,2025   Q1,$43.4 B,1,GE,GE Aerospace,0.2195
tci,2025Q1,2025   Q1,$43.4 B,2,MSFT,Microsoft Corp.,0.1497
tci,2025Q1,2025   Q1,$43.4 B,3,MCO,Moody's Corp.,0.1413
tci,2025Q1,2025   Q1,$43.4 B,4,V,Visa Inc.,0.1344
tci,2025Q1,2025   Q1,$43.4 B,5,SPGI,S&P Global Inc.,0.12140000000000001
tci,2025Q1,2025   Q1,$43.4 B,6,CP,Canadian Pacific Kansas City,0.0889
tci,2025Q1,2025   Q1,$43.4 B,7,CNI,Canadian Natl Railway Co.,0.0604
tci,2025Q1,2025   Q1,$43.4 B,8,GOOG,Alphabet Inc. CL C,0.0499
tci,2025Q1,2025   Q1,$43.4 B,9,FER,Ferrovial Se,0.0199
tci,2025Q1,2025   Q1,$43.4 B,10,GOOGL,Alphabet Inc.,0.0146
tci,2024Q4,2024   Q4,$42.4 B,1,GE,GE Aerospace,0.1809
tci,2024Q4,2024   Q4,$42.4 B,2,MCO,Moody's Corp.,0.1478
tci,2024Q4,2024   Q4,$42.4 B,3,MSFT,Microsoft Corp.,0.1391
tci,2024Q4,2024   Q4,$42.4 B,4,V,Visa Inc.,0.1252
tci,2024Q4,2024   Q4,$42.4 B,5,SPGI,S&P Global Inc.,0.12210000000000001
tci,2024Q4,2024   Q4,$42.4 B,6,CP,Canadian Pacific Kansas City,0.09369999999999999
tci,2024Q4,2024   Q4,$42.4 B,7,GOOG,Alphabet Inc. CL C,0.0741
tci,2024Q4,2024   Q4,$42.4 B,8,CNI,Canadian Natl Railway Co.,0.0711
tci,2024Q4,2024   Q4,$42.4 B,9,GOOGL,Alphabet Inc.,0.0269
tci,2024Q4,2024   Q4,$42.4 B,10,FER,Ferrovial Se,0.0192
tci,2024Q3,2024   Q3,$44 B,1,GE,GE Aerospace,0.2064
tci,2024Q3,2024   Q3,$44 B,2,MCO,Moody's Corp.,0.14279999999999998
tci,2024Q3,2024   Q3,$44 B,3,SPGI,S&P Global Inc.,0.12210000000000001
tci,2024Q3,2024   Q3,$44 B,4,MSFT,Microsoft Corp.,0.11720000000000001
tci,2024Q3,2024   Q3,$44 B,5,CP,Canadian Pacific Kansas City,0.1067
tci,2024Q3,2024   Q3,$44 B,6,V,Visa Inc.,0.10490000000000001
tci,2024Q3,2024   Q3,$44 B,7,CNI,Canadian Natl Railway Co.,0.0943
tci,2024Q3,2024   Q3,$44 B,8,GOOG,Alphabet Inc. CL C,0.0643
tci,2024Q3,2024   Q3,$44 B,9,GOOGL,Alphabet Inc.,0.0227
tci,2024Q3,2024   Q3,$44 B,10,FER,Ferrovial Se,0.018600000000000002
tci,2024Q2,2024   Q2,$40.9 B,1,GE,GE Aerospace,0.18719999999999998
tci,2024Q2,2024   Q2,$40.9 B,2,MCO,Moody's Corp.,0.1363
tci,2024Q2,2024   Q2,$40.9 B,3,MSFT,Microsoft Corp.,0.115
tci,2024Q2,2024   Q2,$40.9 B,4,CNI,Canadian Natl Railway Co.,0.114
tci,2024Q2,2024   Q2,$40.9 B,5,SPGI,S&P Global Inc.,0.1133
tci,2024Q2,2024   Q2,$40.9 B,6,V,Visa Inc.,0.10769999999999999
tci,2024Q2,2024   Q2,$40.9 B,7,CP,Canadian Pacific Kansas City,0.1057
tci,2024Q2,2024   Q2,$40.9 B,8,GOOG,Alphabet Inc. CL C,0.0759
tci,2024Q2,2024   Q2,$40.9 B,9,GOOGL,Alphabet Inc.,0.0268
tci,2024Q2,2024   Q2,$40.9 B,10,FER,Ferrovial Se,0.0181
tci,2024Q1,2024   Q1,$39.7 B,1,GE,GE Aerospace,0.2072
tci,2024Q1,2024   Q1,$39.7 B,2,CNI,Canadian Natl Railway Co.,0.13119999999999998
tci,2024Q1,2024   Q1,$39.7 B,3,CP,Canadian Pacific Kansas City,0.12210000000000001
tci,2024Q1,2024   Q1,$39.7 B,4,MCO,Moody's Corp.,0.1209
tci,2024Q1,2024   Q1,$39.7 B,5,V,Visa Inc.,0.1182
tci,2024Q1,2024   Q1,$39.7 B,6,MSFT,Microsoft Corp.,0.1117
tci,2024Q1,2024   Q1,$39.7 B,7,SPGI,S&P Global Inc.,0.0969
tci,2024Q1,2024   Q1,$39.7 B,8,GOOG,Alphabet Inc. CL C,0.065
tci,2024Q1,2024   Q1,$39.7 B,9,TMO,Thermo Fisher Scientific,0.0222
tci,2024Q1,2024   Q1,$39.7 B,10,GOOGL,Alphabet Inc.,0.0046
tci,2023Q4,2023   Q4,$36 B,1,GE,GE Aerospace,0.1478
tci,2023Q4,2023   Q4,$36 B,2,CNI,Canadian Natl Railway Co.,0.1401
tci,2023Q4,2023   Q4,$36 B,3,MCO,Moody's Corp.,0.1308
tci,2023Q4,2023   Q4,$36 B,4,CP,Canadian Pacific Kansas City,0.12210000000000001
tci,2023Q4,2023   Q4,$36 B,5,V,Visa Inc.,0.1216
tci,2023Q4,2023   Q4,$36 B,6,MSFT,Microsoft Corp.,0.1112
tci,2023Q4,2023   Q4,$36 B,7,SPGI,S&P Global Inc.,0.1106
tci,2023Q4,2023   Q4,$36 B,8,GOOG,Alphabet Inc. CL C,0.0663
tci,2023Q4,2023   Q4,$36 B,9,TMO,Thermo Fisher Scientific,0.0464
tci,2023Q4,2023   Q4,$36 B,10,FERG,Ferguson Enterprises Inc.,0.0023
tci,2023Q4,2023   Q4,$36 B,11,GOOGL,Alphabet Inc.,0.0006
tci,2023Q3,2023   Q3,$27.6 B,1,GE,GE Aerospace,0.16699999999999998
tci,2023Q3,2023   Q3,$27.6 B,2,CNI,Canadian Natl Railway Co.,0.1606
tci,2023Q3,2023   Q3,$27.6 B,3,CP,Canadian Pacific Kansas City,0.1506
tci,2023Q3,2023   Q3,$27.6 B,4,V,Visa Inc.,0.1402
tci,2023Q3,2023   Q3,$27.6 B,5,SPGI,S&P Global Inc.,0.1201
tci,2023Q3,2023   Q3,$27.6 B,6,MCO,Moody's Corp.,0.11900000000000001
tci,2023Q3,2023   Q3,$27.6 B,7,GOOG,Alphabet Inc. CL C,0.081
tci,2023Q3,2023   Q3,$27.6 B,8,TMO,Thermo Fisher Scientific,0.058600000000000006
tci,2023Q3,2023   Q3,$27.6 B,9,FERG,Ferguson Enterprises Inc.,0.0029
tci,2023Q2,2023   Q2,$33.7 B,1,CNI,Canadian Natl Railway Co.,0.1471
tci,2023Q2,2023   Q2,$33.7 B,2,GE,GE Aerospace,0.1359
tci,2023Q2,2023   Q2,$33.7 B,3,CP,Canadian Pacific Kansas City,0.1341
tci,2023Q2,2023   Q2,$33.7 B,4,V,Visa Inc.,0.1255
tci,2023Q2,2023   Q2,$33.7 B,5,MSFT,Microsoft Corp.,0.1198
tci,2023Q2,2023   Q2,$33.7 B,6,SPGI,S&P Global Inc.,0.11109999999999999
tci,2023Q2,2023   Q2,$33.7 B,7,MCO,Moody's Corp.,0.10869999999999999
tci,2023Q2,2023   Q2,$33.7 B,8,GOOG,Alphabet Inc. CL C,0.0665
tci,2023Q2,2023   Q2,$33.7 B,9,TMO,Thermo Fisher Scientific,0.0492
tci,2023Q2,2023   Q2,$33.7 B,10,FERG,Ferguson Enterprises Inc.,0.0023
tci,2023Q1,2023   Q1,$29.2 B,1,MSFT,Microsoft Corp.,0.151
tci,2023Q1,2023   Q1,$29.2 B,2,V,Visa Inc.,0.1489
tci,2023Q1,2023   Q1,$29.2 B,3,CNI,Canadian Natl Railway Co.,0.1483
tci,2023Q1,2023   Q1,$29.2 B,4,CP,Canadian Pacific Kansas City,0.1472
tci,2023Q1,2023   Q1,$29.2 B,5,SPGI,S&P Global Inc.,0.1101
tci,2023Q1,2023   Q1,$29.2 B,6,MCO,Moody's Corp.,0.10869999999999999
tci,2023Q1,2023   Q1,$29.2 B,7,GE,GE Aerospace,0.0855
tci,2023Q1,2023   Q1,$29.2 B,8,GOOG,Alphabet Inc. CL C,0.08380000000000001
tci,2023Q1,2023   Q1,$29.2 B,9,TMO,Thermo Fisher Scientific,0.0165
tci,2022Q4,2022   Q4,$29.9 B,1,MSFT,Microsoft Corp.,0.1784
tci,2022Q4,2022   Q4,$29.9 B,2,GOOG,Alphabet Inc. CL C,0.1617
tci,2022Q4,2022   Q4,$29.9 B,3,CNI,Canadian Natl Railway Co.,0.1456
tci,2022Q4,2022   Q4,$29.9 B,4,CP,Canadian Pacific Kansas City,0.1391
tci,2022Q4,2022   Q4,$29.9 B,5,V,Visa Inc.,0.1384
tci,2022Q4,2022   Q4,$29.9 B,6,SPGI,S&P Global Inc.,0.10279999999999999
tci,2022Q4,2022   Q4,$29.9 B,7,MCO,Moody's Corp.,0.0858
tci,2022Q4,2022   Q4,$29.9 B,8,GOOGL,Alphabet Inc.,0.0471
tci,2022Q4,2022   Q4,$29.9 B,9,TMO,Thermo Fisher Scientific,0.0012
tci,2022Q4,2022   Q4,$29.9 B,10,UNP,Union Pacific,0.0
tci,2022Q3,2022   Q3,$28.6 B,1,GOOG,Alphabet Inc. CL C,0.1764
tci,2022Q3,2022   Q3,$28.6 B,2,MSFT,Microsoft Corp.,0.162
tci,2022Q3,2022   Q3,$28.6 B,3,CNI,Canadian Natl Railway Co.,0.1386
tci,2022Q3,2022   Q3,$28.6 B,4,CP,Canadian Pacific Kansas City,0.1304
tci,2022Q3,2022   Q3,$28.6 B,5,V,Visa Inc.,0.12390000000000001
tci,2022Q3,2022   Q3,$28.6 B,6,SPGI,S&P Global Inc.,0.09369999999999999
tci,2022Q3,2022   Q3,$28.6 B,7,MCO,Moody's Corp.,0.0702
tci,2022Q3,2022   Q3,$28.6 B,8,GOOGL,Alphabet Inc.,0.053399999999999996
tci,2022Q3,2022   Q3,$28.6 B,9,UNP,Union Pacific,0.0377
tci,2022Q3,2022   Q3,$28.6 B,10,BXP,BXP Inc.,0.0137
tci,2022Q2,2022   Q2,$31.6 B,1,GOOG,Alphabet Inc. CL C,0.1714
tci,2022Q2,2022   Q2,$31.6 B,2,MSFT,Microsoft Corp.,0.1595
tci,2022Q2,2022   Q2,$31.6 B,3,CNI,Canadian Natl Railway Co.,0.1306
tci,2022Q2,2022   Q2,$31.6 B,4,V,Visa Inc.,0.1241
tci,2022Q2,2022   Q2,$31.6 B,5,CP,Canadian Pacific Kansas City,0.1235
tci,2022Q2,2022   Q2,$31.6 B,6,SPGI,S&P Global Inc.,0.0935
tci,2022Q2,2022   Q2,$31.6 B,7,MCO,Moody's Corp.,0.071
tci,2022Q2,2022   Q2,$31.6 B,8,GOOGL,Alphabet Inc.,0.053
tci,2022Q2,2022   Q2,$31.6 B,9,UNP,Union Pacific,0.0354
tci,2022Q2,2022   Q2,$31.6 B,10,BXP,BXP Inc.,0.0297
tci,2022Q2,2022   Q2,$31.6 B,11,AMAT,Applied Materials,0.0055000000000000005
tci,2022Q2,2022   Q2,$31.6 B,12,KLAC,KLA Corp.,0.0016
tci,2022Q2,2022   Q2,$31.6 B,13,LRCX,Lam Research,0.0012
tci,2022Q1,2022   Q1,$36.8 B,1,GOOG,Alphabet Inc. CL C,0.1797
tci,2022Q1,2022   Q1,$36.8 B,2,MSFT,Microsoft Corp.,0.1445
tci,2022Q1,2022   Q1,$36.8 B,3,CNI,Canadian Natl Railway Co.,0.1336
tci,2022Q1,2022   Q1,$36.8 B,4,CP,Canadian Pacific Kansas City,0.1251
tci,2022Q1,2022   Q1,$36.8 B,5,V,Visa Inc.,0.1199
tci,2022Q1,2022   Q1,$36.8 B,6,SPGI,S&P Global Inc.,0.076
tci,2022Q1,2022   Q1,$36.8 B,7,MCO,Moody's Corp.,0.0667
tci,2022Q1,2022   Q1,$36.8 B,8,GOOGL,Alphabet Inc.,0.0433
tci,2022Q1,2022   Q1,$36.8 B,9,BXP,BXP Inc.,0.0409
tci,2022Q1,2022   Q1,$36.8 B,10,UNP,Union Pacific,0.039
tci,2022Q1,2022   Q1,$36.8 B,11,CHTR,Charter Communications,0.0313
tci,2021Q4,2021   Q4,$44.4 B,1,GOOG,Alphabet Inc. CL C,0.19219999999999998
tci,2021Q4,2021   Q4,$44.4 B,2,CHTR,Charter Communications,0.1438
tci,2021Q4,2021   Q4,$44.4 B,3,MSFT,Microsoft Corp.,0.1263
tci,2021Q4,2021   Q4,$44.4 B,4,V,Visa Inc.,0.11259999999999999
tci,2021Q4,2021   Q4,$44.4 B,5,CNI,Canadian Natl Railway Co.,0.1015
tci,2021Q4,2021   Q4,$44.4 B,6,CP,Canadian Pacific Kansas City,0.09050000000000001
tci,2021Q4,2021   Q4,$44.4 B,7,MCO,Moody's Corp.,0.057699999999999994
tci,2021Q4,2021   Q4,$44.4 B,8,GOOGL,Alphabet Inc.,0.0403
tci,2021Q4,2021   Q4,$44.4 B,9,SPGI,S&P Global Inc.,0.0398
tci,2021Q4,2021   Q4,$44.4 B,10,UNP,Union Pacific,0.0348
tci,2021Q4,2021   Q4,$44.4 B,11,BXP,BXP Inc.,0.0323
tci,2021Q4,2021   Q4,$44.4 B,12,INFO-OLD,IHS Markit Ltd.,0.0229
tci,2021Q4,2021   Q4,$44.4 B,13,ARE,Alexandria RE Equities Inc.,0.0052
tci,2021Q3,2021   Q3,$41.6 B,1,GOOG,Alphabet Inc. CL C,0.18899999999999997
tci,2021Q3,2021   Q3,$41.6 B,2,CHTR,Charter Communications,0.18100000000000002
tci,2021Q3,2021   Q3,$41.6 B,3,MSFT,Microsoft Corp.,0.11289999999999999
tci,2021Q3,2021   Q3,$41.6 B,4,V,Visa Inc.,0.1067
tci,2021Q3,2021   Q3,$41.6 B,5,CNI,Canadian Natl Railway Co.,0.102
tci,2021Q3,2021   Q3,$41.6 B,6,CP,Canadian Pacific Kansas City,0.0874
tci,2021Q3,2021   Q3,$41.6 B,7,MCO,Moody's Corp.,0.055999999999999994
tci,2021Q3,2021   Q3,$41.6 B,8,SPGI,S&P Global Inc.,0.049100000000000005
tci,2021Q3,2021   Q3,$41.6 B,9,GOOGL,Alphabet Inc.,0.0397
tci,2021Q3,2021   Q3,$41.6 B,10,BXP,BXP Inc.,0.0338
tci,2021Q3,2021   Q3,$41.6 B,11,UNP,Union Pacific,0.0269
tci,2021Q3,2021   Q3,$41.6 B,12,INFO-OLD,IHS Markit Ltd.,0.0108
tci,2021Q3,2021   Q3,$41.6 B,13,ARE,Alexandria RE Equities Inc.,0.0048
tci,2021Q2,2021   Q2,$40.1 B,1,CHTR,Charter Communications,0.1869
tci,2021Q2,2021   Q2,$40.1 B,2,GOOG,Alphabet Inc. CL C,0.1845
tci,2021Q2,2021   Q2,$40.1 B,3,MSFT,Microsoft Corp.,0.1384
tci,2021Q2,2021   Q2,$40.1 B,4,CP,Canadian Pacific Kansas City,0.10710000000000001
tci,2021Q2,2021   Q2,$40.1 B,5,V,Visa Inc.,0.08199999999999999
tci,2021Q2,2021   Q2,$40.1 B,6,CNI,Canadian Natl Railway Co.,0.07919999999999999
tci,2021Q2,2021   Q2,$40.1 B,7,SPGI,S&P Global Inc.,0.0599
tci,2021Q2,2021   Q2,$40.1 B,8,MCO,Moody's Corp.,0.0593
tci,2021Q2,2021   Q2,$40.1 B,9,GOOGL,Alphabet Inc.,0.037599999999999995
tci,2021Q2,2021   Q2,$40.1 B,10,BXP,BXP Inc.,0.0327
tci,2021Q2,2021   Q2,$40.1 B,11,UNP,Union Pacific,0.031400000000000004
tci,2021Q2,2021   Q2,$40.1 B,12,ARE,Alexandria RE Equities Inc.,0.0007000000000000001
tci,2021Q2,2021   Q2,$40.1 B,13,KRC,Kilroy Realty Corp.,0.0002
tci,2021Q1,2021   Q1,$34.4 B,1,CHTR,Charter Communications,0.1837
tci,2021Q1,2021   Q1,$34.4 B,2,GOOG,Alphabet Inc. CL C,0.1773
tci,2021Q1,2021   Q1,$34.4 B,3,MSFT,Microsoft Corp.,0.1402
tci,2021Q1,2021   Q1,$34.4 B,4,CP,Canadian Pacific Kansas City,0.12369999999999999
tci,2021Q1,2021   Q1,$34.4 B,5,V,Visa Inc.,0.0864
tci,2021Q1,2021   Q1,$34.4 B,6,CNI,Canadian Natl Railway Co.,0.07
tci,2021Q1,2021   Q1,$34.4 B,7,SPGI,S&P Global Inc.,0.06
tci,2021Q1,2021   Q1,$34.4 B,8,MCO,Moody's Corp.,0.056900000000000006
tci,2021Q1,2021   Q1,$34.4 B,9,UNP,Union Pacific,0.0385
tci,2021Q1,2021   Q1,$34.4 B,10,GOOGL,Alphabet Inc.,0.037000000000000005
tci,2021Q1,2021   Q1,$34.4 B,11,BXP,BXP Inc.,0.025699999999999997
tci,2021Q1,2021   Q1,$34.4 B,12,LRCX,Lam Research,0.0003
tci,2021Q1,2021   Q1,$34.4 B,13,KLAC,KLA Corp.,0.0003
tci,2020Q4,2020   Q4,$30.5 B,1,CHTR,Charter Communications,0.226
tci,2020Q4,2020   Q4,$30.5 B,2,GOOG,Alphabet Inc. CL C,0.1697
tci,2020Q4,2020   Q4,$30.5 B,3,CP,Canadian Pacific Kansas City,0.12710000000000002
tci,2020Q4,2020   Q4,$30.5 B,4,MSFT,Microsoft Corp.,0.1045
tci,2020Q4,2020   Q4,$30.5 B,5,V,Visa Inc.,0.1009
tci,2020Q4,2020   Q4,$30.5 B,6,CNI,Canadian Natl Railway Co.,0.07490000000000001
tci,2020Q4,2020   Q4,$30.5 B,7,MCO,Moody's Corp.,0.062400000000000004
tci,2020Q4,2020   Q4,$30.5 B,8,UNP,Union Pacific,0.041100000000000005
tci,2020Q4,2020   Q4,$30.5 B,9,GOOGL,Alphabet Inc.,0.0355
tci,2020Q4,2020   Q4,$30.5 B,10,BXP,BXP Inc.,0.0259
tci,2020Q4,2020   Q4,$30.5 B,11,SPGI,S&P Global Inc.,0.0255
tci,2020Q4,2020   Q4,$30.5 B,12,VNO,Vornado Realty Trust,0.006
tci,2020Q4,2020   Q4,$30.5 B,13,AMZN,Amazon.com Inc.,0.0003
tci,2020Q3,2020   Q3,$27.9 B,1,CHTR,Charter Communications,0.2332
tci,2020Q3,2020   Q3,$27.9 B,2,GOOG,Alphabet Inc. CL C,0.1557
tci,2020Q3,2020   Q3,$27.9 B,3,CP,Canadian Pacific Kansas City,0.1219
tci,2020Q3,2020   Q3,$27.9 B,4,MSFT,Microsoft Corp.,0.10800000000000001
tci,2020Q3,2020   Q3,$27.9 B,5,V,Visa Inc.,0.1008
tci,2020Q3,2020   Q3,$27.9 B,6,CNI,Canadian Natl Railway Co.,0.0794
tci,2020Q3,2020   Q3,$27.9 B,7,MCO,Moody's Corp.,0.0681
tci,2020Q3,2020   Q3,$27.9 B,8,UNP,Union Pacific,0.0425
tci,2020Q3,2020   Q3,$27.9 B,9,GOOGL,Alphabet Inc.,0.0325
tci,2020Q3,2020   Q3,$27.9 B,10,SPGI,S&P Global Inc.,0.030600000000000002
tci,2020Q3,2020   Q3,$27.9 B,11,BXP,BXP Inc.,0.0149
tci,2020Q3,2020   Q3,$27.9 B,12,VNO,Vornado Realty Trust,0.012
tci,2020Q3,2020   Q3,$27.9 B,13,AMZN,Amazon.com Inc.,0.0003
tci,2020Q2,2020   Q2,$25.2 B,1,CHTR,Charter Communications,0.2113
tci,2020Q2,2020   Q2,$25.2 B,2,GOOG,Alphabet Inc. CL C,0.1674
tci,2020Q2,2020   Q2,$25.2 B,3,MSFT,Microsoft Corp.,0.1167
tci,2020Q2,2020   Q2,$25.2 B,4,CP,Canadian Pacific Kansas City,0.11359999999999999
tci,2020Q2,2020   Q2,$25.2 B,5,V,Visa Inc.,0.086
tci,2020Q2,2020   Q2,$25.2 B,6,MCO,Moody's Corp.,0.07400000000000001
tci,2020Q2,2020   Q2,$25.2 B,7,CNI,Canadian Natl Railway Co.,0.0738
tci,2020Q2,2020   Q2,$25.2 B,8,UNP,Union Pacific,0.0404
tci,2020Q2,2020   Q2,$25.2 B,9,GOOGL,Alphabet Inc.,0.0348
tci,2020Q2,2020   Q2,$25.2 B,10,SPGI,S&P Global Inc.,0.0317
tci,2020Q2,2020   Q2,$25.2 B,11,RTX,RTX Corp.,0.0282
tci,2020Q2,2020   Q2,$25.2 B,12,UNVR-OLD,Univar Solutions Inc.,0.0084
tci,2020Q2,2020   Q2,$25.2 B,13,VNO,Vornado Realty Trust,0.0064
tci,2020Q2,2020   Q2,$25.2 B,14,BXP,BXP Inc.,0.0055000000000000005
tci,2020Q2,2020   Q2,$25.2 B,15,MA,Mastercard Inc.,0.0011
tci,2020Q2,2020   Q2,$25.2 B,16,AMZN,Amazon.com Inc.,0.0006
tci,2020Q2,2020   Q2,$25.2 B,17,ADBE,Adobe Inc.,0.0001
tci,2020Q2,2020   Q2,$25.2 B,18,ADSK,Autodesk Inc.,0.0
tci,2020Q1,2020   Q1,$21.1 B,1,CHTR,Charter Communications,0.2164
tci,2020Q1,2020   Q1,$21.1 B,2,GOOG,Alphabet Inc. CL C,0.1711
tci,2020Q1,2020   Q1,$21.1 B,3,CP,Canadian Pacific Kansas City,0.1175
tci,2020Q1,2020   Q1,$21.1 B,4,MSFT,Microsoft Corp.,0.1048
tci,2020Q1,2020   Q1,$21.1 B,5,CNI,Canadian Natl Railway Co.,0.0774
tci,2020Q1,2020   Q1,$21.1 B,6,MCO,Moody's Corp.,0.0684
tci,2020Q1,2020   Q1,$21.1 B,7,RTN-OLD,Raytheon Co.,0.0649
tci,2020Q1,2020   Q1,$21.1 B,8,V,Visa Inc.,0.056299999999999996
tci,2020Q1,2020   Q1,$21.1 B,9,UNP,Union Pacific,0.04019999999999999
tci,2020Q1,2020   Q1,$21.1 B,10,GOOGL,Alphabet Inc.,0.0341
tci,2020Q1,2020   Q1,$21.1 B,11,SPGI,S&P Global Inc.,0.0282
tci,2020Q1,2020   Q1,$21.1 B,12,ELV,Elevance Health Inc.,0.009300000000000001
tci,2020Q1,2020   Q1,$21.1 B,13,UNVR-OLD,Univar Solutions Inc.,0.008100000000000001
tci,2020Q1,2020   Q1,$21.1 B,14,LIN,Linde plc,0.0014000000000000002
tci,2020Q1,2020   Q1,$21.1 B,15,MA,Mastercard Inc.,0.0011
tci,2020Q1,2020   Q1,$21.1 B,16,AMZN,Amazon.com Inc.,0.0005
tci,2020Q1,2020   Q1,$21.1 B,17,ADBE,Adobe Inc.,0.0001
tci,2020Q1,2020   Q1,$21.1 B,18,ADSK,Autodesk Inc.,0.0
tci,2019Q4,2019   Q4,$22.6 B,1,CHTR,Charter Communications,0.2184
tci,2019Q4,2019   Q4,$22.6 B,2,GOOG,Alphabet Inc. CL C,0.1845
tci,2019Q4,2019   Q4,$22.6 B,3,CP,Canadian Pacific Kansas City,0.12380000000000001
tci,2019Q4,2019   Q4,$22.6 B,4,CNI,Canadian Natl Railway Co.,0.0819
tci,2019Q4,2019   Q4,$22.6 B,5,MSFT,Microsoft Corp.,0.0745
tci,2019Q4,2019   Q4,$22.6 B,6,RTN-OLD,Raytheon Co.,0.066
tci,2019Q4,2019   Q4,$22.6 B,7,MCO,Moody's Corp.,0.0633
tci,2019Q4,2019   Q4,$22.6 B,8,ELV,Elevance Health Inc.,0.0535
tci,2019Q4,2019   Q4,$22.6 B,9,UNP,Union Pacific,0.0401
tci,2019Q4,2019   Q4,$22.6 B,10,GOOGL,Alphabet Inc.,0.0366
tci,2019Q4,2019   Q4,$22.6 B,11,SPGI,S&P Global Inc.,0.0239
tci,2019Q4,2019   Q4,$22.6 B,12,UNVR-OLD,Univar Solutions Inc.,0.0179
tci,2019Q4,2019   Q4,$22.6 B,13,V,Visa Inc.,0.0098
tci,2019Q4,2019   Q4,$22.6 B,14,NOC,Northrop Grumman Corp.,0.0026
tci,2019Q4,2019   Q4,$22.6 B,15,TDG,TransDigm Group Inc.,0.0021
tci,2019Q4,2019   Q4,$22.6 B,16,ADSK,Autodesk Inc.,0.0009
tci,2019Q4,2019   Q4,$22.6 B,17,ADBE,Adobe Inc.,0.0001
tci,2019Q3,2019   Q3,$19.3 B,1,GOOG,Alphabet Inc. CL C,0.2243
tci,2019Q3,2019   Q3,$19.3 B,2,CHTR,Charter Communications,0.21760000000000002
tci,2019Q3,2019   Q3,$19.3 B,3,CP,Canadian Pacific Kansas City,0.1247
tci,2019Q3,2019   Q3,$19.3 B,4,CNI,Canadian Natl Railway Co.,0.0891
tci,2019Q3,2019   Q3,$19.3 B,5,MSFT,Microsoft Corp.,0.077
tci,2019Q3,2019   Q3,$19.3 B,6,MCO,Moody's Corp.,0.064
tci,2019Q3,2019   Q3,$19.3 B,7,ELV,Elevance Health Inc.,0.0508
tci,2019Q3,2019   Q3,$19.3 B,8,UNP,Union Pacific,0.040999999999999995
tci,2019Q3,2019   Q3,$19.3 B,9,GOOGL,Alphabet Inc.,0.0392
tci,2019Q3,2019   Q3,$19.3 B,10,SPGI,S&P Global Inc.,0.0252
tci,2019Q3,2019   Q3,$19.3 B,11,UNVR-OLD,Univar Solutions Inc.,0.018000000000000002
tci,2019Q3,2019   Q3,$19.3 B,12,RTN-OLD,Raytheon Co.,0.011899999999999999
tci,2019Q3,2019   Q3,$19.3 B,13,V,Visa Inc.,0.0106
tci,2019Q3,2019   Q3,$19.3 B,14,EFX,Equifax Inc.,0.005699999999999999
tci,2019Q3,2019   Q3,$19.3 B,15,ADSK,Autodesk Inc.,0.0009
tci,2019Q2,2019   Q2,$18.5 B,1,CHTR,Charter Communications,0.2071
tci,2019Q2,2019   Q2,$18.5 B,2,GOOG,Alphabet Inc. CL C,0.2027
tci,2019Q2,2019   Q2,$18.5 B,3,CP,Canadian Pacific Kansas City,0.129
tci,2019Q2,2019   Q2,$18.5 B,4,MSFT,Microsoft Corp.,0.11869999999999999
tci,2019Q2,2019   Q2,$18.5 B,5,CNI,Canadian Natl Railway Co.,0.09480000000000001
tci,2019Q2,2019   Q2,$18.5 B,6,MCO,Moody's Corp.,0.0635
tci,2019Q2,2019   Q2,$18.5 B,7,ELV,Elevance Health Inc.,0.045899999999999996
tci,2019Q2,2019   Q2,$18.5 B,8,UNP,Union Pacific,0.0431
tci,2019Q2,2019   Q2,$18.5 B,9,GOOGL,Alphabet Inc.,0.0321
tci,2019Q2,2019   Q2,$18.5 B,10,SPGI,S&P Global Inc.,0.024399999999999998
tci,2019Q2,2019   Q2,$18.5 B,11,UNVR-OLD,Univar Solutions Inc.,0.0187
tci,2019Q2,2019   Q2,$18.5 B,12,EFX,Equifax Inc.,0.011899999999999999
tci,2019Q2,2019   Q2,$18.5 B,13,V,Visa Inc.,0.008100000000000001
tci,2019Q1,2019   Q1,$15.3 B,1,CHTR,Charter Communications,0.22399999999999998
tci,2019Q1,2019   Q1,$15.3 B,2,GOOG,Alphabet Inc. CL C,0.1834
tci,2019Q1,2019   Q1,$15.3 B,3,MSFT,Microsoft Corp.,0.1348
tci,2019Q1,2019   Q1,$15.3 B,4,CP,Canadian Pacific Kansas City,0.1323
tci,2019Q1,2019   Q1,$15.3 B,5,UNP,Union Pacific,0.084
tci,2019Q1,2019   Q1,$15.3 B,6,CNI,Canadian Natl Railway Co.,0.0753
tci,2019Q1,2019   Q1,$15.3 B,7,MCO,Moody's Corp.,0.0713
tci,2019Q1,2019   Q1,$15.3 B,8,SPGI,S&P Global Inc.,0.0273
tci,2019Q1,2019   Q1,$15.3 B,9,FOXA,Fox Corporation,0.0265
tci,2019Q1,2019   Q1,$15.3 B,10,GOOGL,Alphabet Inc.,0.0151
tci,2019Q1,2019   Q1,$15.3 B,11,EFX,Equifax Inc.,0.0127
tci,2019Q1,2019   Q1,$15.3 B,12,FOX,Fox Corporation CL B,0.008199999999999999
tci,2019Q1,2019   Q1,$15.3 B,13,UNVR-OLD,Univar Solutions Inc.,0.0052
tci,2018Q4,2018   Q4,$20 B,1,FOXA,Fox Corporation,0.2757
tci,2018Q4,2018   Q4,$20 B,2,CHTR,Charter Communications,0.1678
tci,2018Q4,2018   Q4,$20 B,3,GOOG,Alphabet Inc. CL C,0.1445
tci,2018Q4,2018   Q4,$20 B,4,MSFT,Microsoft Corp.,0.1109
tci,2018Q4,2018   Q4,$20 B,5,CP,Canadian Pacific Kansas City,0.0696
tci,2018Q4,2018   Q4,$20 B,6,UNP,Union Pacific,0.053200000000000004
tci,2018Q4,2018   Q4,$20 B,7,FOX,Fox Corporation CL B,0.053
tci,2018Q4,2018   Q4,$20 B,8,MCO,Moody's Corp.,0.04190000000000001
tci,2018Q4,2018   Q4,$20 B,9,CNI,Canadian Natl Railway Co.,0.0398
tci,2018Q4,2018   Q4,$20 B,10,GOOGL,Alphabet Inc.,0.0225
tci,2018Q4,2018   Q4,$20 B,11,SPGI,S&P Global Inc.,0.0174
tci,2018Q4,2018   Q4,$20 B,12,FWONK,Liberty Media Corp Formula One Series C,0.0037
tci,2018Q3,2018   Q3,$19.1 B,1,FOXA,Fox Corporation,0.2778
tci,2018Q3,2018   Q3,$19.1 B,2,CHTR,Charter Communications,0.2316
tci,2018Q3,2018   Q3,$19.1 B,3,GOOG,Alphabet Inc. CL C,0.1663
tci,2018Q3,2018   Q3,$19.1 B,4,MSFT,Microsoft Corp.,0.0791
tci,2018Q3,2018   Q3,$19.1 B,5,CP,Canadian Pacific Kansas City,0.0545
tci,2018Q3,2018   Q3,$19.1 B,6,FOX,Fox Corporation CL B,0.053200000000000004
tci,2018Q3,2018   Q3,$19.1 B,7,UNP,Union Pacific,0.0434
tci,2018Q3,2018   Q3,$19.1 B,8,NSC,Norfolk Southern Corp.,0.0355
tci,2018Q3,2018   Q3,$19.1 B,9,GOOGL,Alphabet Inc.,0.0241
tci,2018Q3,2018   Q3,$19.1 B,10,MCO,Moody's Corp.,0.0178
tci,2018Q3,2018   Q3,$19.1 B,11,CNI,Canadian Natl Railway Co.,0.0083
tci,2018Q3,2018   Q3,$19.1 B,12,SPGI,S&P Global Inc.,0.0045000000000000005
tci,2018Q3,2018   Q3,$19.1 B,13,PCG,PG&E Corp.,0.0034000000000000002
tci,2018Q3,2018   Q3,$19.1 B,14,FWONK,Liberty Media Corp Formula One Series C,0.0005
tci,2018Q2,2018   Q2,$21.3 B,1,FOXA,Fox Corporation,0.2675
tci,2018Q2,2018   Q2,$21.3 B,2,AABA,Altaba Inc.,0.19640000000000002
tci,2018Q2,2018   Q2,$21.3 B,3,CHTR,Charter Communications,0.18760000000000002
tci,2018Q2,2018   Q2,$21.3 B,4,GOOG,Alphabet Inc. CL C,0.14550000000000002
tci,2018Q2,2018   Q2,$21.3 B,5,MSFT,Microsoft Corp.,0.064
tci,2018Q2,2018   Q2,$21.3 B,6,FOX,Fox Corporation CL B,0.051399999999999994
tci,2018Q2,2018   Q2,$21.3 B,7,GOOGL,Alphabet Inc.,0.0202
tci,2018Q2,2018   Q2,$21.3 B,8,CP,Canadian Pacific Kansas City,0.0199
tci,2018Q2,2018   Q2,$21.3 B,9,NSC,Norfolk Southern Corp.,0.0179
tci,2018Q2,2018   Q2,$21.3 B,10,MCO,Moody's Corp.,0.013600000000000001
tci,2018Q2,2018   Q2,$21.3 B,11,UNP,Union Pacific,0.0116
tci,2018Q2,2018   Q2,$21.3 B,12,SPGI,S&P Global Inc.,0.0043
tci,2018Q1,2018   Q1,$18 B,1,AABA,Altaba Inc.,0.3285
tci,2018Q1,2018   Q1,$18 B,2,CHTR,Charter Communications,0.1838
tci,2018Q1,2018   Q1,$18 B,3,FOXA,Fox Corporation,0.1459
tci,2018Q1,2018   Q1,$18 B,4,GOOG,Alphabet Inc. CL C,0.1354
tci,2018Q1,2018   Q1,$18 B,5,MSFT,Microsoft Corp.,0.0701
tci,2018Q1,2018   Q1,$18 B,6,TWX,Time Warner Inc.,0.0394
tci,2018Q1,2018   Q1,$18 B,7,FOX,Fox Corporation CL B,0.023399999999999997
tci,2018Q1,2018   Q1,$18 B,8,CMCSA,Comcast Corp.,0.0226
tci,2018Q1,2018   Q1,$18 B,9,GOOGL,Alphabet Inc.,0.022000000000000002
tci,2018Q1,2018   Q1,$18 B,10,MCO,Moody's Corp.,0.0152
tci,2018Q1,2018   Q1,$18 B,11,SPGI,S&P Global Inc.,0.004699999999999999
tci,2018Q1,2018   Q1,$18 B,12,NSC,Norfolk Southern Corp.,0.0045000000000000005
tci,2018Q1,2018   Q1,$18 B,13,MON-OLD,Monsanto Co.,0.0031
tci,2018Q1,2018   Q1,$18 B,14,CP,Canadian Pacific Kansas City,0.0009
tci,2018Q1,2018   Q1,$18 B,15,UNP,Union Pacific,0.0005
tci,2017Q4,2017   Q4,$16.1 B,1,AABA,Altaba Inc.,0.3721
tci,2017Q4,2017   Q4,$16.1 B,2,CHTR,Charter Communications,0.20679999999999998
tci,2017Q4,2017   Q4,$16.1 B,3,CMCSA,Comcast Corp.,0.17600000000000002
tci,2017Q4,2017   Q4,$16.1 B,4,GOOG,Alphabet Inc. CL C,0.1245
tci,2017Q4,2017   Q4,$16.1 B,5,MSFT,Microsoft Corp.,0.042800000000000005
tci,2017Q4,2017   Q4,$16.1 B,6,GOOGL,Alphabet Inc.,0.0252
tci,2017Q4,2017   Q4,$16.1 B,7,FOXA,Fox Corporation,0.0159
tci,2017Q4,2017   Q4,$16.1 B,8,MCO,Moody's Corp.,0.0152
tci,2017Q4,2017   Q4,$16.1 B,9,UNP,Union Pacific,0.0053
tci,2017Q4,2017   Q4,$16.1 B,10,NSC,Norfolk Southern Corp.,0.0053
tci,2017Q4,2017   Q4,$16.1 B,11,SPGI,S&P Global Inc.,0.0044
tci,2017Q4,2017   Q4,$16.1 B,12,FOX,Fox Corporation CL B,0.0025
tci,2017Q4,2017   Q4,$16.1 B,13,OSG,Octave Specialty Group Inc.,0.002
tci,2017Q4,2017   Q4,$16.1 B,14,TWX,Time Warner Inc.,0.0018
tci,2017Q4,2017   Q4,$16.1 B,15,EFX,Equifax Inc.,0.0004
tci,2017Q3,2017   Q3,$14.5 B,1,AABA,Altaba Inc.,0.3937
tci,2017Q3,2017   Q3,$14.5 B,2,CHTR,Charter Communications,0.2952
tci,2017Q3,2017   Q3,$14.5 B,3,CMCSA,Comcast Corp.,0.24480000000000002
tci,2017Q3,2017   Q3,$14.5 B,4,GOOG,Alphabet Inc. CL C,0.0323
tci,2017Q3,2017   Q3,$14.5 B,5,MCO,Moody's Corp.,0.016
tci,2017Q3,2017   Q3,$14.5 B,6,NSC,Norfolk Southern Corp.,0.004699999999999999
tci,2017Q3,2017   Q3,$14.5 B,7,UNP,Union Pacific,0.0046
tci,2017Q3,2017   Q3,$14.5 B,8,SPGI,S&P Global Inc.,0.0045000000000000005
tci,2017Q3,2017   Q3,$14.5 B,9,OSG,Octave Specialty Group Inc.,0.0024
tci,2017Q3,2017   Q3,$14.5 B,10,TWX,Time Warner Inc.,0.0014000000000000002
tci,2017Q3,2017   Q3,$14.5 B,11,EFX,Equifax Inc.,0.0004
tci,2017Q2,2017   Q2,$13.3 B,1,AABA,Altaba Inc.,0.35259999999999997
tci,2017Q2,2017   Q2,$13.3 B,2,CHTR,Charter Communications,0.3514
tci,2017Q2,2017   Q2,$13.3 B,3,CMCSA,Comcast Corp.,0.26839999999999997
tci,2017Q2,2017   Q2,$13.3 B,4,MCO,Moody's Corp.,0.0138
tci,2017Q2,2017   Q2,$13.3 B,5,SPGI,S&P Global Inc.,0.0054
tci,2017Q2,2017   Q2,$13.3 B,6,OSG,Octave Specialty Group Inc.,0.0026
tci,2017Q2,2017   Q2,$13.3 B,7,NSC,Norfolk Southern Corp.,0.0026
tci,2017Q2,2017   Q2,$13.3 B,8,UNP,Union Pacific,0.0016
tci,2017Q2,2017   Q2,$13.3 B,9,TWX,Time Warner Inc.,0.0015
tci,2017Q1,2017   Q1,$11.7 B,1,CHTR,Charter Communications,0.35450000000000004
tci,2017Q1,2017   Q1,$11.7 B,2,YHOO,Yahoo Inc.,0.3418
tci,2017Q1,2017   Q1,$11.7 B,3,CMCSA,Comcast Corp.,0.2917
tci,2017Q1,2017   Q1,$11.7 B,4,MCO,Moody's Corp.,0.0064
tci,2017Q1,2017   Q1,$11.7 B,5,OSG,Octave Specialty Group Inc.,0.0032
tci,2017Q1,2017   Q1,$11.7 B,6,SPGI,S&P Global Inc.,0.002
tci,2017Q1,2017   Q1,$11.7 B,7,TWX,Time Warner Inc.,0.0004
tci,2016Q4,2016   Q4,$9.5 B,1,CHTR,Charter Communications,0.38420000000000004
tci,2016Q4,2016   Q4,$9.5 B,2,YHOO,Yahoo Inc.,0.35090000000000005
tci,2016Q4,2016   Q4,$9.5 B,3,CMCSA,Comcast Corp.,0.26
tci,2016Q4,2016   Q4,$9.5 B,4,OSG,Octave Specialty Group Inc.,0.004699999999999999
tci,2016Q4,2016   Q4,$9.5 B,5,MCO,Moody's Corp.,0.0001
tci,2016Q3,2016   Q3,$8.96 B,1,YHOO,Yahoo Inc.,0.4147
tci,2016Q3,2016   Q3,$8.96 B,2,CHTR,Charter Communications,0.3607
tci,2016Q3,2016   Q3,$8.96 B,3,CMCSA,Comcast Corp.,0.21539999999999998
tci,2016Q3,2016   Q3,$8.96 B,4,OSG,Octave Specialty Group Inc.,0.0040999999999999995
tci,2016Q3,2016   Q3,$8.96 B,5,AY-OLD,Atlantica Yield plc,0.0039000000000000003
tci,2016Q3,2016   Q3,$8.96 B,6,MCO,Moody's Corp.,0.0012
tci,2016Q2,2016   Q2,$7.35 B,1,YHOO,Yahoo Inc.,0.3641
tci,2016Q2,2016   Q2,$7.35 B,2,CHTR,Charter Communications,0.3608
tci,2016Q2,2016   Q2,$7.35 B,3,CMCSA,Comcast Corp.,0.2582
tci,2016Q2,2016   Q2,$7.35 B,4,AY-OLD,Atlantica Yield plc,0.011200000000000002
tci,2016Q2,2016   Q2,$7.35 B,5,OSG,Octave Specialty Group Inc.,0.0044
tci,2016Q2,2016   Q2,$7.35 B,6,MCO,Moody's Corp.,0.0013
tci,2016Q1,2016   Q1,$5.4 B,1,TWC,Time Warner Cable Inc.,0.6112
tci,2016Q1,2016   Q1,$5.4 B,2,CMCSA,Comcast Corp.,0.2262
tci,2016Q1,2016   Q1,$5.4 B,3,YHOO,Yahoo Inc.,0.09820000000000001
tci,2016Q1,2016   Q1,$5.4 B,4,BIDU,Baidu Inc.,0.042199999999999994
tci,2016Q1,2016   Q1,$5.4 B,5,AY-OLD,Atlantica Yield plc,0.0146
tci,2016Q1,2016   Q1,$5.4 B,6,OSG,Octave Specialty Group Inc.,0.0058
tci,2016Q1,2016   Q1,$5.4 B,7,MCO,Moody's Corp.,0.0018
tci,2015Q4,2015   Q4,$4.98 B,1,TWC,Time Warner Cable Inc.,0.6051
tci,2015Q4,2015   Q4,$4.98 B,2,CMCSA,Comcast Corp.,0.2281
tci,2015Q4,2015   Q4,$4.98 B,3,MCO,Moody's Corp.,0.061799999999999994
tci,2015Q4,2015   Q4,$4.98 B,4,BIDU,Baidu Inc.,0.0441
tci,2015Q4,2015   Q4,$4.98 B,5,AXP,American Express,0.0381
tci,2015Q4,2015   Q4,$4.98 B,6,AY-OLD,Atlantica Yield plc,0.0171
tci,2015Q4,2015   Q4,$4.98 B,7,OSG,Octave Specialty Group Inc.,0.005600000000000001
DA,2026Q2,2026   Q2,$1.56 B,1,ASML,ASML Holding NV,0.1661
DA,2026Q2,2026   Q2,$1.56 B,2,APP,Applovin Corp.,0.145
DA,2026Q2,2026   Q2,$1.56 B,3,RPRX,Royalty Pharma plc,0.0882
DA,2026Q2,2026   Q2,$1.56 B,4,BKNG,Booking Holdings Inc.,0.08460000000000001
DA,2026Q2,2026   Q2,$1.56 B,5,SPGI,S&P Global Inc.,0.0825
DA,2026Q2,2026   Q2,$1.56 B,6,UBER,Uber Technologies Inc.,0.0814
DA,2026Q2,2026   Q2,$1.56 B,7,LYV,Live Nation Inc.,0.07690000000000001
DA,2026Q2,2026   Q2,$1.56 B,8,DHR,Danaher Corp.,0.0764
DA,2026Q2,2026   Q2,$1.56 B,9,META,Meta Platforms Inc.,0.0721
DA,2026Q2,2026   Q2,$1.56 B,10,AER,AerCap Holdings N.V.,0.0716
DA,2026Q2,2026   Q2,$1.56 B,11,SUNB,Sunbelt Rentals Holdings Inc,0.055099999999999996
DA,2026Q1,2026   Q1,$1.26 B,1,ASML,ASML Holding NV,0.1476
DA,2026Q1,2026   Q1,$1.26 B,2,AER,AerCap Holdings N.V.,0.12269999999999999
DA,2026Q1,2026   Q1,$1.26 B,3,SUNB,Sunbelt Rentals Holdings Inc,0.1143
DA,2026Q1,2026   Q1,$1.26 B,4,APP,Applovin Corp.,0.10039999999999999
DA,2026Q1,2026   Q1,$1.26 B,5,DHR,Danaher Corp.,0.0876
DA,2026Q1,2026   Q1,$1.26 B,6,RPRX,Royalty Pharma plc,0.087
DA,2026Q1,2026   Q1,$1.26 B,7,SPGI,S&P Global Inc.,0.0754
DA,2026Q1,2026   Q1,$1.26 B,8,LYV,Live Nation Inc.,0.0738
DA,2026Q1,2026   Q1,$1.26 B,9,META,Meta Platforms Inc.,0.0737
DA,2026Q1,2026   Q1,$1.26 B,10,UBER,Uber Technologies Inc.,0.062400000000000004
DA,2026Q1,2026   Q1,$1.26 B,11,BKNG,Booking Holdings Inc.,0.055099999999999996
DA,2025Q4,2025   Q4,$1.15 B,1,ASML,ASML Holding NV,0.1789
DA,2025Q4,2025   Q4,$1.15 B,2,DHR,Danaher Corp.,0.16469999999999999
DA,2025Q4,2025   Q4,$1.15 B,3,AER,AerCap Holdings N.V.,0.1518
DA,2025Q4,2025   Q4,$1.15 B,4,META,Meta Platforms Inc.,0.09210000000000002
DA,2025Q4,2025   Q4,$1.15 B,5,BKNG,Booking Holdings Inc.,0.076
DA,2025Q4,2025   Q4,$1.15 B,6,RPRX,Royalty Pharma plc,0.0759
DA,2025Q4,2025   Q4,$1.15 B,7,LYV,Live Nation Inc.,0.0747
DA,2025Q4,2025   Q4,$1.15 B,8,AZO,AutoZone Inc.,0.0741
DA,2025Q4,2025   Q4,$1.15 B,9,GOOG,Alphabet Inc. CL C,0.0592
DA,2025Q4,2025   Q4,$1.15 B,10,ENOV,Enovis Corp.,0.0528
DA,2025Q3,2025   Q3,$1.11 B,1,DHR,Danaher Corp.,0.1534
DA,2025Q3,2025   Q3,$1.11 B,2,ASML,ASML Holding NV,0.1507
DA,2025Q3,2025   Q3,$1.11 B,3,AER,AerCap Holdings N.V.,0.1375
DA,2025Q3,2025   Q3,$1.11 B,4,META,Meta Platforms Inc.,0.12689999999999999
DA,2025Q3,2025   Q3,$1.11 B,5,AZO,AutoZone Inc.,0.1152
DA,2025Q3,2025   Q3,$1.11 B,6,GOOG,Alphabet Inc. CL C,0.094
DA,2025Q3,2025   Q3,$1.11 B,7,BKNG,Booking Holdings Inc.,0.0824
DA,2025Q3,2025   Q3,$1.11 B,8,RPRX,Royalty Pharma plc,0.0745
DA,2025Q3,2025   Q3,$1.11 B,9,ENOV,Enovis Corp.,0.0654
DA,2025Q2,2025   Q2,$1.12 B,1,DHR,Danaher Corp.,0.1642
DA,2025Q2,2025   Q2,$1.12 B,2,META,Meta Platforms Inc.,0.16219999999999998
DA,2025Q2,2025   Q2,$1.12 B,3,AER,AerCap Holdings N.V.,0.14279999999999998
DA,2025Q2,2025   Q2,$1.12 B,4,AZO,AutoZone Inc.,0.11869999999999999
DA,2025Q2,2025   Q2,$1.12 B,5,GOOG,Alphabet Inc. CL C,0.10529999999999999
DA,2025Q2,2025   Q2,$1.12 B,6,ASML,ASML Holding NV,0.10060000000000001
DA,2025Q2,2025   Q2,$1.12 B,7,BKNG,Booking Holdings Inc.,0.0949
DA,2025Q2,2025   Q2,$1.12 B,8,ENOV,Enovis Corp.,0.0718
DA,2025Q2,2025   Q2,$1.12 B,9,WIX,Wix.com Ltd.,0.0209
DA,2025Q2,2025   Q2,$1.12 B,10,SEMR-OLD,SEMrush Holdings Inc.,0.018500000000000003
DA,2025Q1,2025   Q1,$944 M,1,AZO,AutoZone Inc.,0.1517
DA,2025Q1,2025   Q1,$944 M,2,META,Meta Platforms Inc.,0.1509
DA,2025Q1,2025   Q1,$944 M,3,DHR,Danaher Corp.,0.1502
DA,2025Q1,2025   Q1,$944 M,4,AER,AerCap Holdings N.V.,0.1233
DA,2025Q1,2025   Q1,$944 M,5,GOOG,Alphabet Inc. CL C,0.1058
DA,2025Q1,2025   Q1,$944 M,6,BKNG,Booking Holdings Inc.,0.078
DA,2025Q1,2025   Q1,$944 M,7,PYPL,PayPal Holdings Inc.,0.0593
DA,2025Q1,2025   Q1,$944 M,8,WIX,Wix.com Ltd.,0.0553
DA,2025Q1,2025   Q1,$944 M,9,SPT,Sprout Social Inc. CL A,0.0537
DA,2025Q1,2025   Q1,$944 M,10,ASML,ASML Holding NV,0.0496
DA,2025Q1,2025   Q1,$944 M,11,SEMR-OLD,SEMrush Holdings Inc.,0.0223
DA,2024Q4,2024   Q4,$970 M,1,WIX,Wix.com Ltd.,0.128
DA,2024Q4,2024   Q4,$970 M,2,META,Meta Platforms Inc.,0.1257
DA,2024Q4,2024   Q4,$970 M,3,GOOG,Alphabet Inc. CL C,0.1255
DA,2024Q4,2024   Q4,$970 M,4,AZO,AutoZone Inc.,0.124
DA,2024Q4,2024   Q4,$970 M,5,PYPL,PayPal Holdings Inc.,0.11449999999999999
DA,2024Q4,2024   Q4,$970 M,6,DHR,Danaher Corp.,0.0934
DA,2024Q4,2024   Q4,$970 M,7,SMAR-OLD,Smartsheet Inc.,0.0836
DA,2024Q4,2024   Q4,$970 M,8,SPT,Sprout Social Inc. CL A,0.073
DA,2024Q4,2024   Q4,$970 M,9,HRI,HERC Holdings Inc.,0.0533
DA,2024Q4,2024   Q4,$970 M,10,UPWK,Upwork Inc.,0.0513
DA,2024Q4,2024   Q4,$970 M,11,SEMR-OLD,SEMrush Holdings Inc.,0.0277
DA,2024Q3,2024   Q3,$928 M,1,META,Meta Platforms Inc.,0.1436
DA,2024Q3,2024   Q3,$928 M,2,AZO,AutoZone Inc.,0.1
DA,2024Q3,2024   Q3,$928 M,3,WIX,Wix.com Ltd.,0.0998
DA,2024Q3,2024   Q3,$928 M,4,APP,Applovin Corp.,0.0983
DA,2024Q3,2024   Q3,$928 M,5,PYPL,PayPal Holdings Inc.,0.0978
DA,2024Q3,2024   Q3,$928 M,6,DHR,Danaher Corp.,0.0892
DA,2024Q3,2024   Q3,$928 M,7,SMAR-OLD,Smartsheet Inc.,0.0891
DA,2024Q3,2024   Q3,$928 M,8,GOOG,Alphabet Inc. CL C,0.0814
DA,2024Q3,2024   Q3,$928 M,9,HRI,HERC Holdings Inc.,0.0732
DA,2024Q3,2024   Q3,$928 M,10,SPT,Sprout Social Inc. CL A,0.061900000000000004
DA,2024Q3,2024   Q3,$928 M,11,SEMR-OLD,SEMrush Holdings Inc.,0.0358
DA,2024Q3,2024   Q3,$928 M,12,UPWK,Upwork Inc.,0.0298
DA,2024Q2,2024   Q2,$839 M,1,META,Meta Platforms Inc.,0.14400000000000002
DA,2024Q2,2024   Q2,$839 M,2,SMAR-OLD,Smartsheet Inc.,0.1303
DA,2024Q2,2024   Q2,$839 M,3,WIX,Wix.com Ltd.,0.1082
DA,2024Q2,2024   Q2,$839 M,4,AZO,AutoZone Inc.,0.1072
DA,2024Q2,2024   Q2,$839 M,5,GOOG,Alphabet Inc. CL C,0.1017
DA,2024Q2,2024   Q2,$839 M,6,DHR,Danaher Corp.,0.09119999999999999
DA,2024Q2,2024   Q2,$839 M,7,PYPL,PayPal Holdings Inc.,0.0828
DA,2024Q2,2024   Q2,$839 M,8,SPT,Sprout Social Inc. CL A,0.07339999999999999
DA,2024Q2,2024   Q2,$839 M,9,HRI,HERC Holdings Inc.,0.0697
DA,2024Q2,2024   Q2,$839 M,10,SEMR-OLD,SEMrush Holdings Inc.,0.056799999999999996
DA,2024Q2,2024   Q2,$839 M,11,UPWK,Upwork Inc.,0.0349
DA,2024Q1,2024   Q1,$860 M,1,META,Meta Platforms Inc.,0.16210000000000002
DA,2024Q1,2024   Q1,$860 M,2,GOOG,Alphabet Inc. CL C,0.14980000000000002
DA,2024Q1,2024   Q1,$860 M,3,WIX,Wix.com Ltd.,0.1207
DA,2024Q1,2024   Q1,$860 M,4,SMAR-OLD,Smartsheet Inc.,0.1124
DA,2024Q1,2024   Q1,$860 M,5,PYPL,PayPal Holdings Inc.,0.0944
DA,2024Q1,2024   Q1,$860 M,6,DHR,Danaher Corp.,0.0901
DA,2024Q1,2024   Q1,$860 M,7,HRI,HERC Holdings Inc.,0.087
DA,2024Q1,2024   Q1,$860 M,8,AZO,AutoZone Inc.,0.08529999999999999
DA,2024Q1,2024   Q1,$860 M,9,SEMR-OLD,SEMrush Holdings Inc.,0.0587
DA,2024Q1,2024   Q1,$860 M,10,UPWK,Upwork Inc.,0.0393
DA,2023Q4,2023   Q4,$778 M,1,META,Meta Platforms Inc.,0.1757
DA,2023Q4,2023   Q4,$778 M,2,SMAR-OLD,Smartsheet Inc.,0.1565
DA,2023Q4,2023   Q4,$778 M,3,GOOG,Alphabet Inc. CL C,0.15539999999999998
DA,2023Q4,2023   Q4,$778 M,4,WIX,Wix.com Ltd.,0.1211
DA,2023Q4,2023   Q4,$778 M,5,HRI,HERC Holdings Inc.,0.0989
DA,2023Q4,2023   Q4,$778 M,6,PYPL,PayPal Holdings Inc.,0.09699999999999999
DA,2023Q4,2023   Q4,$778 M,7,DHR,Danaher Corp.,0.0935
DA,2023Q4,2023   Q4,$778 M,8,UPWK,Upwork Inc.,0.0535
DA,2023Q4,2023   Q4,$778 M,9,SEMR-OLD,SEMrush Holdings Inc.,0.048499999999999995
DA,2023Q3,2023   Q3,$766 M,1,META,Meta Platforms Inc.,0.1839
DA,2023Q3,2023   Q3,$766 M,2,GOOG,Alphabet Inc. CL C,0.1563
DA,2023Q3,2023   Q3,$766 M,3,WIX,Wix.com Ltd.,0.1474
DA,2023Q3,2023   Q3,$766 M,4,SMAR-OLD,Smartsheet Inc.,0.1423
DA,2023Q3,2023   Q3,$766 M,5,PYPL,PayPal Holdings Inc.,0.0993
DA,2023Q3,2023   Q3,$766 M,6,HRI,HERC Holdings Inc.,0.0673
DA,2023Q3,2023   Q3,$766 M,7,DIS,Walt Disney Co.,0.0664
DA,2023Q3,2023   Q3,$766 M,8,UPWK,Upwork Inc.,0.0664
DA,2023Q3,2023   Q3,$766 M,9,DG,Dollar General,0.0377
DA,2023Q3,2023   Q3,$766 M,10,SEMR-OLD,SEMrush Holdings Inc.,0.0331
DA,2023Q2,2023   Q2,$755 M,1,META,Meta Platforms Inc.,0.23800000000000002
DA,2023Q2,2023   Q2,$755 M,2,SMAR-OLD,Smartsheet Inc.,0.16620000000000001
DA,2023Q2,2023   Q2,$755 M,3,WIX,Wix.com Ltd.,0.1444
DA,2023Q2,2023   Q2,$755 M,4,GOOG,Alphabet Inc. CL C,0.1182
DA,2023Q2,2023   Q2,$755 M,5,DIS,Walt Disney Co.,0.0767
DA,2023Q2,2023   Q2,$755 M,6,ROKU,Roku Inc.,0.0662
DA,2023Q2,2023   Q2,$755 M,7,UPWK,Upwork Inc.,0.057999999999999996
DA,2023Q2,2023   Q2,$755 M,8,PYPL,PayPal Holdings Inc.,0.057300000000000004
DA,2023Q2,2023   Q2,$755 M,9,SEMR-OLD,SEMrush Holdings Inc.,0.0383
DA,2023Q2,2023   Q2,$755 M,10,HRI,HERC Holdings Inc.,0.036699999999999997
DA,2023Q1,2023   Q1,$882 M,1,META,Meta Platforms Inc.,0.2298
DA,2023Q1,2023   Q1,$882 M,2,SMAR-OLD,Smartsheet Inc.,0.1971
DA,2023Q1,2023   Q1,$882 M,3,WIX,Wix.com Ltd.,0.17489999999999997
DA,2023Q1,2023   Q1,$882 M,4,GOOG,Alphabet Inc. CL C,0.0965
DA,2023Q1,2023   Q1,$882 M,5,ROKU,Roku Inc.,0.0868
DA,2023Q1,2023   Q1,$882 M,6,DIS,Walt Disney Co.,0.0817
DA,2023Q1,2023   Q1,$882 M,7,PYPL,PayPal Holdings Inc.,0.061900000000000004
DA,2023Q1,2023   Q1,$882 M,8,SEMR-OLD,SEMrush Holdings Inc.,0.0382
DA,2023Q1,2023   Q1,$882 M,9,UPWK,Upwork Inc.,0.0333
DA,2022Q4,2022   Q4,$688 M,1,SMAR-OLD,Smartsheet Inc.,0.22010000000000002
DA,2022Q4,2022   Q4,$688 M,2,WIX,Wix.com Ltd.,0.1791
DA,2022Q4,2022   Q4,$688 M,3,META,Meta Platforms Inc.,0.1736
DA,2022Q4,2022   Q4,$688 M,4,ROKU,Roku Inc.,0.0993
DA,2022Q4,2022   Q4,$688 M,5,DIS,Walt Disney Co.,0.0943
DA,2022Q4,2022   Q4,$688 M,6,PYPL,PayPal Holdings Inc.,0.07719999999999999
DA,2022Q4,2022   Q4,$688 M,7,GOOG,Alphabet Inc. CL C,0.0736
DA,2022Q4,2022   Q4,$688 M,8,SEMR-OLD,SEMrush Holdings Inc.,0.042
DA,2022Q4,2022   Q4,$688 M,9,UPWK,Upwork Inc.,0.0408
DA,2022Q3,2022   Q3,$786 M,1,WIX,Wix.com Ltd.,0.18710000000000002
DA,2022Q3,2022   Q3,$786 M,2,SMAR-OLD,Smartsheet Inc.,0.1505
DA,2022Q3,2022   Q3,$786 M,3,META,Meta Platforms Inc.,0.1308
DA,2022Q3,2022   Q3,$786 M,4,ROKU,Roku Inc.,0.10210000000000001
DA,2022Q3,2022   Q3,$786 M,5,POSH-OLD,Poshmark Inc Class A,0.0946
DA,2022Q3,2022   Q3,$786 M,6,DIS,Walt Disney Co.,0.0889
DA,2022Q3,2022   Q3,$786 M,7,PYPL,PayPal Holdings Inc.,0.08109999999999999
DA,2022Q3,2022   Q3,$786 M,8,GOOG,Alphabet Inc. CL C,0.0694
DA,2022Q3,2022   Q3,$786 M,9,SEMR-OLD,SEMrush Holdings Inc.,0.0492
DA,2022Q3,2022   Q3,$786 M,10,UPWK,Upwork Inc.,0.0463
DA,2022Q2,2022   Q2,$801 M,1,WIX,Wix.com Ltd.,0.1537
DA,2022Q2,2022   Q2,$801 M,2,META,Meta Platforms Inc.,0.1523
DA,2022Q2,2022   Q2,$801 M,3,ROKU,Roku Inc.,0.1458
DA,2022Q2,2022   Q2,$801 M,4,SMAR-OLD,Smartsheet Inc.,0.1349
DA,2022Q2,2022   Q2,$801 M,5,DIS,Walt Disney Co.,0.0872
DA,2022Q2,2022   Q2,$801 M,6,GOOG,Alphabet Inc. CL C,0.07730000000000001
DA,2022Q2,2022   Q2,$801 M,7,UPWK,Upwork Inc.,0.0689
DA,2022Q2,2022   Q2,$801 M,8,PYPL,PayPal Holdings Inc.,0.0645
DA,2022Q2,2022   Q2,$801 M,9,POSH-OLD,Poshmark Inc Class A,0.059800000000000006
DA,2022Q2,2022   Q2,$801 M,10,SEMR-OLD,SEMrush Holdings Inc.,0.0557
DA,2022Q1,2022   Q1,$1.04 B,1,META,Meta Platforms Inc.,0.16190000000000002
DA,2022Q1,2022   Q1,$1.04 B,2,SMAR-OLD,Smartsheet Inc.,0.15869999999999998
DA,2022Q1,2022   Q1,$1.04 B,3,WIX,Wix.com Ltd.,0.1575
DA,2022Q1,2022   Q1,$1.04 B,4,DIS,Walt Disney Co.,0.0977
DA,2022Q1,2022   Q1,$1.04 B,5,PYPL,PayPal Holdings Inc.,0.0823
DA,2022Q1,2022   Q1,$1.04 B,6,ROKU,Roku Inc.,0.0817
DA,2022Q1,2022   Q1,$1.04 B,7,EBAY,eBay Inc.,0.0713
DA,2022Q1,2022   Q1,$1.04 B,8,GOOG,Alphabet Inc. CL C,0.0634
DA,2022Q1,2022   Q1,$1.04 B,9,POSH-OLD,Poshmark Inc Class A,0.051100000000000007
DA,2022Q1,2022   Q1,$1.04 B,10,SEMR-OLD,SEMrush Holdings Inc.,0.039599999999999996
DA,2022Q1,2022   Q1,$1.04 B,11,UPWK,Upwork Inc.,0.0349
DA,2021Q4,2021   Q4,$1.17 B,1,WIX,Wix.com Ltd.,0.1999
DA,2021Q4,2021   Q4,$1.17 B,2,SMAR-OLD,Smartsheet Inc.,0.18539999999999998
DA,2021Q4,2021   Q4,$1.17 B,3,META,Meta Platforms Inc.,0.1659
DA,2021Q4,2021   Q4,$1.17 B,4,PYPL,PayPal Holdings Inc.,0.0919
DA,2021Q4,2021   Q4,$1.17 B,5,DIS,Walt Disney Co.,0.0906
DA,2021Q4,2021   Q4,$1.17 B,6,EBAY,eBay Inc.,0.0679
DA,2021Q4,2021   Q4,$1.17 B,7,GOOG,Alphabet Inc. CL C,0.061799999999999994
DA,2021Q4,2021   Q4,$1.17 B,8,POSH-OLD,Poshmark Inc Class A,0.048
DA,2021Q4,2021   Q4,$1.17 B,9,SEMR-OLD,SEMrush Holdings Inc.,0.04650000000000001
DA,2021Q4,2021   Q4,$1.17 B,10,UPWK,Upwork Inc.,0.0421
DA,2021Q3,2021   Q3,$1.15 B,1,META,Meta Platforms Inc.,0.1705
DA,2021Q3,2021   Q3,$1.15 B,2,SMAR-OLD,Smartsheet Inc.,0.1666
DA,2021Q3,2021   Q3,$1.15 B,3,WIX,Wix.com Ltd.,0.145
DA,2021Q3,2021   Q3,$1.15 B,4,PYPL,PayPal Holdings Inc.,0.1292
DA,2021Q3,2021   Q3,$1.15 B,5,DIS,Walt Disney Co.,0.1148
DA,2021Q3,2021   Q3,$1.15 B,6,EBAY,eBay Inc.,0.1009
DA,2021Q3,2021   Q3,$1.15 B,7,UPWK,Upwork Inc.,0.0637
DA,2021Q3,2021   Q3,$1.15 B,8,GOOG,Alphabet Inc. CL C,0.057999999999999996
DA,2021Q3,2021   Q3,$1.15 B,9,SEMR-OLD,SEMrush Holdings Inc.,0.0513
DA,2021Q2,2021   Q2,$1.33 B,1,META,Meta Platforms Inc.,0.17739999999999997
DA,2021Q2,2021   Q2,$1.33 B,2,SMAR-OLD,Smartsheet Inc.,0.1746
DA,2021Q2,2021   Q2,$1.33 B,3,WIX,Wix.com Ltd.,0.1381
DA,2021Q2,2021   Q2,$1.33 B,4,EBAY,eBay Inc.,0.1209
DA,2021Q2,2021   Q2,$1.33 B,5,PYPL,PayPal Holdings Inc.,0.1206
DA,2021Q2,2021   Q2,$1.33 B,6,UPWK,Upwork Inc.,0.0946
DA,2021Q2,2021   Q2,$1.33 B,7,DIS,Walt Disney Co.,0.094
DA,2021Q2,2021   Q2,$1.33 B,8,GOOG,Alphabet Inc. CL C,0.0467
DA,2021Q2,2021   Q2,$1.33 B,9,DESP-OLD,Despegar.com Corp.,0.0331
DA,2021Q1,2021   Q1,$956 M,1,META,Meta Platforms Inc.,0.2299
DA,2021Q1,2021   Q1,$956 M,2,SMAR-OLD,Smartsheet Inc.,0.1819
DA,2021Q1,2021   Q1,$956 M,3,WIX,Wix.com Ltd.,0.1244
DA,2021Q1,2021   Q1,$956 M,4,EBAY,eBay Inc.,0.124
DA,2021Q1,2021   Q1,$956 M,5,PYPL,PayPal Holdings Inc.,0.1182
DA,2021Q1,2021   Q1,$956 M,6,UPWK,Upwork Inc.,0.0857
DA,2021Q1,2021   Q1,$956 M,7,GOOG,Alphabet Inc. CL C,0.0698
DA,2021Q1,2021   Q1,$956 M,8,DESP-OLD,Despegar.com Corp.,0.0661
DA,2020Q4,2020   Q4,$764 M,1,META,Meta Platforms Inc.,0.2184
DA,2020Q4,2020   Q4,$764 M,2,WIX,Wix.com Ltd.,0.1637
DA,2020Q4,2020   Q4,$764 M,3,SMAR-OLD,Smartsheet Inc.,0.1167
DA,2020Q4,2020   Q4,$764 M,4,GOOG,Alphabet Inc. CL C,0.1084
DA,2020Q4,2020   Q4,$764 M,5,EBAY,eBay Inc.,0.102
DA,2020Q4,2020   Q4,$764 M,6,UPWK,Upwork Inc.,0.0852
DA,2020Q4,2020   Q4,$764 M,7,PYPL,PayPal Holdings Inc.,0.0785
DA,2020Q4,2020   Q4,$764 M,8,DESP-OLD,Despegar.com Corp.,0.0713
DA,2020Q4,2020   Q4,$764 M,9,ROKU,Roku Inc.,0.0559
DA,2020Q3,2020   Q3,$673 M,1,META,Meta Platforms Inc.,0.2361
DA,2020Q3,2020   Q3,$673 M,2,WIX,Wix.com Ltd.,0.15539999999999998
DA,2020Q3,2020   Q3,$673 M,3,GOOG,Alphabet Inc. CL C,0.1025
DA,2020Q3,2020   Q3,$673 M,4,UPWK,Upwork Inc.,0.1024
DA,2020Q3,2020   Q3,$673 M,5,ROKU,Roku Inc.,0.0851
DA,2020Q3,2020   Q3,$673 M,6,PYPL,PayPal Holdings Inc.,0.0745
DA,2020Q3,2020   Q3,$673 M,7,EBAY,eBay Inc.,0.0674
DA,2020Q3,2020   Q3,$673 M,8,SMAR-OLD,Smartsheet Inc.,0.0654
DA,2020Q3,2020   Q3,$673 M,9,AVLR-OLD,Avalara Inc.,0.0555
DA,2020Q3,2020   Q3,$673 M,10,DESP-OLD,Despegar.com Corp.,0.039900000000000005
DA,2020Q3,2020   Q3,$673 M,11,AYX-OLD,Alteryx Inc.,0.0159
DA,2020Q2,2020   Q2,$619 M,1,META,Meta Platforms Inc.,0.2351
DA,2020Q2,2020   Q2,$619 M,2,SMAR-OLD,Smartsheet Inc.,0.13449999999999998
DA,2020Q2,2020   Q2,$619 M,3,WIX,Wix.com Ltd.,0.131
DA,2020Q2,2020   Q2,$619 M,4,GOOG,Alphabet Inc. CL C,0.105
DA,2020Q2,2020   Q2,$619 M,5,UPWK,Upwork Inc.,0.0883
DA,2020Q2,2020   Q2,$619 M,6,PYPL,PayPal Holdings Inc.,0.0701
DA,2020Q2,2020   Q2,$619 M,7,ROKU,Roku Inc.,0.0645
DA,2020Q2,2020   Q2,$619 M,8,AVLR-OLD,Avalara Inc.,0.0617
DA,2020Q2,2020   Q2,$619 M,9,AYX-OLD,Alteryx Inc.,0.0565
DA,2020Q2,2020   Q2,$619 M,10,DESP-OLD,Despegar.com Corp.,0.0533
DA,2020Q1,2020   Q1,$396 M,1,META,Meta Platforms Inc.,0.25489999999999996
DA,2020Q1,2020   Q1,$396 M,2,WIX,Wix.com Ltd.,0.1413
DA,2020Q1,2020   Q1,$396 M,3,GOOG,Alphabet Inc. CL C,0.1374
DA,2020Q1,2020   Q1,$396 M,4,AVLR-OLD,Avalara Inc.,0.13019999999999998
DA,2020Q1,2020   Q1,$396 M,5,ROKU,Roku Inc.,0.10880000000000001
DA,2020Q1,2020   Q1,$396 M,6,DESP-OLD,Despegar.com Corp.,0.0843
DA,2020Q1,2020   Q1,$396 M,7,AYX-OLD,Alteryx Inc.,0.0819
DA,2020Q1,2020   Q1,$396 M,8,PYPL,PayPal Holdings Inc.,0.0613
DA,2019Q4,2019   Q4,$508 M,1,META,Meta Platforms Inc.,0.18100000000000002
DA,2019Q4,2019   Q4,$508 M,2,AVLR-OLD,Avalara Inc.,0.1775
DA,2019Q4,2019   Q4,$508 M,3,WIX,Wix.com Ltd.,0.1328
DA,2019Q4,2019   Q4,$508 M,4,DESP-OLD,Despegar.com Corp.,0.1326
DA,2019Q4,2019   Q4,$508 M,5,ROKU,Roku Inc.,0.0958
DA,2019Q4,2019   Q4,$508 M,6,AYX-OLD,Alteryx Inc.,0.0941
DA,2019Q4,2019   Q4,$508 M,7,PYPL,PayPal Holdings Inc.,0.0926
DA,2019Q4,2019   Q4,$508 M,8,EBAY,eBay Inc.,0.0664
DA,2019Q4,2019   Q4,$508 M,9,GOOG,Alphabet Inc. CL C,0.027200000000000002
DA,2019Q3,2019   Q3,$426 M,1,META,Meta Platforms Inc.,0.20600000000000002
DA,2019Q3,2019   Q3,$426 M,2,AVLR-OLD,Avalara Inc.,0.14980000000000002
DA,2019Q3,2019   Q3,$426 M,3,WIX,Wix.com Ltd.,0.1399
DA,2019Q3,2019   Q3,$426 M,4,DESP-OLD,Despegar.com Corp.,0.1099
DA,2019Q3,2019   Q3,$426 M,5,GOOG,Alphabet Inc. CL C,0.10460000000000001
DA,2019Q3,2019   Q3,$426 M,6,PYPL,PayPal Holdings Inc.,0.098
DA,2019Q3,2019   Q3,$426 M,7,EBAY,eBay Inc.,0.0791
DA,2019Q3,2019   Q3,$426 M,8,CMPR,Cimpress plc,0.058600000000000006
DA,2019Q3,2019   Q3,$426 M,9,AYX-OLD,Alteryx Inc.,0.0541
DA,2019Q2,2019   Q2,$447 M,1,META,Meta Platforms Inc.,0.212
DA,2019Q2,2019   Q2,$447 M,2,AVLR-OLD,Avalara Inc.,0.1764
DA,2019Q2,2019   Q2,$447 M,3,WIX,Wix.com Ltd.,0.1336
DA,2019Q2,2019   Q2,$447 M,4,DESP-OLD,Despegar.com Corp.,0.0965
DA,2019Q2,2019   Q2,$447 M,5,GOOG,Alphabet Inc. CL C,0.08810000000000001
DA,2019Q2,2019   Q2,$447 M,6,PYPL,PayPal Holdings Inc.,0.08039999999999999
DA,2019Q2,2019   Q2,$447 M,7,EBAY,eBay Inc.,0.0761
DA,2019Q2,2019   Q2,$447 M,8,CMPR,Cimpress plc,0.057300000000000004
DA,2019Q2,2019   Q2,$447 M,9,ANSS-OLD,ANSYS Inc.,0.0415
DA,2019Q2,2019   Q2,$447 M,10,TTD,Trade Desk Inc.,0.0382
DA,2019Q1,2019   Q1,$398 M,1,META,Meta Platforms Inc.,0.2043
DA,2019Q1,2019   Q1,$398 M,2,WIX,Wix.com Ltd.,0.1909
DA,2019Q1,2019   Q1,$398 M,3,PYPL,PayPal Holdings Inc.,0.13140000000000002
DA,2019Q1,2019   Q1,$398 M,4,GOOG,Alphabet Inc. CL C,0.1067
DA,2019Q1,2019   Q1,$398 M,5,DESP-OLD,Despegar.com Corp.,0.087
DA,2019Q1,2019   Q1,$398 M,6,CMPR,Cimpress plc,0.08130000000000001
DA,2019Q1,2019   Q1,$398 M,7,EBAY,eBay Inc.,0.0799
DA,2019Q1,2019   Q1,$398 M,8,TTD,Trade Desk Inc.,0.07730000000000001
DA,2019Q1,2019   Q1,$398 M,9,ANSS-OLD,ANSYS Inc.,0.041299999999999996
DA,2018Q4,2018   Q4,$360 M,1,META,Meta Platforms Inc.,0.23379999999999998
DA,2018Q4,2018   Q4,$360 M,2,WIX,Wix.com Ltd.,0.15
DA,2018Q4,2018   Q4,$360 M,3,PYPL,PayPal Holdings Inc.,0.1117
DA,2018Q4,2018   Q4,$360 M,4,TTD,Trade Desk Inc.,0.10890000000000001
DA,2018Q4,2018   Q4,$360 M,5,GOOG,Alphabet Inc. CL C,0.0989
DA,2018Q4,2018   Q4,$360 M,6,DG,Dollar General,0.0728
DA,2018Q4,2018   Q4,$360 M,7,CMPR,Cimpress plc,0.0625
DA,2018Q4,2018   Q4,$360 M,8,ANSS-OLD,ANSYS Inc.,0.0616
DA,2018Q4,2018   Q4,$360 M,9,ROP,Roper Technologies Inc.,0.043899999999999995
DA,2018Q4,2018   Q4,$360 M,10,EBAY,eBay Inc.,0.0323
DA,2018Q4,2018   Q4,$360 M,11,WK,Workiva Inc.,0.023700000000000002
DA,2018Q3,2018   Q3,$427 M,1,META,Meta Platforms Inc.,0.1858
DA,2018Q3,2018   Q3,$427 M,2,DG,Dollar General,0.1013
DA,2018Q3,2018   Q3,$427 M,3,PYPL,PayPal Holdings Inc.,0.09359999999999999
DA,2018Q3,2018   Q3,$427 M,4,GOOG,Alphabet Inc. CL C,0.09
DA,2018Q3,2018   Q3,$427 M,5,TTD,Trade Desk Inc.,0.0877
DA,2018Q3,2018   Q3,$427 M,6,WIX,Wix.com Ltd.,0.0824
DA,2018Q3,2018   Q3,$427 M,7,ROP,Roper Technologies Inc.,0.0698
DA,2018Q3,2018   Q3,$427 M,8,WK,Workiva Inc.,0.0695
DA,2018Q3,2018   Q3,$427 M,9,SITE,SiteOne Landscape Supply Inc.,0.0684
DA,2018Q3,2018   Q3,$427 M,10,CMPR,Cimpress plc,0.0622
DA,2018Q3,2018   Q3,$427 M,11,ANSS-OLD,ANSYS Inc.,0.060599999999999994
DA,2018Q3,2018   Q3,$427 M,12,EBAY,eBay Inc.,0.0286
DA,2018Q2,2018   Q2,$379 M,1,META,Meta Platforms Inc.,0.2168
DA,2018Q2,2018   Q2,$379 M,2,DG,Dollar General,0.12119999999999999
DA,2018Q2,2018   Q2,$379 M,3,GOOG,Alphabet Inc. CL C,0.11019999999999999
DA,2018Q2,2018   Q2,$379 M,4,PYPL,PayPal Holdings Inc.,0.095
DA,2018Q2,2018   Q2,$379 M,5,SITE,SiteOne Landscape Supply Inc.,0.09210000000000002
DA,2018Q2,2018   Q2,$379 M,6,ROP,Roper Technologies Inc.,0.07490000000000001
DA,2018Q2,2018   Q2,$379 M,7,TTD,Trade Desk Inc.,0.071
DA,2018Q2,2018   Q2,$379 M,8,CMPR,Cimpress plc,0.0708
DA,2018Q2,2018   Q2,$379 M,9,ANSS-OLD,ANSYS Inc.,0.0693
DA,2018Q2,2018   Q2,$379 M,10,WK,Workiva Inc.,0.045
DA,2018Q2,2018   Q2,$379 M,11,EBAY,eBay Inc.,0.0337
DA,2018Q1,2018   Q1,$296 M,1,META,Meta Platforms Inc.,0.239
DA,2018Q1,2018   Q1,$296 M,2,EBAY,eBay Inc.,0.1233
DA,2018Q1,2018   Q1,$296 M,3,SITE,SiteOne Landscape Supply Inc.,0.1082
DA,2018Q1,2018   Q1,$296 M,4,GOOG,Alphabet Inc. CL C,0.10310000000000001
DA,2018Q1,2018   Q1,$296 M,5,DG,Dollar General,0.09880000000000001
DA,2018Q1,2018   Q1,$296 M,6,CMPR,Cimpress plc,0.0968
DA,2018Q1,2018   Q1,$296 M,7,WK,Workiva Inc.,0.0805
DA,2018Q1,2018   Q1,$296 M,8,ANSS-OLD,ANSYS Inc.,0.0799
DA,2018Q1,2018   Q1,$296 M,9,ROP,Roper Technologies Inc.,0.0705
DA,2017Q4,2017   Q4,$277 M,1,META,Meta Platforms Inc.,0.23550000000000001
DA,2017Q4,2017   Q4,$277 M,2,CMPR,Cimpress plc,0.1166
DA,2017Q4,2017   Q4,$277 M,3,CHGG,CHEGG Inc.,0.106
DA,2017Q4,2017   Q4,$277 M,4,DG,Dollar General,0.09789999999999999
DA,2017Q4,2017   Q4,$277 M,5,WK,Workiva Inc.,0.09210000000000002
DA,2017Q4,2017   Q4,$277 M,6,GOOG,Alphabet Inc. CL C,0.09119999999999999
DA,2017Q4,2017   Q4,$277 M,7,ROP,Roper Technologies Inc.,0.0767
DA,2017Q4,2017   Q4,$277 M,8,ANSS-OLD,ANSYS Inc.,0.075
DA,2017Q4,2017   Q4,$277 M,9,YELP,Yelp Inc.,0.0661
DA,2017Q4,2017   Q4,$277 M,10,SITE,SiteOne Landscape Supply Inc.,0.0429
DA,2017Q3,2017   Q3,$231 M,1,META,Meta Platforms Inc.,0.1957
DA,2017Q3,2017   Q3,$231 M,2,CMPR,Cimpress plc,0.109
DA,2017Q3,2017   Q3,$231 M,3,WK,Workiva Inc.,0.10300000000000001
DA,2017Q3,2017   Q3,$231 M,4,DG,Dollar General,0.0978
DA,2017Q3,2017   Q3,$231 M,5,GOOG,Alphabet Inc. CL C,0.0959
DA,2017Q3,2017   Q3,$231 M,6,ANSS-OLD,ANSYS Inc.,0.0828
DA,2017Q3,2017   Q3,$231 M,7,ROP,Roper Technologies Inc.,0.08259999999999999
DA,2017Q3,2017   Q3,$231 M,8,YELP,Yelp Inc.,0.0783
DA,2017Q3,2017   Q3,$231 M,9,DSGX,Descartes Systems Group,0.07769999999999999
DA,2017Q3,2017   Q3,$231 M,10,CHGG,CHEGG Inc.,0.07730000000000001
DA,2017Q2,2017   Q2,$213 M,1,META,Meta Platforms Inc.,0.18719999999999998
DA,2017Q2,2017   Q2,$213 M,2,CMPR,Cimpress plc,0.11410000000000001
DA,2017Q2,2017   Q2,$213 M,3,YELP,Yelp Inc.,0.10369999999999999
DA,2017Q2,2017   Q2,$213 M,4,GOOG,Alphabet Inc. CL C,0.0983
DA,2017Q2,2017   Q2,$213 M,5,BN,Brookfield Corp.,0.0958
DA,2017Q2,2017   Q2,$213 M,6,DG,Dollar General,0.0942
DA,2017Q2,2017   Q2,$213 M,7,ANSS-OLD,ANSYS Inc.,0.0889
DA,2017Q2,2017   Q2,$213 M,8,ROP,Roper Technologies Inc.,0.0851
DA,2017Q2,2017   Q2,$213 M,9,DSGX,Descartes Systems Group,0.075
DA,2017Q2,2017   Q2,$213 M,10,WK,Workiva Inc.,0.057699999999999994
DA,2017Q1,2017   Q1,$177 M,1,META,Meta Platforms Inc.,0.18359999999999999
DA,2017Q1,2017   Q1,$177 M,2,CMPR,Cimpress plc,0.12539999999999998
DA,2017Q1,2017   Q1,$177 M,3,DG,Dollar General,0.10980000000000001
DA,2017Q1,2017   Q1,$177 M,4,DSGX,Descartes Systems Group,0.10890000000000001
DA,2017Q1,2017   Q1,$177 M,5,GOOG,Alphabet Inc. CL C,0.1082
DA,2017Q1,2017   Q1,$177 M,6,BN,Brookfield Corp.,0.1073
DA,2017Q1,2017   Q1,$177 M,7,ROP,Roper Technologies Inc.,0.1054
DA,2017Q1,2017   Q1,$177 M,8,ANSS-OLD,ANSYS Inc.,0.0941
DA,2017Q1,2017   Q1,$177 M,9,WK,Workiva Inc.,0.0572
DA,2016Q4,2016   Q4,$107 M,1,META,Meta Platforms Inc.,0.20120000000000002
DA,2016Q4,2016   Q4,$107 M,2,CMPR,Cimpress plc,0.1953
DA,2016Q4,2016   Q4,$107 M,3,BN,Brookfield Corp.,0.162
DA,2016Q4,2016   Q4,$107 M,4,ROP,Roper Technologies Inc.,0.15789999999999998
DA,2016Q4,2016   Q4,$107 M,5,DSGX,Descartes Systems Group,0.1501
DA,2016Q4,2016   Q4,$107 M,6,ANSS-OLD,ANSYS Inc.,0.1335
