trade_id,politician_id,politician,party,chamber,state,issuer,ticker,published,traded,filed_after_days,owner,trade_type,size_raw,size_low_usd,size_high_usd,price
20003802278,J000309,Jonathan Jackson,Democrat,House,IL,ViaSat Inc,VSAT:US,2026-09-04,2026-08-28,6.0,Joint,sell,1K–15K,1000.0,15000.0,67.37
20003802276,R000619,Michael Rulli,Republican,House,OH,The Allstate Corporation,ALL:US,2026-09-03,2026-08-12,21.0,Undisclosed,sell,1K–15K,1000.0,15000.0,255.84
20003802277,R000619,Michael Rulli,Republican,House,OH,Equinix Inc,EQIX:US,2026-09-03,2026-08-07,26.0,Undisclosed,buy,1K–15K,1000.0,15000.0,1042.62
20003802274,M001239,John McGuire,Republican,House,VA,Apple Inc,AAPL:US,2026-09-03,2026-08-18,15.0,Spouse,sell,1K–15K,1000.0,15000.0,310.03
20003802275,M001239,John McGuire,Republican,House,VA,NVIDIA Corporation,NVDA:US,2026-09-03,2026-08-18,15.0,Spouse,buy,1K–15K,1000.0,15000.0,219.74
20003802273,F000110,Cleo Fields,Democrat,House,LA,Apple Inc,AAPL:US,2026-09-03,2026-08-13,20.0,Undisclosed,buy,1K–15K,1000.0,15000.0,305.26
10000066839,W000802,Sheldon Whitehouse,Democrat,Senate,RI,SANDOZ GROUP AG,SDZNY:US,2026-09-02,2026-08-06,27.0,Self,sell,1K–15K,1000.0,15000.0,85.38
10000066840,W000802,Sheldon Whitehouse,Democrat,Senate,RI,NVIDIA Corporation,NVDA:US,2026-09-02,2026-08-13,20.0,Self,sell,15K–50K,15000.0,50000.0,225.3
10000066841,W000802,Sheldon Whitehouse,Democrat,Senate,RI,NVIDIA Corporation,NVDA:US,2026-09-02,2026-08-13,20.0,Spouse,sell,1K–15K,1000.0,15000.0,225.3
10000066842,W000802,Sheldon Whitehouse,Democrat,Senate,RI,Lam Research Corp,LRCX:US,2026-09-02,2026-08-13,20.0,Spouse,sell,1K–15K,1000.0,15000.0,337.01
10000066843,W000802,Sheldon Whitehouse,Democrat,Senate,RI,Amgen Inc,AMGN:US,2026-09-02,2026-08-12,21.0,Spouse,sell,1K–15K,1000.0,15000.0,416.18
20003802244,H001082,Kevin Hern,Republican,House,OK,Adobe Inc,ADBE:US,2026-09-02,2026-08-14,18.0,Joint,sell,15K–50K,15000.0,50000.0,264.02
20003802245,H001082,Kevin Hern,Republican,House,OK,Alcon Inc,ALC:US,2026-09-02,2026-08-05,27.0,Undisclosed,sell,1K–15K,1000.0,15000.0,70.57
20003802246,H001082,Kevin Hern,Republican,House,OK,Anheuser-Busch InBev SA/NV,BUD:US,2026-09-02,2026-08-18,14.0,Undisclosed,sell,1K–15K,1000.0,15000.0,77.43
20003802247,H001082,Kevin Hern,Republican,House,OK,Biogen Inc,BIIB:US,2026-09-02,2026-08-18,14.0,Undisclosed,sell,1K–15K,1000.0,15000.0,212.55
20003802248,H001082,Kevin Hern,Republican,House,OK,Boeing Co,BA:US,2026-09-02,2026-08-13,19.0,Joint,sell,1K–15K,1000.0,15000.0,230.33
20003802249,H001082,Kevin Hern,Republican,House,OK,Boeing Co,BA:US,2026-09-02,2026-08-13,19.0,Joint,sell,15K–50K,15000.0,50000.0,230.33
20003802250,H001082,Kevin Hern,Republican,House,OK,CANADIAN COUNTY EDUCATIONAL FACILITIES AUTHORITY,,2026-09-02,2026-08-24,8.0,Undisclosed,buy,100K–250K,100000.0,250000.0,
20003802251,H001082,Kevin Hern,Republican,House,OK,Carrier Global Corp,CARR:US,2026-09-02,2026-08-14,18.0,Joint,sell,1K–15K,1000.0,15000.0,62.78
20003802252,H001082,Kevin Hern,Republican,House,OK,Colgate-Palmolive Co,CL:US,2026-09-02,2026-08-19,13.0,Joint,sell,1K–15K,1000.0,15000.0,90.87
20003802253,H001082,Kevin Hern,Republican,House,OK,Gap Inc,GPS:US,2026-09-02,2026-08-13,19.0,Undisclosed,sell,1K–15K,1000.0,15000.0,20.39
20003802254,H001082,Kevin Hern,Republican,House,OK,The Home Depot Inc,HD:US,2026-09-02,2026-08-24,8.0,Joint,sell,50K–100K,50000.0,100000.0,337.43
20003802255,H001082,Kevin Hern,Republican,House,OK,HONEYWELL AEROSPACE INC,HONA:US,2026-09-02,2026-08-19,13.0,Joint,sell,15K–50K,15000.0,50000.0,170.37
20003802256,H001082,Kevin Hern,Republican,House,OK,Hormel Foods Corp,HRL:US,2026-09-02,2026-08-13,19.0,Undisclosed,sell,1K–15K,1000.0,15000.0,24.44
20003802257,H001082,Kevin Hern,Republican,House,OK,Icon PLC,ICLR:US,2026-09-02,2026-08-14,18.0,Joint,sell,15K–50K,15000.0,50000.0,163.15
20003802258,H001082,Kevin Hern,Republican,House,OK,Kimberly-Clark Corp,KMB:US,2026-09-02,2026-08-18,14.0,Undisclosed,sell,1K–15K,1000.0,15000.0,107.72
20003802259,H001082,Kevin Hern,Republican,House,OK,Lowe's Cos Inc,LOW:US,2026-09-02,2026-08-24,8.0,Joint,sell,1K–15K,1000.0,15000.0,216.98
20003802260,H001082,Kevin Hern,Republican,House,OK,Marsh & McLennan Companies Inc,MRSH:US,2026-09-02,2026-08-24,8.0,Joint,sell,1K–15K,1000.0,15000.0,194.67
20003802261,H001082,Kevin Hern,Republican,House,OK,Medtronic PLC,MDT:US,2026-09-02,2026-08-24,8.0,Joint,sell,15K–50K,15000.0,50000.0,92.9
20003802262,H001082,Kevin Hern,Republican,House,OK,Microsoft Corp,MSFT:US,2026-09-02,2026-08-21,11.0,Joint,sell,15K–50K,15000.0,50000.0,483.24
20003802263,H001082,Kevin Hern,Republican,House,OK,Nike Inc,NKE:US,2026-09-02,2026-08-13,19.0,Undisclosed,sell,1K–15K,1000.0,15000.0,41.23
20003802264,H001082,Kevin Hern,Republican,House,OK,Otis Worldwide Corp,OTIS:US,2026-09-02,2026-08-10,22.0,Joint,sell,1K–15K,1000.0,15000.0,72.87
20003802265,H001082,Kevin Hern,Republican,House,OK,The Procter & Gamble Co,PG:US,2026-09-02,2026-08-05,27.0,Joint,sell,1K–15K,1000.0,15000.0,146.8
20003802266,H001082,Kevin Hern,Republican,House,OK,The Procter & Gamble Co,PG:US,2026-09-02,2026-08-24,8.0,Joint,sell,50K–100K,50000.0,100000.0,146.6
20003802267,H001082,Kevin Hern,Republican,House,OK,SOLSTICE ADVANCED MTRILS INC,SOLS:US,2026-09-02,2026-08-05,27.0,Joint,sell,1K–15K,1000.0,15000.0,62.5
20003802268,H001082,Kevin Hern,Republican,House,OK,VERALTO CORP,VLTO:US,2026-09-02,2026-08-10,22.0,Joint,sell,1K–15K,1000.0,15000.0,97.11
20003802269,H001082,Kevin Hern,Republican,House,OK,VERALTO CORP,VLTO:US,2026-09-02,2026-08-21,11.0,Joint,sell,1K–15K,1000.0,15000.0,98.77
20003802270,H001082,Kevin Hern,Republican,House,OK,VERALTO CORP,VLTO:US,2026-09-02,2026-08-14,18.0,Joint,sell,1K–15K,1000.0,15000.0,97.68
20003802271,H001082,Kevin Hern,Republican,House,OK,The Walt Disney Co,DIS:US,2026-09-02,2026-08-10,22.0,Joint,sell,15K–50K,15000.0,50000.0,103.18
20003802272,H001082,Kevin Hern,Republican,House,OK,Waters Corp,WAT:US,2026-09-02,2026-08-13,19.0,Joint,sell,1K–15K,1000.0,15000.0,413.51
20003802242,C001068,Steve Cohen,Democrat,House,TN,US TREASURY BILLS,,2026-09-02,2026-08-21,11.0,Undisclosed,buy,250K–500K,250000.0,500000.0,
20003802243,C001068,Steve Cohen,Democrat,House,TN,US TREASURY BILLS,,2026-09-02,2026-08-21,11.0,Undisclosed,buy,250K–500K,250000.0,500000.0,
10000066728,B001277,Richard Blumenthal,Democrat,Senate,CT,MH FOUR WINDS LLC,,2026-09-01,2026-07-21,41.0,Spouse,buy,1K–15K,1000.0,15000.0,
10000066729,B001277,Richard Blumenthal,Democrat,Senate,CT,NOT FADE AWAY LLC,,2026-09-01,2026-07-30,32.0,Spouse,sell,1K–15K,1000.0,15000.0,
10000066730,B001277,Richard Blumenthal,Democrat,Senate,CT,COMMODORE CAPITAL DOMESTIC LP,,2026-09-01,2026-07-31,31.0,Spouse,sell,15K–50K,15000.0,50000.0,
10000066731,B001277,Richard Blumenthal,Democrat,Senate,CT,NOT FADE AWAY LLC,,2026-09-01,2026-08-10,21.0,Spouse,buy,1K–15K,1000.0,15000.0,
10000066732,B001277,Richard Blumenthal,Democrat,Senate,CT,MH BUILT TO LAST LLC,,2026-09-01,2026-08-11,20.0,Spouse,buy,1K–15K,1000.0,15000.0,
10000066733,B001277,Richard Blumenthal,Democrat,Senate,CT,MH FOUR WINDS LLC,,2026-09-01,2026-07-21,41.0,Spouse,buy,15K–50K,15000.0,50000.0,
10000066734,B001277,Richard Blumenthal,Democrat,Senate,CT,NOT FADE AWAY LLC,,2026-09-01,2026-07-30,32.0,Spouse,sell,1K–15K,1000.0,15000.0,
10000066735,B001277,Richard Blumenthal,Democrat,Senate,CT,COMMODORE CAPITAL DOMESTIC LP,,2026-09-01,2026-07-31,31.0,Spouse,sell,15K–50K,15000.0,50000.0,
10000066736,B001277,Richard Blumenthal,Democrat,Senate,CT,NOT FADE AWAY LLC,,2026-09-01,2026-08-10,21.0,Spouse,buy,15K–50K,15000.0,50000.0,
10000066737,B001277,Richard Blumenthal,Democrat,Senate,CT,MH BUILT TO LAST LLC,,2026-09-01,2026-08-11,20.0,Spouse,buy,1K–15K,1000.0,15000.0,
10000066738,B001277,Richard Blumenthal,Democrat,Senate,CT,MH FOUR WINDS LLC,,2026-09-01,2026-07-21,41.0,Spouse,buy,100K–250K,100000.0,250000.0,
10000066739,B001277,Richard Blumenthal,Democrat,Senate,CT,ALPHA TEKNOVA INC,TKNO:US,2026-09-01,2026-07-24,38.0,Spouse,sell,1K–15K,1000.0,15000.0,4.97
10000066740,B001277,Richard Blumenthal,Democrat,Senate,CT,ALPHA TEKNOVA INC,TKNO:US,2026-09-01,2026-07-28,34.0,Spouse,sell,1K–15K,1000.0,15000.0,5.09
10000066741,B001277,Richard Blumenthal,Democrat,Senate,CT,MH BUILT TO LAST LLC,,2026-09-01,2026-07-29,33.0,Spouse,buy,1K–15K,1000.0,15000.0,
10000066742,B001277,Richard Blumenthal,Democrat,Senate,CT,ALPHA TEKNOVA INC,TKNO:US,2026-09-01,2026-07-30,32.0,Spouse,sell,1K–15K,1000.0,15000.0,5.05
10000066743,B001277,Richard Blumenthal,Democrat,Senate,CT,NOT FADE AWAY LLC,,2026-09-01,2026-07-30,32.0,Spouse,sell,15K–50K,15000.0,50000.0,
10000066744,B001277,Richard Blumenthal,Democrat,Senate,CT,COMMODORE CAPITAL DOMESTIC LP,,2026-09-01,2026-07-31,31.0,Spouse,sell,50K–100K,50000.0,100000.0,
10000066745,B001277,Richard Blumenthal,Democrat,Senate,CT,ALPHA TEKNOVA INC,TKNO:US,2026-09-01,2026-08-03,28.0,Spouse,sell,1K–15K,1000.0,15000.0,5.3
10000066746,B001277,Richard Blumenthal,Democrat,Senate,CT,ALPHA TEKNOVA INC,TKNO:US,2026-09-01,2026-08-05,26.0,Spouse,sell,1K–15K,1000.0,15000.0,5.61
10000066747,B001277,Richard Blumenthal,Democrat,Senate,CT,ALPHA TEKNOVA INC,TKNO:US,2026-09-01,2026-08-06,25.0,Spouse,sell,1K–15K,1000.0,15000.0,6.53
10000066748,B001277,Richard Blumenthal,Democrat,Senate,CT,ALPHA TEKNOVA INC,TKNO:US,2026-09-01,2026-08-07,24.0,Spouse,sell,1K–15K,1000.0,15000.0,6.46
10000066749,B001277,Richard Blumenthal,Democrat,Senate,CT,MH BUILT TO LAST LLC,,2026-09-01,2026-08-07,24.0,Spouse,sell,1K–15K,1000.0,15000.0,
10000066750,B001277,Richard Blumenthal,Democrat,Senate,CT,ALPHA TEKNOVA INC,TKNO:US,2026-09-01,2026-08-10,21.0,Spouse,buy,1K–15K,1000.0,15000.0,6.72
10000066751,B001277,Richard Blumenthal,Democrat,Senate,CT,NOT FADE AWAY LLC,,2026-09-01,2026-08-10,21.0,Spouse,sell,250K–500K,250000.0,500000.0,
10000066752,B001277,Richard Blumenthal,Democrat,Senate,CT,TIC SOLUTIONS INC,TIC:US,2026-09-01,2026-08-11,20.0,Spouse,sell,250K–500K,250000.0,500000.0,10.54
10000066753,B001277,Richard Blumenthal,Democrat,Senate,CT,ALPHA TEKNOVA INC,TKNO:US,2026-09-01,2026-08-11,20.0,Spouse,sell,1K–15K,1000.0,15000.0,7.04
10000066754,B001277,Richard Blumenthal,Democrat,Senate,CT,MH BUILT TO LAST LLC,,2026-09-01,2026-08-11,20.0,Spouse,buy,1K–15K,1000.0,15000.0,
10000066755,B001277,Richard Blumenthal,Democrat,Senate,CT,MH BUILT TO LAST LLC,,2026-09-01,2026-08-11,20.0,Spouse,buy,15K–50K,15000.0,50000.0,
10000066756,B001277,Richard Blumenthal,Democrat,Senate,CT,ALPHA TEKNOVA INC,TKNO:US,2026-09-01,2026-08-12,19.0,Spouse,sell,1K–15K,1000.0,15000.0,7.39
10000066757,B001277,Richard Blumenthal,Democrat,Senate,CT,ALPHA TEKNOVA INC,TKNO:US,2026-09-01,2026-07-20,42.0,Spouse,sell,1K–15K,1000.0,15000.0,5.3
10000066758,B001277,Richard Blumenthal,Democrat,Senate,CT,ALPHA TEKNOVA INC,TKNO:US,2026-09-01,2026-07-21,41.0,Spouse,sell,1K–15K,1000.0,15000.0,5.34
10000066759,B001277,Richard Blumenthal,Democrat,Senate,CT,MH FOUR WINDS LLC,,2026-09-01,2026-07-21,41.0,Spouse,buy,100K–250K,100000.0,250000.0,
10000066760,B001277,Richard Blumenthal,Democrat,Senate,CT,ALPHA TEKNOVA INC,TKNO:US,2026-09-01,2026-07-22,40.0,Spouse,sell,1K–15K,1000.0,15000.0,5.24
10000066761,B001277,Richard Blumenthal,Democrat,Senate,CT,ALPHA TEKNOVA INC,TKNO:US,2026-09-01,2026-07-23,39.0,Spouse,sell,1K–15K,1000.0,15000.0,5.2
10000066762,B001277,Richard Blumenthal,Democrat,Senate,CT,ALPHA TEKNOVA INC,TKNO:US,2026-09-01,2026-07-24,38.0,Spouse,sell,1K–15K,1000.0,15000.0,4.97
10000066763,B001277,Richard Blumenthal,Democrat,Senate,CT,ALPHA TEKNOVA INC,TKNO:US,2026-09-01,2026-07-28,34.0,Spouse,sell,1K–15K,1000.0,15000.0,5.09
10000066764,B001277,Richard Blumenthal,Democrat,Senate,CT,ALPHA TEKNOVA INC,TKNO:US,2026-09-01,2026-07-29,33.0,Spouse,sell,1K–15K,1000.0,15000.0,4.96
10000066765,B001277,Richard Blumenthal,Democrat,Senate,CT,ALPHA TEKNOVA INC,TKNO:US,2026-09-01,2026-07-30,32.0,Spouse,sell,1K–15K,1000.0,15000.0,5.05
10000066766,B001277,Richard Blumenthal,Democrat,Senate,CT,NOT FADE AWAY LLC,,2026-09-01,2026-07-30,32.0,Spouse,sell,15K–50K,15000.0,50000.0,
10000066767,B001277,Richard Blumenthal,Democrat,Senate,CT,COMMODORE CAPITAL DOMESTIC LP,,2026-09-01,2026-07-31,31.0,Spouse,sell,50K–100K,50000.0,100000.0,
10000066768,B001277,Richard Blumenthal,Democrat,Senate,CT,ALPHA TEKNOVA INC,TKNO:US,2026-09-01,2026-08-03,28.0,Spouse,sell,1K–15K,1000.0,15000.0,5.3
10000066769,B001277,Richard Blumenthal,Democrat,Senate,CT,ALPHA TEKNOVA INC,TKNO:US,2026-09-01,2026-08-04,27.0,Spouse,sell,1K–15K,1000.0,15000.0,5.52
10000066770,B001277,Richard Blumenthal,Democrat,Senate,CT,ALPHA TEKNOVA INC,TKNO:US,2026-09-01,2026-08-05,26.0,Spouse,sell,1K–15K,1000.0,15000.0,5.61
10000066771,B001277,Richard Blumenthal,Democrat,Senate,CT,ALPHA TEKNOVA INC,TKNO:US,2026-09-01,2026-08-06,25.0,Spouse,sell,15K–50K,15000.0,50000.0,6.53
10000066772,B001277,Richard Blumenthal,Democrat,Senate,CT,ALPHA TEKNOVA INC,TKNO:US,2026-09-01,2026-08-07,24.0,Spouse,sell,15K–50K,15000.0,50000.0,6.46
10000066773,B001277,Richard Blumenthal,Democrat,Senate,CT,MH BUILT TO LAST LLC,,2026-09-01,2026-08-07,24.0,Spouse,sell,1K–15K,1000.0,15000.0,
10000066774,B001277,Richard Blumenthal,Democrat,Senate,CT,ALPHA TEKNOVA INC,TKNO:US,2026-09-01,2026-08-10,21.0,Spouse,sell,1K–15K,1000.0,15000.0,6.72
10000066775,B001277,Richard Blumenthal,Democrat,Senate,CT,NOT FADE AWAY LLC,,2026-09-01,2026-08-10,21.0,Spouse,buy,250K–500K,250000.0,500000.0,
10000066776,B001277,Richard Blumenthal,Democrat,Senate,CT,TIC SOLUTIONS INC,TIC:US,2026-09-01,2026-08-11,20.0,Spouse,sell,500K–1M,500000.0,1000000.0,10.54
10000066777,B001277,Richard Blumenthal,Democrat,Senate,CT,ALPHA TEKNOVA INC,TKNO:US,2026-09-01,2026-08-11,20.0,Spouse,sell,15K–50K,15000.0,50000.0,7.04
10000066778,B001277,Richard Blumenthal,Democrat,Senate,CT,MH BUILT TO LAST LLC,,2026-09-01,2026-08-11,20.0,Spouse,buy,50K–100K,50000.0,100000.0,
10000066779,B001277,Richard Blumenthal,Democrat,Senate,CT,MH BUILT TO LAST LLC,,2026-09-01,2026-08-11,20.0,Spouse,buy,1K–15K,1000.0,15000.0,
10000066780,B001277,Richard Blumenthal,Democrat,Senate,CT,ALPHA TEKNOVA INC,TKNO:US,2026-09-01,2026-08-12,19.0,Spouse,sell,1K–15K,1000.0,15000.0,7.39
10000066781,B001277,Richard Blumenthal,Democrat,Senate,CT,ALPHA TEKNOVA INC,TKNO:US,2026-09-01,2026-07-20,42.0,Spouse,sell,1K–15K,1000.0,15000.0,5.3
10000066782,B001277,Richard Blumenthal,Democrat,Senate,CT,ALPHA TEKNOVA INC,TKNO:US,2026-09-01,2026-07-21,41.0,Spouse,sell,1K–15K,1000.0,15000.0,5.34
10000066783,B001277,Richard Blumenthal,Democrat,Senate,CT,MH FOUR WINDS LLC,,2026-09-01,2026-07-21,41.0,Spouse,buy,15K–50K,15000.0,50000.0,
10000066784,B001277,Richard Blumenthal,Democrat,Senate,CT,ALPHA TEKNOVA INC,TKNO:US,2026-09-01,2026-07-22,40.0,Spouse,sell,1K–15K,1000.0,15000.0,5.24
10000066785,B001277,Richard Blumenthal,Democrat,Senate,CT,ALPHA TEKNOVA INC,TKNO:US,2026-09-01,2026-07-23,39.0,Spouse,sell,1K–15K,1000.0,15000.0,5.2
10000066786,B001277,Richard Blumenthal,Democrat,Senate,CT,ALPHA TEKNOVA INC,TKNO:US,2026-09-01,2026-07-24,38.0,Spouse,sell,1K–15K,1000.0,15000.0,4.97
10000066787,B001277,Richard Blumenthal,Democrat,Senate,CT,ALPHA TEKNOVA INC,TKNO:US,2026-09-01,2026-07-28,34.0,Spouse,sell,1K–15K,1000.0,15000.0,5.09
10000066788,B001277,Richard Blumenthal,Democrat,Senate,CT,ALPHA TEKNOVA INC,TKNO:US,2026-09-01,2026-07-29,33.0,Spouse,sell,1K–15K,1000.0,15000.0,4.96
10000066789,B001277,Richard Blumenthal,Democrat,Senate,CT,ALPHA TEKNOVA INC,TKNO:US,2026-09-01,2026-07-30,32.0,Spouse,sell,1K–15K,1000.0,15000.0,5.05
10000066790,B001277,Richard Blumenthal,Democrat,Senate,CT,NOT FADE AWAY LLC,,2026-09-01,2026-07-30,32.0,Spouse,sell,1K–15K,1000.0,15000.0,
10000066791,B001277,Richard Blumenthal,Democrat,Senate,CT,ALPHA TEKNOVA INC,TKNO:US,2026-09-01,2026-08-03,28.0,Spouse,sell,1K–15K,1000.0,15000.0,5.3
10000066792,B001277,Richard Blumenthal,Democrat,Senate,CT,ALPHA TEKNOVA INC,TKNO:US,2026-09-01,2026-08-04,27.0,Spouse,sell,1K–15K,1000.0,15000.0,5.52
10000066793,B001277,Richard Blumenthal,Democrat,Senate,CT,ALPHA TEKNOVA INC,TKNO:US,2026-09-01,2026-08-05,26.0,Spouse,sell,1K–15K,1000.0,15000.0,5.61
10000066794,B001277,Richard Blumenthal,Democrat,Senate,CT,ALPHA TEKNOVA INC,TKNO:US,2026-09-01,2026-08-06,25.0,Spouse,sell,15K–50K,15000.0,50000.0,6.53
10000066795,B001277,Richard Blumenthal,Democrat,Senate,CT,ALPHA TEKNOVA INC,TKNO:US,2026-09-01,2026-08-07,24.0,Spouse,sell,1K–15K,1000.0,15000.0,6.46
10000066796,B001277,Richard Blumenthal,Democrat,Senate,CT,ALPHA TEKNOVA INC,TKNO:US,2026-09-01,2026-08-10,21.0,Spouse,sell,1K–15K,1000.0,15000.0,6.72
10000066797,B001277,Richard Blumenthal,Democrat,Senate,CT,NOT FADE AWAY LLC,,2026-09-01,2026-08-10,21.0,Spouse,buy,15K–50K,15000.0,50000.0,
10000066798,B001277,Richard Blumenthal,Democrat,Senate,CT,ALPHA TEKNOVA INC,TKNO:US,2026-09-01,2026-08-11,20.0,Spouse,sell,15K–50K,15000.0,50000.0,7.04
10000066799,B001277,Richard Blumenthal,Democrat,Senate,CT,MH BUILT TO LAST LLC,,2026-09-01,2026-08-11,20.0,Spouse,buy,1K–15K,1000.0,15000.0,
10000066800,B001277,Richard Blumenthal,Democrat,Senate,CT,MH BUILT TO LAST LLC,,2026-09-01,2026-08-11,20.0,Spouse,buy,1K–15K,1000.0,15000.0,
10000066801,B001277,Richard Blumenthal,Democrat,Senate,CT,ALPHA TEKNOVA INC,TKNO:US,2026-09-01,2026-08-12,19.0,Spouse,sell,1K–15K,1000.0,15000.0,7.39
10000066802,B001277,Richard Blumenthal,Democrat,Senate,CT,MH FOUR WINDS LLC,,2026-09-01,2026-07-21,41.0,Spouse,buy,15K–50K,15000.0,50000.0,
10000066803,B001277,Richard Blumenthal,Democrat,Senate,CT,ALPHA TEKNOVA INC,TKNO:US,2026-09-01,2026-07-24,38.0,Spouse,sell,1K–15K,1000.0,15000.0,4.97
10000066804,B001277,Richard Blumenthal,Democrat,Senate,CT,ALPHA TEKNOVA INC,TKNO:US,2026-09-01,2026-07-28,34.0,Spouse,sell,1K–15K,1000.0,15000.0,5.09
10000066805,B001277,Richard Blumenthal,Democrat,Senate,CT,ALPHA TEKNOVA INC,TKNO:US,2026-09-01,2026-07-29,33.0,Spouse,sell,1K–15K,1000.0,15000.0,4.96
10000066806,B001277,Richard Blumenthal,Democrat,Senate,CT,ALPHA TEKNOVA INC,TKNO:US,2026-09-01,2026-07-30,32.0,Spouse,sell,1K–15K,1000.0,15000.0,5.05
10000066807,B001277,Richard Blumenthal,Democrat,Senate,CT,NOT FADE AWAY LLC,,2026-09-01,2026-07-30,32.0,Spouse,sell,15K–50K,15000.0,50000.0,
10000066808,B001277,Richard Blumenthal,Democrat,Senate,CT,ALPHA TEKNOVA INC,TKNO:US,2026-09-01,2026-08-03,28.0,Spouse,sell,1K–15K,1000.0,15000.0,5.3
10000066809,B001277,Richard Blumenthal,Democrat,Senate,CT,ALPHA TEKNOVA INC,TKNO:US,2026-09-01,2026-08-04,27.0,Spouse,sell,1K–15K,1000.0,15000.0,5.52
10000066810,B001277,Richard Blumenthal,Democrat,Senate,CT,ALPHA TEKNOVA INC,TKNO:US,2026-09-01,2026-08-05,26.0,Spouse,sell,1K–15K,1000.0,15000.0,5.61
10000066811,B001277,Richard Blumenthal,Democrat,Senate,CT,ALPHA TEKNOVA INC,TKNO:US,2026-09-01,2026-08-06,25.0,Spouse,sell,1K–15K,1000.0,15000.0,6.53
10000066812,B001277,Richard Blumenthal,Democrat,Senate,CT,ALPHA TEKNOVA INC,TKNO:US,2026-09-01,2026-08-07,24.0,Spouse,sell,1K–15K,1000.0,15000.0,6.46
10000066813,B001277,Richard Blumenthal,Democrat,Senate,CT,MH BUILT TO LAST LLC,,2026-09-01,2026-08-07,24.0,Spouse,sell,1K–15K,1000.0,15000.0,
10000066814,B001277,Richard Blumenthal,Democrat,Senate,CT,ALPHA TEKNOVA INC,TKNO:US,2026-09-01,2026-08-10,21.0,Spouse,sell,1K–15K,1000.0,15000.0,6.72
10000066815,B001277,Richard Blumenthal,Democrat,Senate,CT,NOT FADE AWAY LLC,,2026-09-01,2026-08-10,21.0,Spouse,buy,15K–50K,15000.0,50000.0,
10000066816,B001277,Richard Blumenthal,Democrat,Senate,CT,ALPHA TEKNOVA INC,TKNO:US,2026-09-01,2026-08-11,20.0,Spouse,sell,1K–15K,1000.0,15000.0,7.04
10000066817,B001277,Richard Blumenthal,Democrat,Senate,CT,MH BUILT TO LAST LLC,,2026-09-01,2026-08-11,20.0,Spouse,buy,15K–50K,15000.0,50000.0,
10000066818,B001277,Richard Blumenthal,Democrat,Senate,CT,MH BUILT TO LAST LLC,,2026-09-01,2026-08-11,20.0,Spouse,buy,1K–15K,1000.0,15000.0,
10000066819,B001277,Richard Blumenthal,Democrat,Senate,CT,ALPHA TEKNOVA INC,TKNO:US,2026-09-01,2026-08-12,19.0,Spouse,sell,1K–15K,1000.0,15000.0,7.39
10000066820,B001277,Richard Blumenthal,Democrat,Senate,CT,TIC SOLUTIONS INC,TIC:US,2026-09-01,2026-08-11,20.0,Spouse,sell,15K–50K,15000.0,50000.0,10.54
10000066821,B001277,Richard Blumenthal,Democrat,Senate,CT,MH BUILT TO LAST LLC,,2026-09-01,2026-08-11,20.0,Spouse,buy,1K–15K,1000.0,15000.0,
10000066822,B001277,Richard Blumenthal,Democrat,Senate,CT,MH FOUR WINDS LLC,,2026-09-01,2026-07-21,41.0,Spouse,buy,1K–15K,1000.0,15000.0,
10000066823,B001277,Richard Blumenthal,Democrat,Senate,CT,NOT FADE AWAY LLC,,2026-09-01,2026-07-30,32.0,Spouse,sell,1K–15K,1000.0,15000.0,
10000066824,B001277,Richard Blumenthal,Democrat,Senate,CT,NOT FADE AWAY LLC,,2026-09-01,2026-08-10,21.0,Spouse,buy,1K–15K,1000.0,15000.0,
10000066825,B001277,Richard Blumenthal,Democrat,Senate,CT,MH BUILT TO LAST LLC,,2026-09-01,2026-08-11,20.0,Spouse,buy,1K–15K,1000.0,15000.0,
10000066826,B001277,Richard Blumenthal,Democrat,Senate,CT,MH FOUR WINDS LLC,,2026-09-01,2026-07-21,41.0,Spouse,buy,15K–50K,15000.0,50000.0,
10000066827,B001277,Richard Blumenthal,Democrat,Senate,CT,NOT FADE AWAY LLC,,2026-09-01,2026-07-30,32.0,Spouse,sell,1K–15K,1000.0,15000.0,
10000066828,B001277,Richard Blumenthal,Democrat,Senate,CT,NOT FADE AWAY LLC,,2026-09-01,2026-08-10,21.0,Spouse,buy,50K–100K,50000.0,100000.0,
10000066829,B001277,Richard Blumenthal,Democrat,Senate,CT,TIC SOLUTIONS INC,TIC:US,2026-09-01,2026-08-11,20.0,Spouse,sell,100K–250K,100000.0,250000.0,10.54
10000066830,B001277,Richard Blumenthal,Democrat,Senate,CT,MH BUILT TO LAST LLC,,2026-09-01,2026-08-11,20.0,Spouse,buy,1K–15K,1000.0,15000.0,
10000066831,B001277,Richard Blumenthal,Democrat,Senate,CT,ALPHA TEKNOVA INC,TKNO:US,2026-09-01,2026-07-24,38.0,Spouse,sell,1K–15K,1000.0,15000.0,4.97
10000066832,B001277,Richard Blumenthal,Democrat,Senate,CT,ALPHA TEKNOVA INC,TKNO:US,2026-09-01,2026-07-30,32.0,Spouse,sell,1K–15K,1000.0,15000.0,5.05
10000066833,B001277,Richard Blumenthal,Democrat,Senate,CT,ALPHA TEKNOVA INC,TKNO:US,2026-09-01,2026-08-03,28.0,Spouse,sell,1K–15K,1000.0,15000.0,5.3
10000066834,B001277,Richard Blumenthal,Democrat,Senate,CT,ALPHA TEKNOVA INC,TKNO:US,2026-09-01,2026-08-06,25.0,Spouse,sell,1K–15K,1000.0,15000.0,6.53
10000066835,B001277,Richard Blumenthal,Democrat,Senate,CT,ALPHA TEKNOVA INC,TKNO:US,2026-09-01,2026-08-07,24.0,Spouse,sell,1K–15K,1000.0,15000.0,6.46
10000066836,B001277,Richard Blumenthal,Democrat,Senate,CT,ALPHA TEKNOVA INC,TKNO:US,2026-09-01,2026-08-10,21.0,Spouse,sell,1K–15K,1000.0,15000.0,6.72
10000066837,B001277,Richard Blumenthal,Democrat,Senate,CT,ALPHA TEKNOVA INC,TKNO:US,2026-09-01,2026-08-11,20.0,Spouse,sell,1K–15K,1000.0,15000.0,7.04
10000066838,B001277,Richard Blumenthal,Democrat,Senate,CT,ALPHA TEKNOVA INC,TKNO:US,2026-09-01,2026-08-12,19.0,Spouse,sell,1K–15K,1000.0,15000.0,7.39
20003802239,B001292,Don Beyer,Democrat,House,VA,STATE OF CALIFORNIA,,2026-09-01,2026-08-03,29.0,Joint,exchange,15K–50K,15000.0,50000.0,
20003802240,B001292,Don Beyer,Democrat,House,VA,LONG ISLAND POWER AUTHORITY,,2026-09-01,2026-08-05,27.0,Joint,buy,15K–50K,15000.0,50000.0,
20003802241,B001292,Don Beyer,Democrat,House,VA,STATE OF WASHINGTON,,2026-09-01,2026-08-03,29.0,Joint,exchange,50K–100K,50000.0,100000.0,
10000066727,C001088,Chris Coons,Democrat,Senate,DE,W L GORE & ASSOCIATES INC,,2026-08-28,2026-08-07,21.0,Spouse,sell,100K–250K,100000.0,250000.0,
20003802236,M001217,Jared Moskowitz,Democrat,House,FL,Applied Materials Inc,AMAT:US,2026-08-28,2026-07-13,45.0,Undisclosed,buy,1K–15K,1000.0,15000.0,575.39
20003802237,M001217,Jared Moskowitz,Democrat,House,FL,Steris PLC,STE:US,2026-08-28,2026-07-13,45.0,Undisclosed,sell,1K–15K,1000.0,15000.0,217.05
20003802238,M001217,Jared Moskowitz,Democrat,House,FL,Grainger (W.W.) Inc,GWW:US,2026-08-28,2026-07-13,45.0,Undisclosed,sell,1K–15K,1000.0,15000.0,1391.68
10000066675,M001243,Dave McCormick,Republican,Senate,PA,The Goldman Sachs Group Inc,GS:US,2026-08-27,2026-08-19,8.0,Spouse,buy,50K–100K,50000.0,100000.0,
10000066676,M001243,Dave McCormick,Republican,Senate,PA,The Goldman Sachs Group Inc,GS:US,2026-08-27,2026-08-18,9.0,Spouse,buy,250K–500K,250000.0,500000.0,
10000066677,M001243,Dave McCormick,Republican,Senate,PA,The Goldman Sachs Group Inc,GS:US,2026-08-27,2026-08-17,10.0,Spouse,buy,100K–250K,100000.0,250000.0,
10000066678,M001243,Dave McCormick,Republican,Senate,PA,The Goldman Sachs Group Inc,GS:US,2026-08-27,2026-08-17,10.0,Spouse,buy,100K–250K,100000.0,250000.0,
10000066679,M001243,Dave McCormick,Republican,Senate,PA,The Goldman Sachs Group Inc,GS:US,2026-08-27,2026-08-12,15.0,Spouse,buy,100K–250K,100000.0,250000.0,
10000066680,M001243,Dave McCormick,Republican,Senate,PA,The Goldman Sachs Group Inc,GS:US,2026-08-27,2026-08-12,15.0,Spouse,buy,100K–250K,100000.0,250000.0,
10000066681,M001243,Dave McCormick,Republican,Senate,PA,The Goldman Sachs Group Inc,GS:US,2026-08-27,2026-08-11,16.0,Spouse,buy,100K–250K,100000.0,250000.0,
10000066682,M001243,Dave McCormick,Republican,Senate,PA,The Goldman Sachs Group Inc,GS:US,2026-08-27,2026-08-10,17.0,Spouse,buy,250K–500K,250000.0,500000.0,
10000066683,M001243,Dave McCormick,Republican,Senate,PA,The Goldman Sachs Group Inc,GS:US,2026-08-27,2026-08-10,17.0,Spouse,buy,100K–250K,100000.0,250000.0,
10000066684,M001243,Dave McCormick,Republican,Senate,PA,The Goldman Sachs Group Inc,GS:US,2026-08-27,2026-08-05,22.0,Spouse,buy,100K–250K,100000.0,250000.0,
10000066685,M001243,Dave McCormick,Republican,Senate,PA,The Goldman Sachs Group Inc,GS:US,2026-08-27,2026-08-05,22.0,Spouse,buy,100K–250K,100000.0,250000.0,
10000066686,M001243,Dave McCormick,Republican,Senate,PA,The Goldman Sachs Group Inc,GS:US,2026-08-27,2026-08-04,23.0,Spouse,buy,100K–250K,100000.0,250000.0,
10000066687,M001243,Dave McCormick,Republican,Senate,PA,The Goldman Sachs Group Inc,GS:US,2026-08-27,2026-08-04,23.0,Spouse,buy,100K–250K,100000.0,250000.0,
10000066688,M001243,Dave McCormick,Republican,Senate,PA,The Goldman Sachs Group Inc,GS:US,2026-08-27,2026-08-03,24.0,Spouse,buy,100K–250K,100000.0,250000.0,
10000066689,M001243,Dave McCormick,Republican,Senate,PA,The Goldman Sachs Group Inc,GS:US,2026-08-27,2026-08-03,24.0,Spouse,buy,100K–250K,100000.0,250000.0,
10000066690,M001243,Dave McCormick,Republican,Senate,PA,PENNSYLVANIA TURNPIKE COMMISSION,,2026-08-27,2026-07-31,27.0,Spouse,sell,100K–250K,100000.0,250000.0,
10000066691,M001243,Dave McCormick,Republican,Senate,PA,STATE OF WASHINGTON,,2026-08-27,2026-07-31,27.0,Spouse,sell,50K–100K,50000.0,100000.0,
10000066692,M001243,Dave McCormick,Republican,Senate,PA,SCHOOL DISTRICT OF SPRINGFIELD TOWNSHIP PENNSYLVANIA,,2026-08-27,2026-07-31,27.0,Spouse,sell,50K–100K,50000.0,100000.0,
10000066693,M001243,Dave McCormick,Republican,Senate,PA,PHILADELPHIA AUTHORITY FOR INDUSTRIAL DEVELOPMENT,,2026-08-27,2026-07-31,27.0,Spouse,sell,15K–50K,15000.0,50000.0,
10000066694,M001243,Dave McCormick,Republican,Senate,PA,PENNSYLVANIA TURNPIKE COMMISSION,,2026-08-27,2026-07-31,27.0,Spouse,sell,15K–50K,15000.0,50000.0,
10000066695,M001243,Dave McCormick,Republican,Senate,PA,PENNSYLVANIA STATE SYSTEM OF HIGHER EDUCATION,,2026-08-27,2026-07-31,27.0,Spouse,sell,15K–50K,15000.0,50000.0,
10000066696,M001243,Dave McCormick,Republican,Senate,PA,DEPARTMENT OF STATE PENNSYLVANIA,,2026-08-27,2026-07-31,27.0,Spouse,sell,50K–100K,50000.0,100000.0,
10000066697,M001243,Dave McCormick,Republican,Senate,PA,DEPARTMENT OF STATE PENNSYLVANIA,,2026-08-27,2026-07-31,27.0,Spouse,sell,15K–50K,15000.0,50000.0,
10000066698,M001243,Dave McCormick,Republican,Senate,PA,DEPARTMENT OF STATE PENNSYLVANIA,,2026-08-27,2026-07-31,27.0,Spouse,sell,50K–100K,50000.0,100000.0,
10000066699,M001243,Dave McCormick,Republican,Senate,PA,DEPARTMENT OF STATE PENNSYLVANIA,,2026-08-27,2026-07-31,27.0,Spouse,sell,50K–100K,50000.0,100000.0,
10000066700,M001243,Dave McCormick,Republican,Senate,PA,OXFORD AREA SCHOOL DISTRICT,,2026-08-27,2026-07-31,27.0,Spouse,sell,15K–50K,15000.0,50000.0,
10000066701,M001243,Dave McCormick,Republican,Senate,PA,COUNTY OF NORTHAMPTON PENNSYLVANIA,,2026-08-27,2026-07-31,27.0,Spouse,sell,50K–100K,50000.0,100000.0,
10000066702,M001243,Dave McCormick,Republican,Senate,PA,DELAWARE COUNTY COMMUNITY COLLEGE EDUCATIONAL FOUNDATION,,2026-08-27,2026-07-31,27.0,Spouse,sell,50K–100K,50000.0,100000.0,
10000066703,M001243,Dave McCormick,Republican,Senate,PA,DALLAS INDEPENDENT SCHOOL DISTRICT DALLAS COUNTY TEXAS,,2026-08-27,2026-07-31,27.0,Spouse,sell,50K–100K,50000.0,100000.0,
10000066704,M001243,Dave McCormick,Republican,Senate,PA,CORPUS CHRISTI TEXAS UTILITY,,2026-08-27,2026-07-31,27.0,Spouse,sell,50K–100K,50000.0,100000.0,
10000066705,M001243,Dave McCormick,Republican,Senate,PA,CHESTER COUNTY SCHOOL DISTRICTS,,2026-08-27,2026-07-31,27.0,Spouse,sell,50K–100K,50000.0,100000.0,
10000066706,M001243,Dave McCormick,Republican,Senate,PA,ALVIN INDEPENDENT SCHOOL DISTRICT,,2026-08-27,2026-07-31,27.0,Spouse,sell,50K–100K,50000.0,100000.0,
10000066707,M001243,Dave McCormick,Republican,Senate,PA,ALLEGHENY COUNTY HIGHER EDUCATION BUILDING AUTHORITY,,2026-08-27,2026-07-31,27.0,Spouse,sell,50K–100K,50000.0,100000.0,
10000066708,M001243,Dave McCormick,Republican,Senate,PA,STATE OF WASHINGTON,,2026-08-27,2026-07-30,28.0,Spouse,sell,100K–250K,100000.0,250000.0,
10000066709,M001243,Dave McCormick,Republican,Senate,PA,SPRINGFIELD CITY SCHOOL DISTRICT CLARK COUNTY OHIO,,2026-08-27,2026-07-30,28.0,Spouse,sell,100K–250K,100000.0,250000.0,
10000066710,M001243,Dave McCormick,Republican,Senate,PA,PHILADELPHIA AUTHORITY FOR INDUSTRIAL DEVELOPMENT,,2026-08-27,2026-07-30,28.0,Spouse,sell,100K–250K,100000.0,250000.0,
10000066711,M001243,Dave McCormick,Republican,Senate,PA,PENNSYLVANIA TURNPIKE COMMISSION,,2026-08-27,2026-07-30,28.0,Spouse,sell,100K–250K,100000.0,250000.0,
10000066712,M001243,Dave McCormick,Republican,Senate,PA,PENNSYLVANIA TURNPIKE COMMISSION,,2026-08-27,2026-07-30,28.0,Spouse,sell,100K–250K,100000.0,250000.0,
10000066713,M001243,Dave McCormick,Republican,Senate,PA,PENNSYLVANIA STATE SYSTEM OF HIGHER EDUCATION,,2026-08-27,2026-07-30,28.0,Spouse,sell,100K–250K,100000.0,250000.0,
10000066714,M001243,Dave McCormick,Republican,Senate,PA,DEPARTMENT OF STATE PENNSYLVANIA,,2026-08-27,2026-07-30,28.0,Spouse,sell,50K–100K,50000.0,100000.0,
10000066715,M001243,Dave McCormick,Republican,Senate,PA,DEPARTMENT OF STATE PENNSYLVANIA,,2026-08-27,2026-07-30,28.0,Spouse,sell,100K–250K,100000.0,250000.0,
10000066716,M001243,Dave McCormick,Republican,Senate,PA,DEPARTMENT OF STATE PENNSYLVANIA,,2026-08-27,2026-07-30,28.0,Spouse,sell,100K–250K,100000.0,250000.0,
10000066717,M001243,Dave McCormick,Republican,Senate,PA,DEPARTMENT OF STATE PENNSYLVANIA,,2026-08-27,2026-07-30,28.0,Spouse,sell,50K–100K,50000.0,100000.0,
10000066718,M001243,Dave McCormick,Republican,Senate,PA,OXFORD AREA SCHOOL DISTRICT,,2026-08-27,2026-07-30,28.0,Spouse,sell,50K–100K,50000.0,100000.0,
10000066719,M001243,Dave McCormick,Republican,Senate,PA,COUNTY OF NORTHAMPTON PENNSYLVANIA,,2026-08-27,2026-07-30,28.0,Spouse,sell,100K–250K,100000.0,250000.0,
10000066720,M001243,Dave McCormick,Republican,Senate,PA,DALLAS INDEPENDENT SCHOOL DISTRICT DALLAS COUNTY TEXAS,,2026-08-27,2026-07-30,28.0,Spouse,sell,15K–50K,15000.0,50000.0,
10000066721,M001243,Dave McCormick,Republican,Senate,PA,CORPUS CHRISTI TEXAS UTILITY,,2026-08-27,2026-07-30,28.0,Spouse,sell,100K–250K,100000.0,250000.0,
10000066722,M001243,Dave McCormick,Republican,Senate,PA,WEST CHESTER AREA SCHOOL DISTRICT,,2026-08-27,2026-07-30,28.0,Spouse,sell,100K–250K,100000.0,250000.0,
10000066723,M001243,Dave McCormick,Republican,Senate,PA,ALVIN INDEPENDENT SCHOOL DISTRICT,,2026-08-27,2026-07-30,28.0,Spouse,sell,100K–250K,100000.0,250000.0,
10000066724,M001243,Dave McCormick,Republican,Senate,PA,ALLEGHENY COUNTY HIGHER EDUCATION BUILDING AUTHORITY,,2026-08-27,2026-07-30,28.0,Spouse,sell,250K–500K,250000.0,500000.0,
10000066725,M001243,Dave McCormick,Republican,Senate,PA,The Goldman Sachs Group Inc,GS:US,2026-08-27,2026-07-28,30.0,Spouse,buy,100K–250K,100000.0,250000.0,
10000066726,M001243,Dave McCormick,Republican,Senate,PA,NORTHERN YORK COUNTY SCHOOL DISTRICT YORK COUNTY PENNSYLVANIA,,2026-08-27,2026-08-06,21.0,Self,buy,250K–500K,250000.0,500000.0,
10000066643,B001277,Richard Blumenthal,Democrat,Senate,CT,ALPHA TEKNOVA INC,TKNO:US,2026-08-26,2026-07-08,44.0,Spouse,sell,1K–15K,1000.0,15000.0,5.15
10000066644,B001277,Richard Blumenthal,Democrat,Senate,CT,ALPHA TEKNOVA INC,TKNO:US,2026-08-26,2026-07-09,43.0,Spouse,sell,1K–15K,1000.0,15000.0,5.42
10000066645,B001277,Richard Blumenthal,Democrat,Senate,CT,ALPHA TEKNOVA INC,TKNO:US,2026-08-26,2026-07-10,42.0,Spouse,sell,1K–15K,1000.0,15000.0,5.36
10000066646,B001277,Richard Blumenthal,Democrat,Senate,CT,ALPHA TEKNOVA INC,TKNO:US,2026-08-26,2026-07-13,39.0,Spouse,sell,1K–15K,1000.0,15000.0,5.41
10000066647,B001277,Richard Blumenthal,Democrat,Senate,CT,ALPHA TEKNOVA INC,TKNO:US,2026-08-26,2026-07-14,38.0,Spouse,sell,1K–15K,1000.0,15000.0,5.41
10000066648,B001277,Richard Blumenthal,Democrat,Senate,CT,ALPHA TEKNOVA INC,TKNO:US,2026-08-26,2026-07-15,37.0,Spouse,sell,1K–15K,1000.0,15000.0,5.29
10000066649,B001277,Richard Blumenthal,Democrat,Senate,CT,ALPHA TEKNOVA INC,TKNO:US,2026-08-26,2026-07-08,44.0,Spouse,sell,1K–15K,1000.0,15000.0,5.15
10000066650,B001277,Richard Blumenthal,Democrat,Senate,CT,CVRX INC,CVRX:US,2026-08-26,2026-07-08,44.0,Spouse,sell,1K–15K,1000.0,15000.0,5.27
10000066651,B001277,Richard Blumenthal,Democrat,Senate,CT,ALPHA TEKNOVA INC,TKNO:US,2026-08-26,2026-07-09,43.0,Spouse,sell,1K–15K,1000.0,15000.0,5.42
10000066652,B001277,Richard Blumenthal,Democrat,Senate,CT,ALPHA TEKNOVA INC,TKNO:US,2026-08-26,2026-07-10,42.0,Spouse,sell,1K–15K,1000.0,15000.0,5.36
10000066653,B001277,Richard Blumenthal,Democrat,Senate,CT,ALPHA TEKNOVA INC,TKNO:US,2026-08-26,2026-07-13,39.0,Spouse,sell,15K–50K,15000.0,50000.0,5.41
10000066654,B001277,Richard Blumenthal,Democrat,Senate,CT,ALPHA TEKNOVA INC,TKNO:US,2026-08-26,2026-07-14,38.0,Spouse,sell,15K–50K,15000.0,50000.0,5.41
10000066655,B001277,Richard Blumenthal,Democrat,Senate,CT,ALPHA TEKNOVA INC,TKNO:US,2026-08-26,2026-07-15,37.0,Spouse,sell,15K–50K,15000.0,50000.0,5.29
10000066656,B001277,Richard Blumenthal,Democrat,Senate,CT,ALPHA TEKNOVA INC,TKNO:US,2026-08-26,2026-07-16,36.0,Spouse,sell,1K–15K,1000.0,15000.0,5.32
10000066657,B001277,Richard Blumenthal,Democrat,Senate,CT,ALPHA TEKNOVA INC,TKNO:US,2026-08-26,2026-07-08,44.0,Spouse,sell,1K–15K,1000.0,15000.0,5.15
10000066658,B001277,Richard Blumenthal,Democrat,Senate,CT,CVRX INC,CVRX:US,2026-08-26,2026-07-08,44.0,Spouse,sell,1K–15K,1000.0,15000.0,5.27
10000066659,B001277,Richard Blumenthal,Democrat,Senate,CT,ALPHA TEKNOVA INC,TKNO:US,2026-08-26,2026-07-09,43.0,Spouse,sell,1K–15K,1000.0,15000.0,5.42
10000066660,B001277,Richard Blumenthal,Democrat,Senate,CT,ALPHA TEKNOVA INC,TKNO:US,2026-08-26,2026-07-10,42.0,Spouse,sell,1K–15K,1000.0,15000.0,5.36
10000066661,B001277,Richard Blumenthal,Democrat,Senate,CT,ALPHA TEKNOVA INC,TKNO:US,2026-08-26,2026-07-13,39.0,Spouse,sell,15K–50K,15000.0,50000.0,5.41
10000066662,B001277,Richard Blumenthal,Democrat,Senate,CT,ALPHA TEKNOVA INC,TKNO:US,2026-08-26,2026-07-14,38.0,Spouse,sell,15K–50K,15000.0,50000.0,5.41
10000066663,B001277,Richard Blumenthal,Democrat,Senate,CT,ALPHA TEKNOVA INC,TKNO:US,2026-08-26,2026-07-15,37.0,Spouse,sell,1K–15K,1000.0,15000.0,5.29
10000066664,B001277,Richard Blumenthal,Democrat,Senate,CT,ALPHA TEKNOVA INC,TKNO:US,2026-08-26,2026-07-16,36.0,Spouse,sell,1K–15K,1000.0,15000.0,5.32
10000066665,B001277,Richard Blumenthal,Democrat,Senate,CT,ALPHA TEKNOVA INC,TKNO:US,2026-08-26,2026-07-08,44.0,Spouse,sell,1K–15K,1000.0,15000.0,5.15
10000066666,B001277,Richard Blumenthal,Democrat,Senate,CT,ALPHA TEKNOVA INC,TKNO:US,2026-08-26,2026-07-09,43.0,Spouse,sell,1K–15K,1000.0,15000.0,5.42
10000066667,B001277,Richard Blumenthal,Democrat,Senate,CT,ALPHA TEKNOVA INC,TKNO:US,2026-08-26,2026-07-10,42.0,Spouse,sell,1K–15K,1000.0,15000.0,5.36
10000066668,B001277,Richard Blumenthal,Democrat,Senate,CT,ALPHA TEKNOVA INC,TKNO:US,2026-08-26,2026-07-13,39.0,Spouse,sell,1K–15K,1000.0,15000.0,5.41
10000066669,B001277,Richard Blumenthal,Democrat,Senate,CT,ALPHA TEKNOVA INC,TKNO:US,2026-08-26,2026-07-14,38.0,Spouse,sell,1K–15K,1000.0,15000.0,5.41
10000066670,B001277,Richard Blumenthal,Democrat,Senate,CT,ALPHA TEKNOVA INC,TKNO:US,2026-08-26,2026-07-15,37.0,Spouse,sell,1K–15K,1000.0,15000.0,5.29
10000066671,B001277,Richard Blumenthal,Democrat,Senate,CT,ALPHA TEKNOVA INC,TKNO:US,2026-08-26,2026-07-10,42.0,Spouse,sell,1K–15K,1000.0,15000.0,5.36
10000066672,B001277,Richard Blumenthal,Democrat,Senate,CT,ALPHA TEKNOVA INC,TKNO:US,2026-08-26,2026-07-13,39.0,Spouse,sell,1K–15K,1000.0,15000.0,5.41
10000066673,B001277,Richard Blumenthal,Democrat,Senate,CT,ALPHA TEKNOVA INC,TKNO:US,2026-08-26,2026-07-14,38.0,Spouse,sell,1K–15K,1000.0,15000.0,5.41
10000066674,B001277,Richard Blumenthal,Democrat,Senate,CT,ALPHA TEKNOVA INC,TKNO:US,2026-08-26,2026-07-15,37.0,Spouse,sell,1K–15K,1000.0,15000.0,5.29
20003802228,M001234,Kelly Morrison,Democrat,House,MN,Accenture PLC,ACN:US,2026-08-26,2026-08-11,14.0,Spouse,sell,1K–15K,1000.0,15000.0,179.82
20003802229,M001234,Kelly Morrison,Democrat,House,MN,Accenture PLC,ACN:US,2026-08-26,2026-08-11,14.0,Undisclosed,sell,1K–15K,1000.0,15000.0,179.82
20003802230,M001234,Kelly Morrison,Democrat,House,MN,Accenture PLC,ACN:US,2026-08-26,2026-08-11,14.0,Spouse,sell,15K–50K,15000.0,50000.0,179.82
20003802231,M001234,Kelly Morrison,Democrat,House,MN,MOBILITY GLOBAL INC,MBGL:US,2026-08-26,2026-08-11,14.0,Spouse,sell,1K–15K,1000.0,15000.0,19.37
20003802232,M001234,Kelly Morrison,Democrat,House,MN,MOBILITY GLOBAL INC,MBGL:US,2026-08-26,2026-08-11,14.0,Spouse,sell,1K–15K,1000.0,15000.0,19.37
20003802233,M001234,Kelly Morrison,Democrat,House,MN,MOBILITY GLOBAL INC,MBGL:US,2026-08-26,2026-08-11,14.0,Undisclosed,sell,1K–15K,1000.0,15000.0,19.37
20003802234,M001234,Kelly Morrison,Democrat,House,MN,SOLSTICE ADVANCED MTRILS INC,SOLS:US,2026-08-26,2026-08-11,14.0,Spouse,sell,1K–15K,1000.0,15000.0,61.11
20003802235,R000619,Michael Rulli,Republican,House,OH,Alphabet Inc,GOOGL:US,2026-08-26,2026-08-24,1.0,Undisclosed,sell,50K–100K,50000.0,100000.0,348.06
20003802227,K000375,Bill Keating,Democrat,House,MA,Alphabet Inc,GOOGL:US,2026-08-26,2026-08-11,14.0,Undisclosed,buy,1K–15K,1000.0,15000.0,
10000066629,B001236,John Boozman,Republican,Senate,AR,Vanguard FTSE Developed Markets ETF,VEA:US,2026-08-24,2025-11-21,276.0,Joint,sell,1K–15K,1000.0,15000.0,59.77
10000066630,B001236,John Boozman,Republican,Senate,AR,Vanguard Global ex-U.S. Real Estate ETF,VNQI:US,2026-08-24,2025-11-21,276.0,Joint,sell,1K–15K,1000.0,15000.0,46.9
10000066631,B001236,John Boozman,Republican,Senate,AR,Managed Portfolio Series Tortoise North American Pipeline Fund,TPYP:US,2026-08-24,2025-11-21,276.0,Joint,sell,1K–15K,1000.0,15000.0,35.42
10000066632,B001236,John Boozman,Republican,Senate,AR,salesforce.com Inc,CRM:US,2026-08-24,2025-11-13,284.0,Joint,sell,1K–15K,1000.0,15000.0,240.43
10000066633,B001236,John Boozman,Republican,Senate,AR,NEW WORLD FUND INC,RNWGX:US,2026-08-24,2025-11-20,277.0,Joint,sell,1K–15K,1000.0,15000.0,
10000066634,B001236,John Boozman,Republican,Senate,AR,Eli Lilly and Co,LLY:US,2026-08-24,2025-11-21,276.0,Joint,sell,1K–15K,1000.0,15000.0,1059.7
10000066635,B001236,John Boozman,Republican,Senate,AR,iShares Core S&P 500 ETF,IVV:US,2026-08-24,2025-11-21,276.0,Joint,sell,1K–15K,1000.0,15000.0,662.28
10000066636,B001236,John Boozman,Republican,Senate,AR,iShares Trust - iShares Russell 2000 ETF,IWM:US,2026-08-24,2025-11-21,276.0,Joint,sell,1K–15K,1000.0,15000.0,235.6
10000066637,B001236,John Boozman,Republican,Senate,AR,iShares MSCI EAFE ETF,EFA:US,2026-08-24,2025-11-20,277.0,Joint,sell,1K–15K,1000.0,15000.0,91.24
10000066638,B001236,John Boozman,Republican,Senate,AR,iShares MSCI All Country Asia ex Japan ETF,AAXJ:US,2026-08-24,2025-11-06,291.0,Joint,sell,1K–15K,1000.0,15000.0,93.74
10000066639,B001236,John Boozman,Republican,Senate,AR,Goldman Sachs ActiveBeta Emerging Markets Equity ETF,GEM:US,2026-08-24,2025-11-20,277.0,Joint,sell,1K–15K,1000.0,15000.0,40.73
10000066640,B001236,John Boozman,Republican,Senate,AR,Fiserv Inc,FISV:US,2026-08-24,2025-11-21,276.0,Joint,sell,1K–15K,1000.0,15000.0,60.84
10000066641,B001236,John Boozman,Republican,Senate,AR,FIRST TR GLOBAL TACTICAL CMD,FTGC:US,2026-08-24,2025-11-21,276.0,Joint,sell,1K–15K,1000.0,15000.0,26.51
10000066642,B001236,John Boozman,Republican,Senate,AR,FT EGY  PARTNER ENHANCED ETF,EIPI:US,2026-08-24,2025-11-21,276.0,Joint,sell,1K–15K,1000.0,15000.0,20.01
20003802220,P000197,Nancy Pelosi,Democrat,House,CA,Bloom Energy Corp,BE:US,2026-08-24,2026-07-24,28.0,Spouse,buy,1M–5M,1000000.0,5000000.0,184.89
20003802221,P000197,Nancy Pelosi,Democrat,House,CA,Bloom Energy Corp,BE:US,2026-08-24,2026-07-24,28.0,Spouse,buy,1M–5M,1000000.0,5000000.0,
20003802222,P000197,Nancy Pelosi,Democrat,House,CA,Bloom Energy Corp,BE:US,2026-08-24,2026-07-28,24.0,Spouse,buy,500K–1M,500000.0,1000000.0,166.84
20003802223,P000197,Nancy Pelosi,Democrat,House,CA,Bloom Energy Corp,BE:US,2026-08-24,2026-07-28,24.0,Spouse,buy,500K–1M,500000.0,1000000.0,
20003802224,P000197,Nancy Pelosi,Democrat,House,CA,Intel Corp,INTC:US,2026-08-24,2026-07-24,28.0,Spouse,buy,250K–500K,250000.0,500000.0,
20003802225,P000197,Nancy Pelosi,Democrat,House,CA,Intel Corp,INTC:US,2026-08-24,2026-07-24,28.0,Spouse,buy,500K–1M,500000.0,1000000.0,92.32
20003802226,P000197,Nancy Pelosi,Democrat,House,CA,REOF XXV LLC,,2026-08-24,2026-07-27,25.0,Undisclosed,buy,500K–1M,500000.0,1000000.0,
20003802217,D000617,Suzan DelBene,Democrat,House,WA,CALIFORNIA COMMUNITY CHOICE FINANCING AUTHORITY,,2026-08-24,2026-08-06,15.0,Joint,buy,250K–500K,250000.0,500000.0,
20003802218,D000617,Suzan DelBene,Democrat,House,WA,ENERGY SOUTHEAST A COOPERATIVE DISTRICT,,2026-08-24,2026-08-06,15.0,Joint,sell,250K–500K,250000.0,500000.0,
20003802219,D000617,Suzan DelBene,Democrat,House,WA,STATE OF WASHINGTON,,2026-08-24,2026-08-07,14.0,Joint,buy,250K–500K,250000.0,500000.0,
20003802212,T000490,David Taylor,Republican,House,OH,Alphabet Inc,GOOGL:US,2026-08-21,2026-08-11,9.0,Undisclosed,buy,1K–15K,1000.0,15000.0,343.8
20003802213,T000490,David Taylor,Republican,House,OH,Alphabet Inc,GOOGL:US,2026-08-21,2026-08-11,9.0,Undisclosed,buy,1K–15K,1000.0,15000.0,343.0
20003802214,T000490,David Taylor,Republican,House,OH,Installed Building Products Inc,IBP:US,2026-08-21,2026-08-14,6.0,Undisclosed,buy,1K–15K,1000.0,15000.0,240.23
20003802215,T000490,David Taylor,Republican,House,OH,Microsoft Corp,MSFT:US,2026-08-21,2026-08-11,9.0,Undisclosed,sell,15K–50K,15000.0,50000.0,503.81
20003802216,T000490,David Taylor,Republican,House,OH,The Procter & Gamble Co,PG:US,2026-08-21,2026-08-11,9.0,Undisclosed,buy,1K–15K,1000.0,15000.0,145.21
20003802211,M001236,Tim Moore,Republican,House,NC,AT&T Inc,T:US,2026-08-21,2026-08-14,6.0,Undisclosed,sell,50K–100K,50000.0,100000.0,24.89
10000066620,B001236,John Boozman,Republican,Senate,AR,Unitedhealth Group Inc,UNH:US,2026-08-20,2025-04-16,491.0,Joint,buy,1K–15K,1000.0,15000.0,585.04
10000066621,B001236,John Boozman,Republican,Senate,AR,Oracle Corp,ORCL:US,2026-08-20,2025-04-16,491.0,Joint,buy,1K–15K,1000.0,15000.0,129.76
10000066622,B001236,John Boozman,Republican,Senate,AR,Microsoft Corp,MSFT:US,2026-08-20,2025-04-22,485.0,Joint,buy,1K–15K,1000.0,15000.0,366.82
10000066623,B001236,John Boozman,Republican,Senate,AR,Microsoft Corp,MSFT:US,2026-08-20,2025-04-16,491.0,Joint,buy,1K–15K,1000.0,15000.0,371.61
10000066624,B001236,John Boozman,Republican,Senate,AR,Meta Platforms Inc,META:US,2026-08-20,2025-04-15,492.0,Joint,buy,1K–15K,1000.0,15000.0,521.52
10000066625,B001236,John Boozman,Republican,Senate,AR,iShares iBoxx High Yield Corporate Bond ETF,HYG:US,2026-08-20,2025-04-09,498.0,Joint,buy,1K–15K,1000.0,15000.0,77.78
10000066626,B001236,John Boozman,Republican,Senate,AR,Colgate-Palmolive Co,CL:US,2026-08-20,2025-04-08,499.0,Joint,buy,1K–15K,1000.0,15000.0,88.6
10000066627,B001236,John Boozman,Republican,Senate,AR,Cboe Global Markets Inc,CBOE:US,2026-08-20,2025-04-08,499.0,Joint,buy,1K–15K,1000.0,15000.0,208.13
10000066628,B001236,John Boozman,Republican,Senate,AR,Broadcom Inc,AVGO:US,2026-08-20,2025-04-08,499.0,Joint,buy,1K–15K,1000.0,15000.0,156.03
20003802207,W000829,Tony Wied,Republican,House,WI,SCHWAB SHORT-TERM US TRS ETF,,2026-08-19,2026-07-22,27.0,Joint,buy,50K–100K,50000.0,100000.0,
20003802208,W000829,Tony Wied,Republican,House,WI,Adobe Inc,ADBE:US,2026-08-19,2026-07-14,35.0,Joint,sell,1K–15K,1000.0,15000.0,220.78
20003802209,W000829,Tony Wied,Republican,House,WI,UPSTART HOLDINGS INC,UPST:US,2026-08-19,2026-07-14,35.0,Joint,buy,15K–50K,15000.0,50000.0,31.72
20003802210,W000829,Tony Wied,Republican,House,WI,salesforce.com Inc,CRM:US,2026-08-19,2026-07-14,35.0,Joint,sell,15K–50K,15000.0,50000.0,167.56
20003802201,K000398,Thomas Kean Jr,Republican,House,NJ,Alphabet Inc,GOOGL:US,2026-08-19,2026-07-22,27.0,Undisclosed,sell,1K–15K,1000.0,15000.0,342.09
20003802202,K000398,Thomas Kean Jr,Republican,House,NJ,Amazon.com Inc,AMZN:US,2026-08-19,2026-07-08,41.0,Undisclosed,buy,1K–15K,1000.0,15000.0,243.62
20003802203,K000398,Thomas Kean Jr,Republican,House,NJ,EQT Corp,EQT:US,2026-08-19,2026-07-07,42.0,Undisclosed,buy,1K–15K,1000.0,15000.0,51.76
20003802204,K000398,Thomas Kean Jr,Republican,House,NJ,ESAB CORP,,2026-08-19,2026-07-07,42.0,Undisclosed,buy,1K–15K,1000.0,15000.0,
20003802205,K000398,Thomas Kean Jr,Republican,House,NJ,Stryker Corp,SYK:US,2026-08-19,2026-07-22,27.0,Undisclosed,sell,1K–15K,1000.0,15000.0,309.24
20003802206,K000398,Thomas Kean Jr,Republican,House,NJ,TOAST INC,TOST:US,2026-08-19,2026-07-08,41.0,Undisclosed,buy,1K–15K,1000.0,15000.0,28.57
20003802197,A000372,Rick Allen,Republican,House,GA,Abbott Laboratories,ABT:US,2026-08-19,2026-07-14,35.0,Spouse,sell,15K–50K,15000.0,50000.0,88.96
20003802198,A000372,Rick Allen,Republican,House,GA,Advanced Micro Devices Inc,AMD:US,2026-08-19,2026-07-14,35.0,Spouse,buy,1K–15K,1000.0,15000.0,548.13
20003802199,A000372,Rick Allen,Republican,House,GA,Broadcom Inc,AVGO:US,2026-08-19,2026-07-14,35.0,Spouse,buy,1K–15K,1000.0,15000.0,389.11
20003802200,C001055,Ed Case,Democrat,House,HI,Apple Inc,AAPL:US,2026-08-19,2026-08-13,5.0,Spouse,buy,1K–15K,1000.0,15000.0,305.26
20003802182,P000608,Scott Peters,Democrat,House,CA,AUDAX SENIOR LOAN FUND ST LP,,2026-08-18,2026-07-29,19.0,Spouse,buy,500K–1M,500000.0,1000000.0,
20003802183,P000608,Scott Peters,Democrat,House,CA,CHARLOTTE MECKLENBURG HOSPITAL AUTHORITY,,2026-08-18,2026-07-22,26.0,Spouse,sell,250K–500K,250000.0,500000.0,
20003802184,P000608,Scott Peters,Democrat,House,CA,CITY OF LOS ANGELES,,2026-08-18,2026-07-24,24.0,Spouse,sell,500K–1M,500000.0,1000000.0,
20003802185,P000608,Scott Peters,Democrat,House,CA,LOS ANGELES UNIFIED SCHOOL DISTRICT,,2026-08-18,2026-07-24,24.0,Spouse,sell,50K–100K,50000.0,100000.0,
20003802186,P000608,Scott Peters,Democrat,House,CA,LOS ANGELES UNIFIED SCHOOL DISTRICT,,2026-08-18,2026-07-24,24.0,Spouse,sell,500K–1M,500000.0,1000000.0,
20003802187,P000608,Scott Peters,Democrat,House,CA,LOS ANGELES UNIFIED SCHOOL DISTRICT,,2026-08-18,2026-07-01,47.0,Spouse,buy,100K–250K,100000.0,250000.0,
20003802188,P000608,Scott Peters,Democrat,House,CA,SUCCESSOR AGENCY TO THE REDEVELOPMENT AGENCY OF THE CITY OF PITTSBURG,,2026-08-18,2026-07-30,18.0,Spouse,buy,50K–100K,50000.0,100000.0,
20003802189,P000608,Scott Peters,Democrat,House,CA,SMASH CAPITAL FUND II LP,,2026-08-18,2026-07-28,20.0,Undisclosed,buy,50K–100K,50000.0,100000.0,
20003802190,P000608,Scott Peters,Democrat,House,CA,US TREASURY BILLS,,2026-08-18,2026-07-23,25.0,Spouse,sell,50K–100K,50000.0,100000.0,
20003802191,P000608,Scott Peters,Democrat,House,CA,US TREASURY BILLS,,2026-08-18,2026-07-27,21.0,Spouse,buy,50K–100K,50000.0,100000.0,
20003802192,P000608,Scott Peters,Democrat,House,CA,US TREASURY BILLS,,2026-08-18,2026-07-28,20.0,Spouse,sell,15K–50K,15000.0,50000.0,
20003802193,P000608,Scott Peters,Democrat,House,CA,US TREASURY BILLS,,2026-08-18,2026-07-27,21.0,Spouse,buy,500K–1M,500000.0,1000000.0,
20003802194,P000608,Scott Peters,Democrat,House,CA,US TREASURY BILLS,,2026-08-18,2026-07-28,20.0,Spouse,sell,50K–100K,50000.0,100000.0,
20003802195,P000608,Scott Peters,Democrat,House,CA,US TREASURY BILLS,,2026-08-18,2026-07-28,20.0,Spouse,sell,500K–1M,500000.0,1000000.0,
20003802196,P000608,Scott Peters,Democrat,House,CA,VALO VENTURES GP II LP,,2026-08-18,2026-07-22,26.0,Spouse,buy,15K–50K,15000.0,50000.0,
20003802180,C001068,Steve Cohen,Democrat,House,TN,JPMorgan Chase & Co,JPM:US,2026-08-18,2026-08-05,12.0,Undisclosed,buy,100K–250K,100000.0,250000.0,
20003802181,C001068,Steve Cohen,Democrat,House,TN,US TREASURY BILLS,,2026-08-18,2026-08-06,11.0,Undisclosed,buy,100K–250K,100000.0,250000.0,
10000066616,B001236,John Boozman,Republican,Senate,AR,Cboe Global Markets Inc,CBOE:US,2026-08-18,2026-07-31,17.0,Joint,sell,1K–15K,1000.0,15000.0,310.23
10000066617,B001236,John Boozman,Republican,Senate,AR,JPMorgan Chase & Co,JPM:US,2026-08-18,2026-07-23,25.0,Joint,sell,1K–15K,1000.0,15000.0,349.9
10000066618,B001236,John Boozman,Republican,Senate,AR,The Home Depot Inc,HD:US,2026-08-18,2026-07-09,39.0,Joint,sell,1K–15K,1000.0,15000.0,338.73
10000066619,B001236,John Boozman,Republican,Senate,AR,The Travelers Companies Inc,TRV:US,2026-08-18,2026-07-02,46.0,Joint,sell,1K–15K,1000.0,15000.0,342.31
10000066604,B001236,John Boozman,Republican,Senate,AR,Aptiv PLC,APTV:US,2026-08-17,2026-07-09,39.0,Joint,buy,1K–15K,1000.0,15000.0,59.86
10000066605,B001236,John Boozman,Republican,Senate,AR,PayPal Holdings Inc,PYPL:US,2026-08-17,2026-07-30,18.0,Joint,buy,1K–15K,1000.0,15000.0,57.65
10000066606,B001236,John Boozman,Republican,Senate,AR,TRADR 2X LONG SPY MNTHLY ETF,SPYM:US,2026-08-17,2026-07-23,25.0,Joint,buy,1K–15K,1000.0,15000.0,
10000066607,B001236,John Boozman,Republican,Senate,AR,The Estee Lauder Cos Inc,EL:US,2026-08-17,2026-07-02,46.0,Joint,buy,1K–15K,1000.0,15000.0,83.71
10000066608,B001236,John Boozman,Republican,Senate,AR,Chevron Corp,CVX:US,2026-08-17,2026-07-02,46.0,Joint,buy,1K–15K,1000.0,15000.0,169.2
10000066609,B001236,John Boozman,Republican,Senate,AR,TRADR 2X LONG SPY MNTHLY ETF,SPYM:US,2026-08-17,2026-07-02,46.0,Joint,buy,1K–15K,1000.0,15000.0,
20003802154,M001218,Rich McCormick,Republican,House,GA,Abbott Laboratories,ABT:US,2026-08-17,2026-07-30,15.0,Undisclosed,sell,1K–15K,1000.0,15000.0,105.61
20003802155,M001218,Rich McCormick,Republican,House,GA,Air Products and Chemicals Inc,APD:US,2026-08-17,2026-07-30,15.0,Undisclosed,sell,1K–15K,1000.0,15000.0,300.2
20003802156,M001218,Rich McCormick,Republican,House,GA,American Water Works Company Inc,AWK:US,2026-08-17,2026-07-30,15.0,Undisclosed,sell,1K–15K,1000.0,15000.0,136.81
20003802157,M001218,Rich McCormick,Republican,House,GA,Analog Devices Inc,ADI:US,2026-08-17,2026-07-30,15.0,Undisclosed,sell,1K–15K,1000.0,15000.0,366.67
20003802158,M001218,Rich McCormick,Republican,House,GA,Apple Inc,AAPL:US,2026-08-17,2026-07-30,15.0,Undisclosed,sell,1K–15K,1000.0,15000.0,333.43
20003802159,M001218,Rich McCormick,Republican,House,GA,Automatic Data Processing Inc,ADP:US,2026-08-17,2026-07-30,15.0,Undisclosed,sell,1K–15K,1000.0,15000.0,263.87
20003802160,M001218,Rich McCormick,Republican,House,GA,Berkshire Hathaway Inc,B:US,2026-08-17,2026-07-30,15.0,Undisclosed,buy,1K–15K,1000.0,15000.0,509.68
20003802161,M001218,Rich McCormick,Republican,House,GA,Blackrock Inc,BLK:US,2026-08-17,2026-07-30,15.0,Undisclosed,sell,1K–15K,1000.0,15000.0,1098.37
20003802162,M001218,Rich McCormick,Republican,House,GA,Cisco Systems Inc,CSCO:US,2026-08-17,2026-07-30,15.0,Undisclosed,sell,1K–15K,1000.0,15000.0,113.56
20003802163,M001218,Rich McCormick,Republican,House,GA,Costco Wholesale Corp,COST:US,2026-08-17,2026-07-30,15.0,Undisclosed,sell,1K–15K,1000.0,15000.0,954.17
20003802164,M001218,Rich McCormick,Republican,House,GA,Emerson Electric Co,EMR:US,2026-08-17,2026-07-30,15.0,Undisclosed,sell,1K–15K,1000.0,15000.0,148.64
20003802165,M001218,Rich McCormick,Republican,House,GA,The Home Depot Inc,HD:US,2026-08-17,2026-07-30,15.0,Undisclosed,sell,1K–15K,1000.0,15000.0,333.35
20003802166,M001218,Rich McCormick,Republican,House,GA,Illinois Tool Works Inc,ITW:US,2026-08-17,2026-07-30,15.0,Undisclosed,sell,1K–15K,1000.0,15000.0,283.7
20003802167,M001218,Rich McCormick,Republican,House,GA,Intercontinental Exchange Inc,ICE:US,2026-08-17,2026-07-30,15.0,Undisclosed,sell,1K–15K,1000.0,15000.0,156.27
20003802168,M001218,Rich McCormick,Republican,House,GA,Johnson & Johnson,JNJ:US,2026-08-17,2026-07-30,15.0,Undisclosed,sell,1K–15K,1000.0,15000.0,255.82
20003802169,M001218,Rich McCormick,Republican,House,GA,L3Harris Technologies Inc,LHX:US,2026-08-17,2026-07-30,15.0,Undisclosed,sell,1K–15K,1000.0,15000.0,271.9
20003802170,M001218,Rich McCormick,Republican,House,GA,McDonald's Corp,MCD:US,2026-08-17,2026-07-30,15.0,Undisclosed,sell,1K–15K,1000.0,15000.0,268.44
20003802171,M001218,Rich McCormick,Republican,House,GA,Medtronic PLC,MDT:US,2026-08-17,2026-07-30,15.0,Undisclosed,sell,1K–15K,1000.0,15000.0,85.71
20003802172,M001218,Rich McCormick,Republican,House,GA,Microsoft Corp,MSFT:US,2026-08-17,2026-07-30,15.0,Undisclosed,sell,1K–15K,1000.0,15000.0,451.1
20003802173,M001218,Rich McCormick,Republican,House,GA,NextEra Energy Inc,NEE:US,2026-08-17,2026-07-30,15.0,Undisclosed,sell,1K–15K,1000.0,15000.0,87.93
20003802174,M001218,Rich McCormick,Republican,House,GA,PepsiCo Inc,PEP:US,2026-08-17,2026-07-30,15.0,Undisclosed,sell,1K–15K,1000.0,15000.0,140.2
20003802175,M001218,Rich McCormick,Republican,House,GA,The Procter & Gamble Co,PG:US,2026-08-17,2026-07-30,15.0,Undisclosed,sell,1K–15K,1000.0,15000.0,143.96
20003802176,M001218,Rich McCormick,Republican,House,GA,Realty Income Corp,O:US,2026-08-17,2026-07-30,15.0,Undisclosed,sell,1K–15K,1000.0,15000.0,64.43
20003802177,M001218,Rich McCormick,Republican,House,GA,Unitedhealth Group Inc,UNH:US,2026-08-17,2026-07-30,15.0,Undisclosed,sell,1K–15K,1000.0,15000.0,421.47
20003802178,M001218,Rich McCormick,Republican,House,GA,Visa Inc,V:US,2026-08-17,2026-07-30,15.0,Undisclosed,sell,1K–15K,1000.0,15000.0,366.27
20003802179,M001218,Rich McCormick,Republican,House,GA,Walmart Inc,WMT:US,2026-08-17,2026-07-30,15.0,Undisclosed,sell,1K–15K,1000.0,15000.0,111.1
20003802149,G000591,Michael Guest,Republican,House,MS,Airbnb Inc,ABNB:US,2026-08-17,2025-12-16,241.0,Spouse,sell,1K–15K,1000.0,15000.0,132.01
20003802150,G000591,Michael Guest,Republican,House,MS,Chevron Corp,CVX:US,2026-08-17,2025-12-16,241.0,Spouse,sell,1K–15K,1000.0,15000.0,146.75
20003802151,G000591,Michael Guest,Republican,House,MS,e.l.f. Beauty Inc,ELF:US,2026-08-17,2025-12-16,241.0,Spouse,sell,1K–15K,1000.0,15000.0,78.77
20003802152,G000591,Michael Guest,Republican,House,MS,Exxon Mobil Corp,XOM:US,2026-08-17,2026-07-02,43.0,Spouse,exchange,1K–15K,1000.0,15000.0,137.09
20003802153,G000591,Michael Guest,Republican,House,MS,Exxon Mobil Corp,XOM:US,2026-08-17,2026-07-02,43.0,Spouse,exchange,1K–15K,1000.0,15000.0,137.09
10000066601,W000805,Mark Warner,Democrat,Senate,VA,CITY OF MANASSAS VIRGINIA,,2026-08-14,2026-07-07,38.0,Self,buy,50K–100K,50000.0,100000.0,
10000066602,W000805,Mark Warner,Democrat,Senate,VA,CITY OF ALEXANDRIA VIRGINIA,,2026-08-14,2026-07-02,43.0,Self,buy,50K–100K,50000.0,100000.0,
10000066603,W000805,Mark Warner,Democrat,Senate,VA,CITY OF VIRGINIA BEACH VIRGINIA,,2026-08-14,2026-07-02,43.0,Self,buy,100K–250K,100000.0,250000.0,
20003802125,T000488,Shri Thanedar,Democrat,House,MI,Apple Inc,AAPL:US,2026-08-14,2026-01-09,216.0,Undisclosed,sell,100K–250K,100000.0,250000.0,259.37
20003802126,T000488,Shri Thanedar,Democrat,House,MI,MicroStrategy Inc,MSTR:US,2026-08-14,2025-10-21,296.0,Undisclosed,sell,15K–50K,15000.0,50000.0,301.91
20003802127,T000491,Derek Tran,Democrat,House,CA,LITECOIN,,2026-08-14,2025-07-28,381.0,Undisclosed,sell,1K–15K,1000.0,15000.0,108.59
20003802121,M001205,Carol Miller,Republican,House,WV,Pfizer Inc,PFE:US,2026-08-14,2025-03-10,521.0,Spouse,sell,15K–50K,15000.0,50000.0,26.64
20003802122,M001205,Carol Miller,Republican,House,WV,Quest Diagnostics Inc,DGX:US,2026-08-14,2025-03-10,521.0,Spouse,sell,15K–50K,15000.0,50000.0,173.12
20003802123,M001205,Carol Miller,Republican,House,WV,Target Corp,TGT:US,2026-08-14,2025-03-10,521.0,Spouse,sell,15K–50K,15000.0,50000.0,113.85
20003802124,M001205,Carol Miller,Republican,House,WV,U.S. Bancorp,USB:US,2026-08-14,2025-03-10,521.0,Spouse,sell,15K–50K,15000.0,50000.0,42.37
20003802139,M000871,Tracey Mann,Republican,House,KS,Apple Inc,AAPL:US,2026-08-14,2024-08-20,723.0,Spouse,buy,1K–15K,1000.0,15000.0,226.51
20003802140,M000871,Tracey Mann,Republican,House,KS,Alphabet Inc,GOOGL:US,2026-08-14,2024-08-20,723.0,Spouse,buy,1K–15K,1000.0,15000.0,167.18
20003802141,M000871,Tracey Mann,Republican,House,KS,Microsoft Corp,MSFT:US,2026-08-14,2024-08-20,723.0,Spouse,buy,1K–15K,1000.0,15000.0,424.8
20003802142,M000871,Tracey Mann,Republican,House,KS,Meta Platforms Inc,META:US,2026-08-14,2024-08-20,723.0,Spouse,buy,1K–15K,1000.0,15000.0,526.73
20003802143,M000871,Tracey Mann,Republican,House,KS,NVIDIA Corporation,NVDA:US,2026-08-14,2024-08-20,723.0,Spouse,buy,1K–15K,1000.0,15000.0,127.25
20003802144,M000871,Tracey Mann,Republican,House,KS,Apple Inc,AAPL:US,2026-08-14,2024-09-09,703.0,Spouse,sell,1K–15K,1000.0,15000.0,220.91
20003802145,M000871,Tracey Mann,Republican,House,KS,Alphabet Inc,GOOGL:US,2026-08-14,2024-09-09,703.0,Spouse,sell,1K–15K,1000.0,15000.0,148.71
20003802146,M000871,Tracey Mann,Republican,House,KS,Microsoft Corp,MSFT:US,2026-08-14,2024-09-09,703.0,Spouse,sell,1K–15K,1000.0,15000.0,405.72
20003802147,M000871,Tracey Mann,Republican,House,KS,Meta Platforms Inc,META:US,2026-08-14,2024-09-09,703.0,Spouse,sell,1K–15K,1000.0,15000.0,504.79
20003802148,M000871,Tracey Mann,Republican,House,KS,NVIDIA Corporation,NVDA:US,2026-08-14,2024-09-09,703.0,Spouse,sell,1K–15K,1000.0,15000.0,106.47
20003802119,K000375,Bill Keating,Democrat,House,MA,Capital One Financial Corp,COF:US,2026-08-14,2026-06-30,44.0,Undisclosed,buy,1K–15K,1000.0,15000.0,
20003802120,K000375,Bill Keating,Democrat,House,MA,HCA Healthcare Inc,HCA:US,2026-08-14,2026-06-30,44.0,Undisclosed,buy,15K–50K,15000.0,50000.0,
20003802128,F000459,Chuck Fleischmann,Republican,House,TN,GLOBAL X DEFENSE TECH ETF,SHLD:US,2026-08-14,2026-07-28,15.0,Joint,sell,1K–15K,1000.0,15000.0,63.91
20003802129,F000459,Chuck Fleischmann,Republican,House,TN,INVESCO S&P SMALLCAP QUALITY ETF,XSHQ:US,2026-08-14,2026-07-28,15.0,Joint,buy,1K–15K,1000.0,15000.0,
20003802130,F000459,Chuck Fleischmann,Republican,House,TN,iShares 10-20 Year Treasury Bond ETF,TLH:US,2026-08-14,2026-07-28,15.0,Joint,sell,15K–50K,15000.0,50000.0,98.28
20003802131,F000459,Chuck Fleischmann,Republican,House,TN,iShares Core MSCI Europe ETF,IEUR:US,2026-08-14,2026-07-28,15.0,Joint,buy,1K–15K,1000.0,15000.0,75.48
20003802132,F000459,Chuck Fleischmann,Republican,House,TN,Proshares Trust - ProShares S&P MidCap 400 Dividend Aristocrats ETF,REGL:US,2026-08-14,2026-07-28,15.0,Joint,buy,1K–15K,1000.0,15000.0,95.56
20003802133,F000459,Chuck Fleischmann,Republican,House,TN,SPDR Portfolio S&P 500 Growth ETF,SPYG:US,2026-08-14,2026-07-28,15.0,Joint,sell,1K–15K,1000.0,15000.0,114.21
20003802134,F000459,Chuck Fleischmann,Republican,House,TN,SPDR S&P Aerospace & Defense ETF,XAR:US,2026-08-14,2026-07-28,15.0,Joint,buy,1K–15K,1000.0,15000.0,271.92
20003802135,F000459,Chuck Fleischmann,Republican,House,TN,SPDR Bloomberg Barclays Intermediate Term Treasury ETF,SPTI:US,2026-08-14,2026-07-28,15.0,Joint,buy,15K–50K,15000.0,50000.0,28.18
20003802136,F000459,Chuck Fleischmann,Republican,House,TN,VanEck Vectors ETF Trust VanEck Vectors Gold Miners ETF,GDX:US,2026-08-14,2026-07-28,15.0,Joint,sell,1K–15K,1000.0,15000.0,74.21
20003802137,F000459,Chuck Fleischmann,Republican,House,TN,VANGUARD FTSE PACIFIC ETF,VPL:US,2026-08-14,2026-07-28,15.0,Joint,buy,1K–15K,1000.0,15000.0,106.53
20003802138,F000459,Chuck Fleischmann,Republican,House,TN,SPDR GOLD MINISHARES TR,GLDM:US,2026-08-14,2026-07-28,15.0,Joint,sell,1K–15K,1000.0,15000.0,79.66
10000066596,S001232,Tim Sheehy,Republican,Senate,MT,ANSETT AEROSPACE HOLDINGS LLC,,2026-08-14,2025-06-28,411.0,Self,sell,500K–1M,500000.0,1000000.0,
10000066597,S001232,Tim Sheehy,Republican,Senate,MT,MAX VENTURES NEW WORLD OPPORTUNITIES FUND LP,,2026-08-14,2025-11-04,282.0,Self,sell,50K–100K,50000.0,100000.0,
10000066598,S001232,Tim Sheehy,Republican,Senate,MT,WCAS XIV CO INVESTORS LLC,,2026-08-14,2025-11-03,283.0,Self,buy,1K–15K,1000.0,15000.0,
10000066599,S001232,Tim Sheehy,Republican,Senate,MT,WCAS XIV CO INVESTORS LLC,,2026-08-14,2025-07-08,401.0,Self,buy,1K–15K,1000.0,15000.0,
10000066600,S001232,Tim Sheehy,Republican,Senate,MT,WCAS XIV CO INVESTORS LLC,,2026-08-14,2025-06-16,423.0,Self,buy,1K–15K,1000.0,15000.0,
10000066590,S001217,Rick Scott,Republican,Senate,FL,CENTRAL TEXAS REGIONAL MOBILITY AUTHORITY,,2026-08-14,2025-02-07,552.0,Self,sell,500K–1M,500000.0,1000000.0,
10000066591,S001217,Rick Scott,Republican,Senate,FL,PORT OF SEATTLE WASHINGTON,,2026-08-14,2025-02-07,552.0,Self,sell,100K–250K,100000.0,250000.0,
10000066592,S001217,Rick Scott,Republican,Senate,FL,PORT OF SEATTLE WASHINGTON,,2026-08-14,2025-02-07,552.0,Spouse,sell,250K–500K,250000.0,500000.0,
10000066593,S001217,Rick Scott,Republican,Senate,FL,CITY OF CHARLOTTE NORTH CAROLINA,,2026-08-14,2025-02-07,552.0,Self,buy,100K–250K,100000.0,250000.0,
10000066594,S001217,Rick Scott,Republican,Senate,FL,CITY OF CHARLOTTE NORTH CAROLINA,,2026-08-14,2025-02-07,552.0,Self,buy,500K–1M,500000.0,1000000.0,
10000066595,S001217,Rick Scott,Republican,Senate,FL,CITY OF CHARLOTTE NORTH CAROLINA,,2026-08-14,2025-02-07,552.0,Spouse,buy,250K–500K,250000.0,500000.0,
20003802116,H001082,Kevin Hern,Republican,House,OK,Organon & Co,OGN:US,2026-08-13,2026-08-05,7.0,Joint,sell,1K–15K,1000.0,15000.0,13.57
20003802118,K000376,Mike Kelly,Republican,House,PA,CALIFORNIA COMMUNITY CHOICE FINANCING AUTHORITY,,2026-08-13,2026-07-17,26.0,Spouse,buy,50K–100K,50000.0,100000.0,
20003802115,B001327,Rob Bresnahan,Republican,House,PA,US TREASURY NOTE,,2026-08-13,2026-07-01,42.0,Undisclosed,buy,15K–50K,15000.0,50000.0,
20003801841,K000389,Ro Khanna,Democrat,House,CA,The Toronto-Dominion Bank,TD:US,2026-08-12,2026-07-16,22.0,Child,buy,100K–250K,100000.0,250000.0,
20003801842,K000389,Ro Khanna,Democrat,House,CA,BOFA FINANCE LLC,,2026-08-12,2026-07-16,22.0,Child,buy,1K–15K,1000.0,15000.0,
20003801843,K000389,Ro Khanna,Democrat,House,CA,Johnson & Johnson,JNJ:US,2026-08-12,2026-07-02,36.0,Child,buy,1K–15K,1000.0,15000.0,
20003801844,K000389,Ro Khanna,Democrat,House,CA,Chewy Inc,CHWY:US,2026-08-12,2026-07-23,15.0,Child,buy,1K–15K,1000.0,15000.0,20.46
20003801845,K000389,Ro Khanna,Democrat,House,CA,GE HEALTHCARE TECHNOLOGI INC,GEHC:US,2026-08-12,2026-07-30,8.0,Child,buy,1K–15K,1000.0,15000.0,69.94
20003801846,K000389,Ro Khanna,Democrat,House,CA,Uber Technologies Inc,UBER:US,2026-08-12,2026-07-23,15.0,Child,buy,1K–15K,1000.0,15000.0,68.91
20003801847,K000389,Ro Khanna,Democrat,House,CA,GE HEALTHCARE TECHNOLOGI INC,GEHC:US,2026-08-12,2026-07-02,36.0,Child,buy,1K–15K,1000.0,15000.0,65.57
20003801848,K000389,Ro Khanna,Democrat,House,CA,GE HEALTHCARE TECHNOLOGI INC,GEHC:US,2026-08-12,2026-07-06,32.0,Child,buy,1K–15K,1000.0,15000.0,64.84
20003801849,K000389,Ro Khanna,Democrat,House,CA,Chewy Inc,CHWY:US,2026-08-12,2026-07-14,24.0,Child,buy,1K–15K,1000.0,15000.0,20.35
20003801850,K000389,Ro Khanna,Democrat,House,CA,Chewy Inc,CHWY:US,2026-08-12,2026-07-13,25.0,Child,buy,1K–15K,1000.0,15000.0,20.32
20003801851,K000389,Ro Khanna,Democrat,House,CA,TENABLE HOLDINGS INC,TENB:US,2026-08-12,2026-07-06,32.0,Child,sell,1K–15K,1000.0,15000.0,41.29
20003801852,K000389,Ro Khanna,Democrat,House,CA,Albertsons Cos Inc,ACI:US,2026-08-12,2026-07-23,15.0,Child,sell,1K–15K,1000.0,15000.0,11.44
20003801853,K000389,Ro Khanna,Democrat,House,CA,Pinterest Inc,PINS:US,2026-08-12,2026-07-30,8.0,Child,sell,1K–15K,1000.0,15000.0,24.43
20003801854,K000389,Ro Khanna,Democrat,House,CA,Micron Technology Inc,MU:US,2026-08-12,2026-07-06,32.0,Child,sell,1K–15K,1000.0,15000.0,984.75
20003801855,K000389,Ro Khanna,Democrat,House,CA,Zimmer Biomet Holdings Inc,ZBH:US,2026-08-12,2026-07-06,32.0,Child,sell,1K–15K,1000.0,15000.0,89.76
20003801856,K000389,Ro Khanna,Democrat,House,CA,MAPLEBEAR INC,CART:US,2026-08-12,2026-07-13,25.0,Child,sell,1K–15K,1000.0,15000.0,48.28
20003801857,K000389,Ro Khanna,Democrat,House,CA,Zimmer Biomet Holdings Inc,ZBH:US,2026-08-12,2026-07-23,15.0,Child,sell,1K–15K,1000.0,15000.0,89.65
20003801858,K000389,Ro Khanna,Democrat,House,CA,Penn National Gaming Inc,PENN:US,2026-08-12,2026-07-16,22.0,Child,sell,1K–15K,1000.0,15000.0,21.27
20003801859,K000389,Ro Khanna,Democrat,House,CA,TENABLE HOLDINGS INC,TENB:US,2026-08-12,2026-07-01,37.0,Child,sell,1K–15K,1000.0,15000.0,37.9
20003801860,K000389,Ro Khanna,Democrat,House,CA,Topgolf Callaway Brands Corp,MODG:US,2026-08-12,2026-07-22,16.0,Child,sell,1K–15K,1000.0,15000.0,18.36
20003801861,K000389,Ro Khanna,Democrat,House,CA,Berkshire Hathaway Inc,B:US,2026-08-12,2026-07-07,31.0,Child,buy,15K–50K,15000.0,50000.0,504.0
20003801862,K000389,Ro Khanna,Democrat,House,CA,Bank of America Corp,BAC:US,2026-08-12,2026-07-07,31.0,Child,buy,15K–50K,15000.0,50000.0,59.86
20003801863,K000389,Ro Khanna,Democrat,House,CA,Texas Instruments Inc,TXN:US,2026-08-12,2026-07-07,31.0,Child,buy,15K–50K,15000.0,50000.0,293.3
20003801864,K000389,Ro Khanna,Democrat,House,CA,Marvell Technology Inc,MRVL:US,2026-08-12,2026-07-07,31.0,Child,buy,15K–50K,15000.0,50000.0,230.7
20003801865,K000389,Ro Khanna,Democrat,House,CA,Walmart Inc,WMT:US,2026-08-12,2026-07-07,31.0,Child,buy,15K–50K,15000.0,50000.0,111.54
20003801866,K000389,Ro Khanna,Democrat,House,CA,ServiceNow Inc,NOW:US,2026-08-12,2026-07-07,31.0,Child,buy,15K–50K,15000.0,50000.0,110.73
20003801867,K000389,Ro Khanna,Democrat,House,CA,Intercontinental Exchange Inc,ICE:US,2026-08-12,2026-07-07,31.0,Child,buy,15K–50K,15000.0,50000.0,136.45
20003801868,K000389,Ro Khanna,Democrat,House,CA,Intuit Inc,INTU:US,2026-08-12,2026-07-07,31.0,Child,buy,1K–15K,1000.0,15000.0,281.17
20003801869,K000389,Ro Khanna,Democrat,House,CA,Lowe's Cos Inc,LOW:US,2026-08-12,2026-07-07,31.0,Child,buy,1K–15K,1000.0,15000.0,220.9
20003801870,K000389,Ro Khanna,Democrat,House,CA,Pfizer Inc,PFE:US,2026-08-12,2026-07-07,31.0,Child,buy,1K–15K,1000.0,15000.0,24.07
20003801871,K000389,Ro Khanna,Democrat,House,CA,Comcast Corp,CMCSA:US,2026-08-12,2026-07-07,31.0,Child,buy,1K–15K,1000.0,15000.0,23.41
20003801872,K000389,Ro Khanna,Democrat,House,CA,Ingersoll Rand Inc,IR:US,2026-08-12,2026-07-07,31.0,Child,buy,1K–15K,1000.0,15000.0,78.71
20003801873,K000389,Ro Khanna,Democrat,House,CA,Fortive Corp,FTV:US,2026-08-12,2026-07-07,31.0,Child,buy,1K–15K,1000.0,15000.0,62.55
20003801874,K000389,Ro Khanna,Democrat,House,CA,Zoetis Inc,ZTS:US,2026-08-12,2026-07-07,31.0,Child,buy,1K–15K,1000.0,15000.0,76.29
20003801875,K000389,Ro Khanna,Democrat,House,CA,Palantir Technologies Inc,PLTR:US,2026-08-12,2026-07-07,31.0,Child,buy,1K–15K,1000.0,15000.0,134.37
20003801876,K000389,Ro Khanna,Democrat,House,CA,Take-Two Interactive Software Inc,TTWO:US,2026-08-12,2026-07-07,31.0,Child,buy,1K–15K,1000.0,15000.0,257.79
20003801877,K000389,Ro Khanna,Democrat,House,CA,Freeport-McMoRan Inc,FCX:US,2026-08-12,2026-07-07,31.0,Child,buy,1K–15K,1000.0,15000.0,59.33
20003801878,K000389,Ro Khanna,Democrat,House,CA,Cadence Design Systems Inc,CDNS:US,2026-08-12,2026-07-07,31.0,Child,buy,1K–15K,1000.0,15000.0,371.06
20003801879,K000389,Ro Khanna,Democrat,House,CA,International Business Machines Corp,IBM:US,2026-08-12,2026-07-07,31.0,Child,buy,1K–15K,1000.0,15000.0,306.13
20003801880,K000389,Ro Khanna,Democrat,House,CA,T-Mobile US Inc,TMUS:US,2026-08-12,2026-07-07,31.0,Child,buy,1K–15K,1000.0,15000.0,184.73
20003801881,K000389,Ro Khanna,Democrat,House,CA,QUALCOMM Inc,QCOM:US,2026-08-12,2026-07-07,31.0,Child,buy,1K–15K,1000.0,15000.0,182.97
20003801882,K000389,Ro Khanna,Democrat,House,CA,Ulta Beauty Inc,ULTA:US,2026-08-12,2026-07-07,31.0,Child,buy,1K–15K,1000.0,15000.0,453.78
20003801883,K000389,Ro Khanna,Democrat,House,CA,Booking Holdings Inc,BKNG:US,2026-08-12,2026-07-07,31.0,Child,buy,1K–15K,1000.0,15000.0,181.95
20003801884,K000389,Ro Khanna,Democrat,House,CA,PTC Inc,PTC:US,2026-08-12,2026-07-07,31.0,Child,buy,1K–15K,1000.0,15000.0,125.04
20003801885,K000389,Ro Khanna,Democrat,House,CA,Digital Realty Trust Inc,DLR:US,2026-08-12,2026-07-07,31.0,Child,buy,1K–15K,1000.0,15000.0,174.9
20003801886,K000389,Ro Khanna,Democrat,House,CA,CBRE Group Inc,CBRE:US,2026-08-12,2026-07-07,31.0,Child,buy,1K–15K,1000.0,15000.0,143.73
20003801887,K000389,Ro Khanna,Democrat,House,CA,PACCAR Inc,PCAR:US,2026-08-12,2026-07-07,31.0,Child,buy,1K–15K,1000.0,15000.0,124.46
20003801888,K000389,Ro Khanna,Democrat,House,CA,Nike Inc,NKE:US,2026-08-12,2026-07-07,31.0,Child,buy,1K–15K,1000.0,15000.0,43.21
20003801889,K000389,Ro Khanna,Democrat,House,CA,Workday Inc,WDAY:US,2026-08-12,2026-07-07,31.0,Child,buy,1K–15K,1000.0,15000.0,143.65
20003801890,K000389,Ro Khanna,Democrat,House,CA,Ares Management Corp,ARES:US,2026-08-12,2026-07-07,31.0,Child,buy,1K–15K,1000.0,15000.0,120.7
20003801891,K000389,Ro Khanna,Democrat,House,CA,GE HEALTHCARE TECHNOLOGI INC,GEHC:US,2026-08-12,2026-07-07,31.0,Child,buy,1K–15K,1000.0,15000.0,64.89
20003801892,K000389,Ro Khanna,Democrat,House,CA,The Mosaic Company,MOS:US,2026-08-12,2026-07-07,31.0,Child,buy,1K–15K,1000.0,15000.0,21.12
20003801893,K000389,Ro Khanna,Democrat,House,CA,Weyerhaeuser Co,WY:US,2026-08-12,2026-07-07,31.0,Child,buy,1K–15K,1000.0,15000.0,23.29
20003801894,K000389,Ro Khanna,Democrat,House,CA,Royal Caribbean Group,RCL:US,2026-08-12,2026-07-07,31.0,Child,buy,1K–15K,1000.0,15000.0,282.26
20003801895,K000389,Ro Khanna,Democrat,House,CA,Skyworks Solutions Inc,SWKS:US,2026-08-12,2026-07-07,31.0,Child,buy,1K–15K,1000.0,15000.0,59.76
20003801896,K000389,Ro Khanna,Democrat,House,CA,Xylem Inc,XYL:US,2026-08-12,2026-07-07,31.0,Child,buy,1K–15K,1000.0,15000.0,120.65
20003801897,K000389,Ro Khanna,Democrat,House,CA,Johnson Controls International PLC,JCI:US,2026-08-12,2026-07-07,31.0,Child,buy,1K–15K,1000.0,15000.0,140.62
20003801898,K000389,Ro Khanna,Democrat,House,CA,Fortinet Inc,FTNT:US,2026-08-12,2026-07-07,31.0,Child,buy,1K–15K,1000.0,15000.0,158.67
20003801899,K000389,Ro Khanna,Democrat,House,CA,Builders FirstSource Inc,BLDR:US,2026-08-12,2026-07-07,31.0,Child,buy,1K–15K,1000.0,15000.0,78.42
20003801900,K000389,Ro Khanna,Democrat,House,CA,TE Connectivity Ltd,TEL:US,2026-08-12,2026-07-07,31.0,Child,buy,1K–15K,1000.0,15000.0,197.84
20003801901,K000389,Ro Khanna,Democrat,House,CA,Eaton Corp PLC,ETN:US,2026-08-12,2026-07-07,31.0,Child,buy,1K–15K,1000.0,15000.0,395.68
20003801902,K000389,Ro Khanna,Democrat,House,CA,EMCOR Group Inc,EME:US,2026-08-12,2026-07-07,31.0,Child,buy,1K–15K,1000.0,15000.0,768.38
20003801903,K000389,Ro Khanna,Democrat,House,CA,Meta Platforms Inc,META:US,2026-08-12,2026-07-07,31.0,Child,buy,1K–15K,1000.0,15000.0,615.58
20003801904,K000389,Ro Khanna,Democrat,House,CA,Regeneron Pharmaceuticals Inc,REGN:US,2026-08-12,2026-07-07,31.0,Child,buy,1K–15K,1000.0,15000.0,676.23
20003801905,K000389,Ro Khanna,Democrat,House,CA,Carvana Co,CVNA:US,2026-08-12,2026-07-07,31.0,Child,buy,1K–15K,1000.0,15000.0,67.49
20003801906,K000389,Ro Khanna,Democrat,House,CA,Intuit Inc,INTU:US,2026-08-12,2026-07-07,31.0,Child,buy,1K–15K,1000.0,15000.0,281.17
20003801907,K000389,Ro Khanna,Democrat,House,CA,Microchip Technology Inc,MCHP:US,2026-08-12,2026-07-07,31.0,Child,sell,50K–100K,50000.0,100000.0,84.15
20003801908,K000389,Ro Khanna,Democrat,House,CA,PepsiCo Inc,PEP:US,2026-08-12,2026-07-07,31.0,Child,sell,15K–50K,15000.0,50000.0,144.98
20003801909,K000389,Ro Khanna,Democrat,House,CA,salesforce.com Inc,CRM:US,2026-08-12,2026-07-07,31.0,Child,sell,15K–50K,15000.0,50000.0,169.52
20003801910,K000389,Ro Khanna,Democrat,House,CA,The TJX Companies Inc,TJX:US,2026-08-12,2026-07-07,31.0,Child,sell,15K–50K,15000.0,50000.0,154.11
20003801911,K000389,Ro Khanna,Democrat,House,CA,Blackrock Inc,BLK:US,2026-08-12,2026-07-07,31.0,Child,sell,15K–50K,15000.0,50000.0,1009.43
20003801912,K000389,Ro Khanna,Democrat,House,CA,AT&T Inc,T:US,2026-08-12,2026-07-07,31.0,Child,sell,15K–50K,15000.0,50000.0,21.09
20003801913,K000389,Ro Khanna,Democrat,House,CA,AUTODESK Inc,ADSK:US,2026-08-12,2026-07-07,31.0,Child,sell,15K–50K,15000.0,50000.0,212.38
20003801914,K000389,Ro Khanna,Democrat,House,CA,Illinois Tool Works Inc,ITW:US,2026-08-12,2026-07-07,31.0,Child,sell,1K–15K,1000.0,15000.0,271.09
20003801915,K000389,Ro Khanna,Democrat,House,CA,Accenture PLC,ACN:US,2026-08-12,2026-07-07,31.0,Child,sell,1K–15K,1000.0,15000.0,142.14
20003801916,K000389,Ro Khanna,Democrat,House,CA,Northern Trust Corp,NTRS:US,2026-08-12,2026-07-07,31.0,Child,sell,1K–15K,1000.0,15000.0,181.39
20003801917,K000389,Ro Khanna,Democrat,House,CA,MongoDB Inc,MDB:US,2026-08-12,2026-07-07,31.0,Child,sell,1K–15K,1000.0,15000.0,361.32
20003801918,K000389,Ro Khanna,Democrat,House,CA,The Kroger Co,KR:US,2026-08-12,2026-07-07,31.0,Child,sell,1K–15K,1000.0,15000.0,58.54
20003801919,K000389,Ro Khanna,Democrat,House,CA,NXP Semiconductors NV,NXPI:US,2026-08-12,2026-07-07,31.0,Child,sell,1K–15K,1000.0,15000.0,273.15
20003801920,K000389,Ro Khanna,Democrat,House,CA,Boston Scientific Corp,BSX:US,2026-08-12,2026-07-07,31.0,Child,sell,1K–15K,1000.0,15000.0,45.3
20003801921,K000389,Ro Khanna,Democrat,House,CA,Westinghouse Air Brake Technologies Corp,WAB:US,2026-08-12,2026-07-07,31.0,Child,sell,1K–15K,1000.0,15000.0,259.19
20003801922,K000389,Ro Khanna,Democrat,House,CA,Otis Worldwide Corp,OTIS:US,2026-08-12,2026-07-07,31.0,Child,sell,1K–15K,1000.0,15000.0,73.43
20003801923,K000389,Ro Khanna,Democrat,House,CA,Apollo Global Management Inc,APO:US,2026-08-12,2026-07-07,31.0,Child,sell,1K–15K,1000.0,15000.0,119.33
20003801924,K000389,Ro Khanna,Democrat,House,CA,Adobe Inc,ADBE:US,2026-08-12,2026-07-07,31.0,Child,sell,1K–15K,1000.0,15000.0,221.54
20003801925,K000389,Ro Khanna,Democrat,House,CA,Tyler Technologies Inc,TYL:US,2026-08-12,2026-07-07,31.0,Child,sell,1K–15K,1000.0,15000.0,321.45
20003801926,K000389,Ro Khanna,Democrat,House,CA,FedEx Corp,FDX:US,2026-08-12,2026-07-07,31.0,Child,sell,1K–15K,1000.0,15000.0,312.88
20003801927,K000389,Ro Khanna,Democrat,House,CA,Hubbell Inc,HUBB:US,2026-08-12,2026-07-07,31.0,Child,sell,1K–15K,1000.0,15000.0,478.89
20003801928,K000389,Ro Khanna,Democrat,House,CA,Gilead Sciences Inc,GILD:US,2026-08-12,2026-07-07,31.0,Child,sell,1K–15K,1000.0,15000.0,136.36
20003801929,K000389,Ro Khanna,Democrat,House,CA,Steel Dynamics Inc,STLD:US,2026-08-12,2026-07-07,31.0,Child,sell,1K–15K,1000.0,15000.0,229.62
20003801930,K000389,Ro Khanna,Democrat,House,CA,Lennar Corp,LEN:US,2026-08-12,2026-07-07,31.0,Child,sell,1K–15K,1000.0,15000.0,86.74
20003801931,K000389,Ro Khanna,Democrat,House,CA,YUM BRANDS  Inc,YUM:US,2026-08-12,2026-07-07,31.0,Child,sell,1K–15K,1000.0,15000.0,167.49
20003801932,K000389,Ro Khanna,Democrat,House,CA,Charter Communications Inc,CHTR:US,2026-08-12,2026-07-07,31.0,Child,sell,1K–15K,1000.0,15000.0,138.02
20003801933,K000389,Ro Khanna,Democrat,House,CA,ROLLINS Inc,ROL:US,2026-08-12,2026-07-07,31.0,Child,sell,1K–15K,1000.0,15000.0,43.62
20003801934,K000389,Ro Khanna,Democrat,House,CA,Copart Inc,CPRT:US,2026-08-12,2026-07-07,31.0,Child,sell,1K–15K,1000.0,15000.0,29.27
20003801935,K000389,Ro Khanna,Democrat,House,CA,Microchip Technology Inc,MCHP:US,2026-08-12,2026-07-07,31.0,Child,sell,1K–15K,1000.0,15000.0,84.15
20003801936,K000389,Ro Khanna,Democrat,House,CA,CRH PLC,CRH:US,2026-08-12,2026-07-07,31.0,Child,sell,1K–15K,1000.0,15000.0,
20003801937,K000389,Ro Khanna,Democrat,House,CA,ON Semiconductor Corp,ON:US,2026-08-12,2026-07-07,31.0,Child,sell,1K–15K,1000.0,15000.0,91.1
20003801938,K000389,Ro Khanna,Democrat,House,CA,Tractor Supply Co,TSCO:US,2026-08-12,2026-07-07,31.0,Child,sell,1K–15K,1000.0,15000.0,30.43
20003801939,K000389,Ro Khanna,Democrat,House,CA,Crown Castle International Corp,CCI:US,2026-08-12,2026-07-07,31.0,Child,sell,1K–15K,1000.0,15000.0,77.22
20003801940,K000389,Ro Khanna,Democrat,House,CA,Cognizant Technology Solutions Corp,CTSH:US,2026-08-12,2026-07-07,31.0,Child,sell,1K–15K,1000.0,15000.0,43.94
20003801941,K000389,Ro Khanna,Democrat,House,CA,MSCI Inc,MSCI:US,2026-08-12,2026-07-07,31.0,Child,sell,1K–15K,1000.0,15000.0,608.09
20003801942,K000389,Ro Khanna,Democrat,House,CA,The Toronto-Dominion Bank,TD:US,2026-08-12,2026-07-16,22.0,Spouse,buy,50K–100K,50000.0,100000.0,
20003801943,K000389,Ro Khanna,Democrat,House,CA,Visa Inc,V:US,2026-08-12,2026-07-20,18.0,Spouse,buy,15K–50K,15000.0,50000.0,360.57
20003801944,K000389,Ro Khanna,Democrat,House,CA,The Kroger Co,KR:US,2026-08-12,2026-07-20,18.0,Spouse,buy,1K–15K,1000.0,15000.0,58.36
20003801945,K000389,Ro Khanna,Democrat,House,CA,Schwab (Charles) Corp,SCHW:US,2026-08-12,2026-07-20,18.0,Spouse,buy,1K–15K,1000.0,15000.0,102.54
20003801946,K000389,Ro Khanna,Democrat,House,CA,Chewy Inc,CHWY:US,2026-08-12,2026-07-23,15.0,Spouse,buy,1K–15K,1000.0,15000.0,20.46
20003801947,K000389,Ro Khanna,Democrat,House,CA,Sysco Corporation,SYY:US,2026-08-12,2026-07-20,18.0,Spouse,buy,1K–15K,1000.0,15000.0,80.78
20003801948,K000389,Ro Khanna,Democrat,House,CA,Gilead Sciences Inc,GILD:US,2026-08-12,2026-07-20,18.0,Spouse,buy,1K–15K,1000.0,15000.0,133.21
20003801949,K000389,Ro Khanna,Democrat,House,CA,The Home Depot Inc,HD:US,2026-08-12,2026-07-20,18.0,Spouse,buy,1K–15K,1000.0,15000.0,333.04
20003801950,K000389,Ro Khanna,Democrat,House,CA,NextEra Energy Inc,NEE:US,2026-08-12,2026-07-20,18.0,Spouse,buy,1K–15K,1000.0,15000.0,88.0
20003801951,K000389,Ro Khanna,Democrat,House,CA,Comcast Corp,CMCSA:US,2026-08-12,2026-07-20,18.0,Spouse,buy,1K–15K,1000.0,15000.0,23.78
20003801952,K000389,Ro Khanna,Democrat,House,CA,Air Products and Chemicals Inc,APD:US,2026-08-12,2026-07-20,18.0,Spouse,buy,1K–15K,1000.0,15000.0,296.63
20003801953,K000389,Ro Khanna,Democrat,House,CA,Texas Instruments Inc,TXN:US,2026-08-12,2026-07-20,18.0,Spouse,buy,1K–15K,1000.0,15000.0,284.07
20003801954,K000389,Ro Khanna,Democrat,House,CA,salesforce.com Inc,CRM:US,2026-08-12,2026-07-20,18.0,Spouse,buy,1K–15K,1000.0,15000.0,173.79
20003801955,K000389,Ro Khanna,Democrat,House,CA,Tesla Inc,TSLA:US,2026-08-12,2026-07-20,18.0,Spouse,buy,1K–15K,1000.0,15000.0,369.57
20003801956,K000389,Ro Khanna,Democrat,House,CA,CME Group Inc,CME:US,2026-08-12,2026-07-20,18.0,Spouse,buy,1K–15K,1000.0,15000.0,245.11
20003801957,K000389,Ro Khanna,Democrat,House,CA,Digital Realty Trust Inc,DLR:US,2026-08-12,2026-07-20,18.0,Spouse,buy,1K–15K,1000.0,15000.0,176.25
20003801958,K000389,Ro Khanna,Democrat,House,CA,The Procter & Gamble Co,PG:US,2026-08-12,2026-07-20,18.0,Spouse,buy,1K–15K,1000.0,15000.0,149.13
20003801959,K000389,Ro Khanna,Democrat,House,CA,GE HEALTHCARE TECHNOLOGI INC,GEHC:US,2026-08-12,2026-07-30,8.0,Spouse,buy,1K–15K,1000.0,15000.0,69.94
20003801960,K000389,Ro Khanna,Democrat,House,CA,Uber Technologies Inc,UBER:US,2026-08-12,2026-07-23,15.0,Spouse,buy,1K–15K,1000.0,15000.0,68.91
20003801961,K000389,Ro Khanna,Democrat,House,CA,Johnson & Johnson,JNJ:US,2026-08-12,2026-07-20,18.0,Spouse,buy,1K–15K,1000.0,15000.0,248.82
20003801962,K000389,Ro Khanna,Democrat,House,CA,GE HEALTHCARE TECHNOLOGI INC,GEHC:US,2026-08-12,2026-07-06,32.0,Spouse,buy,1K–15K,1000.0,15000.0,64.84
20003801963,K000389,Ro Khanna,Democrat,House,CA,International Business Machines Corp,IBM:US,2026-08-12,2026-07-20,18.0,Spouse,buy,1K–15K,1000.0,15000.0,213.0
20003801964,K000389,Ro Khanna,Democrat,House,CA,Dollar General Corporation,DG:US,2026-08-12,2026-07-20,18.0,Spouse,buy,1K–15K,1000.0,15000.0,124.75
20003801965,K000389,Ro Khanna,Democrat,House,CA,Chewy Inc,CHWY:US,2026-08-12,2026-07-14,24.0,Spouse,buy,1K–15K,1000.0,15000.0,20.35
20003801966,K000389,Ro Khanna,Democrat,House,CA,Nike Inc,NKE:US,2026-08-12,2026-07-20,18.0,Spouse,buy,1K–15K,1000.0,15000.0,43.47
20003801967,K000389,Ro Khanna,Democrat,House,CA,Chewy Inc,CHWY:US,2026-08-12,2026-07-13,25.0,Spouse,buy,1K–15K,1000.0,15000.0,20.32
20003801968,K000389,Ro Khanna,Democrat,House,CA,AT&T Inc,T:US,2026-08-12,2026-07-20,18.0,Spouse,buy,1K–15K,1000.0,15000.0,21.95
20003801969,K000389,Ro Khanna,Democrat,House,CA,Marvell Technology Inc,MRVL:US,2026-08-12,2026-07-20,18.0,Spouse,buy,1K–15K,1000.0,15000.0,194.94
20003801970,K000389,Ro Khanna,Democrat,House,CA,The Walt Disney Co,DIS:US,2026-08-12,2026-07-20,18.0,Spouse,buy,1K–15K,1000.0,15000.0,96.41
20003801971,K000389,Ro Khanna,Democrat,House,CA,Target Corp,TGT:US,2026-08-12,2026-07-20,18.0,Spouse,buy,1K–15K,1000.0,15000.0,139.59
20003801972,K000389,Ro Khanna,Democrat,House,CA,Boston Scientific Corp,BSX:US,2026-08-12,2026-07-20,18.0,Spouse,buy,1K–15K,1000.0,15000.0,43.77
20003801973,K000389,Ro Khanna,Democrat,House,CA,Blackrock Inc,BLK:US,2026-08-12,2026-07-20,18.0,Spouse,buy,1K–15K,1000.0,15000.0,1054.11
20003801974,K000389,Ro Khanna,Democrat,House,CA,Linde PLC,LIN:US,2026-08-12,2026-07-20,18.0,Spouse,buy,1K–15K,1000.0,15000.0,512.05
20003801975,K000389,Ro Khanna,Democrat,House,CA,GE HEALTHCARE TECHNOLOGI INC,GEHC:US,2026-08-12,2026-07-02,36.0,Spouse,buy,1K–15K,1000.0,15000.0,65.57
20003801976,K000389,Ro Khanna,Democrat,House,CA,Uber Technologies Inc,UBER:US,2026-08-12,2026-07-29,9.0,Spouse,buy,1K–15K,1000.0,15000.0,71.2
20003801977,K000389,Ro Khanna,Democrat,House,CA,McKesson Corp,MCK:US,2026-08-12,2026-07-20,18.0,Spouse,buy,1K–15K,1000.0,15000.0,831.46
20003801978,K000389,Ro Khanna,Democrat,House,CA,Microchip Technology Inc,MCHP:US,2026-08-12,2026-07-20,18.0,Spouse,buy,1K–15K,1000.0,15000.0,80.51
20003801979,K000389,Ro Khanna,Democrat,House,CA,Chewy Inc,CHWY:US,2026-08-12,2026-07-30,8.0,Spouse,buy,1K–15K,1000.0,15000.0,22.82
20003801980,K000389,Ro Khanna,Democrat,House,CA,Arista Networks Inc,ANET:US,2026-08-12,2026-07-20,18.0,Spouse,buy,1K–15K,1000.0,15000.0,169.35
20003801981,K000389,Ro Khanna,Democrat,House,CA,Visa Inc,V:US,2026-08-12,2026-07-08,30.0,Spouse,buy,1K–15K,1000.0,15000.0,347.53
20003801982,K000389,Ro Khanna,Democrat,House,CA,Broadcom Inc,AVGO:US,2026-08-12,2026-07-20,18.0,Spouse,buy,1K–15K,1000.0,15000.0,378.16
20003801983,K000389,Ro Khanna,Democrat,House,CA,HCA Healthcare Inc,HCA:US,2026-08-12,2026-07-20,18.0,Spouse,buy,1K–15K,1000.0,15000.0,370.42
20003801984,K000389,Ro Khanna,Democrat,House,CA,Amgen Inc,AMGN:US,2026-08-12,2026-07-08,30.0,Spouse,buy,1K–15K,1000.0,15000.0,367.99
20003801985,K000389,Ro Khanna,Democrat,House,CA,Uber Technologies Inc,UBER:US,2026-08-12,2026-07-06,32.0,Spouse,buy,1K–15K,1000.0,15000.0,72.42
20003801986,K000389,Ro Khanna,Democrat,House,CA,Uber Technologies Inc,UBER:US,2026-08-12,2026-07-21,17.0,Spouse,buy,1K–15K,1000.0,15000.0,71.55
20003801987,K000389,Ro Khanna,Democrat,House,CA,Palantir Technologies Inc,PLTR:US,2026-08-12,2026-07-20,18.0,Spouse,buy,1K–15K,1000.0,15000.0,134.85
20003801988,K000389,Ro Khanna,Democrat,House,CA,Cisco Systems Inc,CSCO:US,2026-08-12,2026-07-20,18.0,Spouse,buy,1K–15K,1000.0,15000.0,110.7
20003801989,K000389,Ro Khanna,Democrat,House,CA,Constellation Brands Inc,STZ:US,2026-08-12,2026-07-20,18.0,Spouse,buy,1K–15K,1000.0,15000.0,134.36
20003801990,K000389,Ro Khanna,Democrat,House,CA,GE HEALTHCARE TECHNOLOGI INC,GEHC:US,2026-08-12,2026-07-13,25.0,Spouse,buy,1K–15K,1000.0,15000.0,65.31
20003801991,K000389,Ro Khanna,Democrat,House,CA,Uber Technologies Inc,UBER:US,2026-08-12,2026-07-08,30.0,Spouse,buy,1K–15K,1000.0,15000.0,73.6
20003801992,K000389,Ro Khanna,Democrat,House,CA,GE HEALTHCARE TECHNOLOGI INC,GEHC:US,2026-08-12,2026-07-16,22.0,Spouse,buy,1K–15K,1000.0,15000.0,65.7
20003801993,K000389,Ro Khanna,Democrat,House,CA,Leidos Holdings Inc,LDOS:US,2026-08-12,2026-07-20,18.0,Spouse,buy,1K–15K,1000.0,15000.0,107.02
20003801994,K000389,Ro Khanna,Democrat,House,CA,Dollar Tree Inc,DLTR:US,2026-08-12,2026-07-20,18.0,Spouse,buy,1K–15K,1000.0,15000.0,126.38
20003801995,K000389,Ro Khanna,Democrat,House,CA,Merck & Co Inc,MRK:US,2026-08-12,2026-07-08,30.0,Spouse,buy,1K–15K,1000.0,15000.0,125.99
20003801996,K000389,Ro Khanna,Democrat,House,CA,PTC Inc,PTC:US,2026-08-12,2026-07-20,18.0,Spouse,buy,1K–15K,1000.0,15000.0,124.83
20003801997,K000389,Ro Khanna,Democrat,House,CA,PayPal Holdings Inc,PYPL:US,2026-08-12,2026-07-20,18.0,Spouse,buy,1K–15K,1000.0,15000.0,56.82
20003801998,K000389,Ro Khanna,Democrat,House,CA,GE HEALTHCARE TECHNOLOGI INC,GEHC:US,2026-08-12,2026-07-21,17.0,Spouse,buy,1K–15K,1000.0,15000.0,62.04
20003801999,K000389,Ro Khanna,Democrat,House,CA,GE HEALTHCARE TECHNOLOGI INC,GEHC:US,2026-08-12,2026-07-14,24.0,Spouse,buy,1K–15K,1000.0,15000.0,61.66
20003802000,K000389,Ro Khanna,Democrat,House,CA,Molson Coors Beverage Company,TAP:US,2026-08-12,2026-07-20,18.0,Spouse,buy,1K–15K,1000.0,15000.0,41.61
20003802001,K000389,Ro Khanna,Democrat,House,CA,Jabil Inc,JBL:US,2026-08-12,2026-07-20,18.0,Spouse,buy,1K–15K,1000.0,15000.0,305.91
20003802002,K000389,Ro Khanna,Democrat,House,CA,GE HEALTHCARE TECHNOLOGI INC,GEHC:US,2026-08-12,2026-07-23,15.0,Spouse,buy,1K–15K,1000.0,15000.0,61.99
20003802003,K000389,Ro Khanna,Democrat,House,CA,SUPER MICRO COMPUTER INC,SMCI:US,2026-08-12,2026-07-20,18.0,Spouse,buy,1K–15K,1000.0,15000.0,23.83
20003802004,K000389,Ro Khanna,Democrat,House,CA,AutoZone Inc,AZO:US,2026-08-12,2026-07-20,18.0,Spouse,buy,1K–15K,1000.0,15000.0,2994.13
20003802005,K000389,Ro Khanna,Democrat,House,CA,The Mosaic Company,MOS:US,2026-08-12,2026-07-20,18.0,Spouse,buy,1K–15K,1000.0,15000.0,22.41
20003802006,K000389,Ro Khanna,Democrat,House,CA,Carnival Corporation & PLC,CCL:US,2026-08-12,2026-07-20,18.0,Spouse,buy,1K–15K,1000.0,15000.0,26.04
20003802007,K000389,Ro Khanna,Democrat,House,CA,O'Reilly Automotive Inc,ORLY:US,2026-08-12,2026-07-20,18.0,Spouse,buy,1K–15K,1000.0,15000.0,84.53
20003802008,K000389,Ro Khanna,Democrat,House,CA,Intuit Inc,INTU:US,2026-08-12,2026-07-20,18.0,Spouse,buy,1K–15K,1000.0,15000.0,293.82
20003802009,K000389,Ro Khanna,Democrat,House,CA,GE HEALTHCARE TECHNOLOGI INC,GEHC:US,2026-08-12,2026-07-08,30.0,Spouse,buy,1K–15K,1000.0,15000.0,64.68
20003802010,K000389,Ro Khanna,Democrat,House,CA,Fortive Corp,FTV:US,2026-08-12,2026-07-20,18.0,Spouse,buy,1K–15K,1000.0,15000.0,60.99
20003802011,K000389,Ro Khanna,Democrat,House,CA,Uber Technologies Inc,UBER:US,2026-08-12,2026-07-14,24.0,Spouse,buy,1K–15K,1000.0,15000.0,72.08
20003802012,K000389,Ro Khanna,Democrat,House,CA,The Coca-Cola Co,KO:US,2026-08-12,2026-07-20,18.0,Spouse,buy,1K–15K,1000.0,15000.0,82.12
20003802013,K000389,Ro Khanna,Democrat,House,CA,SBA Communications Corp,SBAC:US,2026-08-12,2026-07-20,18.0,Spouse,buy,1K–15K,1000.0,15000.0,181.97
20003802014,K000389,Ro Khanna,Democrat,House,CA,Chewy Inc,CHWY:US,2026-08-12,2026-07-22,16.0,Spouse,buy,1K–15K,1000.0,15000.0,21.52
20003802015,K000389,Ro Khanna,Democrat,House,CA,CONSTELLATION ENE CORP,CEG:US,2026-08-12,2026-07-20,18.0,Spouse,buy,1K–15K,1000.0,15000.0,253.5
20003802016,K000389,Ro Khanna,Democrat,House,CA,Garmin Ltd,GRMN:US,2026-08-12,2026-07-20,18.0,Spouse,buy,1K–15K,1000.0,15000.0,244.79
20003802017,K000389,Ro Khanna,Democrat,House,CA,Adobe Inc,ADBE:US,2026-08-12,2026-07-20,18.0,Spouse,buy,1K–15K,1000.0,15000.0,234.74
20003802018,K000389,Ro Khanna,Democrat,House,CA,Chewy Inc,CHWY:US,2026-08-12,2026-07-21,17.0,Spouse,buy,1K–15K,1000.0,15000.0,21.51
20003802019,K000389,Ro Khanna,Democrat,House,CA,Uber Technologies Inc,UBER:US,2026-08-12,2026-07-09,29.0,Spouse,buy,1K–15K,1000.0,15000.0,74.35
20003802020,K000389,Ro Khanna,Democrat,House,CA,Costco Wholesale Corp,COST:US,2026-08-12,2026-07-20,18.0,Spouse,sell,50K–100K,50000.0,100000.0,935.8
20003802021,K000389,Ro Khanna,Democrat,House,CA,Verizon Communications Inc,VZ:US,2026-08-12,2026-07-20,18.0,Spouse,sell,15K–50K,15000.0,50000.0,43.5
20003802022,K000389,Ro Khanna,Democrat,House,CA,Walmart Inc,WMT:US,2026-08-12,2026-07-20,18.0,Spouse,sell,15K–50K,15000.0,50000.0,112.2
20003802023,K000389,Ro Khanna,Democrat,House,CA,McDonald's Corp,MCD:US,2026-08-12,2026-07-20,18.0,Spouse,sell,15K–50K,15000.0,50000.0,267.64
20003802024,K000389,Ro Khanna,Democrat,House,CA,Lowe's Cos Inc,LOW:US,2026-08-12,2026-07-20,18.0,Spouse,sell,15K–50K,15000.0,50000.0,204.71
20003802025,K000389,Ro Khanna,Democrat,House,CA,Albertsons Cos Inc,ACI:US,2026-08-12,2026-07-23,15.0,Spouse,sell,15K–50K,15000.0,50000.0,11.44
20003802026,K000389,Ro Khanna,Democrat,House,CA,Pinterest Inc,PINS:US,2026-08-12,2026-07-30,8.0,Spouse,sell,15K–50K,15000.0,50000.0,24.43
20003802027,K000389,Ro Khanna,Democrat,House,CA,Zimmer Biomet Holdings Inc,ZBH:US,2026-08-12,2026-07-06,32.0,Spouse,sell,15K–50K,15000.0,50000.0,89.76
20003802028,K000389,Ro Khanna,Democrat,House,CA,QUALCOMM Inc,QCOM:US,2026-08-12,2026-07-20,18.0,Spouse,sell,15K–50K,15000.0,50000.0,170.32
20003802029,K000389,Ro Khanna,Democrat,House,CA,TENABLE HOLDINGS INC,TENB:US,2026-08-12,2026-07-06,32.0,Spouse,sell,1K–15K,1000.0,15000.0,41.29
20003802030,K000389,Ro Khanna,Democrat,House,CA,Oracle Corp,ORCL:US,2026-08-12,2026-07-20,18.0,Spouse,sell,1K–15K,1000.0,15000.0,121.38
20003802031,K000389,Ro Khanna,Democrat,House,CA,MAPLEBEAR INC,CART:US,2026-08-12,2026-07-13,25.0,Spouse,sell,1K–15K,1000.0,15000.0,48.28
20003802032,K000389,Ro Khanna,Democrat,House,CA,Zimmer Biomet Holdings Inc,ZBH:US,2026-08-12,2026-07-23,15.0,Spouse,sell,1K–15K,1000.0,15000.0,89.65
20003802033,K000389,Ro Khanna,Democrat,House,CA,MongoDB Inc,MDB:US,2026-08-12,2026-07-20,18.0,Spouse,sell,1K–15K,1000.0,15000.0,323.36
20003802034,K000389,Ro Khanna,Democrat,House,CA,Topgolf Callaway Brands Corp,MODG:US,2026-08-12,2026-07-20,18.0,Spouse,sell,1K–15K,1000.0,15000.0,18.92
20003802035,K000389,Ro Khanna,Democrat,House,CA,Penn National Gaming Inc,PENN:US,2026-08-12,2026-07-16,22.0,Spouse,sell,1K–15K,1000.0,15000.0,21.27
20003802036,K000389,Ro Khanna,Democrat,House,CA,TENABLE HOLDINGS INC,TENB:US,2026-08-12,2026-07-01,37.0,Spouse,sell,1K–15K,1000.0,15000.0,37.9
20003802037,K000389,Ro Khanna,Democrat,House,CA,Cognizant Technology Solutions Corp,CTSH:US,2026-08-12,2026-07-20,18.0,Spouse,sell,1K–15K,1000.0,15000.0,44.64
20003802038,K000389,Ro Khanna,Democrat,House,CA,Gartner Inc,IT:US,2026-08-12,2026-07-20,18.0,Spouse,sell,1K–15K,1000.0,15000.0,141.06
20003802039,K000389,Ro Khanna,Democrat,House,CA,CoStar Group Inc,CSGP:US,2026-08-12,2026-07-20,18.0,Spouse,sell,1K–15K,1000.0,15000.0,29.68
20003802040,K000389,Ro Khanna,Democrat,House,CA,PepsiCo Inc,PEP:US,2026-08-12,2026-07-20,18.0,Spouse,sell,1K–15K,1000.0,15000.0,135.46
20003802041,K000389,Ro Khanna,Democrat,House,CA,Ecolab Inc,ECL:US,2026-08-12,2026-07-20,18.0,Spouse,sell,1K–15K,1000.0,15000.0,268.65
20003802042,K000389,Ro Khanna,Democrat,House,CA,Charter Communications Inc,CHTR:US,2026-08-12,2026-07-20,18.0,Spouse,sell,1K–15K,1000.0,15000.0,129.16
20003802043,K000389,Ro Khanna,Democrat,House,CA,Topgolf Callaway Brands Corp,MODG:US,2026-08-12,2026-07-22,16.0,Spouse,sell,1K–15K,1000.0,15000.0,18.36
20003802044,K000389,Ro Khanna,Democrat,House,CA,American Tower Corp,AMT:US,2026-08-12,2026-07-20,18.0,Spouse,sell,1K–15K,1000.0,15000.0,167.06
20003802045,K000389,Ro Khanna,Democrat,House,CA,Micron Technology Inc,MU:US,2026-08-12,2026-07-06,32.0,Spouse,sell,1K–15K,1000.0,15000.0,984.75
20003802046,K000389,Ro Khanna,Democrat,House,CA,Lennar Corp,LEN:US,2026-08-12,2026-07-20,18.0,Spouse,sell,1K–15K,1000.0,15000.0,82.9
20003802047,K000389,Ro Khanna,Democrat,House,CA,Zimmer Biomet Holdings Inc,ZBH:US,2026-08-12,2026-07-13,25.0,Spouse,sell,1K–15K,1000.0,15000.0,94.08
20003802048,K000389,Ro Khanna,Democrat,House,CA,Crown Castle International Corp,CCI:US,2026-08-12,2026-07-20,18.0,Spouse,sell,1K–15K,1000.0,15000.0,78.18
20003802049,K000389,Ro Khanna,Democrat,House,CA,Micron Technology Inc,MU:US,2026-08-12,2026-07-08,30.0,Spouse,sell,1K–15K,1000.0,15000.0,948.8
20003802050,K000389,Ro Khanna,Democrat,House,CA,TENABLE HOLDINGS INC,TENB:US,2026-08-12,2026-07-07,31.0,Spouse,sell,1K–15K,1000.0,15000.0,40.62
20003802051,K000389,Ro Khanna,Democrat,House,CA,TENABLE HOLDINGS INC,TENB:US,2026-08-12,2026-07-13,25.0,Spouse,sell,1K–15K,1000.0,15000.0,39.2
20003802052,K000389,Ro Khanna,Democrat,House,CA,Elevance Health Inc,ELV:US,2026-08-12,2026-07-20,18.0,Spouse,sell,1K–15K,1000.0,15000.0,382.23
20003802053,K000389,Ro Khanna,Democrat,House,CA,Penn National Gaming Inc,PENN:US,2026-08-12,2026-07-09,29.0,Spouse,sell,1K–15K,1000.0,15000.0,20.69
20003802054,K000389,Ro Khanna,Democrat,House,CA,Topgolf Callaway Brands Corp,MODG:US,2026-08-12,2026-07-30,8.0,Spouse,sell,1K–15K,1000.0,15000.0,18.53
20003802055,K000389,Ro Khanna,Democrat,House,CA,Amgen Inc,AMGN:US,2026-08-12,2026-07-20,18.0,Spouse,sell,1K–15K,1000.0,15000.0,364.17
20003802056,K000389,Ro Khanna,Democrat,House,CA,Intuitive Surgical Inc,ISRG:US,2026-08-12,2026-07-20,18.0,Spouse,sell,1K–15K,1000.0,15000.0,353.17
20003802057,K000389,Ro Khanna,Democrat,House,CA,Zoetis Inc,ZTS:US,2026-08-12,2026-07-20,18.0,Spouse,sell,1K–15K,1000.0,15000.0,76.2
20003802058,K000389,Ro Khanna,Democrat,House,CA,Honeywell International Inc,HON:US,2026-08-12,2026-07-20,18.0,Spouse,sell,1K–15K,1000.0,15000.0,226.18
20003802059,K000389,Ro Khanna,Democrat,House,CA,HONEYWELL AEROSPACE INC,HONA:US,2026-08-12,2026-07-08,30.0,Spouse,sell,1K–15K,1000.0,15000.0,224.35
20003802060,K000389,Ro Khanna,Democrat,House,CA,NRG Energy Inc,NRG:US,2026-08-12,2026-07-20,18.0,Spouse,sell,1K–15K,1000.0,15000.0,130.58
20003802061,K000389,Ro Khanna,Democrat,House,CA,Topgolf Callaway Brands Corp,MODG:US,2026-08-12,2026-07-27,11.0,Spouse,sell,1K–15K,1000.0,15000.0,18.27
20003802062,K000389,Ro Khanna,Democrat,House,CA,Vertiv Holdings Co,VRT:US,2026-08-12,2026-07-20,18.0,Spouse,sell,1K–15K,1000.0,15000.0,291.67
20003802063,K000389,Ro Khanna,Democrat,House,CA,Lululemon Athletica Inc,LULU:US,2026-08-12,2026-07-20,18.0,Spouse,sell,1K–15K,1000.0,15000.0,116.67
20003802064,K000389,Ro Khanna,Democrat,House,CA,ROLLINS Inc,ROL:US,2026-08-12,2026-07-20,18.0,Spouse,sell,1K–15K,1000.0,15000.0,44.74
20003802065,K000389,Ro Khanna,Democrat,House,CA,The Trade Desk Inc,TTD:US,2026-08-12,2026-07-20,18.0,Spouse,sell,1K–15K,1000.0,15000.0,18.64
20003802066,K000389,Ro Khanna,Democrat,House,CA,Coherent Corp,COHR:US,2026-08-12,2026-07-20,18.0,Spouse,sell,1K–15K,1000.0,15000.0,285.4
20003802067,K000389,Ro Khanna,Democrat,House,CA,Cigna Corp,CI:US,2026-08-12,2026-07-20,18.0,Spouse,sell,1K–15K,1000.0,15000.0,283.94
20003802068,K000389,Ro Khanna,Democrat,House,CA,Intercontinental Exchange Inc,ICE:US,2026-08-12,2026-07-20,18.0,Spouse,sell,1K–15K,1000.0,15000.0,141.57
20003802069,K000389,Ro Khanna,Democrat,House,CA,Emerson Electric Co,EMR:US,2026-08-12,2026-07-20,18.0,Spouse,sell,1K–15K,1000.0,15000.0,136.58
20003802070,K000389,Ro Khanna,Democrat,House,CA,Paramount Global Inc,PSKY:US,2026-08-12,2026-07-20,18.0,Spouse,sell,1K–15K,1000.0,15000.0,8.57
20003802071,K000389,Ro Khanna,Democrat,House,CA,DuPont  De Nemours Inc,DD:US,2026-08-12,2026-07-20,18.0,Spouse,sell,1K–15K,1000.0,15000.0,135.75
20003802072,K000389,Ro Khanna,Democrat,House,CA,Fastenal Co,FAST:US,2026-08-12,2026-07-20,18.0,Spouse,sell,1K–15K,1000.0,15000.0,44.76
20003802073,K000389,Ro Khanna,Democrat,House,CA,Coinbase Global Inc,COIN:US,2026-08-12,2026-07-20,18.0,Spouse,sell,1K–15K,1000.0,15000.0,160.43
20003802074,K000389,Ro Khanna,Democrat,House,CA,Apollo Global Management Inc,APO:US,2026-08-12,2026-07-20,18.0,Spouse,sell,1K–15K,1000.0,15000.0,118.24
20003802075,K000389,Ro Khanna,Democrat,House,CA,Albemarle Corp,ALB:US,2026-08-12,2026-07-20,18.0,Spouse,sell,1K–15K,1000.0,15000.0,118.2
20003802076,K000389,Ro Khanna,Democrat,House,CA,Topgolf Callaway Brands Corp,MODG:US,2026-08-12,2026-07-21,17.0,Spouse,sell,1K–15K,1000.0,15000.0,18.36
20003802077,K000389,Ro Khanna,Democrat,House,CA,TENABLE HOLDINGS INC,TENB:US,2026-08-12,2026-07-09,29.0,Spouse,sell,1K–15K,1000.0,15000.0,41.37
20003802078,K000389,Ro Khanna,Democrat,House,CA,Motorola Solutions Inc,MSI:US,2026-08-12,2026-07-20,18.0,Spouse,sell,1K–15K,1000.0,15000.0,410.43
20003802079,K000389,Ro Khanna,Democrat,House,CA,TENABLE HOLDINGS INC,TENB:US,2026-08-12,2026-07-02,36.0,Spouse,sell,1K–15K,1000.0,15000.0,38.6
20003802080,K000389,Ro Khanna,Democrat,House,CA,BOFA FINANCE LLC,,2026-08-12,2026-07-16,22.0,Spouse,buy,100K–250K,100000.0,250000.0,
20003802081,K000389,Ro Khanna,Democrat,House,CA,Mizuho Financial Group Inc,MFG:US,2026-08-12,2026-07-10,28.0,Spouse,buy,15K–50K,15000.0,50000.0,10.48
20003802082,K000389,Ro Khanna,Democrat,House,CA,"Axa, Paris",AXAHY:US,2026-08-12,2026-07-10,28.0,Spouse,buy,15K–50K,15000.0,50000.0,50.57
20003802083,K000389,Ro Khanna,Democrat,House,CA,iShares International Equity- ETFs  iShares MSCI Japan ETF,EWJ:US,2026-08-12,2026-07-10,28.0,Spouse,buy,15K–50K,15000.0,50000.0,94.55
20003802084,K000389,Ro Khanna,Democrat,House,CA,3I GROUP PLC,TGOPY:US,2026-08-12,2026-07-10,28.0,Spouse,buy,1K–15K,1000.0,15000.0,9.07
20003802085,K000389,Ro Khanna,Democrat,House,CA,Rio Tinto Group,RIO:US,2026-08-12,2026-07-10,28.0,Spouse,buy,1K–15K,1000.0,15000.0,90.54
20003802086,K000389,Ro Khanna,Democrat,House,CA,Coca-Cola Europacific Partners PLC,CCEP:US,2026-08-12,2026-07-10,28.0,Spouse,buy,1K–15K,1000.0,15000.0,
20003802087,K000389,Ro Khanna,Democrat,House,CA,UBS Group AG,UBS:US,2026-08-12,2026-07-10,28.0,Spouse,buy,1K–15K,1000.0,15000.0,52.08
20003802088,K000389,Ro Khanna,Democrat,House,CA,Sumitomo Mitsui Financial Group Inc,SMFG:US,2026-08-12,2026-07-10,28.0,Spouse,buy,1K–15K,1000.0,15000.0,
20003802089,K000389,Ro Khanna,Democrat,House,CA,CBOE MINI SPX INDEX,XSP:US,2026-08-12,2026-07-23,15.0,Spouse,sell,1K–15K,1000.0,15000.0,
20003802090,K000389,Ro Khanna,Democrat,House,CA,CBOE MINI SPX INDEX,XSP:US,2026-08-12,2026-07-31,7.0,Spouse,sell,1K–15K,1000.0,15000.0,
20003802091,K000389,Ro Khanna,Democrat,House,CA,CBOE MINI SPX INDEX,XSP:US,2026-08-12,2026-07-01,37.0,Spouse,sell,1K–15K,1000.0,15000.0,
20003802092,K000389,Ro Khanna,Democrat,House,CA,CBOE MINI SPX INDEX,XSP:US,2026-08-12,2026-07-09,29.0,Spouse,sell,1K–15K,1000.0,15000.0,
20003802093,K000389,Ro Khanna,Democrat,House,CA,Sony Group Corporation,SONY:US,2026-08-12,2026-07-10,28.0,Spouse,sell,15K–50K,15000.0,50000.0,20.85
20003802094,K000389,Ro Khanna,Democrat,House,CA,Sumitomo Mitsui Financial Group Inc,SMFG:US,2026-08-12,2026-07-10,28.0,Spouse,sell,15K–50K,15000.0,50000.0,25.74
20003802095,K000389,Ro Khanna,Democrat,House,CA,RELX PLC,RELX:US,2026-08-12,2026-07-10,28.0,Spouse,sell,15K–50K,15000.0,50000.0,32.44
20003802096,K000389,Ro Khanna,Democrat,House,CA,Capgemini SE,CGEMY:US,2026-08-12,2026-07-10,28.0,Spouse,sell,1K–15K,1000.0,15000.0,20.32
20003802097,K000389,Ro Khanna,Democrat,House,CA,ABB Ltd,ABB:US,2026-08-12,2026-07-10,28.0,Spouse,sell,1K–15K,1000.0,15000.0,103.45
20003802098,K000389,Ro Khanna,Democrat,House,CA,CITY OF CLEVELAND OHIO,,2026-08-12,2026-07-08,30.0,Child,buy,15K–50K,15000.0,50000.0,
20003802099,K000389,Ro Khanna,Democrat,House,CA,ON Semiconductor Corp,ON:US,2026-08-12,2026-07-27,11.0,Child,buy,1K–15K,1000.0,15000.0,89.04
20003802100,K000389,Ro Khanna,Democrat,House,CA,STATE OF OHIO,,2026-08-12,2026-07-01,37.0,Child,buy,1K–15K,1000.0,15000.0,
20003802101,K000389,Ro Khanna,Democrat,House,CA,OHIO WATER DEVELOPMENT AUTHORITY,,2026-08-12,2026-07-15,23.0,Child,buy,1K–15K,1000.0,15000.0,
20003802102,K000389,Ro Khanna,Democrat,House,CA,NORTHEAST OHIO REGIONAL SEWER DISTRICT,,2026-08-12,2026-07-14,24.0,Child,buy,1K–15K,1000.0,15000.0,
20003802103,K000389,Ro Khanna,Democrat,House,CA,OHIO WATER DEVELOPMENT AUTHORITY,,2026-08-12,2026-07-14,24.0,Child,buy,1K–15K,1000.0,15000.0,
20003802104,K000389,Ro Khanna,Democrat,House,CA,CITY OF CLEVELAND OHIO,,2026-08-12,2026-07-10,28.0,Child,buy,1K–15K,1000.0,15000.0,
20003802105,K000389,Ro Khanna,Democrat,House,CA,Monolithic Power Systems Inc,MPWR:US,2026-08-12,2026-07-27,11.0,Child,buy,1K–15K,1000.0,15000.0,1339.08
20003802106,K000389,Ro Khanna,Democrat,House,CA,STATE OF OHIO,,2026-08-12,2026-07-08,30.0,Child,buy,1K–15K,1000.0,15000.0,
20003802107,K000389,Ro Khanna,Democrat,House,CA,OHIO WATER DEVELOPMENT AUTHORITY,,2026-08-12,2026-07-06,32.0,Child,buy,1K–15K,1000.0,15000.0,
20003802108,K000389,Ro Khanna,Democrat,House,CA,ARM HOLDINGS PLC,ARM:US,2026-08-12,2026-07-24,14.0,Child,buy,1K–15K,1000.0,15000.0,260.01
20003802109,K000389,Ro Khanna,Democrat,House,CA,Marvell Technology Inc,MRVL:US,2026-08-12,2026-07-24,14.0,Child,buy,1K–15K,1000.0,15000.0,194.23
20003802110,K000389,Ro Khanna,Democrat,House,CA,NORTH SLOPE BOROUGH ALASKA,,2026-08-12,2026-07-08,30.0,Child,buy,1K–15K,1000.0,15000.0,
20003802111,K000389,Ro Khanna,Democrat,House,CA,Advanced Micro Devices Inc,AMD:US,2026-08-12,2026-07-24,14.0,Child,sell,1K–15K,1000.0,15000.0,521.95
20003802112,K000389,Ro Khanna,Democrat,House,CA,Caterpillar Inc,CAT:US,2026-08-12,2026-07-27,11.0,Child,sell,1K–15K,1000.0,15000.0,873.28
20003802113,K000389,Ro Khanna,Democrat,House,CA,nVent Electric PLC,NVT:US,2026-08-12,2026-07-27,11.0,Child,sell,1K–15K,1000.0,15000.0,149.29
20003802114,K000389,Ro Khanna,Democrat,House,CA,GEVO INC,GEVO:US,2026-08-12,2026-07-27,11.0,Child,sell,1K–15K,1000.0,15000.0,1.57
20003801836,K000376,Mike Kelly,Republican,House,PA,Abbott Laboratories,ABT:US,2026-08-12,2026-07-17,26.0,Spouse,sell,1K–15K,1000.0,15000.0,100.68
20003801838,K000376,Mike Kelly,Republican,House,PA,FLORIDA HOUSING FINANCE AGENCY,,2026-08-12,2026-07-01,42.0,Spouse,sell,1K–15K,1000.0,15000.0,
20003801839,K000376,Mike Kelly,Republican,House,PA,PepsiCo Inc,PEP:US,2026-08-12,2026-07-17,26.0,Spouse,sell,15K–50K,15000.0,50000.0,137.12
20003801840,K000376,Mike Kelly,Republican,House,PA,The Walt Disney Co,DIS:US,2026-08-12,2026-07-17,26.0,Spouse,sell,1K–15K,1000.0,15000.0,97.67
20003801835,D000617,Suzan DelBene,Democrat,House,WA,FORT BEND INDEPENDENT SCHOOL DISTRICT,,2026-08-12,2026-07-23,19.0,Joint,buy,250K–500K,250000.0,500000.0,
20003801831,M001239,John McGuire,Republican,House,VA,Applied Materials Inc,AMAT:US,2026-08-11,2026-07-15,26.0,Spouse,buy,1K–15K,1000.0,15000.0,579.43
20003801832,M001239,John McGuire,Republican,House,VA,Blackrock Inc,BLK:US,2026-08-11,2026-07-10,31.0,Spouse,sell,1K–15K,1000.0,15000.0,1036.11
20003801833,M001239,John McGuire,Republican,House,VA,Blackrock Inc,BLK:US,2026-08-11,2026-07-14,27.0,Spouse,sell,1K–15K,1000.0,15000.0,1025.44
20003801834,M001239,John McGuire,Republican,House,VA,Palo Alto Networks Inc,PANW:US,2026-08-11,2026-07-31,10.0,Spouse,sell,1K–15K,1000.0,15000.0,331.83
20003801804,G000583,Josh Gottheimer,Democrat,House,NJ,Alphabet Inc,GOOGL:US,2026-08-11,2026-07-24,17.0,Joint,buy,1K–15K,1000.0,15000.0,
20003801805,G000583,Josh Gottheimer,Democrat,House,NJ,Alphabet Inc,GOOGL:US,2026-08-11,2026-07-23,18.0,Joint,buy,1K–15K,1000.0,15000.0,
20003801806,G000583,Josh Gottheimer,Democrat,House,NJ,Alphabet Inc,GOOGL:US,2026-08-11,2026-07-24,17.0,Joint,buy,1K–15K,1000.0,15000.0,
20003801807,G000583,Josh Gottheimer,Democrat,House,NJ,Chart Industries Inc,GTLS:US,2026-08-11,2026-07-17,24.0,Joint,sell,1K–15K,1000.0,15000.0,
20003801808,G000583,Josh Gottheimer,Democrat,House,NJ,CrowdStrike Holdings Inc,CRWD:US,2026-08-11,2026-07-15,26.0,Joint,buy,1K–15K,1000.0,15000.0,206.77
20003801809,G000583,Josh Gottheimer,Democrat,House,NJ,Crown Castle International Corp,CCI:US,2026-08-11,2026-07-23,18.0,Joint,sell,1K–15K,1000.0,15000.0,74.57
20003801810,G000583,Josh Gottheimer,Democrat,House,NJ,FABRINET,FN:US,2026-08-11,2026-07-14,27.0,Joint,sell,1K–15K,1000.0,15000.0,482.78
20003801811,G000583,Josh Gottheimer,Democrat,House,NJ,International Business Machines Corp,IBM:US,2026-08-11,2026-07-15,26.0,Joint,sell,1K–15K,1000.0,15000.0,211.2
20003801812,G000583,Josh Gottheimer,Democrat,House,NJ,International Business Machines Corp,IBM:US,2026-08-11,2026-07-16,25.0,Joint,sell,1K–15K,1000.0,15000.0,219.05
20003801813,G000583,Josh Gottheimer,Democrat,House,NJ,Monster Beverage Corp,MNST:US,2026-08-11,2026-07-17,24.0,Joint,buy,1K–15K,1000.0,15000.0,97.5
20003801814,G000583,Josh Gottheimer,Democrat,House,NJ,NICE Ltd,NICE:US,2026-08-11,2026-07-20,21.0,Joint,buy,1K–15K,1000.0,15000.0,101.34
20003801815,G000583,Josh Gottheimer,Democrat,House,NJ,Palo Alto Networks Inc,PANW:US,2026-08-11,2026-07-16,25.0,Joint,buy,1K–15K,1000.0,15000.0,353.99
20003801816,G000583,Josh Gottheimer,Democrat,House,NJ,SAILPOINT TECHNO HLDG,,2026-08-11,2026-07-20,21.0,Joint,buy,1K–15K,1000.0,15000.0,
20003801817,H001082,Kevin Hern,Republican,House,OK,CADDO COUNTY OKLA,,2026-08-11,2026-07-24,17.0,Joint,buy,50K–100K,50000.0,100000.0,
20003801818,H001082,Kevin Hern,Republican,House,OK,Comcast Corp,CMCSA:US,2026-08-11,2026-08-05,5.0,Joint,sell,1K–15K,1000.0,15000.0,24.75
20003801819,H001082,Kevin Hern,Republican,House,OK,Diageo PLC,DEO:US,2026-08-11,2026-08-05,5.0,Joint,sell,1K–15K,1000.0,15000.0,88.43
20003801820,H001082,Kevin Hern,Republican,House,OK,EDMOND OKLA PUB WKS AUTH,,2026-08-11,2026-07-16,25.0,Joint,buy,15K–50K,15000.0,50000.0,
20003801821,H001082,Kevin Hern,Republican,House,OK,The Estee Lauder Cos Inc,EL:US,2026-08-11,2026-08-05,5.0,Joint,sell,1K–15K,1000.0,15000.0,86.96
20003801822,H001082,Kevin Hern,Republican,House,OK,GRAND RIVER DAM AUTHORITY,,2026-08-11,2026-07-20,21.0,Joint,buy,15K–50K,15000.0,50000.0,
20003801823,H001082,Kevin Hern,Republican,House,OK,KENVUE INC,KVUE:US,2026-08-11,2026-08-05,5.0,Joint,sell,1K–15K,1000.0,15000.0,19.67
20003801824,H001082,Kevin Hern,Republican,House,OK,KINGFISHER COUNTY EDUCAIONAL FACILITIES,,2026-08-11,2026-07-20,21.0,Joint,buy,100K–250K,100000.0,250000.0,
20003801825,H001082,Kevin Hern,Republican,House,OK,LAWTON OKLA,,2026-08-11,2026-07-17,24.0,Joint,buy,15K–50K,15000.0,50000.0,
20003801826,H001082,Kevin Hern,Republican,House,OK,Mondelez International Inc,MDLZ:US,2026-08-11,2026-08-05,5.0,Joint,sell,1K–15K,1000.0,15000.0,62.6
20003801827,H001082,Kevin Hern,Republican,House,OK,CITY OF OKLAHOMA CITY,,2026-08-11,2026-07-17,24.0,Joint,buy,15K–50K,15000.0,50000.0,
20003801829,H001082,Kevin Hern,Republican,House,OK,INDEPENDENT SCHOOL DISTRICT NO 2 OF TULSA COUNTY OKLAHOMA,,2026-08-11,2026-07-24,17.0,Joint,buy,100K–250K,100000.0,250000.0,
10000066587,F000479,John Fetterman,Democrat,Senate,PA,Freeport-McMoRan Inc,FCX:US,2026-08-10,2026-07-24,17.0,Child,sell,1K–15K,1000.0,15000.0,
