fund,quarter,quarter_label,portfolio_value,rank,ticker,company,weight,sector
psc,2026Q2,2026   Q2,$19.5 B,1,UBER,Uber Technologies Inc.,0.1272,Consumer Discretionary
psc,2026Q2,2026   Q2,$19.5 B,2,BN,Brookfield Corp.,0.1258,Financials
psc,2026Q2,2026   Q2,$19.5 B,3,MSFT,Microsoft Corp.,0.1189,Technology
psc,2026Q2,2026   Q2,$19.5 B,4,AMZN,Amazon.com Inc.,0.10490000000000001,Consumer Discretionary
psc,2026Q2,2026   Q2,$19.5 B,5,HHH,Howard Hughes Holdings Inc.,0.1023,Real Estate
psc,2026Q2,2026   Q2,$19.5 B,6,QSR,Restaurant Brands International,0.0962,Consumer Discretionary
psc,2026Q2,2026   Q2,$19.5 B,7,META,Meta Platforms Inc.,0.0925,Communication Services
psc,2026Q2,2026   Q2,$19.5 B,8,V,Visa Inc.,0.0576,Financials
psc,2026Q2,2026   Q2,$19.5 B,9,MA,Mastercard Inc.,0.056100000000000004,Financials
psc,2026Q2,2026   Q2,$19.5 B,10,SPGI,S&P Global Inc.,0.054299999999999994,Financials
psc,2026Q2,2026   Q2,$19.5 B,11,NFLX,Netflix Inc.,0.048,Communication Services
psc,2026Q2,2026   Q2,$19.5 B,12,PSUS,Pershing Square Usa Ltd,0.0077,Financials
psc,2026Q2,2026   Q2,$19.5 B,13,SEG,Seaport Entertainment Group,0.0069,Real Estate
psc,2026Q2,2026   Q2,$19.5 B,14,HTZ,Hertz Global Hldgs Inc.,0.0017000000000000001,Industrials
psc,2026Q1,2026   Q1,$13.7 B,1,BN,Brookfield Corp.,0.17620000000000002,Financials
psc,2026Q1,2026   Q1,$13.7 B,2,AMZN,Amazon.com Inc.,0.1739,Consumer Discretionary
psc,2026Q1,2026   Q1,$13.7 B,3,UBER,Uber Technologies Inc.,0.15710000000000002,Consumer Discretionary
psc,2026Q1,2026   Q1,$13.7 B,4,MSFT,Microsoft Corp.,0.15259999999999999,Technology
psc,2026Q1,2026   Q1,$13.7 B,5,QSR,Restaurant Brands International,0.122,Consumer Discretionary
psc,2026Q1,2026   Q1,$13.7 B,6,META,Meta Platforms Inc.,0.111,Communication Services
psc,2026Q1,2026   Q1,$13.7 B,7,HHH,Howard Hughes Holdings Inc.,0.087,Real Estate
psc,2026Q1,2026   Q1,$13.7 B,8,SEG,Seaport Entertainment Group,0.0079,Real Estate
psc,2026Q1,2026   Q1,$13.7 B,9,GOOG,Alphabet Inc. CL C,0.006500000000000001,Communication Services
psc,2026Q1,2026   Q1,$13.7 B,10,HTZ,Hertz Global Hldgs Inc.,0.0051,Industrials
psc,2026Q1,2026   Q1,$13.7 B,11,GOOGL,Alphabet Inc.,0.0007000000000000001,Communication Services
psc,2025Q4,2025   Q4,$15.5 B,1,BN,Brookfield Corp.,0.1815,Financials
psc,2025Q4,2025   Q4,$15.5 B,2,UBER,Uber Technologies Inc.,0.159,Consumer Discretionary
psc,2025Q4,2025   Q4,$15.5 B,3,AMZN,Amazon.com Inc.,0.14279999999999998,Consumer Discretionary
psc,2025Q4,2025   Q4,$15.5 B,4,GOOG,Alphabet Inc. CL C,0.1246,Communication Services
psc,2025Q4,2025   Q4,$15.5 B,5,META,Meta Platforms Inc.,0.1137,Communication Services
psc,2025Q4,2025   Q4,$15.5 B,6,QSR,Restaurant Brands International,0.1005,Consumer Discretionary
psc,2025Q4,2025   Q4,$15.5 B,7,HHH,Howard Hughes Holdings Inc.,0.0969,Real Estate
psc,2025Q4,2025   Q4,$15.5 B,8,HLT,Hilton Worldwide Holdings,0.055999999999999994,Consumer Discretionary
psc,2025Q4,2025   Q4,$15.5 B,9,GOOGL,Alphabet Inc.,0.0137,Communication Services
psc,2025Q4,2025   Q4,$15.5 B,10,SEG,Seaport Entertainment Group,0.0064,Real Estate
psc,2025Q4,2025   Q4,$15.5 B,11,HTZ,Hertz Global Hldgs Inc.,0.005,Industrials
psc,2025Q3,2025   Q3,$14.6 B,1,UBER,Uber Technologies Inc.,0.2025,Consumer Discretionary
psc,2025Q3,2025   Q3,$14.6 B,2,BN,Brookfield Corp.,0.19210000000000002,Financials
psc,2025Q3,2025   Q3,$14.6 B,3,HHH,Howard Hughes Holdings Inc.,0.1058,Real Estate
psc,2025Q3,2025   Q3,$14.6 B,4,GOOG,Alphabet Inc. CL C,0.1052,Communication Services
psc,2025Q3,2025   Q3,$14.6 B,5,QSR,Restaurant Brands International,0.10039999999999999,Consumer Discretionary
psc,2025Q3,2025   Q3,$14.6 B,6,AMZN,Amazon.com Inc.,0.0873,Consumer Discretionary
psc,2025Q3,2025   Q3,$14.6 B,7,GOOGL,Alphabet Inc.,0.08039999999999999,Communication Services
psc,2025Q3,2025   Q3,$14.6 B,8,CMG,Chipotle Mexican Grill Inc.,0.057699999999999994,Consumer Discretionary
psc,2025Q3,2025   Q3,$14.6 B,9,HLT,Hilton Worldwide Holdings,0.0537,Consumer Discretionary
psc,2025Q3,2025   Q3,$14.6 B,10,SEG,Seaport Entertainment Group,0.0079,Real Estate
psc,2025Q3,2025   Q3,$14.6 B,11,HTZ,Hertz Global Hldgs Inc.,0.0070999999999999995,Industrials
psc,2025Q2,2025   Q2,$13.7 B,1,UBER,Uber Technologies Inc.,0.2059,Consumer Discretionary
psc,2025Q2,2025   Q2,$13.7 B,2,BN,Brookfield Corp.,0.18539999999999998,Financials
psc,2025Q2,2025   Q2,$13.7 B,3,QSR,Restaurant Brands International,0.11109999999999999,Consumer Discretionary
psc,2025Q2,2025   Q2,$13.7 B,4,AMZN,Amazon.com Inc.,0.0931,Consumer Discretionary
psc,2025Q2,2025   Q2,$13.7 B,5,HHH,Howard Hughes Holdings Inc.,0.09269999999999999,Real Estate
psc,2025Q2,2025   Q2,$13.7 B,6,CMG,Chipotle Mexican Grill Inc.,0.08810000000000001,Consumer Discretionary
psc,2025Q2,2025   Q2,$13.7 B,7,GOOG,Alphabet Inc. CL C,0.0817,Communication Services
psc,2025Q2,2025   Q2,$13.7 B,8,GOOGL,Alphabet Inc.,0.0688,Communication Services
psc,2025Q2,2025   Q2,$13.7 B,9,HLT,Hilton Worldwide Holdings,0.0588,Consumer Discretionary
psc,2025Q2,2025   Q2,$13.7 B,10,HTZ,Hertz Global Hldgs Inc.,0.0076,Industrials
psc,2025Q2,2025   Q2,$13.7 B,11,SEG,Seaport Entertainment Group,0.0068000000000000005,Real Estate
psc,2025Q1,2025   Q1,$11.9 B,1,UBER,Uber Technologies Inc.,0.185,Consumer Discretionary
psc,2025Q1,2025   Q1,$11.9 B,2,BN,Brookfield Corp.,0.1801,Financials
psc,2025Q1,2025   Q1,$11.9 B,3,QSR,Restaurant Brands International,0.1285,Consumer Discretionary
psc,2025Q1,2025   Q1,$11.9 B,4,HHH,Howard Hughes Holdings Inc.,0.11710000000000001,Real Estate
psc,2025Q1,2025   Q1,$11.9 B,5,CMG,Chipotle Mexican Grill Inc.,0.0907,Consumer Discretionary
psc,2025Q1,2025   Q1,$11.9 B,6,CP,Canadian Pacific Kansas City,0.08710000000000001,Industrials
psc,2025Q1,2025   Q1,$11.9 B,7,GOOG,Alphabet Inc. CL C,0.0828,Communication Services
psc,2025Q1,2025   Q1,$11.9 B,8,GOOGL,Alphabet Inc.,0.0575,Communication Services
psc,2025Q1,2025   Q1,$11.9 B,9,HLT,Hilton Worldwide Holdings,0.0572,Consumer Discretionary
psc,2025Q1,2025   Q1,$11.9 B,10,SEG,Seaport Entertainment Group,0.009000000000000001,Real Estate
psc,2025Q1,2025   Q1,$11.9 B,11,HTZ,Hertz Global Hldgs Inc.,0.005,Industrials
psc,2024Q4,2024   Q4,$12.7 B,1,BN,Brookfield Corp.,0.1583,Financials
psc,2024Q4,2024   Q4,$12.7 B,2,QSR,Restaurant Brands International,0.1184,Consumer Discretionary
psc,2024Q4,2024   Q4,$12.7 B,3,CMG,Chipotle Mexican Grill Inc.,0.1174,Consumer Discretionary
psc,2024Q4,2024   Q4,$12.7 B,4,HHH,Howard Hughes Holdings Inc.,0.11449999999999999,Real Estate
psc,2024Q4,2024   Q4,$12.7 B,5,GOOG,Alphabet Inc. CL C,0.11349999999999999,Communication Services
psc,2024Q4,2024   Q4,$12.7 B,6,NKE,NIKE Inc.,0.11220000000000001,Consumer Discretionary
psc,2024Q4,2024   Q4,$12.7 B,7,HLT,Hilton Worldwide Holdings,0.10619999999999999,Consumer Discretionary
psc,2024Q4,2024   Q4,$12.7 B,8,CP,Canadian Pacific Kansas City,0.085,Industrials
psc,2024Q4,2024   Q4,$12.7 B,9,GOOGL,Alphabet Inc.,0.0596,Communication Services
psc,2024Q4,2024   Q4,$12.7 B,10,SEG,Seaport Entertainment Group,0.0111,Real Estate
psc,2024Q4,2024   Q4,$12.7 B,11,HTZ,Hertz Global Hldgs Inc.,0.0037,Industrials
psc,2024Q3,2024   Q3,$12.9 B,1,BN,Brookfield Corp.,0.1348,Financials
psc,2024Q3,2024   Q3,$12.9 B,2,HLT,Hilton Worldwide Holdings,0.1316,Consumer Discretionary
psc,2024Q3,2024   Q3,$12.9 B,3,CMG,Chipotle Mexican Grill Inc.,0.1286,Consumer Discretionary
psc,2024Q3,2024   Q3,$12.9 B,4,QSR,Restaurant Brands International,0.1285,Consumer Discretionary
psc,2024Q3,2024   Q3,$12.9 B,5,HHH,Howard Hughes Holdings Inc.,0.1131,Real Estate
psc,2024Q3,2024   Q3,$12.9 B,6,NKE,NIKE Inc.,0.1115,Consumer Discretionary
psc,2024Q3,2024   Q3,$12.9 B,7,CP,Canadian Pacific Kansas City,0.0986,Industrials
psc,2024Q3,2024   Q3,$12.9 B,8,GOOG,Alphabet Inc. CL C,0.0977,Communication Services
psc,2024Q3,2024   Q3,$12.9 B,9,GOOGL,Alphabet Inc.,0.0512,Communication Services
psc,2024Q3,2024   Q3,$12.9 B,10,SEG,Seaport Entertainment Group,0.0044,Real Estate
psc,2024Q2,2024   Q2,$10.4 B,1,HLT,Hilton Worldwide Holdings,0.18760000000000002,Consumer Discretionary
psc,2024Q2,2024   Q2,$10.4 B,2,CMG,Chipotle Mexican Grill Inc.,0.1734,Consumer Discretionary
psc,2024Q2,2024   Q2,$10.4 B,3,QSR,Restaurant Brands International,0.1564,Consumer Discretionary
psc,2024Q2,2024   Q2,$10.4 B,4,GOOG,Alphabet Inc. CL C,0.133,Communication Services
psc,2024Q2,2024   Q2,$10.4 B,5,HHH,Howard Hughes Holdings Inc.,0.1174,Real Estate
psc,2024Q2,2024   Q2,$10.4 B,6,CP,Canadian Pacific Kansas City,0.11320000000000001,Industrials
psc,2024Q2,2024   Q2,$10.4 B,7,GOOGL,Alphabet Inc.,0.0697,Communication Services
psc,2024Q2,2024   Q2,$10.4 B,8,BN,Brookfield Corp.,0.0273,Financials
psc,2024Q2,2024   Q2,$10.4 B,9,NKE,NIKE Inc.,0.022000000000000002,Consumer Discretionary
psc,2024Q1,2024   Q1,$10.8 B,1,CMG,Chipotle Mexican Grill Inc.,0.201,Consumer Discretionary
psc,2024Q1,2024   Q1,$10.8 B,2,HLT,Hilton Worldwide Holdings,0.182,Consumer Discretionary
psc,2024Q1,2024   Q1,$10.8 B,3,QSR,Restaurant Brands International,0.1724,Consumer Discretionary
psc,2024Q1,2024   Q1,$10.8 B,4,GOOG,Alphabet Inc. CL C,0.13269999999999998,Communication Services
psc,2024Q1,2024   Q1,$10.8 B,5,HHH,Howard Hughes Holdings Inc.,0.1272,Real Estate
psc,2024Q1,2024   Q1,$10.8 B,6,CP,Canadian Pacific Kansas City,0.12369999999999999,Industrials
psc,2024Q1,2024   Q1,$10.8 B,7,GOOGL,Alphabet Inc.,0.0611,Communication Services
psc,2023Q4,2023   Q4,$10.4 B,1,CMG,Chipotle Mexican Grill Inc.,0.1815,Consumer Discretionary
psc,2023Q4,2023   Q4,$10.4 B,2,QSR,Restaurant Brands International,0.17550000000000002,Consumer Discretionary
psc,2023Q4,2023   Q4,$10.4 B,3,HLT,Hilton Worldwide Holdings,0.16079999999999997,Consumer Discretionary
psc,2023Q4,2023   Q4,$10.4 B,4,HHH,Howard Hughes Holdings Inc.,0.1551,Real Estate
psc,2023Q4,2023   Q4,$10.4 B,5,GOOG,Alphabet Inc. CL C,0.12710000000000002,Communication Services
psc,2023Q4,2023   Q4,$10.4 B,6,CP,Canadian Pacific Kansas City,0.1148,Industrials
psc,2023Q4,2023   Q4,$10.4 B,7,GOOGL,Alphabet Inc.,0.058499999999999996,Communication Services
psc,2023Q4,2023   Q4,$10.4 B,8,LOW,Lowe's Cos.,0.026699999999999998,Consumer Discretionary
psc,2023Q3,2023   Q3,$10.5 B,1,CMG,Chipotle Mexican Grill Inc.,0.16649999999999998,Consumer Discretionary
psc,2023Q3,2023   Q3,$10.5 B,2,QSR,Restaurant Brands International,0.1482,Consumer Discretionary
psc,2023Q3,2023   Q3,$10.5 B,3,HLT,Hilton Worldwide Holdings,0.1475,Consumer Discretionary
psc,2023Q3,2023   Q3,$10.5 B,4,LOW,Lowe's Cos.,0.14,Consumer Discretionary
psc,2023Q3,2023   Q3,$10.5 B,5,HHH,Howard Hughes Holdings Inc.,0.11869999999999999,Real Estate
psc,2023Q3,2023   Q3,$10.5 B,6,GOOG,Alphabet Inc. CL C,0.11779999999999999,Communication Services
psc,2023Q3,2023   Q3,$10.5 B,7,CP,Canadian Pacific Kansas City,0.107,Industrials
psc,2023Q3,2023   Q3,$10.5 B,8,GOOGL,Alphabet Inc.,0.054299999999999994,Communication Services
psc,2023Q2,2023   Q2,$10.8 B,1,CMG,Chipotle Mexican Grill Inc.,0.1886,Consumer Discretionary
psc,2023Q2,2023   Q2,$10.8 B,2,QSR,Restaurant Brands International,0.1673,Consumer Discretionary
psc,2023Q2,2023   Q2,$10.8 B,3,LOW,Lowe's Cos.,0.1558,Consumer Discretionary
psc,2023Q2,2023   Q2,$10.8 B,4,HLT,Hilton Worldwide Holdings,0.12560000000000002,Consumer Discretionary
psc,2023Q2,2023   Q2,$10.8 B,5,HHH,Howard Hughes Holdings Inc.,0.1209,Real Estate
psc,2023Q2,2023   Q2,$10.8 B,6,CP,Canadian Pacific Kansas City,0.1127,Industrials
psc,2023Q2,2023   Q2,$10.8 B,7,GOOG,Alphabet Inc. CL C,0.10490000000000001,Communication Services
psc,2023Q2,2023   Q2,$10.8 B,8,GOOGL,Alphabet Inc.,0.0242,Communication Services
psc,2023Q1,2023   Q1,$10.2 B,1,LOW,Lowe's Cos.,0.19640000000000002,Consumer Discretionary
psc,2023Q1,2023   Q1,$10.2 B,2,CMG,Chipotle Mexican Grill Inc.,0.1721,Consumer Discretionary
psc,2023Q1,2023   Q1,$10.2 B,3,QSR,Restaurant Brands International,0.159,Consumer Discretionary
psc,2023Q1,2023   Q1,$10.2 B,4,HLT,Hilton Worldwide Holdings,0.1282,Consumer Discretionary
psc,2023Q1,2023   Q1,$10.2 B,5,HHH,Howard Hughes Holdings Inc.,0.1252,Real Estate
psc,2023Q1,2023   Q1,$10.2 B,6,CP,Canadian Pacific Kansas City,0.1148,Industrials
psc,2023Q1,2023   Q1,$10.2 B,7,GOOG,Alphabet Inc. CL C,0.0821,Communication Services
psc,2023Q1,2023   Q1,$10.2 B,8,GOOGL,Alphabet Inc.,0.0222,Communication Services
psc,2022Q4,2022   Q4,$8.78 B,1,LOW,Lowe's Cos.,0.2353,Consumer Discretionary
psc,2022Q4,2022   Q4,$8.78 B,2,QSR,Restaurant Brands International,0.17809999999999998,Consumer Discretionary
psc,2022Q4,2022   Q4,$8.78 B,3,CMG,Chipotle Mexican Grill Inc.,0.1746,Consumer Discretionary
psc,2022Q4,2022   Q4,$8.78 B,4,HLT,Hilton Worldwide Holdings,0.14429999999999998,Consumer Discretionary
psc,2022Q4,2022   Q4,$8.78 B,5,HHH,Howard Hughes Holdings Inc.,0.1383,Real Estate
psc,2022Q4,2022   Q4,$8.78 B,6,CP,Canadian Pacific Kansas City,0.1294,Industrials
psc,2022Q3,2022   Q3,$7.88 B,1,LOW,Lowe's Cos.,0.24739999999999998,Consumer Discretionary
psc,2022Q3,2022   Q3,$7.88 B,2,CMG,Chipotle Mexican Grill Inc.,0.2108,Consumer Discretionary
psc,2022Q3,2022   Q3,$7.88 B,3,QSR,Restaurant Brands International,0.16329999999999997,Consumer Discretionary
psc,2022Q3,2022   Q3,$7.88 B,4,HLT,Hilton Worldwide Holdings,0.1536,Consumer Discretionary
psc,2022Q3,2022   Q3,$7.88 B,5,CP,Canadian Pacific Kansas City,0.1291,Industrials
psc,2022Q3,2022   Q3,$7.88 B,6,HHH,Howard Hughes Holdings Inc.,0.0958,Real Estate
psc,2022Q2,2022   Q2,$7.46 B,1,LOW,Lowe's Cos.,0.2389,Consumer Discretionary
psc,2022Q2,2022   Q2,$7.46 B,2,CMG,Chipotle Mexican Grill Inc.,0.1936,Consumer Discretionary
psc,2022Q2,2022   Q2,$7.46 B,3,QSR,Restaurant Brands International,0.16010000000000002,Consumer Discretionary
psc,2022Q2,2022   Q2,$7.46 B,4,HLT,Hilton Worldwide Holdings,0.14800000000000002,Consumer Discretionary
psc,2022Q2,2022   Q2,$7.46 B,5,HHH,Howard Hughes Holdings Inc.,0.1242,Real Estate
psc,2022Q2,2022   Q2,$7.46 B,6,DPZ,Dominos Pizza Inc.,0.1076,Consumer Discretionary
psc,2022Q2,2022   Q2,$7.46 B,7,CP,Canadian Pacific Kansas City,0.0276,Industrials
psc,2022Q1,2022   Q1,$10.4 B,1,LOW,Lowe's Cos.,0.1986,Consumer Discretionary
psc,2022Q1,2022   Q1,$10.4 B,2,CMG,Chipotle Mexican Grill Inc.,0.1697,Consumer Discretionary
psc,2022Q1,2022   Q1,$10.4 B,3,HLT,Hilton Worldwide Holdings,0.14529999999999998,Consumer Discretionary
psc,2022Q1,2022   Q1,$10.4 B,4,HHH,Howard Hughes Holdings Inc.,0.1358,Real Estate
psc,2022Q1,2022   Q1,$10.4 B,5,QSR,Restaurant Brands International,0.1341,Consumer Discretionary
psc,2022Q1,2022   Q1,$10.4 B,6,NFLX,Netflix Inc.,0.1121,Communication Services
psc,2022Q1,2022   Q1,$10.4 B,7,DPZ,Dominos Pizza Inc.,0.081,Consumer Discretionary
psc,2022Q1,2022   Q1,$10.4 B,8,CP,Canadian Pacific Kansas City,0.023399999999999997,Industrials
psc,2021Q4,2021   Q4,$10.8 B,1,LOW,Lowe's Cos.,0.24539999999999998,Consumer Discretionary
psc,2021Q4,2021   Q4,$10.8 B,2,HLT,Hilton Worldwide Holdings,0.1822,Consumer Discretionary
psc,2021Q4,2021   Q4,$10.8 B,3,CMG,Chipotle Mexican Grill Inc.,0.1808,Consumer Discretionary
psc,2021Q4,2021   Q4,$10.8 B,4,QSR,Restaurant Brands International,0.13470000000000001,Consumer Discretionary
psc,2021Q4,2021   Q4,$10.8 B,5,HHH,Howard Hughes Holdings Inc.,0.1286,Real Estate
psc,2021Q4,2021   Q4,$10.8 B,6,DPZ,Dominos Pizza Inc.,0.10949999999999999,Consumer Discretionary
psc,2021Q4,2021   Q4,$10.8 B,7,CP,Canadian Pacific Kansas City,0.018799999999999997,Industrials
psc,2021Q3,2021   Q3,$9.46 B,1,LOW,Lowe's Cos.,0.2194,Consumer Discretionary
psc,2021Q3,2021   Q3,$9.46 B,2,CMG,Chipotle Mexican Grill Inc.,0.2141,Consumer Discretionary
psc,2021Q3,2021   Q3,$9.46 B,3,HLT,Hilton Worldwide Holdings,0.17989999999999998,Consumer Discretionary
psc,2021Q3,2021   Q3,$9.46 B,4,QSR,Restaurant Brands International,0.1548,Consumer Discretionary
psc,2021Q3,2021   Q3,$9.46 B,5,HHH,Howard Hughes Holdings Inc.,0.1264,Real Estate
psc,2021Q3,2021   Q3,$9.46 B,6,DPZ,Dominos Pizza Inc.,0.1054,Consumer Discretionary
psc,2021Q2,2021   Q2,$10.7 B,1,LOW,Lowe's Cos.,0.1837,Consumer Discretionary
psc,2021Q2,2021   Q2,$10.7 B,2,A,Agilent Technologies,0.16140000000000002,Healthcare
psc,2021Q2,2021   Q2,$10.7 B,3,CMG,Chipotle Mexican Grill Inc.,0.1572,Consumer Discretionary
psc,2021Q2,2021   Q2,$10.7 B,4,HLT,Hilton Worldwide Holdings,0.1437,Consumer Discretionary
psc,2021Q2,2021   Q2,$10.7 B,5,QSR,Restaurant Brands International,0.1426,Consumer Discretionary
psc,2021Q2,2021   Q2,$10.7 B,6,HHH,Howard Hughes Holdings Inc.,0.1226,Real Estate
psc,2021Q2,2021   Q2,$10.7 B,7,DPZ,Dominos Pizza Inc.,0.0888,Consumer Discretionary
psc,2021Q1,2021   Q1,$10.5 B,1,LOW,Lowe's Cos.,0.21739999999999998,Consumer Discretionary
psc,2021Q1,2021   Q1,$10.5 B,2,HLT,Hilton Worldwide Holdings,0.1489,Consumer Discretionary
psc,2021Q1,2021   Q1,$10.5 B,3,QSR,Restaurant Brands International,0.1487,Consumer Discretionary
psc,2021Q1,2021   Q1,$10.5 B,4,CMG,Chipotle Mexican Grill Inc.,0.1475,Consumer Discretionary
psc,2021Q1,2021   Q1,$10.5 B,5,A,Agilent Technologies,0.1435,Healthcare
psc,2021Q1,2021   Q1,$10.5 B,6,HHH,Howard Hughes Holdings Inc.,0.1225,Real Estate
psc,2021Q1,2021   Q1,$10.5 B,7,DPZ,Dominos Pizza Inc.,0.0716,Consumer Discretionary
psc,2020Q4,2020   Q4,$10 B,1,LOW,Lowe's Cos.,0.19879999999999998,Consumer Discretionary
psc,2020Q4,2020   Q4,$10 B,2,CMG,Chipotle Mexican Grill Inc.,0.161,Consumer Discretionary
psc,2020Q4,2020   Q4,$10 B,3,QSR,Restaurant Brands International,0.153,Consumer Discretionary
psc,2020Q4,2020   Q4,$10 B,4,HLT,Hilton Worldwide Holdings,0.1485,Consumer Discretionary
psc,2020Q4,2020   Q4,$10 B,5,A,Agilent Technologies,0.1449,Healthcare
psc,2020Q4,2020   Q4,$10 B,6,SBUX,Starbucks Corp.,0.10769999999999999,Consumer Discretionary
psc,2020Q4,2020   Q4,$10 B,7,HHH,Howard Hughes Holdings Inc.,0.0862,Real Estate
psc,2020Q3,2020   Q3,$8.82 B,1,LOW,Lowe's Cos.,0.23329999999999998,Consumer Discretionary
psc,2020Q3,2020   Q3,$8.82 B,2,CMG,Chipotle Mexican Grill Inc.,0.1637,Consumer Discretionary
psc,2020Q3,2020   Q3,$8.82 B,3,QSR,Restaurant Brands International,0.1637,Consumer Discretionary
psc,2020Q3,2020   Q3,$8.82 B,4,A,Agilent Technologies,0.1401,Healthcare
psc,2020Q3,2020   Q3,$8.82 B,5,HLT,Hilton Worldwide Holdings,0.1292,Consumer Discretionary
psc,2020Q3,2020   Q3,$8.82 B,6,SBUX,Starbucks Corp.,0.0987,Consumer Discretionary
psc,2020Q3,2020   Q3,$8.82 B,7,HHH,Howard Hughes Holdings Inc.,0.0713,Real Estate
psc,2020Q2,2020   Q2,$7.75 B,1,LOW,Lowe's Cos.,0.22149999999999997,Consumer Discretionary
psc,2020Q2,2020   Q2,$7.75 B,2,QSR,Restaurant Brands International,0.177,Consumer Discretionary
psc,2020Q2,2020   Q2,$7.75 B,3,CMG,Chipotle Mexican Grill Inc.,0.1576,Consumer Discretionary
psc,2020Q2,2020   Q2,$7.75 B,4,A,Agilent Technologies,0.1439,Healthcare
psc,2020Q2,2020   Q2,$7.75 B,5,HLT,Hilton Worldwide Holdings,0.1306,Consumer Discretionary
psc,2020Q2,2020   Q2,$7.75 B,6,SBUX,Starbucks Corp.,0.0962,Consumer Discretionary
psc,2020Q2,2020   Q2,$7.75 B,7,HHH,Howard Hughes Holdings Inc.,0.0732,Real Estate
psc,2020Q1,2020   Q1,$6.57 B,1,LOW,Lowe's Cos.,0.1604,Consumer Discretionary
psc,2020Q1,2020   Q1,$6.57 B,2,BRK.B,Berkshire Hathaway CL B,0.1517,Financials
psc,2020Q1,2020   Q1,$6.57 B,3,HLT,Hilton Worldwide Holdings,0.1432,Consumer Discretionary
psc,2020Q1,2020   Q1,$6.57 B,4,A,Agilent Technologies,0.1376,Healthcare
psc,2020Q1,2020   Q1,$6.57 B,5,CMG,Chipotle Mexican Grill Inc.,0.11560000000000001,Consumer Discretionary
psc,2020Q1,2020   Q1,$6.57 B,6,SBUX,Starbucks Corp.,0.1013,Consumer Discretionary
psc,2020Q1,2020   Q1,$6.57 B,7,HHH,Howard Hughes Holdings Inc.,0.09369999999999999,Real Estate
psc,2020Q1,2020   Q1,$6.57 B,8,QSR,Restaurant Brands International,0.0919,Consumer Discretionary
psc,2020Q1,2020   Q1,$6.57 B,9,BX,Blackstone Group,0.0038,Financials
psc,2020Q1,2020   Q1,$6.57 B,10,PK,Park Hotels & Resorts Inc.,0.0008,Real Estate
psc,2019Q4,2019   Q4,$6.55 B,1,CMG,Chipotle Mexican Grill Inc.,0.22030000000000002,Consumer Discretionary
psc,2019Q4,2019   Q4,$6.55 B,2,HLT,Hilton Worldwide Holdings,0.1787,Consumer Discretionary
psc,2019Q4,2019   Q4,$6.55 B,3,LOW,Lowe's Cos.,0.1574,Consumer Discretionary
psc,2019Q4,2019   Q4,$6.55 B,4,QSR,Restaurant Brands International,0.14679999999999999,Consumer Discretionary
psc,2019Q4,2019   Q4,$6.55 B,5,BRK.B,Berkshire Hathaway CL B,0.1388,Financials
psc,2019Q4,2019   Q4,$6.55 B,6,SBUX,Starbucks Corp.,0.0732,Consumer Discretionary
psc,2019Q4,2019   Q4,$6.55 B,7,HHH,Howard Hughes Holdings Inc.,0.0425,Real Estate
psc,2019Q4,2019   Q4,$6.55 B,8,A,Agilent Technologies,0.042300000000000004,Healthcare
psc,2019Q3,2019   Q3,$6.49 B,1,CMG,Chipotle Mexican Grill Inc.,0.22329999999999997,Consumer Discretionary
psc,2019Q3,2019   Q3,$6.49 B,2,QSR,Restaurant Brands International,0.1654,Consumer Discretionary
psc,2019Q3,2019   Q3,$6.49 B,3,HLT,Hilton Worldwide Holdings,0.1515,Consumer Discretionary
psc,2019Q3,2019   Q3,$6.49 B,4,LOW,Lowe's Cos.,0.1459,Consumer Discretionary
psc,2019Q3,2019   Q3,$6.49 B,5,BRK.B,Berkshire Hathaway CL B,0.12869999999999998,Financials
psc,2019Q3,2019   Q3,$6.49 B,6,SBUX,Starbucks Corp.,0.12689999999999999,Consumer Discretionary
psc,2019Q3,2019   Q3,$6.49 B,7,A,Agilent Technologies,0.0344,Healthcare
psc,2019Q3,2019   Q3,$6.49 B,8,HHH,Howard Hughes Holdings Inc.,0.0239,Real Estate
psc,2019Q2,2019   Q2,$6.71 B,1,CMG,Chipotle Mexican Grill Inc.,0.1948,Consumer Discretionary
psc,2019Q2,2019   Q2,$6.71 B,2,QSR,Restaurant Brands International,0.16210000000000002,Consumer Discretionary
psc,2019Q2,2019   Q2,$6.71 B,3,HLT,Hilton Worldwide Holdings,0.1598,Consumer Discretionary
psc,2019Q2,2019   Q2,$6.71 B,4,LOW,Lowe's Cos.,0.13390000000000002,Consumer Discretionary
psc,2019Q2,2019   Q2,$6.71 B,5,SBUX,Starbucks Corp.,0.1164,Consumer Discretionary
psc,2019Q2,2019   Q2,$6.71 B,6,BRK.B,Berkshire Hathaway CL B,0.1116,Financials
psc,2019Q2,2019   Q2,$6.71 B,7,ADP,Automatic Data Processing Inc.,0.0993,Technology
psc,2019Q2,2019   Q2,$6.71 B,8,HHH,Howard Hughes Holdings Inc.,0.022099999999999998,Real Estate
psc,2019Q1,2019   Q1,$6.72 B,1,CMG,Chipotle Mexican Grill Inc.,0.19699999999999998,Consumer Discretionary
psc,2019Q1,2019   Q1,$6.72 B,2,QSR,Restaurant Brands International,0.1778,Consumer Discretionary
psc,2019Q1,2019   Q1,$6.72 B,3,LOW,Lowe's Cos.,0.1518,Consumer Discretionary
psc,2019Q1,2019   Q1,$6.72 B,4,HLT,Hilton Worldwide Holdings,0.13570000000000002,Consumer Discretionary
psc,2019Q1,2019   Q1,$6.72 B,5,RTX,RTX Corp.,0.1117,Industrials
psc,2019Q1,2019   Q1,$6.72 B,6,SBUX,Starbucks Corp.,0.1106,Consumer Discretionary
psc,2019Q1,2019   Q1,$6.72 B,7,ADP,Automatic Data Processing Inc.,0.0958,Technology
psc,2019Q1,2019   Q1,$6.72 B,8,HHH,Howard Hughes Holdings Inc.,0.0196,Real Estate
psc,2018Q4,2018   Q4,$5.96 B,1,QSR,Restaurant Brands International,0.1728,Consumer Discretionary
psc,2018Q4,2018   Q4,$5.96 B,2,LOW,Lowe's Cos.,0.1479,Consumer Discretionary
psc,2018Q4,2018   Q4,$5.96 B,3,CMG,Chipotle Mexican Grill Inc.,0.1407,Consumer Discretionary
psc,2018Q4,2018   Q4,$5.96 B,4,HLT,Hilton Worldwide Holdings,0.1319,Consumer Discretionary
psc,2018Q4,2018   Q4,$5.96 B,5,SBUX,Starbucks Corp.,0.12710000000000002,Consumer Discretionary
psc,2018Q4,2018   Q4,$5.96 B,6,RTX,RTX Corp.,0.09970000000000001,Industrials
psc,2018Q4,2018   Q4,$5.96 B,7,ADP,Automatic Data Processing Inc.,0.08960000000000001,Technology
psc,2018Q4,2018   Q4,$5.96 B,8,PAH,Platform Specialty Products Corp.,0.0701,Materials
psc,2018Q4,2018   Q4,$5.96 B,9,HHH,Howard Hughes Holdings Inc.,0.0202,Real Estate
psc,2018Q3,2018   Q3,$5.21 B,1,QSR,Restaurant Brands International,0.2372,Consumer Discretionary
psc,2018Q3,2018   Q3,$5.21 B,2,LOW,Lowe's Cos.,0.18600000000000003,Consumer Discretionary
psc,2018Q3,2018   Q3,$5.21 B,3,CMG,Chipotle Mexican Grill Inc.,0.1797,Consumer Discretionary
psc,2018Q3,2018   Q3,$5.21 B,4,RTX,RTX Corp.,0.1328,Industrials
psc,2018Q3,2018   Q3,$5.21 B,5,ADP,Automatic Data Processing Inc.,0.1165,Technology
psc,2018Q3,2018   Q3,$5.21 B,6,PAH,Platform Specialty Products Corp.,0.0968,Materials
psc,2018Q3,2018   Q3,$5.21 B,7,HHH,Howard Hughes Holdings Inc.,0.0509,Real Estate
psc,2018Q2,2018   Q2,$5.81 B,1,QSR,Restaurant Brands International,0.2165,Consumer Discretionary
psc,2018Q2,2018   Q2,$5.81 B,2,CMG,Chipotle Mexican Grill Inc.,0.21420000000000003,Consumer Discretionary
psc,2018Q2,2018   Q2,$5.81 B,3,LOW,Lowe's Cos.,0.127,Consumer Discretionary
psc,2018Q2,2018   Q2,$5.81 B,4,MDLZ,Mondelez International,0.11560000000000001,Consumer Staples
psc,2018Q2,2018   Q2,$5.81 B,5,RTX,RTX Corp.,0.0978,Industrials
psc,2018Q2,2018   Q2,$5.81 B,6,ADP,Automatic Data Processing Inc.,0.09759999999999999,Technology
psc,2018Q2,2018   Q2,$5.81 B,7,PAH,Platform Specialty Products Corp.,0.0808,Materials
psc,2018Q2,2018   Q2,$5.81 B,8,HHH,Howard Hughes Holdings Inc.,0.050300000000000004,Real Estate
psc,2018Q1,2018   Q1,$4.83 B,1,QSR,Restaurant Brands International,0.2865,Consumer Discretionary
psc,2018Q1,2018   Q1,$4.83 B,2,CMG,Chipotle Mexican Grill Inc.,0.19269999999999998,Consumer Discretionary
psc,2018Q1,2018   Q1,$4.83 B,3,ADP,Automatic Data Processing Inc.,0.1865,Technology
psc,2018Q1,2018   Q1,$4.83 B,4,MDLZ,Mondelez International,0.13949999999999999,Consumer Staples
psc,2018Q1,2018   Q1,$4.83 B,5,PAH,Platform Specialty Products Corp.,0.0806,Materials
psc,2018Q1,2018   Q1,$4.83 B,6,HHH,Howard Hughes Holdings Inc.,0.0635,Real Estate
psc,2018Q1,2018   Q1,$4.83 B,7,RTX,RTX Corp.,0.0506,Industrials
psc,2017Q4,2017   Q4,$5.87 B,1,QSR,Restaurant Brands International,0.2774,Consumer Discretionary
psc,2017Q4,2017   Q4,$5.87 B,2,ADP,Automatic Data Processing Inc.,0.17559999999999998,Technology
psc,2017Q4,2017   Q4,$5.87 B,3,MDLZ,Mondelez International,0.16949999999999998,Consumer Staples
psc,2017Q4,2017   Q4,$5.87 B,4,CMG,Chipotle Mexican Grill Inc.,0.1419,Consumer Discretionary
psc,2017Q4,2017   Q4,$5.87 B,5,HHH,Howard Hughes Holdings Inc.,0.1052,Real Estate
psc,2017Q4,2017   Q4,$5.87 B,6,PAH,Platform Specialty Products Corp.,0.0683,Materials
psc,2017Q4,2017   Q4,$5.87 B,7,NKE,NIKE Inc.,0.0622,Consumer Discretionary
psc,2017Q3,2017   Q3,$5.11 B,1,QSR,Restaurant Brands International,0.331,Consumer Discretionary
psc,2017Q3,2017   Q3,$5.11 B,2,ADP,Automatic Data Processing Inc.,0.1881,Technology
psc,2017Q3,2017   Q3,$5.11 B,3,CMG,Chipotle Mexican Grill Inc.,0.17350000000000002,Consumer Discretionary
psc,2017Q3,2017   Q3,$5.11 B,4,MDLZ,Mondelez International,0.1107,Consumer Staples
psc,2017Q3,2017   Q3,$5.11 B,5,HHH,Howard Hughes Holdings Inc.,0.1085,Real Estate
psc,2017Q3,2017   Q3,$5.11 B,6,PAH,Platform Specialty Products Corp.,0.0882,Materials
psc,2017Q2,2017   Q2,$6.02 B,1,QSR,Restaurant Brands International,0.4071,Consumer Discretionary
psc,2017Q2,2017   Q2,$6.02 B,2,CMG,Chipotle Mexican Grill Inc.,0.19940000000000002,Consumer Discretionary
psc,2017Q2,2017   Q2,$6.02 B,3,MDLZ,Mondelez International,0.1041,Consumer Staples
psc,2017Q2,2017   Q2,$6.02 B,4,HHH,Howard Hughes Holdings Inc.,0.09609999999999999,Real Estate
psc,2017Q2,2017   Q2,$6.02 B,5,PAH,Platform Specialty Products Corp.,0.08529999999999999,Materials
psc,2017Q2,2017   Q2,$6.02 B,6,NOMD,Nomad Foods Ltd,0.0782,Consumer Staples
psc,2017Q2,2017   Q2,$6.02 B,7,ADP,Automatic Data Processing Inc.,0.0298,Technology
psc,2017Q1,2017   Q1,$5.96 B,1,QSR,Restaurant Brands International,0.3661,Consumer Discretionary
psc,2017Q1,2017   Q1,$5.96 B,2,CMG,Chipotle Mexican Grill Inc.,0.21539999999999998,Consumer Discretionary
psc,2017Q1,2017   Q1,$5.96 B,3,MDLZ,Mondelez International,0.1441,Consumer Staples
psc,2017Q1,2017   Q1,$5.96 B,4,PAH,Platform Specialty Products Corp.,0.08839999999999999,Materials
psc,2017Q1,2017   Q1,$5.96 B,5,HHH,Howard Hughes Holdings Inc.,0.0702,Real Estate
psc,2017Q1,2017   Q1,$5.96 B,6,NOMD,Nomad Foods Ltd,0.064,Consumer Staples
psc,2017Q1,2017   Q1,$5.96 B,7,APD,Air Products & Chemicals,0.0518,Materials
psc,2016Q4,2016   Q4,$5.91 B,1,QSR,Restaurant Brands International,0.3156,Consumer Discretionary
psc,2016Q4,2016   Q4,$5.91 B,2,CMG,Chipotle Mexican Grill Inc.,0.1839,Consumer Discretionary
psc,2016Q4,2016   Q4,$5.91 B,3,MDLZ,Mondelez International,0.172,Consumer Staples
psc,2016Q4,2016   Q4,$5.91 B,4,APD,Air Products & Chemicals,0.0941,Materials
psc,2016Q4,2016   Q4,$5.91 B,5,HHH,Howard Hughes Holdings Inc.,0.0688,Real Estate
psc,2016Q4,2016   Q4,$5.91 B,6,PAH,Platform Specialty Products Corp.,0.06709999999999999,Materials
psc,2016Q4,2016   Q4,$5.91 B,7,NOMD,Nomad Foods Ltd,0.053899999999999997,Consumer Staples
psc,2016Q4,2016   Q4,$5.91 B,8,BHC,Bausch Health,0.044500000000000005,Healthcare
psc,2016Q3,2016   Q3,$5.41 B,1,QSR,Restaurant Brands International,0.3224,Consumer Discretionary
psc,2016Q3,2016   Q3,$5.41 B,2,MDLZ,Mondelez International,0.1861,Consumer Staples
psc,2016Q3,2016   Q3,$5.41 B,3,APD,Air Products & Chemicals,0.1118,Materials
psc,2016Q3,2016   Q3,$5.41 B,4,BHC,Bausch Health,0.09789999999999999,Healthcare
psc,2016Q3,2016   Q3,$5.41 B,5,HHH,Howard Hughes Holdings Inc.,0.0755,Real Estate
psc,2016Q3,2016   Q3,$5.41 B,6,NOMD,Nomad Foods Ltd,0.0728,Consumer Staples
psc,2016Q3,2016   Q3,$5.41 B,7,PAH,Platform Specialty Products Corp.,0.064,Materials
psc,2016Q3,2016   Q3,$5.41 B,8,CMG,Chipotle Mexican Grill Inc.,0.0434,Consumer Discretionary
psc,2016Q3,2016   Q3,$5.41 B,9,ZTS,Zoetis Inc.,0.026099999999999998,Healthcare
psc,2016Q2,2016   Q2,$7.51 B,1,QSR,Restaurant Brands International,0.2168,Consumer Discretionary
psc,2016Q2,2016   Q2,$7.51 B,2,CP,Canadian Pacific Kansas City,0.16870000000000002,Industrials
psc,2016Q2,2016   Q2,$7.51 B,3,APD,Air Products & Chemicals,0.1437,Materials
psc,2016Q2,2016   Q2,$7.51 B,4,MDLZ,Mondelez International,0.139,Consumer Staples
psc,2016Q2,2016   Q2,$7.51 B,5,ZTS,Zoetis Inc.,0.1338,Healthcare
psc,2016Q2,2016   Q2,$7.51 B,6,BHC,Bausch Health,0.0579,Healthcare
psc,2016Q2,2016   Q2,$7.51 B,7,HHH,Howard Hughes Holdings Inc.,0.054299999999999994,Real Estate
psc,2016Q2,2016   Q2,$7.51 B,8,PAH,Platform Specialty Products Corp.,0.050499999999999996,Materials
psc,2016Q2,2016   Q2,$7.51 B,9,NOMD,Nomad Foods Ltd,0.0354,Consumer Staples
psc,2016Q1,2016   Q1,$8.85 B,1,ZTS,Zoetis Inc.,0.2094,Healthcare
psc,2016Q1,2016   Q1,$8.85 B,2,CP,Canadian Pacific Kansas City,0.2089,Industrials
psc,2016Q1,2016   Q1,$8.85 B,3,QSR,Restaurant Brands International,0.17170000000000002,Consumer Discretionary
psc,2016Q1,2016   Q1,$8.85 B,4,APD,Air Products & Chemicals,0.12369999999999999,Materials
psc,2016Q1,2016   Q1,$8.85 B,5,MDLZ,Mondelez International,0.10400000000000001,Consumer Staples
psc,2016Q1,2016   Q1,$8.85 B,6,BHC,Bausch Health,0.0641,Healthcare
psc,2016Q1,2016   Q1,$8.85 B,7,HHH,Howard Hughes Holdings Inc.,0.042699999999999995,Real Estate
psc,2016Q1,2016   Q1,$8.85 B,8,PAH,Platform Specialty Products Corp.,0.0415,Materials
psc,2016Q1,2016   Q1,$8.85 B,9,NOMD,Nomad Foods Ltd,0.0339,Consumer Staples
psc,2015Q4,2015   Q4,$12.5 B,1,APD,Air Products & Chemicals,0.2146,Materials
psc,2015Q4,2015   Q4,$12.5 B,2,ZTS,Zoetis Inc.,0.1609,Healthcare
psc,2015Q4,2015   Q4,$12.5 B,3,MDLZ,Mondelez International,0.1561,Consumer Staples
psc,2015Q4,2015   Q4,$12.5 B,4,CP,Canadian Pacific Kansas City,0.14279999999999998,Industrials
psc,2015Q4,2015   Q4,$12.5 B,5,BHC,Bausch Health,0.1354,Healthcare
psc,2015Q4,2015   Q4,$12.5 B,6,QSR,Restaurant Brands International,0.114,Consumer Discretionary
psc,2015Q4,2015   Q4,$12.5 B,7,PAH,Platform Specialty Products Corp.,0.044000000000000004,Materials
psc,2015Q4,2015   Q4,$12.5 B,8,HHH,Howard Hughes Holdings Inc.,0.032400000000000005,Real Estate
psc,2015Q3,2015   Q3,$14 B,1,BHC,Bausch Health,0.249,Healthcare
psc,2015Q3,2015   Q3,$14 B,2,APD,Air Products & Chemicals,0.18789999999999998,Materials
psc,2015Q3,2015   Q3,$14 B,3,CP,Canadian Pacific Kansas City,0.1435,Industrials
psc,2015Q3,2015   Q3,$14 B,4,MDLZ,Mondelez International,0.13019999999999998,Consumer Staples
psc,2015Q3,2015   Q3,$14 B,5,ZTS,Zoetis Inc.,0.1235,Healthcare
psc,2015Q3,2015   Q3,$14 B,6,QSR,Restaurant Brands International,0.09789999999999999,Consumer Discretionary
psc,2015Q3,2015   Q3,$14 B,7,PAH,Platform Specialty Products Corp.,0.0388,Materials
psc,2015Q3,2015   Q3,$14 B,8,HHH,Howard Hughes Holdings Inc.,0.029300000000000003,Real Estate
psc,2015Q2,2015   Q2,$14.4 B,1,BHC,Bausch Health,0.2995,Healthcare
psc,2015Q2,2015   Q2,$14.4 B,2,APD,Air Products & Chemicals,0.1946,Materials
psc,2015Q2,2015   Q2,$14.4 B,3,CP,Canadian Pacific Kansas City,0.15460000000000002,Industrials
psc,2015Q2,2015   Q2,$14.4 B,4,ZTS,Zoetis Inc.,0.1396,Healthcare
psc,2015Q2,2015   Q2,$14.4 B,5,QSR,Restaurant Brands International,0.1005,Consumer Discretionary
psc,2015Q2,2015   Q2,$14.4 B,6,PAH,Platform Specialty Products Corp.,0.0757,Materials
psc,2015Q2,2015   Q2,$14.4 B,7,HHH,Howard Hughes Holdings Inc.,0.0355,Real Estate
psc,2015Q1,2015   Q1,$15 B,1,BHC,Bausch Health,0.2584,Healthcare
psc,2015Q1,2015   Q1,$15 B,2,APD,Air Products & Chemicals,0.2077,Materials
psc,2015Q1,2015   Q1,$15 B,3,CP,Canadian Pacific Kansas City,0.17010000000000003,Industrials
psc,2015Q1,2015   Q1,$15 B,4,ZTS,Zoetis Inc.,0.1293,Healthcare
psc,2015Q1,2015   Q1,$15 B,5,QSR,Restaurant Brands International,0.0975,Consumer Discretionary
psc,2015Q1,2015   Q1,$15 B,6,PAH,Platform Specialty Products Corp.,0.0733,Materials
psc,2015Q1,2015   Q1,$15 B,7,HHH,Howard Hughes Holdings Inc.,0.0369,Real Estate
psc,2015Q1,2015   Q1,$15 B,8,ACT-OLD,Actavis plc,0.0268,Unknown
psc,2014Q4,2014   Q4,$16 B,1,AGN,Allergan Plc,0.353,Healthcare
psc,2014Q4,2014   Q4,$16 B,2,APD,Air Products & Chemicals,0.18469999999999998,Materials
psc,2014Q4,2014   Q4,$16 B,3,CP,Canadian Pacific Kansas City,0.1674,Industrials
psc,2014Q4,2014   Q4,$16 B,4,ZTS,Zoetis Inc.,0.1115,Healthcare
psc,2014Q4,2014   Q4,$16 B,5,QSR,Restaurant Brands International,0.0925,Consumer Discretionary
psc,2014Q4,2014   Q4,$16 B,6,PAH,Platform Specialty Products Corp.,0.061900000000000004,Materials
psc,2014Q4,2014   Q4,$16 B,7,HHH,Howard Hughes Holdings Inc.,0.028999999999999998,Real Estate
psc,2014Q3,2014   Q3,$13.4 B,1,AGN,Allergan Plc,0.3833,Healthcare
psc,2014Q3,2014   Q3,$13.4 B,2,CP,Canadian Pacific Kansas City,0.21539999999999998,Industrials
psc,2014Q3,2014   Q3,$13.4 B,3,APD,Air Products & Chemicals,0.1993,Materials
psc,2014Q3,2014   Q3,$13.4 B,4,BKW-OLD,Burger King Worldwide Inc.,0.0848,Consumer Discretionary
psc,2014Q3,2014   Q3,$13.4 B,5,PAH,Platform Specialty Products Corp.,0.0621,Materials
psc,2014Q3,2014   Q3,$13.4 B,6,HHH,Howard Hughes Holdings Inc.,0.039900000000000005,Real Estate
psc,2014Q3,2014   Q3,$13.4 B,7,ZTS,Zoetis Inc.,0.0152,Healthcare
psc,2014Q2,2014   Q2,$12.6 B,1,AGN,Allergan Plc,0.38789999999999997,Healthcare
psc,2014Q2,2014   Q2,$12.6 B,2,APD,Air Products & Chemicals,0.20980000000000001,Materials
psc,2014Q2,2014   Q2,$12.6 B,3,CP,Canadian Pacific Kansas City,0.2004,Industrials
psc,2014Q2,2014   Q2,$12.6 B,4,BKW-OLD,Burger King Worldwide Inc.,0.08289999999999999,Consumer Discretionary
psc,2014Q2,2014   Q2,$12.6 B,5,PAH,Platform Specialty Products Corp.,0.0742,Materials
psc,2014Q2,2014   Q2,$12.6 B,6,HHH,Howard Hughes Holdings Inc.,0.0447,Real Estate
psc,2014Q1,2014   Q1,$8.38 B,1,CP,Canadian Pacific Kansas City,0.3081,Industrials
psc,2014Q1,2014   Q1,$8.38 B,2,APD,Air Products & Chemicals,0.2919,Materials
psc,2014Q1,2014   Q1,$8.38 B,3,BKW-OLD,Burger King Worldwide Inc.,0.1216,Consumer Discretionary
psc,2014Q1,2014   Q1,$8.38 B,4,BEAM,Beam Inc.,0.11599999999999999,Healthcare
psc,2014Q1,2014   Q1,$8.38 B,5,PAH,Platform Specialty Products Corp.,0.0758,Materials
psc,2014Q1,2014   Q1,$8.38 B,6,HHH,Howard Hughes Holdings Inc.,0.0608,Real Estate
psc,2014Q1,2014   Q1,$8.38 B,7,AIV,Apartment Investment & Mgmt Co.,0.013500000000000002,Real Estate
psc,2014Q1,2014   Q1,$8.38 B,8,AGN,Allergan Plc,0.0088,Healthcare
psc,2014Q1,2014   Q1,$8.38 B,9,HME,Home Properties Inc.,0.0034000000000000002,Unknown
psc,2013Q4,2013   Q4,$8.23 B,1,CP,Canadian Pacific Kansas City,0.3155,Industrials
psc,2013Q4,2013   Q4,$8.23 B,2,APD,Air Products & Chemicals,0.2791,Materials
psc,2013Q4,2013   Q4,$8.23 B,3,BEAM,Beam Inc.,0.1721,Healthcare
psc,2013Q4,2013   Q4,$8.23 B,4,BKW-OLD,Burger King Worldwide Inc.,0.1066,Consumer Discretionary
psc,2013Q4,2013   Q4,$8.23 B,5,GGP,Genl Growth Properties,0.0674,Real Estate
psc,2013Q4,2013   Q4,$8.23 B,6,HHH,Howard Hughes Holdings Inc.,0.0521,Real Estate
psc,2013Q4,2013   Q4,$8.23 B,7,PG,Procter & Gamble,0.0073,Consumer Staples
psc,2013Q3,2013   Q3,$8.39 B,1,CP,Canadian Pacific Kansas City,0.34,Industrials
psc,2013Q3,2013   Q3,$8.39 B,2,APD,Air Products & Chemicals,0.2611,Materials
psc,2013Q3,2013   Q3,$8.39 B,3,BEAM,Beam Inc.,0.1605,Healthcare
psc,2013Q3,2013   Q3,$8.39 B,4,BKW-OLD,Burger King Worldwide Inc.,0.08929999999999999,Consumer Discretionary
psc,2013Q3,2013   Q3,$8.39 B,5,GGP,Genl Growth Properties,0.0821,Real Estate
psc,2013Q3,2013   Q3,$8.39 B,6,HHH,Howard Hughes Holdings Inc.,0.0478,Real Estate
psc,2013Q3,2013   Q3,$8.39 B,7,PG,Procter & Gamble,0.0191,Consumer Staples
psc,2013Q2,2013   Q2,$9.03 B,1,CP,Canadian Pacific Kansas City,0.3249,Industrials
psc,2013Q2,2013   Q2,$9.03 B,2,GGP,Genl Growth Properties,0.1492,Real Estate
psc,2013Q2,2013   Q2,$9.03 B,3,BEAM,Beam Inc.,0.14550000000000002,Healthcare
psc,2013Q2,2013   Q2,$9.03 B,4,APD,Air Products & Chemicals,0.1024,Materials
psc,2013Q2,2013   Q2,$9.03 B,5,BKW-OLD,Burger King Worldwide Inc.,0.08289999999999999,Consumer Discretionary
psc,2013Q2,2013   Q2,$9.03 B,6,PG,Procter & Gamble,0.0762,Consumer Staples
psc,2013Q2,2013   Q2,$9.03 B,7,JCP,Penney (J.C.),0.0739,Consumer Discretionary
psc,2013Q2,2013   Q2,$9.03 B,8,HHH,Howard Hughes Holdings Inc.,0.0443,Real Estate
psc,2013Q2,2013   Q2,$9.03 B,9,MATX,Matson Inc.,0.0006,Industrials
psc,2013Q1,2013   Q1,$9.99 B,1,CP,Canadian Pacific Kansas City,0.3154,Industrials
psc,2013Q1,2013   Q1,$9.99 B,2,PG,Procter & Gamble,0.2155,Consumer Staples
psc,2013Q1,2013   Q1,$9.99 B,3,GGP,Genl Growth Properties,0.1487,Real Estate
psc,2013Q1,2013   Q1,$9.99 B,4,BEAM,Beam Inc.,0.1324,Healthcare
psc,2013Q1,2013   Q1,$9.99 B,5,BKW-OLD,Burger King Worldwide Inc.,0.0733,Consumer Discretionary
psc,2013Q1,2013   Q1,$9.99 B,6,JCP,Penney (J.C.),0.0591,Consumer Discretionary
psc,2013Q1,2013   Q1,$9.99 B,7,HHH,Howard Hughes Holdings Inc.,0.029900000000000003,Real Estate
psc,2013Q1,2013   Q1,$9.99 B,8,MDLZ,Mondelez International,0.0183,Consumer Staples
psc,2013Q1,2013   Q1,$9.99 B,9,MATX,Matson Inc.,0.0075,Industrials
psc,2012Q4,2012   Q4,$9.01 B,1,CP,Canadian Pacific Kansas City,0.2724,Industrials
psc,2012Q4,2012   Q4,$9.01 B,2,PG,Procter & Gamble,0.21050000000000002,Consumer Staples
psc,2012Q4,2012   Q4,$9.01 B,3,GGP,Genl Growth Properties,0.1646,Real Estate
psc,2012Q4,2012   Q4,$9.01 B,4,BEAM,Beam Inc.,0.1411,Healthcare
psc,2012Q4,2012   Q4,$9.01 B,5,JCP,Penney (J.C.),0.0855,Consumer Discretionary
psc,2012Q4,2012   Q4,$9.01 B,6,BKW-OLD,Burger King Worldwide Inc.,0.07,Consumer Discretionary
psc,2012Q4,2012   Q4,$9.01 B,7,HHH,Howard Hughes Holdings Inc.,0.028900000000000002,Real Estate
psc,2012Q4,2012   Q4,$9.01 B,8,MDLZ,Mondelez International,0.0169,Consumer Staples
psc,2012Q4,2012   Q4,$9.01 B,9,MATX,Matson Inc.,0.01,Industrials
psc,2012Q3,2012   Q3,$8.45 B,1,CP,Canadian Pacific Kansas City,0.237,Industrials
psc,2012Q3,2012   Q3,$8.45 B,2,PG,Procter & Gamble,0.22940000000000002,Consumer Staples
psc,2012Q3,2012   Q3,$8.45 B,3,GGP,Genl Growth Properties,0.1723,Real Estate
psc,2012Q3,2012   Q3,$8.45 B,4,BEAM,Beam Inc.,0.1418,Healthcare
psc,2012Q3,2012   Q3,$8.45 B,5,JCP,Penney (J.C.),0.11230000000000001,Consumer Discretionary
psc,2012Q3,2012   Q3,$8.45 B,6,BKW-OLD,Burger King Worldwide Inc.,0.0633,Consumer Discretionary
psc,2012Q3,2012   Q3,$8.45 B,7,HHH,Howard Hughes Holdings Inc.,0.03,Real Estate
psc,2012Q3,2012   Q3,$8.45 B,8,MATX,Matson Inc.,0.009000000000000001,Industrials
psc,2012Q3,2012   Q3,$8.45 B,9,ALEX-OLD,Alexander & Baldwin,0.0049,Industrials
psc,2012Q2,2012   Q2,$7.08 B,1,CP,Canadian Pacific Kansas City,0.2502,Industrials
psc,2012Q2,2012   Q2,$7.08 B,2,PG,Procter & Gamble,0.18969999999999998,Consumer Staples
psc,2012Q2,2012   Q2,$7.08 B,3,GGP,Genl Growth Properties,0.18469999999999998,Real Estate
psc,2012Q2,2012   Q2,$7.08 B,4,BEAM,Beam Inc.,0.1839,Healthcare
psc,2012Q2,2012   Q2,$7.08 B,5,JCP,Penney (J.C.),0.12869999999999998,Consumer Discretionary
psc,2012Q2,2012   Q2,$7.08 B,6,HHH,Howard Hughes Holdings Inc.,0.0311,Real Estate
psc,2012Q2,2012   Q2,$7.08 B,7,ALEX-OLD,Alexander & Baldwin,0.0274,Industrials
psc,2012Q2,2012   Q2,$7.08 B,8,C,Citigroup Inc.,0.0043,Financials
psc,2012Q1,2012   Q1,$8.07 B,1,CP,Canadian Pacific Kansas City,0.2273,Industrials
psc,2012Q1,2012   Q1,$8.07 B,2,JCP,Penney (J.C.),0.17149999999999999,Consumer Discretionary
psc,2012Q1,2012   Q1,$8.07 B,3,GGP,Genl Growth Properties,0.152,Real Estate
psc,2012Q1,2012   Q1,$8.07 B,4,BEAM,Beam Inc.,0.151,Healthcare
psc,2012Q1,2012   Q1,$8.07 B,5,C,Citigroup Inc.,0.1183,Financials
psc,2012Q1,2012   Q1,$8.07 B,6,MDLZ,Mondelez International,0.073,Consumer Staples
psc,2012Q1,2012   Q1,$8.07 B,7,FBIN,Fortune Brands Innovations Inc.,0.0364,Industrials
psc,2012Q1,2012   Q1,$8.07 B,8,HHH,Howard Hughes Holdings Inc.,0.0282,Real Estate
psc,2012Q1,2012   Q1,$8.07 B,9,ALEX-OLD,Alexander & Baldwin,0.0219,Industrials
psc,2012Q1,2012   Q1,$8.07 B,10,FDO,Family Dollar Stores,0.020499999999999997,Unknown
psc,2011Q4,2011   Q4,$7.77 B,1,CP,Canadian Pacific Kansas City,0.21050000000000002,Industrials
psc,2011Q4,2011   Q4,$7.77 B,2,JCP,Penney (J.C.),0.1752,Consumer Discretionary
psc,2011Q4,2011   Q4,$7.77 B,3,GGP,Genl Growth Properties,0.13970000000000002,Real Estate
psc,2011Q4,2011   Q4,$7.77 B,4,BEAM,Beam Inc.,0.1373,Healthcare
psc,2011Q4,2011   Q4,$7.77 B,5,MDLZ,Mondelez International,0.1018,Consumer Staples
psc,2011Q4,2011   Q4,$7.77 B,6,C,Citigroup Inc.,0.0885,Financials
psc,2011Q4,2011   Q4,$7.77 B,7,FDO,Family Dollar Stores,0.0623,Unknown
psc,2011Q4,2011   Q4,$7.77 B,8,FBIN,Fortune Brands Innovations Inc.,0.045700000000000005,Industrials
psc,2011Q4,2011   Q4,$7.77 B,9,HHH,Howard Hughes Holdings Inc.,0.0203,Real Estate
psc,2011Q4,2011   Q4,$7.77 B,10,ALEX-OLD,Alexander & Baldwin,0.0187,Industrials
psc,2011Q3,2011   Q3,$6.02 B,1,FO,Fortune Brands Inc.,0.18710000000000002,Unknown
psc,2011Q3,2011   Q3,$6.02 B,2,JCP,Penney (J.C.),0.1723,Consumer Discretionary
psc,2011Q3,2011   Q3,$6.02 B,3,GGP,Genl Growth Properties,0.14529999999999998,Real Estate
psc,2011Q3,2011   Q3,$6.02 B,4,MDLZ,Mondelez International,0.1406,Consumer Staples
psc,2011Q3,2011   Q3,$6.02 B,5,C,Citigroup Inc.,0.1112,Financials
psc,2011Q3,2011   Q3,$6.02 B,6,FDO,Family Dollar Stores,0.09630000000000001,Unknown
psc,2011Q3,2011   Q3,$6.02 B,7,LOW,Lowe's Cos.,0.0683,Consumer Discretionary
psc,2011Q3,2011   Q3,$6.02 B,8,CP,Canadian Pacific Kansas City,0.0323,Industrials
psc,2011Q3,2011   Q3,$6.02 B,9,HHH,Howard Hughes Holdings Inc.,0.025,Real Estate
psc,2011Q3,2011   Q3,$6.02 B,10,ALEX-OLD,Alexander & Baldwin,0.0216,Industrials
psc,2011Q2,2011   Q2,$6.39 B,1,JCP,Penney (J.C.),0.20920000000000002,Consumer Discretionary
psc,2011Q2,2011   Q2,$6.39 B,2,GGP,Genl Growth Properties,0.1886,Real Estate
psc,2011Q2,2011   Q2,$6.39 B,3,FO,Fortune Brands Inc.,0.17129999999999998,Unknown
psc,2011Q2,2011   Q2,$6.39 B,4,C,Citigroup Inc.,0.1532,Financials
psc,2011Q2,2011   Q2,$6.39 B,5,MDLZ,Mondelez International,0.1225,Consumer Staples
psc,2011Q2,2011   Q2,$6.39 B,6,FDO,Family Dollar Stores,0.09119999999999999,Unknown
psc,2011Q2,2011   Q2,$6.39 B,7,HHH,Howard Hughes Holdings Inc.,0.0363,Real Estate
psc,2011Q2,2011   Q2,$6.39 B,8,ALEX-OLD,Alexander & Baldwin,0.0268,Industrials
psc,2011Q2,2011   Q2,$6.39 B,9,GLRE,Greenlight Capital Re Ltd.,0.001,Financials
psc,2011Q1,2011   Q1,$5.57 B,1,JCP,Penney (J.C.),0.22519999999999998,Consumer Discretionary
psc,2011Q1,2011   Q1,$5.57 B,2,GGP,Genl Growth Properties,0.1996,Real Estate
psc,2011Q1,2011   Q1,$5.57 B,3,FO,Fortune Brands Inc.,0.18530000000000002,Unknown
psc,2011Q1,2011   Q1,$5.57 B,4,MDLZ,Mondelez International,0.1253,Consumer Staples
psc,2011Q1,2011   Q1,$5.57 B,5,C,Citigroup Inc.,0.1165,Financials
psc,2011Q1,2011   Q1,$5.57 B,6,FDO,Family Dollar Stores,0.053099999999999994,Unknown
psc,2011Q1,2011   Q1,$5.57 B,7,HHH,Howard Hughes Holdings Inc.,0.0453,Real Estate
psc,2011Q1,2011   Q1,$5.57 B,8,ALEX-OLD,Alexander & Baldwin,0.0292,Industrials
psc,2011Q1,2011   Q1,$5.57 B,9,CXW,CoreCivic Inc.,0.0194,Industrials
psc,2011Q1,2011   Q1,$5.57 B,10,GLRE,Greenlight Capital Re Ltd.,0.0013,Financials
psc,2010Q4,2010   Q4,$5.71 B,1,JCP,Penney (J.C.),0.19760000000000003,Consumer Discretionary
psc,2010Q4,2010   Q4,$5.71 B,2,GGP,Genl Growth Properties,0.18969999999999998,Real Estate
psc,2010Q4,2010   Q4,$5.71 B,3,FO,Fortune Brands Inc.,0.1759,Unknown
psc,2010Q4,2010   Q4,$5.71 B,4,C,Citigroup Inc.,0.12140000000000001,Financials
psc,2010Q4,2010   Q4,$5.71 B,5,MDLZ,Mondelez International,0.1074,Consumer Staples
psc,2010Q4,2010   Q4,$5.71 B,6,TGT,Target Corp.,0.0779,Consumer Staples
psc,2010Q4,2010   Q4,$5.71 B,7,GM,General Motors,0.0464,Consumer Discretionary
psc,2010Q4,2010   Q4,$5.71 B,8,CXW,CoreCivic Inc.,0.0344,Industrials
psc,2010Q4,2010   Q4,$5.71 B,9,HHH,Howard Hughes Holdings Inc.,0.034,Real Estate
psc,2010Q4,2010   Q4,$5.71 B,10,ADP,Automatic Data Processing Inc.,0.011399999999999999,Technology
psc,2010Q4,2010   Q4,$5.71 B,11,BGP,Borders Group,0.0017000000000000001,Consumer Discretionary
psc,2010Q4,2010   Q4,$5.71 B,12,ALEX-OLD,Alexander & Baldwin,0.0012,Industrials
psc,2010Q4,2010   Q4,$5.71 B,13,GLRE,Greenlight Capital Re Ltd.,0.0012,Financials
psc,2010Q3,2010   Q3,$4.04 B,1,MDLZ,Mondelez International,0.21100000000000002,Consumer Staples
psc,2010Q3,2010   Q3,$4.04 B,2,TGT,Target Corp.,0.18710000000000002,Consumer Staples
psc,2010Q3,2010   Q3,$4.04 B,3,C,Citigroup Inc.,0.1414,Financials
psc,2010Q3,2010   Q3,$4.04 B,4,JCP,Penney (J.C.),0.1057,Consumer Discretionary
psc,2010Q3,2010   Q3,$4.04 B,5,GGP,Genl Growth Properties,0.0925,Real Estate
psc,2010Q3,2010   Q3,$4.04 B,6,FO,Fortune Brands Inc.,0.091,Unknown
psc,2010Q3,2010   Q3,$4.04 B,7,ADP,Automatic Data Processing Inc.,0.09050000000000001,Technology
psc,2010Q3,2010   Q3,$4.04 B,8,CXW,CoreCivic Inc.,0.0668,Industrials
psc,2010Q3,2010   Q3,$4.04 B,9,LNY,Landry's Restaurants Inc.,0.009399999999999999,Unknown
psc,2010Q3,2010   Q3,$4.04 B,10,BGP,Borders Group,0.0031,Consumer Discretionary
psc,2010Q3,2010   Q3,$4.04 B,11,GLRE,Greenlight Capital Re Ltd.,0.0015,Financials
psc,2010Q2,2010   Q2,$3.5 B,1,TGT,Target Corp.,0.2904,Consumer Staples
psc,2010Q2,2010   Q2,$3.5 B,2,MDLZ,Mondelez International,0.2691,Consumer Staples
psc,2010Q2,2010   Q2,$3.5 B,3,C,Citigroup Inc.,0.1573,Financials
psc,2010Q2,2010   Q2,$3.5 B,4,ADP,Automatic Data Processing Inc.,0.0951,Technology
psc,2010Q2,2010   Q2,$3.5 B,5,GGP,Genl Growth Properties,0.0907,Real Estate
psc,2010Q2,2010   Q2,$3.5 B,6,CXW,CoreCivic Inc.,0.0596,Industrials
psc,2010Q2,2010   Q2,$3.5 B,7,YUM,Yum! Brands Inc.,0.0213,Consumer Discretionary
psc,2010Q2,2010   Q2,$3.5 B,8,LNY,Landry's Restaurants Inc.,0.0109,Unknown
psc,2010Q2,2010   Q2,$3.5 B,9,BGP,Borders Group,0.004,Consumer Discretionary
psc,2010Q2,2010   Q2,$3.5 B,10,GLRE,Greenlight Capital Re Ltd.,0.0018,Financials
psc,2010Q1,2010   Q1,$3.32 B,1,TGT,Target Corp.,0.32789999999999997,Consumer Staples
psc,2010Q1,2010   Q1,$3.32 B,2,MDLZ,Mondelez International,0.2989,Consumer Staples
psc,2010Q1,2010   Q1,$3.32 B,3,YUM,Yum! Brands Inc.,0.17559999999999998,Consumer Discretionary
psc,2010Q1,2010   Q1,$3.32 B,4,GGP,Genl Growth Properties,0.1162,Real Estate
psc,2010Q1,2010   Q1,$3.32 B,5,CXW,CoreCivic Inc.,0.0655,Industrials
psc,2010Q1,2010   Q1,$3.32 B,6,LNY,Landry's Restaurants Inc.,0.0084,Unknown
psc,2010Q1,2010   Q1,$3.32 B,7,BGP,Borders Group,0.0055000000000000005,Consumer Discretionary
psc,2010Q1,2010   Q1,$3.32 B,8,GLRE,Greenlight Capital Re Ltd.,0.002,Financials
psc,2009Q4,2009   Q4,$1.9 B,1,TGT,Target Corp.,0.5303,Consumer Staples
psc,2009Q4,2009   Q4,$1.9 B,2,YUM,Yum! Brands Inc.,0.2548,Consumer Discretionary
psc,2009Q4,2009   Q4,$1.9 B,3,CXW,CoreCivic Inc.,0.1416,Industrials
psc,2009Q4,2009   Q4,$1.9 B,4,H,Hyatt Hotels Corp.,0.0435,Consumer Discretionary
psc,2009Q4,2009   Q4,$1.9 B,5,LNY,Landry's Restaurants Inc.,0.0175,Unknown
psc,2009Q4,2009   Q4,$1.9 B,6,BGP,Borders Group,0.0066,Consumer Discretionary
psc,2009Q4,2009   Q4,$1.9 B,7,GLRE,Greenlight Capital Re Ltd.,0.0031,Financials
psc,2009Q4,2009   Q4,$1.9 B,8,ADP,Automatic Data Processing Inc.,0.0026,Technology
psc,2009Q3,2009   Q3,$3.13 B,1,TGT,Target Corp.,0.38799999999999996,Consumer Staples
psc,2009Q3,2009   Q3,$3.13 B,2,EMC,EMC Corp.,0.3195,Technology
psc,2009Q3,2009   Q3,$3.13 B,3,MCD,McDonald's Corp.,0.15039999999999998,Consumer Discretionary
psc,2009Q3,2009   Q3,$3.13 B,4,ADP,Automatic Data Processing Inc.,0.0768,Technology
psc,2009Q3,2009   Q3,$3.13 B,5,CXW,CoreCivic Inc.,0.053200000000000004,Industrials
psc,2009Q3,2009   Q3,$3.13 B,6,BGP,Borders Group,0.0105,Consumer Discretionary
psc,2009Q3,2009   Q3,$3.13 B,7,GLRE,Greenlight Capital Re Ltd.,0.0015,Financials
psc,2009Q2,2009   Q2,$2.19 B,1,TGT,Target Corp.,0.4485,Consumer Staples
psc,2009Q2,2009   Q2,$2.19 B,2,EMC,EMC Corp.,0.35119999999999996,Technology
psc,2009Q2,2009   Q2,$2.19 B,3,ADP,Automatic Data Processing Inc.,0.1175,Technology
psc,2009Q2,2009   Q2,$2.19 B,4,MCD,McDonald's Corp.,0.063,Consumer Discretionary
psc,2009Q2,2009   Q2,$2.19 B,5,BGP,Borders Group,0.0178,Consumer Discretionary
psc,2009Q2,2009   Q2,$2.19 B,6,GLRE,Greenlight Capital Re Ltd.,0.002,Financials
psc,2009Q1,2009   Q1,$1.93 B,1,TGT,Target Corp.,0.4439,Consumer Staples
psc,2009Q1,2009   Q1,$1.93 B,2,EMC,EMC Corp.,0.3468,Technology
psc,2009Q1,2009   Q1,$1.93 B,3,WEN,Wendy's Co.,0.08439999999999999,Consumer Discretionary
psc,2009Q1,2009   Q1,$1.93 B,4,V,Visa Inc.,0.0636,Financials
psc,2009Q1,2009   Q1,$1.93 B,5,AIV,Apartment Investment & Mgmt Co.,0.0231,Real Estate
psc,2009Q1,2009   Q1,$1.93 B,6,YUM,Yum! Brands Inc.,0.0222,Consumer Discretionary
psc,2009Q1,2009   Q1,$1.93 B,7,GGP,Genl Growth Properties,0.0086,Real Estate
psc,2009Q1,2009   Q1,$1.93 B,8,BGP,Borders Group,0.0034999999999999996,Consumer Discretionary
psc,2009Q1,2009   Q1,$1.93 B,9,GLRE,Greenlight Capital Re Ltd.,0.0021,Financials
psc,2009Q1,2009   Q1,$1.93 B,10,SKS,SAKS Inc.,0.0013,Unknown
psc,2009Q1,2009   Q1,$1.93 B,11,ALX,Alexander's Inc.,0.0007000000000000001,Real Estate
psc,2008Q4,2008   Q4,$2.38 B,1,TGT,Target Corp.,0.3883,Consumer Staples
psc,2008Q4,2008   Q4,$2.38 B,2,EMC,EMC Corp.,0.258,Technology
psc,2008Q4,2008   Q4,$2.38 B,3,V,Visa Inc.,0.1573,Financials
psc,2008Q4,2008   Q4,$2.38 B,4,WEN,Wendy's Co.,0.0977,Consumer Discretionary
psc,2008Q4,2008   Q4,$2.38 B,5,DPS,Dr Pepper Snapple Group Inc.,0.0739,Unknown
psc,2008Q4,2008   Q4,$2.38 B,6,GGP,Genl Growth Properties,0.0109,Real Estate
psc,2008Q4,2008   Q4,$2.38 B,7,SHLDQ-OLD,Sears Holdings Corp.,0.0049,Consumer Discretionary
psc,2008Q4,2008   Q4,$2.38 B,8,SKS,SAKS Inc.,0.0025,Unknown
psc,2008Q4,2008   Q4,$2.38 B,9,AIV,Apartment Investment & Mgmt Co.,0.0024,Real Estate
psc,2008Q4,2008   Q4,$2.38 B,10,BGP,Borders Group,0.0018,Consumer Discretionary
psc,2008Q4,2008   Q4,$2.38 B,11,GLRE,Greenlight Capital Re Ltd.,0.0014000000000000002,Financials
psc,2008Q4,2008   Q4,$2.38 B,12,ALX,Alexander's Inc.,0.0009,Real Estate
psc,2008Q3,2008   Q3,$3.79 B,1,TGT,Target Corp.,0.254,Consumer Staples
psc,2008Q3,2008   Q3,$3.79 B,2,EMC,EMC Corp.,0.18510000000000001,Technology
psc,2008Q3,2008   Q3,$3.79 B,3,DPS,Dr Pepper Snapple Group Inc.,0.1547,Unknown
psc,2008Q3,2008   Q3,$3.79 B,4,WB-OLD,Wachovia Corp.,0.08929999999999999,Unknown
psc,2008Q3,2008   Q3,$3.79 B,5,WEN,Wendy's Co.,0.07730000000000001,Consumer Discretionary
psc,2008Q3,2008   Q3,$3.79 B,6,LDG,Longs Drug Stores,0.06269999999999999,Unknown
psc,2008Q3,2008   Q3,$3.79 B,7,BKS,Barnes & Noble,0.045,Unknown
psc,2008Q3,2008   Q3,$3.79 B,8,V,Visa Inc.,0.0438,Financials
psc,2008Q3,2008   Q3,$3.79 B,9,AIG,American International Group,0.0291,Financials
psc,2008Q3,2008   Q3,$3.79 B,10,MA,Mastercard Inc.,0.026699999999999998,Financials
psc,2008Q3,2008   Q3,$3.79 B,11,BGP,Borders Group,0.0184,Consumer Discretionary
psc,2008Q3,2008   Q3,$3.79 B,12,SHLDQ-OLD,Sears Holdings Corp.,0.0124,Consumer Discretionary
psc,2008Q3,2008   Q3,$3.79 B,13,GLRE,Greenlight Capital Re Ltd.,0.0015,Financials
psc,2008Q2,2008   Q2,$3.04 B,1,TGT,Target Corp.,0.3002,Consumer Staples
psc,2008Q2,2008   Q2,$3.04 B,2,EMC,EMC Corp.,0.1931,Technology
psc,2008Q2,2008   Q2,$3.04 B,3,SHLDQ-OLD,Sears Holdings Corp.,0.1637,Consumer Discretionary
psc,2008Q2,2008   Q2,$3.04 B,4,DPS,Dr Pepper Snapple Group Inc.,0.1477,Unknown
psc,2008Q2,2008   Q2,$3.04 B,5,WEN,Wendy's Co.,0.1173,Consumer Discretionary
psc,2008Q2,2008   Q2,$3.04 B,6,BKS,Barnes & Noble,0.0535,Unknown
psc,2008Q2,2008   Q2,$3.04 B,7,BGP,Borders Group,0.0209,Consumer Discretionary
psc,2008Q2,2008   Q2,$3.04 B,8,GLRE,Greenlight Capital Re Ltd.,0.0019,Financials
psc,2008Q2,2008   Q2,$3.04 B,9,LDG,Longs Drug Stores,0.0012,Unknown
psc,2008Q2,2008   Q2,$3.04 B,10,CBY,Cadbury PLC,0.0004,Unknown
psc,2008Q1,2008   Q1,$2.34 B,1,TGT,Target Corp.,0.52,Consumer Staples
psc,2008Q1,2008   Q1,$2.34 B,2,SHLDQ-OLD,Sears Holdings Corp.,0.2945,Consumer Discretionary
psc,2008Q1,2008   Q1,$2.34 B,3,BKS,Barnes & Noble,0.0857,Unknown
psc,2008Q1,2008   Q1,$2.34 B,4,WEN,Wendy's Co.,0.0705,Consumer Discretionary
psc,2008Q1,2008   Q1,$2.34 B,5,BGP,Borders Group,0.026600000000000002,Consumer Discretionary
psc,2008Q1,2008   Q1,$2.34 B,6,GLRE,Greenlight Capital Re Ltd.,0.002,Financials
psc,2008Q1,2008   Q1,$2.34 B,7,CSG,Cadbury Schweppes PLC,0.0007000000000000001,Unknown
psc,2007Q4,2007   Q4,$1.35 B,1,SHLDQ-OLD,Sears Holdings Corp.,0.4646,Consumer Discretionary
psc,2007Q4,2007   Q4,$1.35 B,2,TGT,Target Corp.,0.2799,Consumer Staples
psc,2007Q4,2007   Q4,$1.35 B,3,BKS,Barnes & Noble,0.1668,Unknown
psc,2007Q4,2007   Q4,$1.35 B,4,BGP,Borders Group,0.0836,Consumer Discretionary
psc,2007Q4,2007   Q4,$1.35 B,5,GLRE,Greenlight Capital Re Ltd.,0.0038,Financials
psc,2007Q4,2007   Q4,$1.35 B,6,CSG,Cadbury Schweppes PLC,0.0013,Unknown
psc,2007Q3,2007   Q3,$2.96 B,1,MCD,McDonald's Corp.,0.3456,Consumer Discretionary
psc,2007Q3,2007   Q3,$2.96 B,2,CEN-OLD,Ceridian Corp.,0.2518,Unknown
psc,2007Q3,2007   Q3,$2.96 B,3,SHLDQ-OLD,Sears Holdings Corp.,0.2151,Consumer Discretionary
psc,2007Q3,2007   Q3,$2.96 B,4,BKS,Barnes & Noble,0.078,Unknown
psc,2007Q3,2007   Q3,$2.96 B,5,TGT,Target Corp.,0.0764,Consumer Staples
psc,2007Q3,2007   Q3,$2.96 B,6,BGP,Borders Group,0.030899999999999997,Consumer Discretionary
psc,2007Q3,2007   Q3,$2.96 B,7,GLRE,Greenlight Capital Re Ltd.,0.0017000000000000001,Financials
psc,2007Q3,2007   Q3,$2.96 B,8,CSG,Cadbury Schweppes PLC,0.0006,Unknown
psc,2007Q2,2007   Q2,$2.44 B,1,MCD,McDonald's Corp.,0.3896,Consumer Discretionary
psc,2007Q2,2007   Q2,$2.44 B,2,CEN-OLD,Ceridian Corp.,0.3069,Unknown
psc,2007Q2,2007   Q2,$2.44 B,3,BKS,Barnes & Noble,0.10289999999999999,Unknown
psc,2007Q2,2007   Q2,$2.44 B,4,SPLS,Staples Inc.,0.10039999999999999,Unknown
psc,2007Q2,2007   Q2,$2.44 B,5,BGP,Borders Group,0.0535,Consumer Discretionary
psc,2007Q2,2007   Q2,$2.44 B,6,TGT,Target Corp.,0.0437,Consumer Staples
psc,2007Q2,2007   Q2,$2.44 B,7,GLRE,Greenlight Capital Re Ltd.,0.0023,Financials
psc,2007Q2,2007   Q2,$2.44 B,8,CSG,Cadbury Schweppes PLC,0.0008,Unknown
VFC,2026Q2,2026   Q2,$3.12 B,1,FICO,Fair Isaac Corp.,0.2577,Technology
VFC,2026Q2,2026   Q2,$3.12 B,2,SPGI,S&P Global Inc.,0.19920000000000002,Financials
VFC,2026Q2,2026   Q2,$3.12 B,3,MCO,Moody's Corp.,0.19140000000000001,Financials
VFC,2026Q2,2026   Q2,$3.12 B,4,MA,Mastercard Inc.,0.1757,Financials
VFC,2026Q2,2026   Q2,$3.12 B,5,ASML,ASML Holding NV,0.1092,Technology
VFC,2026Q2,2026   Q2,$3.12 B,6,V,Visa Inc.,0.051,Financials
VFC,2026Q2,2026   Q2,$3.12 B,7,INTU,Intuit Inc.,0.0158,Technology
VFC,2026Q1,2026   Q1,$3.38 B,1,FICO,Fair Isaac Corp.,0.2433,Technology
VFC,2026Q1,2026   Q1,$3.38 B,2,SPGI,S&P Global Inc.,0.22149999999999997,Financials
VFC,2026Q1,2026   Q1,$3.38 B,3,MA,Mastercard Inc.,0.2202,Financials
VFC,2026Q1,2026   Q1,$3.38 B,4,MCO,Moody's Corp.,0.1702,Financials
VFC,2026Q1,2026   Q1,$3.38 B,5,ASML,ASML Holding NV,0.0669,Technology
VFC,2026Q1,2026   Q1,$3.38 B,6,V,Visa Inc.,0.0536,Financials
VFC,2026Q1,2026   Q1,$3.38 B,7,INTU,Intuit Inc.,0.0242,Technology
VFC,2025Q4,2025   Q4,$4.41 B,1,FICO,Fair Isaac Corp.,0.2949,Technology
VFC,2025Q4,2025   Q4,$4.41 B,2,SPGI,S&P Global Inc.,0.20829999999999999,Financials
VFC,2025Q4,2025   Q4,$4.41 B,3,MA,Mastercard Inc.,0.1925,Financials
VFC,2025Q4,2025   Q4,$4.41 B,4,MCO,Moody's Corp.,0.1525,Financials
VFC,2025Q4,2025   Q4,$4.41 B,5,V,Visa Inc.,0.0729,Financials
VFC,2025Q4,2025   Q4,$4.41 B,6,INTU,Intuit Inc.,0.0332,Technology
VFC,2025Q4,2025   Q4,$4.41 B,7,ASML,ASML Holding NV,0.030600000000000002,Technology
VFC,2025Q4,2025   Q4,$4.41 B,8,MSCI,MSCI Inc.,0.0079,Financials
VFC,2025Q4,2025   Q4,$4.41 B,9,EFX,Equifax Inc.,0.0072,Industrials
VFC,2025Q3,2025   Q3,$4.16 B,1,FICO,Fair Isaac Corp.,0.2766,Technology
VFC,2025Q3,2025   Q3,$4.16 B,2,SPGI,S&P Global Inc.,0.20550000000000002,Financials
VFC,2025Q3,2025   Q3,$4.16 B,3,MA,Mastercard Inc.,0.2032,Financials
VFC,2025Q3,2025   Q3,$4.16 B,4,MCO,Moody's Corp.,0.1506,Financials
VFC,2025Q3,2025   Q3,$4.16 B,5,V,Visa Inc.,0.07490000000000001,Financials
VFC,2025Q3,2025   Q3,$4.16 B,6,INTU,Intuit Inc.,0.0429,Technology
VFC,2025Q3,2025   Q3,$4.16 B,7,ASML,ASML Holding NV,0.029300000000000003,Technology
VFC,2025Q3,2025   Q3,$4.16 B,8,EFX,Equifax Inc.,0.0089,Industrials
VFC,2025Q3,2025   Q3,$4.16 B,9,MSCI,MSCI Inc.,0.008100000000000001,Financials
VFC,2025Q2,2025   Q2,$4.53 B,1,FICO,Fair Isaac Corp.,0.3103,Technology
VFC,2025Q2,2025   Q2,$4.53 B,2,SPGI,S&P Global Inc.,0.20440000000000003,Financials
VFC,2025Q2,2025   Q2,$4.53 B,3,MA,Mastercard Inc.,0.1843,Financials
VFC,2025Q2,2025   Q2,$4.53 B,4,MCO,Moody's Corp.,0.1456,Financials
VFC,2025Q2,2025   Q2,$4.53 B,5,V,Visa Inc.,0.07150000000000001,Financials
VFC,2025Q2,2025   Q2,$4.53 B,6,INTU,Intuit Inc.,0.0458,Technology
VFC,2025Q2,2025   Q2,$4.53 B,7,ASML,ASML Holding NV,0.0222,Technology
VFC,2025Q2,2025   Q2,$4.53 B,8,EFX,Equifax Inc.,0.008199999999999999,Industrials
VFC,2025Q2,2025   Q2,$4.53 B,9,MSCI,MSCI Inc.,0.0076,Financials
VFC,2025Q1,2025   Q1,$4.39 B,1,FICO,Fair Isaac Corp.,0.32289999999999996,Technology
VFC,2025Q1,2025   Q1,$4.39 B,2,SPGI,S&P Global Inc.,0.2032,Financials
VFC,2025Q1,2025   Q1,$4.39 B,3,MA,Mastercard Inc.,0.18539999999999998,Financials
VFC,2025Q1,2025   Q1,$4.39 B,4,MCO,Moody's Corp.,0.1394,Financials
VFC,2025Q1,2025   Q1,$4.39 B,5,V,Visa Inc.,0.0728,Financials
VFC,2025Q1,2025   Q1,$4.39 B,6,INTU,Intuit Inc.,0.0416,Technology
VFC,2025Q1,2025   Q1,$4.39 B,7,ASML,ASML Holding NV,0.019,Technology
VFC,2025Q1,2025   Q1,$4.39 B,8,EFX,Equifax Inc.,0.008,Industrials
VFC,2025Q1,2025   Q1,$4.39 B,9,MSCI,MSCI Inc.,0.0077,Financials
VFC,2024Q4,2024   Q4,$4.54 B,1,FICO,Fair Isaac Corp.,0.3439,Technology
VFC,2024Q4,2024   Q4,$4.54 B,2,SPGI,S&P Global Inc.,0.1925,Financials
VFC,2024Q4,2024   Q4,$4.54 B,3,MA,Mastercard Inc.,0.1722,Financials
VFC,2024Q4,2024   Q4,$4.54 B,4,MCO,Moody's Corp.,0.13699999999999998,Financials
VFC,2024Q4,2024   Q4,$4.54 B,5,V,Visa Inc.,0.0635,Financials
VFC,2024Q4,2024   Q4,$4.54 B,6,INTU,Intuit Inc.,0.0557,Technology
VFC,2024Q4,2024   Q4,$4.54 B,7,ASML,ASML Holding NV,0.0192,Technology
VFC,2024Q4,2024   Q4,$4.54 B,8,EFX,Equifax Inc.,0.008100000000000001,Industrials
VFC,2024Q4,2024   Q4,$4.54 B,9,MSCI,MSCI Inc.,0.0079,Financials
VFC,2024Q3,2024   Q3,$4.5 B,1,FICO,Fair Isaac Corp.,0.3493,Technology
VFC,2024Q3,2024   Q3,$4.5 B,2,SPGI,S&P Global Inc.,0.19579999999999997,Financials
VFC,2024Q3,2024   Q3,$4.5 B,3,MA,Mastercard Inc.,0.1629,Financials
VFC,2024Q3,2024   Q3,$4.5 B,4,MCO,Moody's Corp.,0.1359,Financials
VFC,2024Q3,2024   Q3,$4.5 B,5,INTU,Intuit Inc.,0.061399999999999996,Technology
VFC,2024Q3,2024   Q3,$4.5 B,6,V,Visa Inc.,0.0557,Financials
VFC,2024Q3,2024   Q3,$4.5 B,7,ASML,ASML Holding NV,0.0233,Technology
VFC,2024Q3,2024   Q3,$4.5 B,8,AZPN-OLD,Aspen Technology Inc.,0.015700000000000002,Technology
VFC,2024Q2,2024   Q2,$3.87 B,1,FICO,Fair Isaac Corp.,0.3378,Technology
VFC,2024Q2,2024   Q2,$3.87 B,2,SPGI,S&P Global Inc.,0.1909,Financials
VFC,2024Q2,2024   Q2,$3.87 B,3,MA,Mastercard Inc.,0.16940000000000002,Financials
VFC,2024Q2,2024   Q2,$3.87 B,4,MCO,Moody's Corp.,0.1326,Financials
VFC,2024Q2,2024   Q2,$3.87 B,5,INTU,Intuit Inc.,0.0756,Technology
VFC,2024Q2,2024   Q2,$3.87 B,6,V,Visa Inc.,0.061900000000000004,Financials
VFC,2024Q2,2024   Q2,$3.87 B,7,ASML,ASML Holding NV,0.0166,Technology
VFC,2024Q2,2024   Q2,$3.87 B,8,AZPN-OLD,Aspen Technology Inc.,0.0152,Technology
VFC,2024Q1,2024   Q1,$3.67 B,1,FICO,Fair Isaac Corp.,0.3002,Technology
VFC,2024Q1,2024   Q1,$3.67 B,2,MA,Mastercard Inc.,0.195,Financials
VFC,2024Q1,2024   Q1,$3.67 B,3,SPGI,S&P Global Inc.,0.19210000000000002,Financials
VFC,2024Q1,2024   Q1,$3.67 B,4,MCO,Moody's Corp.,0.1306,Financials
VFC,2024Q1,2024   Q1,$3.67 B,5,INTU,Intuit Inc.,0.0789,Technology
VFC,2024Q1,2024   Q1,$3.67 B,6,V,Visa Inc.,0.0694,Financials
VFC,2024Q1,2024   Q1,$3.67 B,7,AZPN-OLD,Aspen Technology Inc.,0.0172,Technology
VFC,2024Q1,2024   Q1,$3.67 B,8,ASML,ASML Holding NV,0.0166,Technology
VFC,2023Q4,2023   Q4,$3.52 B,1,FICO,Fair Isaac Corp.,0.2989,Technology
VFC,2023Q4,2023   Q4,$3.52 B,2,SPGI,S&P Global Inc.,0.2073,Financials
VFC,2023Q4,2023   Q4,$3.52 B,3,MA,Mastercard Inc.,0.18,Financials
VFC,2023Q4,2023   Q4,$3.52 B,4,MCO,Moody's Corp.,0.1352,Financials
VFC,2023Q4,2023   Q4,$3.52 B,5,INTU,Intuit Inc.,0.079,Technology
VFC,2023Q4,2023   Q4,$3.52 B,6,V,Visa Inc.,0.0675,Financials
VFC,2023Q4,2023   Q4,$3.52 B,7,AZPN-OLD,Aspen Technology Inc.,0.018500000000000003,Technology
VFC,2023Q4,2023   Q4,$3.52 B,8,ASML,ASML Holding NV,0.013500000000000002,Technology
VFC,2023Q3,2023   Q3,$2.93 B,1,FICO,Fair Isaac Corp.,0.27940000000000004,Technology
VFC,2023Q3,2023   Q3,$2.93 B,2,SPGI,S&P Global Inc.,0.2064,Financials
VFC,2023Q3,2023   Q3,$2.93 B,3,MA,Mastercard Inc.,0.2011,Financials
VFC,2023Q3,2023   Q3,$2.93 B,4,MCO,Moody's Corp.,0.13140000000000002,Financials
VFC,2023Q3,2023   Q3,$2.93 B,5,INTU,Intuit Inc.,0.0775,Technology
VFC,2023Q3,2023   Q3,$2.93 B,6,V,Visa Inc.,0.071,Financials
VFC,2023Q3,2023   Q3,$2.93 B,7,AZPN-OLD,Aspen Technology Inc.,0.0206,Technology
VFC,2023Q3,2023   Q3,$2.93 B,8,ASML,ASML Holding NV,0.0126,Technology
VFC,2023Q2,2023   Q2,$2.95 B,1,FICO,Fair Isaac Corp.,0.2587,Technology
VFC,2023Q2,2023   Q2,$2.95 B,2,SPGI,S&P Global Inc.,0.225,Financials
VFC,2023Q2,2023   Q2,$2.95 B,3,MA,Mastercard Inc.,0.1985,Financials
VFC,2023Q2,2023   Q2,$2.95 B,4,MCO,Moody's Corp.,0.1436,Financials
VFC,2023Q2,2023   Q2,$2.95 B,5,V,Visa Inc.,0.0729,Financials
VFC,2023Q2,2023   Q2,$2.95 B,6,INTU,Intuit Inc.,0.0691,Technology
VFC,2023Q2,2023   Q2,$2.95 B,7,AZPN-OLD,Aspen Technology Inc.,0.0168,Technology
VFC,2023Q2,2023   Q2,$2.95 B,8,ASML,ASML Holding NV,0.0155,Technology
VFC,2023Q1,2023   Q1,$2.64 B,1,FICO,Fair Isaac Corp.,0.2509,Technology
VFC,2023Q1,2023   Q1,$2.64 B,2,MA,Mastercard Inc.,0.20489999999999997,Financials
VFC,2023Q1,2023   Q1,$2.64 B,3,SPGI,S&P Global Inc.,0.1818,Financials
VFC,2023Q1,2023   Q1,$2.64 B,4,MCO,Moody's Corp.,0.1412,Financials
VFC,2023Q1,2023   Q1,$2.64 B,5,V,Visa Inc.,0.07730000000000001,Financials
VFC,2023Q1,2023   Q1,$2.64 B,6,INTU,Intuit Inc.,0.0751,Technology
VFC,2023Q1,2023   Q1,$2.64 B,7,ADBE,Adobe Inc.,0.0359,Technology
VFC,2023Q1,2023   Q1,$2.64 B,8,ADSK,Autodesk Inc.,0.0177,Technology
VFC,2023Q1,2023   Q1,$2.64 B,9,AZPN-OLD,Aspen Technology Inc.,0.0152,Technology
VFC,2022Q4,2022   Q4,$2.46 B,1,FICO,Fair Isaac Corp.,0.2341,Technology
VFC,2022Q4,2022   Q4,$2.46 B,2,MA,Mastercard Inc.,0.21960000000000002,Financials
VFC,2022Q4,2022   Q4,$2.46 B,3,SPGI,S&P Global Inc.,0.1894,Financials
VFC,2022Q4,2022   Q4,$2.46 B,4,MCO,Moody's Corp.,0.1378,Financials
VFC,2022Q4,2022   Q4,$2.46 B,5,V,Visa Inc.,0.0848,Financials
VFC,2022Q4,2022   Q4,$2.46 B,6,AMZN,Amazon.com Inc.,0.0377,Consumer Discretionary
VFC,2022Q4,2022   Q4,$2.46 B,7,ADBE,Adobe Inc.,0.0337,Technology
VFC,2022Q4,2022   Q4,$2.46 B,8,INTU,Intuit Inc.,0.0313,Technology
VFC,2022Q4,2022   Q4,$2.46 B,9,ADSK,Autodesk Inc.,0.017,Technology
VFC,2022Q4,2022   Q4,$2.46 B,10,AZPN-OLD,Aspen Technology Inc.,0.0146,Technology
VFC,2022Q3,2022   Q3,$2.11 B,1,MA,Mastercard Inc.,0.21239999999999998,Financials
VFC,2022Q3,2022   Q3,$2.11 B,2,FICO,Fair Isaac Corp.,0.1883,Technology
VFC,2022Q3,2022   Q3,$2.11 B,3,SPGI,S&P Global Inc.,0.1877,Financials
VFC,2022Q3,2022   Q3,$2.11 B,4,MCO,Moody's Corp.,0.13369999999999999,Financials
VFC,2022Q3,2022   Q3,$2.11 B,5,AMZN,Amazon.com Inc.,0.0876,Consumer Discretionary
VFC,2022Q3,2022   Q3,$2.11 B,6,V,Visa Inc.,0.0821,Financials
VFC,2022Q3,2022   Q3,$2.11 B,7,INTU,Intuit Inc.,0.0364,Technology
VFC,2022Q3,2022   Q3,$2.11 B,8,ADBE,Adobe Inc.,0.0322,Technology
VFC,2022Q3,2022   Q3,$2.11 B,9,ADSK,Autodesk Inc.,0.0199,Technology
VFC,2022Q3,2022   Q3,$2.11 B,10,AZPN-OLD,Aspen Technology Inc.,0.019799999999999998,Technology
VFC,2022Q2,2022   Q2,$2.24 B,1,MA,Mastercard Inc.,0.22210000000000002,Financials
VFC,2022Q2,2022   Q2,$2.24 B,2,SPGI,S&P Global Inc.,0.19519999999999998,Financials
VFC,2022Q2,2022   Q2,$2.24 B,3,FICO,Fair Isaac Corp.,0.1726,Technology
VFC,2022Q2,2022   Q2,$2.24 B,4,MCO,Moody's Corp.,0.141,Financials
VFC,2022Q2,2022   Q2,$2.24 B,5,V,Visa Inc.,0.0857,Financials
VFC,2022Q2,2022   Q2,$2.24 B,6,AMZN,Amazon.com Inc.,0.0776,Consumer Discretionary
VFC,2022Q2,2022   Q2,$2.24 B,7,ADBE,Adobe Inc.,0.0403,Technology
VFC,2022Q2,2022   Q2,$2.24 B,8,INTU,Intuit Inc.,0.0338,Technology
VFC,2022Q2,2022   Q2,$2.24 B,9,ADSK,Autodesk Inc.,0.0172,Technology
VFC,2022Q2,2022   Q2,$2.24 B,10,AZPN-OLD,Aspen Technology Inc.,0.0144,Technology
VFC,2022Q1,2022   Q1,$2.63 B,1,MA,Mastercard Inc.,0.2096,Financials
VFC,2022Q1,2022   Q1,$2.63 B,2,SPGI,S&P Global Inc.,0.1856,Financials
VFC,2022Q1,2022   Q1,$2.63 B,3,FICO,Fair Isaac Corp.,0.1595,Technology
VFC,2022Q1,2022   Q1,$2.63 B,4,MCO,Moody's Corp.,0.1387,Financials
VFC,2022Q1,2022   Q1,$2.63 B,5,AMZN,Amazon.com Inc.,0.1013,Consumer Discretionary
VFC,2022Q1,2022   Q1,$2.63 B,6,V,Visa Inc.,0.0821,Financials
VFC,2022Q1,2022   Q1,$2.63 B,7,ADBE,Adobe Inc.,0.042699999999999995,Technology
VFC,2022Q1,2022   Q1,$2.63 B,8,INTU,Intuit Inc.,0.0359,Technology
VFC,2022Q1,2022   Q1,$2.63 B,9,AZPN-OLD,Aspen Technology Inc.,0.0263,Technology
VFC,2022Q1,2022   Q1,$2.63 B,10,ADSK,Autodesk Inc.,0.0183,Technology
VFC,2021Q4,2021   Q4,$2.64 B,1,SPGI,S&P Global Inc.,0.1986,Financials
VFC,2021Q4,2021   Q4,$2.64 B,2,MA,Mastercard Inc.,0.19579999999999997,Financials
VFC,2021Q4,2021   Q4,$2.64 B,3,MCO,Moody's Corp.,0.1518,Financials
VFC,2021Q4,2021   Q4,$2.64 B,4,FICO,Fair Isaac Corp.,0.1467,Technology
VFC,2021Q4,2021   Q4,$2.64 B,5,AMZN,Amazon.com Inc.,0.10300000000000001,Consumer Discretionary
VFC,2021Q4,2021   Q4,$2.64 B,6,V,Visa Inc.,0.0765,Financials
VFC,2021Q4,2021   Q4,$2.64 B,7,ADBE,Adobe Inc.,0.0528,Technology
VFC,2021Q4,2021   Q4,$2.64 B,8,INTU,Intuit Inc.,0.04769999999999999,Technology
VFC,2021Q4,2021   Q4,$2.64 B,9,ADSK,Autodesk Inc.,0.027000000000000003,Technology
VFC,2021Q3,2021   Q3,$2.52 B,1,SPGI,S&P Global Inc.,0.2155,Financials
VFC,2021Q3,2021   Q3,$2.52 B,2,MA,Mastercard Inc.,0.19079999999999997,Financials
VFC,2021Q3,2021   Q3,$2.52 B,3,MCO,Moody's Corp.,0.1631,Financials
VFC,2021Q3,2021   Q3,$2.52 B,4,FICO,Fair Isaac Corp.,0.11460000000000001,Technology
VFC,2021Q3,2021   Q3,$2.52 B,5,AMZN,Amazon.com Inc.,0.1056,Consumer Discretionary
VFC,2021Q3,2021   Q3,$2.52 B,6,V,Visa Inc.,0.0898,Financials
VFC,2021Q3,2021   Q3,$2.52 B,7,INTU,Intuit Inc.,0.0461,Technology
VFC,2021Q3,2021   Q3,$2.52 B,8,ADBE,Adobe Inc.,0.0458,Technology
VFC,2021Q3,2021   Q3,$2.52 B,9,ADSK,Autodesk Inc.,0.0287,Technology
VFC,2021Q2,2021   Q2,$2.57 B,1,SPGI,S&P Global Inc.,0.2029,Financials
VFC,2021Q2,2021   Q2,$2.57 B,2,MA,Mastercard Inc.,0.19190000000000002,Financials
VFC,2021Q2,2021   Q2,$2.57 B,3,MCO,Moody's Corp.,0.16260000000000002,Financials
VFC,2021Q2,2021   Q2,$2.57 B,4,FICO,Fair Isaac Corp.,0.1311,Technology
VFC,2021Q2,2021   Q2,$2.57 B,5,AMZN,Amazon.com Inc.,0.1052,Consumer Discretionary
VFC,2021Q2,2021   Q2,$2.57 B,6,V,Visa Inc.,0.0922,Financials
VFC,2021Q2,2021   Q2,$2.57 B,7,ADBE,Adobe Inc.,0.044199999999999996,Technology
VFC,2021Q2,2021   Q2,$2.57 B,8,INTU,Intuit Inc.,0.040999999999999995,Technology
VFC,2021Q2,2021   Q2,$2.57 B,9,ADSK,Autodesk Inc.,0.0288,Technology
VFC,2021Q1,2021   Q1,$2.11 B,1,MA,Mastercard Inc.,0.2261,Financials
VFC,2021Q1,2021   Q1,$2.11 B,2,SPGI,S&P Global Inc.,0.21239999999999998,Financials
VFC,2021Q1,2021   Q1,$2.11 B,3,MCO,Moody's Corp.,0.1632,Financials
VFC,2021Q1,2021   Q1,$2.11 B,4,FICO,Fair Isaac Corp.,0.1531,Technology
VFC,2021Q1,2021   Q1,$2.11 B,5,V,Visa Inc.,0.1017,Financials
VFC,2021Q1,2021   Q1,$2.11 B,6,ADBE,Adobe Inc.,0.0421,Technology
VFC,2021Q1,2021   Q1,$2.11 B,7,INTU,Intuit Inc.,0.039,Technology
VFC,2021Q1,2021   Q1,$2.11 B,8,ADSK,Autodesk Inc.,0.0332,Technology
VFC,2021Q1,2021   Q1,$2.11 B,9,AZPN-OLD,Aspen Technology Inc.,0.0264,Technology
VFC,2021Q1,2021   Q1,$2.11 B,10,AMZN,Amazon.com Inc.,0.0027,Consumer Discretionary
VFC,2020Q4,2020   Q4,$1.08 B,1,MA,Mastercard Inc.,0.2243,Financials
VFC,2020Q4,2020   Q4,$1.08 B,2,SPGI,S&P Global Inc.,0.1971,Financials
VFC,2020Q4,2020   Q4,$1.08 B,3,FICO,Fair Isaac Corp.,0.16440000000000002,Technology
VFC,2020Q4,2020   Q4,$1.08 B,4,MCO,Moody's Corp.,0.16,Financials
VFC,2020Q4,2020   Q4,$1.08 B,5,V,Visa Inc.,0.1093,Financials
VFC,2020Q4,2020   Q4,$1.08 B,6,INTU,Intuit Inc.,0.0408,Technology
VFC,2020Q4,2020   Q4,$1.08 B,7,ADSK,Autodesk Inc.,0.039,Technology
VFC,2020Q4,2020   Q4,$1.08 B,8,ADBE,Adobe Inc.,0.0374,Technology
VFC,2020Q4,2020   Q4,$1.08 B,9,AZPN-OLD,Aspen Technology Inc.,0.0245,Technology
VFC,2020Q4,2020   Q4,$1.08 B,10,AMZN,Amazon.com Inc.,0.003,Consumer Discretionary
VFC,2020Q3,2020   Q3,$922 M,1,SPGI,S&P Global Inc.,0.2481,Financials
VFC,2020Q3,2020   Q3,$922 M,2,MCO,Moody's Corp.,0.18510000000000001,Financials
VFC,2020Q3,2020   Q3,$922 M,3,MA,Mastercard Inc.,0.1632,Financials
VFC,2020Q3,2020   Q3,$922 M,4,FICO,Fair Isaac Corp.,0.15710000000000002,Technology
VFC,2020Q3,2020   Q3,$922 M,5,V,Visa Inc.,0.1048,Financials
VFC,2020Q3,2020   Q3,$922 M,6,INTU,Intuit Inc.,0.040999999999999995,Technology
VFC,2020Q3,2020   Q3,$922 M,7,ADBE,Adobe Inc.,0.038,Technology
VFC,2020Q3,2020   Q3,$922 M,8,ADSK,Autodesk Inc.,0.0345,Technology
VFC,2020Q3,2020   Q3,$922 M,9,AZPN-OLD,Aspen Technology Inc.,0.024900000000000002,Technology
VFC,2020Q3,2020   Q3,$922 M,10,AMZN,Amazon.com Inc.,0.0034000000000000002,Consumer Discretionary
VFC,2020Q2,2020   Q2,$823 M,1,SPGI,S&P Global Inc.,0.2193,Financials
VFC,2020Q2,2020   Q2,$823 M,2,MCO,Moody's Corp.,0.1902,Financials
VFC,2020Q2,2020   Q2,$823 M,3,FICO,Fair Isaac Corp.,0.1729,Technology
VFC,2020Q2,2020   Q2,$823 M,4,MA,Mastercard Inc.,0.1586,Financials
VFC,2020Q2,2020   Q2,$823 M,5,V,Visa Inc.,0.1134,Financials
VFC,2020Q2,2020   Q2,$823 M,6,INTU,Intuit Inc.,0.0417,Technology
VFC,2020Q2,2020   Q2,$823 M,7,ADSK,Autodesk Inc.,0.04,Technology
VFC,2020Q2,2020   Q2,$823 M,8,ADBE,Adobe Inc.,0.0378,Technology
VFC,2020Q2,2020   Q2,$823 M,9,AZPN-OLD,Aspen Technology Inc.,0.022799999999999997,Technology
VFC,2020Q2,2020   Q2,$823 M,10,AMZN,Amazon.com Inc.,0.0034000000000000002,Consumer Discretionary
VFC,2020Q1,2020   Q1,$472 M,1,SPGI,S&P Global Inc.,0.2273,Financials
VFC,2020Q1,2020   Q1,$472 M,2,FICO,Fair Isaac Corp.,0.2217,Technology
VFC,2020Q1,2020   Q1,$472 M,3,MCO,Moody's Corp.,0.20149999999999998,Financials
VFC,2020Q1,2020   Q1,$472 M,4,V,Visa Inc.,0.1648,Financials
VFC,2020Q1,2020   Q1,$472 M,5,MA,Mastercard Inc.,0.08990000000000001,Financials
VFC,2020Q1,2020   Q1,$472 M,6,INTU,Intuit Inc.,0.0461,Technology
VFC,2020Q1,2020   Q1,$472 M,7,ADSK,Autodesk Inc.,0.035699999999999996,Technology
VFC,2020Q1,2020   Q1,$472 M,8,AZPN-OLD,Aspen Technology Inc.,0.0088,Technology
VFC,2020Q1,2020   Q1,$472 M,9,AMZN,Amazon.com Inc.,0.0040999999999999995,Consumer Discretionary
VFC,2019Q4,2019   Q4,$515 M,1,FICO,Fair Isaac Corp.,0.2426,Technology
VFC,2019Q4,2019   Q4,$515 M,2,SPGI,S&P Global Inc.,0.2236,Financials
VFC,2019Q4,2019   Q4,$515 M,3,MCO,Moody's Corp.,0.2076,Financials
VFC,2019Q4,2019   Q4,$515 M,4,V,Visa Inc.,0.1764,Financials
VFC,2019Q4,2019   Q4,$515 M,5,MA,Mastercard Inc.,0.0492,Financials
VFC,2019Q4,2019   Q4,$515 M,6,INTU,Intuit Inc.,0.0482,Technology
VFC,2019Q4,2019   Q4,$515 M,7,ADSK,Autodesk Inc.,0.0385,Technology
VFC,2019Q4,2019   Q4,$515 M,8,AZPN-OLD,Aspen Technology Inc.,0.0103,Technology
VFC,2019Q4,2019   Q4,$515 M,9,AMZN,Amazon.com Inc.,0.0036,Consumer Discretionary
VFC,2019Q3,2019   Q3,$448 M,1,SPGI,S&P Global Inc.,0.2304,Financials
VFC,2019Q3,2019   Q3,$448 M,2,FICO,Fair Isaac Corp.,0.2256,Technology
VFC,2019Q3,2019   Q3,$448 M,3,MCO,Moody's Corp.,0.2043,Financials
VFC,2019Q3,2019   Q3,$448 M,4,V,Visa Inc.,0.18539999999999998,Financials
VFC,2019Q3,2019   Q3,$448 M,5,INTU,Intuit Inc.,0.0562,Technology
VFC,2019Q3,2019   Q3,$448 M,6,MA,Mastercard Inc.,0.0466,Financials
VFC,2019Q3,2019   Q3,$448 M,7,ADSK,Autodesk Inc.,0.0356,Technology
VFC,2019Q3,2019   Q3,$448 M,8,AZPN-OLD,Aspen Technology Inc.,0.012,Technology
VFC,2019Q3,2019   Q3,$448 M,9,AMZN,Amazon.com Inc.,0.0039000000000000003,Consumer Discretionary
VFC,2019Q2,2019   Q2,$422 M,1,FICO,Fair Isaac Corp.,0.248,Technology
VFC,2019Q2,2019   Q2,$422 M,2,SPGI,S&P Global Inc.,0.22760000000000002,Financials
VFC,2019Q2,2019   Q2,$422 M,3,MCO,Moody's Corp.,0.1949,Financials
VFC,2019Q2,2019   Q2,$422 M,4,V,Visa Inc.,0.1929,Financials
VFC,2019Q2,2019   Q2,$422 M,5,INTU,Intuit Inc.,0.058600000000000006,Technology
VFC,2019Q2,2019   Q2,$422 M,6,ADSK,Autodesk Inc.,0.0417,Technology
VFC,2019Q2,2019   Q2,$422 M,7,MA,Mastercard Inc.,0.022400000000000003,Financials
VFC,2019Q2,2019   Q2,$422 M,8,AZPN-OLD,Aspen Technology Inc.,0.009300000000000001,Technology
VFC,2019Q2,2019   Q2,$422 M,9,AMZN,Amazon.com Inc.,0.0045000000000000005,Consumer Discretionary
VFC,2019Q1,2019   Q1,$378 M,1,FICO,Fair Isaac Corp.,0.2395,Technology
VFC,2019Q1,2019   Q1,$378 M,2,SPGI,S&P Global Inc.,0.22699999999999998,Financials
VFC,2019Q1,2019   Q1,$378 M,3,MCO,Moody's Corp.,0.20170000000000002,Financials
VFC,2019Q1,2019   Q1,$378 M,4,V,Visa Inc.,0.18600000000000003,Financials
VFC,2019Q1,2019   Q1,$378 M,5,INTU,Intuit Inc.,0.0655,Technology
VFC,2019Q1,2019   Q1,$378 M,6,ADSK,Autodesk Inc.,0.0446,Technology
VFC,2019Q1,2019   Q1,$378 M,7,MA,Mastercard Inc.,0.0223,Financials
VFC,2019Q1,2019   Q1,$378 M,8,AZPN-OLD,Aspen Technology Inc.,0.0087,Technology
VFC,2019Q1,2019   Q1,$378 M,9,AMZN,Amazon.com Inc.,0.004699999999999999,Consumer Discretionary
AM,2026Q2,2026   Q2,$7.47 B,1,AMZN,Amazon.com Inc.,0.1595,Consumer Discretionary
AM,2026Q2,2026   Q2,$7.47 B,2,MU,Micron Technology Inc.,0.1506,Technology
AM,2026Q2,2026   Q2,$7.47 B,3,TSM,Taiwan Semiconductor S.A.,0.10550000000000001,Technology
AM,2026Q2,2026   Q2,$7.47 B,4,GOOG,Alphabet Inc. CL C,0.0875,Communication Services
AM,2026Q2,2026   Q2,$7.47 B,5,UBER,Uber Technologies Inc.,0.07429999999999999,Consumer Discretionary
AM,2026Q2,2026   Q2,$7.47 B,6,EWY,iShares MSCI South Korea ETF,0.0655,Unknown
AM,2026Q2,2026   Q2,$7.47 B,7,META,Meta Platforms Inc.,0.0509,Communication Services
AM,2026Q2,2026   Q2,$7.47 B,8,VST,Vistra Corp.,0.047,Utilities
AM,2026Q2,2026   Q2,$7.47 B,9,NVDA,NVIDIA Corp.,0.0408,Technology
AM,2026Q2,2026   Q2,$7.47 B,10,NRG,NRG Energy Inc.,0.0344,Utilities
AM,2026Q2,2026   Q2,$7.47 B,11,BABA,Alibaba Group Holdings,0.025699999999999997,Consumer Discretionary
AM,2026Q2,2026   Q2,$7.47 B,12,BA,Boeing Co.,0.0232,Industrials
AM,2026Q2,2026   Q2,$7.47 B,13,LRCX,Lam Research,0.0222,Technology
AM,2026Q2,2026   Q2,$7.47 B,14,BIDU,Baidu Inc.,0.019799999999999998,Communication Services
AM,2026Q2,2026   Q2,$7.47 B,15,AAL,American Airlines Group Inc.,0.0181,Industrials
AM,2026Q2,2026   Q2,$7.47 B,16,AMD,Advanced Micro Devices,0.0154,Technology
AM,2026Q2,2026   Q2,$7.47 B,17,CRWV,Coreweave Inc Cl A,0.0144,Technology
AM,2026Q2,2026   Q2,$7.47 B,18,ASML,ASML Holding NV,0.013300000000000001,Technology
AM,2026Q2,2026   Q2,$7.47 B,19,AVGO,Broadcom Inc.,0.0076,Technology
AM,2026Q2,2026   Q2,$7.47 B,20,QCOM,QUALCOMM Inc.,0.0062,Technology
AM,2026Q1,2026   Q1,$5.93 B,1,AMZN,Amazon.com Inc.,0.1516,Consumer Discretionary
AM,2026Q1,2026   Q1,$5.93 B,2,MU,Micron Technology Inc.,0.09480000000000001,Technology
AM,2026Q1,2026   Q1,$5.93 B,3,GOOG,Alphabet Inc. CL C,0.08380000000000001,Communication Services
AM,2026Q1,2026   Q1,$5.93 B,4,UBER,Uber Technologies Inc.,0.0768,Consumer Discretionary
AM,2026Q1,2026   Q1,$5.93 B,5,TSM,Taiwan Semiconductor S.A.,0.0756,Technology
AM,2026Q1,2026   Q1,$5.93 B,6,BABA,Alibaba Group Holdings,0.0733,Consumer Discretionary
AM,2026Q1,2026   Q1,$5.93 B,7,VST,Vistra Corp.,0.0512,Utilities
AM,2026Q1,2026   Q1,$5.93 B,8,EWY,iShares MSCI South Korea ETF,0.049800000000000004,Unknown
AM,2026Q1,2026   Q1,$5.93 B,9,NVDA,NVIDIA Corp.,0.0433,Technology
AM,2026Q1,2026   Q1,$5.93 B,10,NRG,NRG Energy Inc.,0.042699999999999995,Utilities
AM,2026Q1,2026   Q1,$5.93 B,11,META,Meta Platforms Inc.,0.0421,Communication Services
AM,2026Q1,2026   Q1,$5.93 B,12,SNDK,SanDisk Corp.,0.0301,Technology
AM,2026Q1,2026   Q1,$5.93 B,13,GLW,Corning Inc.,0.0259,Technology
AM,2026Q1,2026   Q1,$5.93 B,14,WHR,Whirlpool Corp.,0.0177,Consumer Discretionary
AM,2026Q1,2026   Q1,$5.93 B,15,PDD,Pinduoduo Inc.,0.0155,Consumer Discretionary
AM,2026Q1,2026   Q1,$5.93 B,16,LRCX,Lam Research,0.0138,Technology
AM,2026Q1,2026   Q1,$5.93 B,17,BIDU,Baidu Inc.,0.013000000000000001,Communication Services
AM,2026Q1,2026   Q1,$5.93 B,18,LHX,L3Harris Technologies Inc.,0.0115,Industrials
AM,2026Q1,2026   Q1,$5.93 B,19,RTX,RTX Corp.,0.0111,Industrials
AM,2026Q1,2026   Q1,$5.93 B,20,ASML,ASML Holding NV,0.011000000000000001,Technology
AM,2025Q4,2025   Q4,$6.85 B,1,BABA,Alibaba Group Holdings,0.1099,Consumer Discretionary
AM,2025Q4,2025   Q4,$6.85 B,2,GOOG,Alphabet Inc. CL C,0.0818,Communication Services
AM,2025Q4,2025   Q4,$6.85 B,3,AMZN,Amazon.com Inc.,0.07339999999999999,Consumer Discretionary
AM,2025Q4,2025   Q4,$6.85 B,4,MU,Micron Technology Inc.,0.0625,Technology
AM,2025Q4,2025   Q4,$6.85 B,5,META,Meta Platforms Inc.,0.057800000000000004,Communication Services
AM,2025Q4,2025   Q4,$6.85 B,6,TSM,Taiwan Semiconductor S.A.,0.0501,Technology
AM,2025Q4,2025   Q4,$6.85 B,7,NVDA,NVIDIA Corp.,0.0463,Technology
AM,2025Q4,2025   Q4,$6.85 B,8,WHR,Whirlpool Corp.,0.0412,Consumer Discretionary
AM,2025Q4,2025   Q4,$6.85 B,9,NRG,NRG Energy Inc.,0.0381,Utilities
AM,2025Q4,2025   Q4,$6.85 B,10,MSFT,Microsoft Corp.,0.0353,Technology
AM,2025Q4,2025   Q4,$6.85 B,11,AAL,American Airlines Group Inc.,0.0317,Industrials
AM,2025Q4,2025   Q4,$6.85 B,12,PDD,Pinduoduo Inc.,0.0294,Consumer Discretionary
AM,2025Q4,2025   Q4,$6.85 B,13,QCOM,QUALCOMM Inc.,0.0286,Technology
AM,2025Q4,2025   Q4,$6.85 B,14,EWY,iShares MSCI South Korea ETF,0.026600000000000002,Unknown
AM,2025Q4,2025   Q4,$6.85 B,15,KWEB,Kraneshares Csi China Intern,0.0236,Unknown
AM,2025Q4,2025   Q4,$6.85 B,16,VST,Vistra Corp.,0.0222,Utilities
AM,2025Q4,2025   Q4,$6.85 B,17,UBER,Uber Technologies Inc.,0.022099999999999998,Consumer Discretionary
AM,2025Q4,2025   Q4,$6.85 B,18,GLW,Corning Inc.,0.020099999999999996,Technology
AM,2025Q4,2025   Q4,$6.85 B,19,DB,Deutsche Bank AG,0.0177,Financials
AM,2025Q4,2025   Q4,$6.85 B,20,JD,JD.com Inc.,0.0174,Consumer Discretionary
AM,2025Q3,2025   Q3,$7.38 B,1,BABA,Alibaba Group Holdings,0.1561,Consumer Discretionary
AM,2025Q3,2025   Q3,$7.38 B,2,AMZN,Amazon.com Inc.,0.07429999999999999,Consumer Discretionary
AM,2025Q3,2025   Q3,$7.38 B,3,WHR,Whirlpool Corp.,0.058499999999999996,Consumer Discretionary
AM,2025Q3,2025   Q3,$7.38 B,4,NVDA,NVIDIA Corp.,0.048,Technology
AM,2025Q3,2025   Q3,$7.38 B,5,GOOG,Alphabet Inc. CL C,0.0458,Communication Services
AM,2025Q3,2025   Q3,$7.38 B,6,KWEB,Kraneshares Csi China Intern,0.0421,Unknown
AM,2025Q3,2025   Q3,$7.38 B,7,NRG,NRG Energy Inc.,0.040999999999999995,Utilities
AM,2025Q3,2025   Q3,$7.38 B,8,TSM,Taiwan Semiconductor S.A.,0.0401,Technology
AM,2025Q3,2025   Q3,$7.38 B,9,META,Meta Platforms Inc.,0.0368,Communication Services
AM,2025Q3,2025   Q3,$7.38 B,10,VST,Vistra Corp.,0.033,Utilities
AM,2025Q3,2025   Q3,$7.38 B,11,MSFT,Microsoft Corp.,0.032400000000000005,Technology
AM,2025Q3,2025   Q3,$7.38 B,12,PDD,Pinduoduo Inc.,0.0322,Consumer Discretionary
AM,2025Q3,2025   Q3,$7.38 B,13,UBER,Uber Technologies Inc.,0.0319,Consumer Discretionary
AM,2025Q3,2025   Q3,$7.38 B,14,JD,JD.com Inc.,0.029500000000000002,Consumer Discretionary
AM,2025Q3,2025   Q3,$7.38 B,15,QCOM,QUALCOMM Inc.,0.0281,Technology
AM,2025Q3,2025   Q3,$7.38 B,16,AMD,Advanced Micro Devices,0.0208,Technology
AM,2025Q3,2025   Q3,$7.38 B,17,BIDU,Baidu Inc.,0.018600000000000002,Communication Services
AM,2025Q3,2025   Q3,$7.38 B,18,DB,Deutsche Bank AG,0.0182,Financials
AM,2025Q3,2025   Q3,$7.38 B,19,GLW,Corning Inc.,0.0181,Technology
AM,2025Q3,2025   Q3,$7.38 B,20,LYFT,Lyft Inc.,0.0167,Consumer Discretionary
AM,2025Q2,2025   Q2,$6.45 B,1,BABA,Alibaba Group Holdings,0.1243,Consumer Discretionary
AM,2025Q2,2025   Q2,$6.45 B,2,UNH,United Health Group Inc.,0.1185,Healthcare
AM,2025Q2,2025   Q2,$6.45 B,3,AMZN,Amazon.com Inc.,0.0919,Consumer Discretionary
AM,2025Q2,2025   Q2,$6.45 B,4,VST,Vistra Corp.,0.0541,Utilities
AM,2025Q2,2025   Q2,$6.45 B,5,NRG,NRG Energy Inc.,0.0493,Utilities
AM,2025Q2,2025   Q2,$6.45 B,6,META,Meta Platforms Inc.,0.0458,Communication Services
AM,2025Q2,2025   Q2,$6.45 B,7,NVDA,NVIDIA Corp.,0.0429,Technology
AM,2025Q2,2025   Q2,$6.45 B,8,GOOG,Alphabet Inc. CL C,0.041299999999999996,Communication Services
AM,2025Q2,2025   Q2,$6.45 B,9,UBER,Uber Technologies Inc.,0.0398,Consumer Discretionary
AM,2025Q2,2025   Q2,$6.45 B,10,MSFT,Microsoft Corp.,0.038599999999999995,Technology
AM,2025Q2,2025   Q2,$6.45 B,11,TSM,Taiwan Semiconductor S.A.,0.036000000000000004,Technology
AM,2025Q2,2025   Q2,$6.45 B,12,JD,JD.com Inc.,0.0354,Consumer Discretionary
AM,2025Q2,2025   Q2,$6.45 B,13,PDD,Pinduoduo Inc.,0.0325,Consumer Discretionary
AM,2025Q2,2025   Q2,$6.45 B,14,INTC,Intel Corp.,0.0278,Technology
AM,2025Q2,2025   Q2,$6.45 B,15,KWEB,Kraneshares Csi China Intern,0.0213,Unknown
AM,2025Q2,2025   Q2,$6.45 B,16,LYFT,Lyft Inc.,0.0196,Consumer Discretionary
AM,2025Q2,2025   Q2,$6.45 B,17,DB,Deutsche Bank AG,0.0182,Financials
AM,2025Q2,2025   Q2,$6.45 B,18,MU,Micron Technology Inc.,0.0158,Technology
AM,2025Q2,2025   Q2,$6.45 B,19,GLW,Corning Inc.,0.0143,Technology
AM,2025Q2,2025   Q2,$6.45 B,20,ET,Energy Transfer LP,0.0139,Energy
AM,2025Q1,2025   Q1,$5.57 B,1,BABA,Alibaba Group Holdings,0.2192,Consumer Discretionary
AM,2025Q1,2025   Q1,$5.57 B,2,PDD,Pinduoduo Inc.,0.0929,Consumer Discretionary
AM,2025Q1,2025   Q1,$5.57 B,3,AMZN,Amazon.com Inc.,0.0858,Consumer Discretionary
AM,2025Q1,2025   Q1,$5.57 B,4,JD,JD.com Inc.,0.059500000000000004,Consumer Discretionary
AM,2025Q1,2025   Q1,$5.57 B,5,META,Meta Platforms Inc.,0.056900000000000006,Communication Services
AM,2025Q1,2025   Q1,$5.57 B,6,GOOG,Alphabet Inc. CL C,0.0564,Communication Services
AM,2025Q1,2025   Q1,$5.57 B,7,VST,Vistra Corp.,0.048499999999999995,Utilities
AM,2025Q1,2025   Q1,$5.57 B,8,UBER,Uber Technologies Inc.,0.04190000000000001,Consumer Discretionary
AM,2025Q1,2025   Q1,$5.57 B,9,FXI,Ishares China Large Cap ETF,0.0361,Unknown
AM,2025Q1,2025   Q1,$5.57 B,10,NRG,NRG Energy Inc.,0.0352,Utilities
AM,2025Q1,2025   Q1,$5.57 B,11,MSFT,Microsoft Corp.,0.0344,Technology
AM,2025Q1,2025   Q1,$5.57 B,12,KWEB,Kraneshares Csi China Intern,0.025099999999999997,Unknown
AM,2025Q1,2025   Q1,$5.57 B,13,LYFT,Lyft Inc.,0.0192,Consumer Discretionary
AM,2025Q1,2025   Q1,$5.57 B,14,ORCL,Oracle Corp.,0.0176,Technology
AM,2025Q1,2025   Q1,$5.57 B,15,ET,Energy Transfer LP,0.0166,Energy
AM,2025Q1,2025   Q1,$5.57 B,16,UNH,United Health Group Inc.,0.0165,Healthcare
AM,2025Q1,2025   Q1,$5.57 B,17,DB,Deutsche Bank AG,0.0161,Financials
AM,2025Q1,2025   Q1,$5.57 B,18,GLW,Corning Inc.,0.0143,Technology
AM,2025Q1,2025   Q1,$5.57 B,19,BIDU,Baidu Inc.,0.0128,Communication Services
AM,2025Q1,2025   Q1,$5.57 B,20,LHX,L3Harris Technologies Inc.,0.0113,Industrials
AM,2024Q4,2024   Q4,$6.46 B,1,BABA,Alibaba Group Holdings,0.15539999999999998,Consumer Discretionary
AM,2024Q4,2024   Q4,$6.46 B,2,AMZN,Amazon.com Inc.,0.0882,Consumer Discretionary
AM,2024Q4,2024   Q4,$6.46 B,3,PDD,Pinduoduo Inc.,0.08039999999999999,Consumer Discretionary
AM,2024Q4,2024   Q4,$6.46 B,4,MSFT,Microsoft Corp.,0.0633,Technology
AM,2024Q4,2024   Q4,$6.46 B,5,VST,Vistra Corp.,0.0576,Utilities
AM,2024Q4,2024   Q4,$6.46 B,6,JD,JD.com Inc.,0.056100000000000004,Consumer Discretionary
AM,2024Q4,2024   Q4,$6.46 B,7,GOOG,Alphabet Inc. CL C,0.0554,Communication Services
AM,2024Q4,2024   Q4,$6.46 B,8,META,Meta Platforms Inc.,0.0444,Communication Services
AM,2024Q4,2024   Q4,$6.46 B,9,ORCL,Oracle Corp.,0.0361,Technology
AM,2024Q4,2024   Q4,$6.46 B,10,FXI,Ishares China Large Cap ETF,0.0313,Unknown
AM,2024Q4,2024   Q4,$6.46 B,11,LYFT,Lyft Inc.,0.0269,Consumer Discretionary
AM,2024Q4,2024   Q4,$6.46 B,12,NRG,NRG Energy Inc.,0.0253,Utilities
AM,2024Q4,2024   Q4,$6.46 B,13,AMD,Advanced Micro Devices,0.022400000000000003,Technology
AM,2024Q4,2024   Q4,$6.46 B,14,KWEB,Kraneshares Csi China Intern,0.0207,Unknown
AM,2024Q4,2024   Q4,$6.46 B,15,BIDU,Baidu Inc.,0.0199,Communication Services
AM,2024Q4,2024   Q4,$6.46 B,16,QCOM,QUALCOMM Inc.,0.019,Technology
AM,2024Q4,2024   Q4,$6.46 B,17,ASML,ASML Holding NV,0.0172,Technology
AM,2024Q4,2024   Q4,$6.46 B,18,MU,Micron Technology Inc.,0.015600000000000001,Technology
AM,2024Q4,2024   Q4,$6.46 B,19,FDX,FedEx Corp.,0.0152,Industrials
AM,2024Q4,2024   Q4,$6.46 B,20,ET,Energy Transfer LP,0.0149,Energy
AM,2024Q3,2024   Q3,$6.73 B,1,BABA,Alibaba Group Holdings,0.1576,Consumer Discretionary
AM,2024Q3,2024   Q3,$6.73 B,2,PDD,Pinduoduo Inc.,0.10619999999999999,Consumer Discretionary
AM,2024Q3,2024   Q3,$6.73 B,3,AMZN,Amazon.com Inc.,0.0886,Consumer Discretionary
AM,2024Q3,2024   Q3,$6.73 B,4,MSFT,Microsoft Corp.,0.062,Technology
AM,2024Q3,2024   Q3,$6.73 B,5,META,Meta Platforms Inc.,0.053099999999999994,Communication Services
AM,2024Q3,2024   Q3,$6.73 B,6,GOOG,Alphabet Inc. CL C,0.0467,Communication Services
AM,2024Q3,2024   Q3,$6.73 B,7,JD,JD.com Inc.,0.0434,Consumer Discretionary
AM,2024Q3,2024   Q3,$6.73 B,8,ORCL,Oracle Corp.,0.0398,Technology
AM,2024Q3,2024   Q3,$6.73 B,9,LYFT,Lyft Inc.,0.0298,Consumer Discretionary
AM,2024Q3,2024   Q3,$6.73 B,10,AMD,Advanced Micro Devices,0.0277,Technology
AM,2024Q3,2024   Q3,$6.73 B,11,FXI,Ishares China Large Cap ETF,0.0275,Unknown
AM,2024Q3,2024   Q3,$6.73 B,12,VST,Vistra Corp.,0.022400000000000003,Utilities
AM,2024Q3,2024   Q3,$6.73 B,13,BIDU,Baidu Inc.,0.0223,Communication Services
AM,2024Q3,2024   Q3,$6.73 B,14,QCOM,QUALCOMM Inc.,0.0202,Technology
AM,2024Q3,2024   Q3,$6.73 B,15,KWEB,Kraneshares Csi China Intern,0.019,Unknown
AM,2024Q3,2024   Q3,$6.73 B,16,ET,Energy Transfer LP,0.0163,Energy
AM,2024Q3,2024   Q3,$6.73 B,17,MU,Micron Technology Inc.,0.016200000000000003,Technology
AM,2024Q3,2024   Q3,$6.73 B,18,UBER,Uber Technologies Inc.,0.015700000000000002,Consumer Discretionary
AM,2024Q3,2024   Q3,$6.73 B,19,ADBE,Adobe Inc.,0.0154,Technology
AM,2024Q3,2024   Q3,$6.73 B,20,FDX,FedEx Corp.,0.0152,Industrials
AM,2024Q2,2024   Q2,$6.18 B,1,BABA,Alibaba Group Holdings,0.12240000000000001,Consumer Discretionary
AM,2024Q2,2024   Q2,$6.18 B,2,AMZN,Amazon.com Inc.,0.10869999999999999,Consumer Discretionary
AM,2024Q2,2024   Q2,$6.18 B,3,MSFT,Microsoft Corp.,0.0855,Technology
AM,2024Q2,2024   Q2,$6.18 B,4,META,Meta Platforms Inc.,0.07629999999999999,Communication Services
AM,2024Q2,2024   Q2,$6.18 B,5,GOOG,Alphabet Inc. CL C,0.0572,Communication Services
AM,2024Q2,2024   Q2,$6.18 B,6,ORCL,Oracle Corp.,0.045700000000000005,Technology
AM,2024Q2,2024   Q2,$6.18 B,7,PDD,Pinduoduo Inc.,0.0418,Consumer Discretionary
AM,2024Q2,2024   Q2,$6.18 B,8,AMD,Advanced Micro Devices,0.036000000000000004,Technology
AM,2024Q2,2024   Q2,$6.18 B,9,ADBE,Adobe Inc.,0.032400000000000005,Technology
AM,2024Q2,2024   Q2,$6.18 B,10,FXI,Ishares China Large Cap ETF,0.0292,Unknown
AM,2024Q2,2024   Q2,$6.18 B,11,QCOM,QUALCOMM Inc.,0.0271,Technology
AM,2024Q2,2024   Q2,$6.18 B,12,FDX,FedEx Corp.,0.026699999999999998,Industrials
AM,2024Q2,2024   Q2,$6.18 B,13,MU,Micron Technology Inc.,0.025,Technology
AM,2024Q2,2024   Q2,$6.18 B,14,BIDU,Baidu Inc.,0.0233,Communication Services
AM,2024Q2,2024   Q2,$6.18 B,15,ET,Energy Transfer LP,0.0202,Energy
AM,2024Q2,2024   Q2,$6.18 B,16,KWEB,Kraneshares Csi China Intern,0.0196,Unknown
AM,2024Q2,2024   Q2,$6.18 B,17,LRCX,Lam Research,0.018799999999999997,Technology
AM,2024Q2,2024   Q2,$6.18 B,18,LYFT,Lyft Inc.,0.0182,Consumer Discretionary
AM,2024Q2,2024   Q2,$6.18 B,19,JD,JD.com Inc.,0.018000000000000002,Consumer Discretionary
AM,2024Q2,2024   Q2,$6.18 B,20,UBER,Uber Technologies Inc.,0.0177,Consumer Discretionary
AM,2024Q1,2024   Q1,$6.69 B,1,BABA,Alibaba Group Holdings,0.1217,Consumer Discretionary
AM,2024Q1,2024   Q1,$6.69 B,2,AMZN,Amazon.com Inc.,0.1032,Consumer Discretionary
AM,2024Q1,2024   Q1,$6.69 B,3,MSFT,Microsoft Corp.,0.08800000000000001,Technology
AM,2024Q1,2024   Q1,$6.69 B,4,META,Meta Platforms Inc.,0.0815,Communication Services
AM,2024Q1,2024   Q1,$6.69 B,5,NVDA,NVIDIA Corp.,0.059699999999999996,Technology
AM,2024Q1,2024   Q1,$6.69 B,6,GOOG,Alphabet Inc. CL C,0.0472,Communication Services
AM,2024Q1,2024   Q1,$6.69 B,7,AMD,Advanced Micro Devices,0.044000000000000004,Technology
AM,2024Q1,2024   Q1,$6.69 B,8,ORCL,Oracle Corp.,0.0432,Technology
AM,2024Q1,2024   Q1,$6.69 B,9,PDD,Pinduoduo Inc.,0.0365,Consumer Discretionary
AM,2024Q1,2024   Q1,$6.69 B,10,BIDU,Baidu Inc.,0.028300000000000002,Communication Services
AM,2024Q1,2024   Q1,$6.69 B,11,ADBE,Adobe Inc.,0.0264,Technology
AM,2024Q1,2024   Q1,$6.69 B,12,FDX,FedEx Corp.,0.026000000000000002,Industrials
AM,2024Q1,2024   Q1,$6.69 B,13,QCOM,QUALCOMM Inc.,0.025,Technology
AM,2024Q1,2024   Q1,$6.69 B,14,INTC,Intel Corp.,0.0248,Technology
AM,2024Q1,2024   Q1,$6.69 B,15,FXI,Ishares China Large Cap ETF,0.0229,Unknown
AM,2024Q1,2024   Q1,$6.69 B,16,MU,Micron Technology Inc.,0.021400000000000002,Technology
AM,2024Q1,2024   Q1,$6.69 B,17,ET,Energy Transfer LP,0.0203,Energy
AM,2024Q1,2024   Q1,$6.69 B,18,LRCX,Lam Research,0.0167,Technology
AM,2024Q1,2024   Q1,$6.69 B,19,UBER,Uber Technologies Inc.,0.015600000000000001,Consumer Discretionary
AM,2024Q1,2024   Q1,$6.69 B,20,CZR,Caesars Entertainment,0.015,Consumer Discretionary
AM,2023Q4,2023   Q4,$5.66 B,1,META,Meta Platforms Inc.,0.1157,Communication Services
AM,2023Q4,2023   Q4,$5.66 B,2,MSFT,Microsoft Corp.,0.113,Technology
AM,2023Q4,2023   Q4,$5.66 B,3,AMZN,Amazon.com Inc.,0.1061,Consumer Discretionary
AM,2023Q4,2023   Q4,$5.66 B,4,NVDA,NVIDIA Corp.,0.0692,Technology
AM,2023Q4,2023   Q4,$5.66 B,5,UBER,Uber Technologies Inc.,0.0653,Consumer Discretionary
AM,2023Q4,2023   Q4,$5.66 B,6,BABA,Alibaba Group Holdings,0.0596,Consumer Discretionary
AM,2023Q4,2023   Q4,$5.66 B,7,GOOG,Alphabet Inc. CL C,0.057300000000000004,Communication Services
AM,2023Q4,2023   Q4,$5.66 B,8,AMD,Advanced Micro Devices,0.0524,Technology
AM,2023Q4,2023   Q4,$5.66 B,9,INTC,Intel Corp.,0.0409,Technology
AM,2023Q4,2023   Q4,$5.66 B,10,FDX,FedEx Corp.,0.0291,Industrials
AM,2023Q4,2023   Q4,$5.66 B,11,QCOM,QUALCOMM Inc.,0.0256,Technology
AM,2023Q4,2023   Q4,$5.66 B,12,ORCL,Oracle Corp.,0.024700000000000003,Technology
AM,2023Q4,2023   Q4,$5.66 B,13,ET,Energy Transfer LP,0.0239,Energy
AM,2023Q4,2023   Q4,$5.66 B,14,PDD,Pinduoduo Inc.,0.02,Consumer Discretionary
AM,2023Q4,2023   Q4,$5.66 B,15,CZR,Caesars Entertainment,0.018600000000000002,Consumer Discretionary
AM,2023Q4,2023   Q4,$5.66 B,16,UNH,United Health Group Inc.,0.018600000000000002,Healthcare
AM,2023Q4,2023   Q4,$5.66 B,17,MU,Micron Technology Inc.,0.0183,Technology
AM,2023Q4,2023   Q4,$5.66 B,18,LRCX,Lam Research,0.0163,Technology
AM,2023Q4,2023   Q4,$5.66 B,19,M,Macy's Inc.,0.0158,Consumer Discretionary
AM,2023Q4,2023   Q4,$5.66 B,20,EQT,EQT Corp.,0.0141,Energy
AM,2023Q3,2023   Q3,$5.07 B,1,META,Meta Platforms Inc.,0.11560000000000001,Communication Services
AM,2023Q3,2023   Q3,$5.07 B,2,MSFT,Microsoft Corp.,0.10189999999999999,Technology
AM,2023Q3,2023   Q3,$5.07 B,3,AMZN,Amazon.com Inc.,0.0941,Consumer Discretionary
AM,2023Q3,2023   Q3,$5.07 B,4,NVDA,NVIDIA Corp.,0.08800000000000001,Technology
AM,2023Q3,2023   Q3,$5.07 B,5,GOOG,Alphabet Inc. CL C,0.0716,Communication Services
AM,2023Q3,2023   Q3,$5.07 B,6,UBER,Uber Technologies Inc.,0.0658,Consumer Discretionary
AM,2023Q3,2023   Q3,$5.07 B,7,BABA,Alibaba Group Holdings,0.0616,Consumer Discretionary
AM,2023Q3,2023   Q3,$5.07 B,8,AMD,Advanced Micro Devices,0.0462,Technology
AM,2023Q3,2023   Q3,$5.07 B,9,INTC,Intel Corp.,0.043899999999999995,Technology
AM,2023Q3,2023   Q3,$5.07 B,10,FDX,FedEx Corp.,0.034,Industrials
AM,2023Q3,2023   Q3,$5.07 B,11,QCOM,QUALCOMM Inc.,0.0285,Technology
AM,2023Q3,2023   Q3,$5.07 B,12,ET,Energy Transfer LP,0.0271,Energy
AM,2023Q3,2023   Q3,$5.07 B,13,PDD,Pinduoduo Inc.,0.0271,Consumer Discretionary
AM,2023Q3,2023   Q3,$5.07 B,14,UNH,United Health Group Inc.,0.0199,Healthcare
AM,2023Q3,2023   Q3,$5.07 B,15,MU,Micron Technology Inc.,0.018799999999999997,Technology
AM,2023Q3,2023   Q3,$5.07 B,16,BIDU,Baidu Inc.,0.0176,Communication Services
AM,2023Q3,2023   Q3,$5.07 B,17,TSM,Taiwan Semiconductor S.A.,0.0172,Technology
AM,2023Q3,2023   Q3,$5.07 B,18,EQT,EQT Corp.,0.0165,Energy
AM,2023Q3,2023   Q3,$5.07 B,19,LRCX,Lam Research,0.0148,Technology
AM,2023Q3,2023   Q3,$5.07 B,20,CZR,Caesars Entertainment,0.013999999999999999,Consumer Discretionary
AM,2023Q2,2023   Q2,$5.39 B,1,NVDA,NVIDIA Corp.,0.0801,Technology
AM,2023Q2,2023   Q2,$5.39 B,2,META,Meta Platforms Inc.,0.08,Communication Services
AM,2023Q2,2023   Q2,$5.39 B,3,MSFT,Microsoft Corp.,0.0784,Technology
AM,2023Q2,2023   Q2,$5.39 B,4,AMZN,Amazon.com Inc.,0.0765,Consumer Discretionary
AM,2023Q2,2023   Q2,$5.39 B,5,BABA,Alibaba Group Holdings,0.0692,Consumer Discretionary
AM,2023Q2,2023   Q2,$5.39 B,6,UBER,Uber Technologies Inc.,0.057300000000000004,Consumer Discretionary
AM,2023Q2,2023   Q2,$5.39 B,7,GOOG,Alphabet Inc. CL C,0.0519,Communication Services
AM,2023Q2,2023   Q2,$5.39 B,8,AMD,Advanced Micro Devices,0.048799999999999996,Technology
AM,2023Q2,2023   Q2,$5.39 B,9,INTC,Intel Corp.,0.042,Technology
AM,2023Q2,2023   Q2,$5.39 B,10,QCOM,QUALCOMM Inc.,0.0409,Technology
AM,2023Q2,2023   Q2,$5.39 B,11,TSM,Taiwan Semiconductor S.A.,0.0332,Technology
AM,2023Q2,2023   Q2,$5.39 B,12,BIDU,Baidu Inc.,0.032400000000000005,Communication Services
AM,2023Q2,2023   Q2,$5.39 B,13,FDX,FedEx Corp.,0.029900000000000003,Industrials
AM,2023Q2,2023   Q2,$5.39 B,14,ET,Energy Transfer LP,0.0231,Energy
AM,2023Q2,2023   Q2,$5.39 B,15,MRVL,Marvell Technology Inc.,0.0194,Technology
AM,2023Q2,2023   Q2,$5.39 B,16,AVGO,Broadcom Inc.,0.019299999999999998,Technology
AM,2023Q2,2023   Q2,$5.39 B,17,UNH,United Health Group Inc.,0.0178,Healthcare
AM,2023Q2,2023   Q2,$5.39 B,18,AAPL,Apple Inc.,0.0173,Technology
AM,2023Q2,2023   Q2,$5.39 B,19,MU,Micron Technology Inc.,0.016399999999999998,Technology
AM,2023Q2,2023   Q2,$5.39 B,20,EQT,EQT Corp.,0.015700000000000002,Energy
AM,2023Q1,2023   Q1,$1.85 B,1,GOOG,Alphabet Inc. CL C,0.1186,Communication Services
AM,2023Q1,2023   Q1,$1.85 B,2,AMZN,Amazon.com Inc.,0.1116,Consumer Discretionary
AM,2023Q1,2023   Q1,$1.85 B,3,UBER,Uber Technologies Inc.,0.10279999999999999,Consumer Discretionary
AM,2023Q1,2023   Q1,$1.85 B,4,CEG,Constellation Energy Corp.,0.08869999999999999,Utilities
AM,2023Q1,2023   Q1,$1.85 B,5,META,Meta Platforms Inc.,0.0802,Communication Services
AM,2023Q1,2023   Q1,$1.85 B,6,ET,Energy Transfer LP,0.0688,Energy
AM,2023Q1,2023   Q1,$1.85 B,7,M,Macy's Inc.,0.0567,Consumer Discretionary
AM,2023Q1,2023   Q1,$1.85 B,8,EQT,EQT Corp.,0.044000000000000004,Energy
AM,2023Q1,2023   Q1,$1.85 B,9,FDX,FedEx Corp.,0.0432,Industrials
AM,2023Q1,2023   Q1,$1.85 B,10,MSFT,Microsoft Corp.,0.0405,Technology
AM,2023Q1,2023   Q1,$1.85 B,11,UNH,United Health Group Inc.,0.0383,Healthcare
AM,2023Q1,2023   Q1,$1.85 B,12,CRM,Salesforce.com,0.0313,Technology
AM,2023Q1,2023   Q1,$1.85 B,13,NVDA,NVIDIA Corp.,0.0225,Technology
AM,2023Q1,2023   Q1,$1.85 B,14,HCA,HCA Healthcare Inc.,0.0203,Healthcare
AM,2023Q1,2023   Q1,$1.85 B,15,TSLA,Tesla Inc.,0.0168,Consumer Discretionary
AM,2023Q1,2023   Q1,$1.85 B,16,DIS,Walt Disney Co.,0.016200000000000003,Communication Services
AM,2023Q1,2023   Q1,$1.85 B,17,AR,Antero Resources,0.0159,Energy
AM,2023Q1,2023   Q1,$1.85 B,18,CZR,Caesars Entertainment,0.011200000000000002,Consumer Discretionary
AM,2023Q1,2023   Q1,$1.85 B,19,MTCH,Match Group Inc.,0.0109,Communication Services
AM,2023Q1,2023   Q1,$1.85 B,20,ARKK,Ark Innovation ETF,0.0109,Unknown
AM,2022Q4,2022   Q4,$1.35 B,1,CEG,Constellation Energy Corp.,0.1534,Utilities
AM,2022Q4,2022   Q4,$1.35 B,2,GOOG,Alphabet Inc. CL C,0.1313,Communication Services
AM,2022Q4,2022   Q4,$1.35 B,3,AMZN,Amazon.com Inc.,0.0935,Consumer Discretionary
AM,2022Q4,2022   Q4,$1.35 B,4,M,Macy's Inc.,0.0911,Consumer Discretionary
AM,2022Q4,2022   Q4,$1.35 B,5,ET,Energy Transfer LP,0.0898,Energy
AM,2022Q4,2022   Q4,$1.35 B,6,EQT,EQT Corp.,0.064,Energy
AM,2022Q4,2022   Q4,$1.35 B,7,UNH,United Health Group Inc.,0.059000000000000004,Healthcare
AM,2022Q4,2022   Q4,$1.35 B,8,META,Meta Platforms Inc.,0.0513,Communication Services
AM,2022Q4,2022   Q4,$1.35 B,9,MSFT,Microsoft Corp.,0.0418,Technology
AM,2022Q4,2022   Q4,$1.35 B,10,HCA,HCA Healthcare Inc.,0.0325,Healthcare
AM,2022Q4,2022   Q4,$1.35 B,11,CRM,Salesforce.com,0.029500000000000002,Technology
AM,2022Q4,2022   Q4,$1.35 B,12,AR,Antero Resources,0.0287,Energy
AM,2022Q4,2022   Q4,$1.35 B,13,UBER,Uber Technologies Inc.,0.0225,Consumer Discretionary
AM,2022Q4,2022   Q4,$1.35 B,14,DIS,Walt Disney Co.,0.019299999999999998,Communication Services
AM,2022Q4,2022   Q4,$1.35 B,15,EXE,Expand Energy Corp.,0.0177,Energy
AM,2022Q4,2022   Q4,$1.35 B,16,CHKEZ,Chesapeake Energy Corp. CL B WTS,0.0146,Unknown
AM,2022Q4,2022   Q4,$1.35 B,17,CZR,Caesars Entertainment,0.0131,Consumer Discretionary
AM,2022Q4,2022   Q4,$1.35 B,18,EPD,Enterprise Products Partners LP,0.009300000000000001,Energy
AM,2022Q4,2022   Q4,$1.35 B,19,CHKEL,Chesapeake Energy Corp. WTS,0.0086,Unknown
AM,2022Q4,2022   Q4,$1.35 B,20,SYY,Sysco Corp.,0.0085,Consumer Staples
AM,2022Q3,2022   Q3,$1.36 B,1,CEG,Constellation Energy Corp.,0.16079999999999997,Utilities
AM,2022Q3,2022   Q3,$1.36 B,2,GOOG,Alphabet Inc. CL C,0.141,Communication Services
AM,2022Q3,2022   Q3,$1.36 B,3,AMZN,Amazon.com Inc.,0.1204,Consumer Discretionary
AM,2022Q3,2022   Q3,$1.36 B,4,META,Meta Platforms Inc.,0.0873,Communication Services
AM,2022Q3,2022   Q3,$1.36 B,5,ET,Energy Transfer LP,0.0827,Energy
AM,2022Q3,2022   Q3,$1.36 B,6,EQT,EQT Corp.,0.0756,Energy
AM,2022Q3,2022   Q3,$1.36 B,7,M,Macy's Inc.,0.0691,Consumer Discretionary
AM,2022Q3,2022   Q3,$1.36 B,8,UNH,United Health Group Inc.,0.0557,Healthcare
AM,2022Q3,2022   Q3,$1.36 B,9,MSFT,Microsoft Corp.,0.04019999999999999,Technology
AM,2022Q3,2022   Q3,$1.36 B,10,AR,Antero Resources,0.027999999999999997,Energy
AM,2022Q3,2022   Q3,$1.36 B,11,CHKEZ,Chesapeake Energy Corp. CL B WTS,0.021400000000000002,Unknown
AM,2022Q3,2022   Q3,$1.36 B,12,CRM,Salesforce.com,0.020099999999999996,Technology
AM,2022Q3,2022   Q3,$1.36 B,13,UBER,Uber Technologies Inc.,0.0195,Consumer Discretionary
AM,2022Q3,2022   Q3,$1.36 B,14,EPD,Enterprise Products Partners LP,0.013600000000000001,Energy
AM,2022Q3,2022   Q3,$1.36 B,15,CHKEL,Chesapeake Energy Corp. WTS,0.013000000000000001,Unknown
AM,2022Q3,2022   Q3,$1.36 B,16,AMLP,Alerian MLP ETF,0.0109,Unknown
AM,2022Q3,2022   Q3,$1.36 B,17,SYY,Sysco Corp.,0.0104,Consumer Staples
AM,2022Q3,2022   Q3,$1.36 B,18,HCA,HCA Healthcare Inc.,0.0101,Healthcare
AM,2022Q3,2022   Q3,$1.36 B,19,EXE,Expand Energy Corp.,0.0062,Energy
AM,2022Q3,2022   Q3,$1.36 B,20,BABA,Alibaba Group Holdings,0.0053,Consumer Discretionary
AM,2022Q2,2022   Q2,$1.59 B,1,GOOG,Alphabet Inc. CL C,0.1373,Communication Services
AM,2022Q2,2022   Q2,$1.59 B,2,META,Meta Platforms Inc.,0.1012,Communication Services
AM,2022Q2,2022   Q2,$1.59 B,3,AMZN,Amazon.com Inc.,0.1,Consumer Discretionary
AM,2022Q2,2022   Q2,$1.59 B,4,CEG,Constellation Energy Corp.,0.0971,Utilities
AM,2022Q2,2022   Q2,$1.59 B,5,M,Macy's Inc.,0.069,Consumer Discretionary
AM,2022Q2,2022   Q2,$1.59 B,6,ET,Energy Transfer LP,0.0643,Energy
AM,2022Q2,2022   Q2,$1.59 B,7,EQT,EQT Corp.,0.061500000000000006,Energy
AM,2022Q2,2022   Q2,$1.59 B,8,UNH,United Health Group Inc.,0.0484,Healthcare
AM,2022Q2,2022   Q2,$1.59 B,9,KSS,Kohl's Corp.,0.042,Consumer Discretionary
AM,2022Q2,2022   Q2,$1.59 B,10,MSFT,Microsoft Corp.,0.0403,Technology
AM,2022Q2,2022   Q2,$1.59 B,11,OXY,Occidental Petroleum,0.0323,Energy
AM,2022Q2,2022   Q2,$1.59 B,12,AR,Antero Resources,0.0274,Energy
AM,2022Q2,2022   Q2,$1.59 B,13,SYY,Sysco Corp.,0.0226,Consumer Staples
AM,2022Q2,2022   Q2,$1.59 B,14,CRM,Salesforce.com,0.0207,Technology
AM,2022Q2,2022   Q2,$1.59 B,15,MU,Micron Technology Inc.,0.02,Technology
AM,2022Q2,2022   Q2,$1.59 B,16,APTV,Aptiv PLC,0.013999999999999999,Consumer Discretionary
AM,2022Q2,2022   Q2,$1.59 B,17,CHKEZ,Chesapeake Energy Corp. CL B WTS,0.0131,Unknown
AM,2022Q2,2022   Q2,$1.59 B,18,UBER,Uber Technologies Inc.,0.0128,Consumer Discretionary
AM,2022Q2,2022   Q2,$1.59 B,19,EPD,Enterprise Products Partners LP,0.011899999999999999,Energy
AM,2022Q2,2022   Q2,$1.59 B,20,AMLP,Alerian MLP ETF,0.0088,Unknown
AM,2022Q1,2022   Q1,$2.5 B,1,GOOG,Alphabet Inc. CL C,0.133,Communication Services
AM,2022Q1,2022   Q1,$2.5 B,2,AMZN,Amazon.com Inc.,0.1109,Consumer Discretionary
AM,2022Q1,2022   Q1,$2.5 B,3,META,Meta Platforms Inc.,0.07919999999999999,Communication Services
AM,2022Q1,2022   Q1,$2.5 B,4,M,Macy's Inc.,0.0771,Consumer Discretionary
AM,2022Q1,2022   Q1,$2.5 B,5,MU,Micron Technology Inc.,0.0655,Technology
AM,2022Q1,2022   Q1,$2.5 B,6,OXY,Occidental Petroleum,0.0645,Energy
AM,2022Q1,2022   Q1,$2.5 B,7,EQT,EQT Corp.,0.0542,Energy
AM,2022Q1,2022   Q1,$2.5 B,8,MSFT,Microsoft Corp.,0.0452,Technology
AM,2022Q1,2022   Q1,$2.5 B,9,ET,Energy Transfer LP,0.0412,Energy
AM,2022Q1,2022   Q1,$2.5 B,10,UNH,United Health Group Inc.,0.034300000000000004,Healthcare
AM,2022Q1,2022   Q1,$2.5 B,11,UBER,Uber Technologies Inc.,0.0288,Consumer Discretionary
AM,2022Q1,2022   Q1,$2.5 B,12,PCG,PG&E Corp.,0.0287,Utilities
AM,2022Q1,2022   Q1,$2.5 B,13,SYY,Sysco Corp.,0.0245,Consumer Staples
AM,2022Q1,2022   Q1,$2.5 B,14,AR,Antero Resources,0.0241,Energy
AM,2022Q1,2022   Q1,$2.5 B,15,MOS,Mosaic Co.,0.0222,Materials
AM,2022Q1,2022   Q1,$2.5 B,16,XLE,Energy Select Sector SPDR,0.0213,Energy
AM,2022Q1,2022   Q1,$2.5 B,17,GT,Goodyear Tire & Rubber,0.018600000000000002,Consumer Discretionary
AM,2022Q1,2022   Q1,$2.5 B,18,KSS,Kohl's Corp.,0.0169,Consumer Discretionary
AM,2022Q1,2022   Q1,$2.5 B,19,XOP,SPDR S&P Oil & Gas Exploration & Production ETF,0.015300000000000001,Unknown
AM,2022Q1,2022   Q1,$2.5 B,20,FCX,Freeport-McMoran Inc.,0.0147,Materials
AM,2021Q4,2021   Q4,$3.89 B,1,GOOG,Alphabet Inc. CL C,0.1005,Communication Services
AM,2021Q4,2021   Q4,$3.89 B,2,META,Meta Platforms Inc.,0.09519999999999999,Communication Services
AM,2021Q4,2021   Q4,$3.89 B,3,M,Macy's Inc.,0.068,Consumer Discretionary
AM,2021Q4,2021   Q4,$3.89 B,4,MU,Micron Technology Inc.,0.0659,Technology
AM,2021Q4,2021   Q4,$3.89 B,5,AMZN,Amazon.com Inc.,0.06,Consumer Discretionary
AM,2021Q4,2021   Q4,$3.89 B,6,OXY,Occidental Petroleum,0.0492,Energy
AM,2021Q4,2021   Q4,$3.89 B,7,PCG,PG&E Corp.,0.039,Utilities
AM,2021Q4,2021   Q4,$3.89 B,8,TMUS,T-Mobile US Inc.,0.0381,Communication Services
AM,2021Q4,2021   Q4,$3.89 B,9,GM,General Motors,0.0339,Consumer Discretionary
AM,2021Q4,2021   Q4,$3.89 B,10,DHI,D.R. Horton,0.030699999999999998,Consumer Discretionary
AM,2021Q4,2021   Q4,$3.89 B,11,XLE,Energy Select Sector SPDR,0.030699999999999998,Energy
AM,2021Q4,2021   Q4,$3.89 B,12,GT,Goodyear Tire & Rubber,0.0282,Consumer Discretionary
AM,2021Q4,2021   Q4,$3.89 B,13,EQT,EQT Corp.,0.0274,Energy
AM,2021Q4,2021   Q4,$3.89 B,14,ET,Energy Transfer LP,0.0262,Energy
AM,2021Q4,2021   Q4,$3.89 B,15,MSFT,Microsoft Corp.,0.025699999999999997,Technology
AM,2021Q4,2021   Q4,$3.89 B,16,XOP,SPDR S&P Oil & Gas Exploration & Production ETF,0.024700000000000003,Unknown
AM,2021Q4,2021   Q4,$3.89 B,17,MOS,Mosaic Co.,0.024300000000000002,Materials
AM,2021Q4,2021   Q4,$3.89 B,18,UNH,United Health Group Inc.,0.0231,Healthcare
AM,2021Q4,2021   Q4,$3.89 B,19,PHM,PulteGroup Inc.,0.0213,Consumer Discretionary
AM,2021Q4,2021   Q4,$3.89 B,20,KSS,Kohl's Corp.,0.021,Consumer Discretionary
AM,2021Q3,2021   Q3,$4.2 B,1,GOOG,Alphabet Inc. CL C,0.0933,Communication Services
AM,2021Q3,2021   Q3,$4.2 B,2,META,Meta Platforms Inc.,0.0924,Communication Services
AM,2021Q3,2021   Q3,$4.2 B,3,TMUS,T-Mobile US Inc.,0.0774,Communication Services
AM,2021Q3,2021   Q3,$4.2 B,4,AMZN,Amazon.com Inc.,0.0548,Consumer Discretionary
AM,2021Q3,2021   Q3,$4.2 B,5,OXY,Occidental Petroleum,0.046799999999999994,Energy
AM,2021Q3,2021   Q3,$4.2 B,6,MU,Micron Technology Inc.,0.04650000000000001,Technology
AM,2021Q3,2021   Q3,$4.2 B,7,M,Macy's Inc.,0.0377,Consumer Discretionary
AM,2021Q3,2021   Q3,$4.2 B,8,PCG,PG&E Corp.,0.030600000000000002,Utilities
AM,2021Q3,2021   Q3,$4.2 B,9,XLE,Energy Select Sector SPDR,0.0274,Energy
AM,2021Q3,2021   Q3,$4.2 B,10,DHI,D.R. Horton,0.0239,Consumer Discretionary
AM,2021Q3,2021   Q3,$4.2 B,11,XOP,SPDR S&P Oil & Gas Exploration & Production ETF,0.0233,Unknown
AM,2021Q3,2021   Q3,$4.2 B,12,ET,Energy Transfer LP,0.0231,Energy
AM,2021Q3,2021   Q3,$4.2 B,13,HCA,HCA Healthcare Inc.,0.022400000000000003,Healthcare
AM,2021Q3,2021   Q3,$4.2 B,14,ALIT,Alight Inc.,0.0219,Technology
AM,2021Q3,2021   Q3,$4.2 B,15,GT,Goodyear Tire & Rubber,0.0219,Consumer Discretionary
AM,2021Q3,2021   Q3,$4.2 B,16,UBER,Uber Technologies Inc.,0.0208,Consumer Discretionary
AM,2021Q3,2021   Q3,$4.2 B,17,MOS,Mosaic Co.,0.0202,Materials
AM,2021Q3,2021   Q3,$4.2 B,18,MSFT,Microsoft Corp.,0.02,Technology
AM,2021Q3,2021   Q3,$4.2 B,19,BABA,Alibaba Group Holdings,0.018500000000000003,Consumer Discretionary
AM,2021Q3,2021   Q3,$4.2 B,20,TWTR-OLD,Twitter Inc.,0.0178,Unknown
AM,2021Q2,2021   Q2,$4.83 B,1,MU,Micron Technology Inc.,0.09939999999999999,Technology
AM,2021Q2,2021   Q2,$4.83 B,2,AMZN,Amazon.com Inc.,0.08900000000000001,Consumer Discretionary
AM,2021Q2,2021   Q2,$4.83 B,3,META,Meta Platforms Inc.,0.0867,Communication Services
AM,2021Q2,2021   Q2,$4.83 B,4,GOOG,Alphabet Inc. CL C,0.0757,Communication Services
AM,2021Q2,2021   Q2,$4.83 B,5,TMUS,T-Mobile US Inc.,0.0755,Communication Services
AM,2021Q2,2021   Q2,$4.83 B,6,OXY,Occidental Petroleum,0.037000000000000005,Energy
AM,2021Q2,2021   Q2,$4.83 B,7,PCG,PG&E Corp.,0.034300000000000004,Utilities
AM,2021Q2,2021   Q2,$4.83 B,8,BABA,Alibaba Group Holdings,0.0275,Consumer Discretionary
AM,2021Q2,2021   Q2,$4.83 B,9,XLE,Energy Select Sector SPDR,0.0259,Energy
AM,2021Q2,2021   Q2,$4.83 B,10,ET,Energy Transfer LP,0.023399999999999997,Energy
AM,2021Q2,2021   Q2,$4.83 B,11,DHI,D.R. Horton,0.021400000000000002,Consumer Discretionary
AM,2021Q2,2021   Q2,$4.83 B,12,PSFE,Paysafe Ltd,0.0213,Technology
AM,2021Q2,2021   Q2,$4.83 B,13,UBER,Uber Technologies Inc.,0.021099999999999997,Consumer Discretionary
AM,2021Q2,2021   Q2,$4.83 B,14,TWTR-OLD,Twitter Inc.,0.018500000000000003,Unknown
AM,2021Q2,2021   Q2,$4.83 B,15,MSFT,Microsoft Corp.,0.0175,Technology
AM,2021Q2,2021   Q2,$4.83 B,16,HCA,HCA Healthcare Inc.,0.0173,Healthcare
AM,2021Q2,2021   Q2,$4.83 B,17,PHM,PulteGroup Inc.,0.017,Consumer Discretionary
AM,2021Q2,2021   Q2,$4.83 B,18,MOS,Mosaic Co.,0.0163,Materials
AM,2021Q2,2021   Q2,$4.83 B,19,UNH,United Health Group Inc.,0.0155,Healthcare
AM,2021Q2,2021   Q2,$4.83 B,20,FCX,Freeport-McMoran Inc.,0.0154,Materials
AM,2021Q1,2021   Q1,$6.96 B,1,MU,Micron Technology Inc.,0.0922,Technology
AM,2021Q1,2021   Q1,$6.96 B,2,AMZN,Amazon.com Inc.,0.08259999999999999,Consumer Discretionary
AM,2021Q1,2021   Q1,$6.96 B,3,META,Meta Platforms Inc.,0.077,Communication Services
AM,2021Q1,2021   Q1,$6.96 B,4,TMUS,T-Mobile US Inc.,0.0754,Communication Services
AM,2021Q1,2021   Q1,$6.96 B,5,GOOG,Alphabet Inc. CL C,0.06860000000000001,Communication Services
AM,2021Q1,2021   Q1,$6.96 B,6,PCG,PG&E Corp.,0.0481,Utilities
AM,2021Q1,2021   Q1,$6.96 B,7,BABA,Alibaba Group Holdings,0.0371,Consumer Discretionary
AM,2021Q1,2021   Q1,$6.96 B,8,OXY,Occidental Petroleum,0.0321,Energy
AM,2021Q1,2021   Q1,$6.96 B,9,XLE,Energy Select Sector SPDR,0.0305,Energy
AM,2021Q1,2021   Q1,$6.96 B,10,HCA,HCA Healthcare Inc.,0.025699999999999997,Healthcare
AM,2021Q1,2021   Q1,$6.96 B,11,ET,Energy Transfer LP,0.0252,Energy
AM,2021Q1,2021   Q1,$6.96 B,12,TWTR-OLD,Twitter Inc.,0.0242,Unknown
AM,2021Q1,2021   Q1,$6.96 B,13,EXE,Expand Energy Corp.,0.0232,Energy
AM,2021Q1,2021   Q1,$6.96 B,14,PARA-OLD,Paramount Global CL B,0.0223,Communication Services
AM,2021Q1,2021   Q1,$6.96 B,15,PSFE,Paysafe Ltd,0.0194,Technology
AM,2021Q1,2021   Q1,$6.96 B,16,XOP,SPDR S&P Oil & Gas Exploration & Production ETF,0.016,Unknown
AM,2021Q1,2021   Q1,$6.96 B,17,MSFT,Microsoft Corp.,0.015600000000000001,Technology
AM,2021Q1,2021   Q1,$6.96 B,18,DHI,D.R. Horton,0.0149,Consumer Discretionary
AM,2021Q1,2021   Q1,$6.96 B,19,UNH,United Health Group Inc.,0.0148,Healthcare
AM,2021Q1,2021   Q1,$6.96 B,20,QCOM,QUALCOMM Inc.,0.0143,Technology
AM,2020Q4,2020   Q4,$6.69 B,1,TMUS,T-Mobile US Inc.,0.0989,Communication Services
AM,2020Q4,2020   Q4,$6.69 B,2,AMZN,Amazon.com Inc.,0.09630000000000001,Consumer Discretionary
AM,2020Q4,2020   Q4,$6.69 B,3,MU,Micron Technology Inc.,0.08990000000000001,Technology
AM,2020Q4,2020   Q4,$6.69 B,4,META,Meta Platforms Inc.,0.0821,Communication Services
AM,2020Q4,2020   Q4,$6.69 B,5,PCG,PG&E Corp.,0.0789,Utilities
AM,2020Q4,2020   Q4,$6.69 B,6,GOOG,Alphabet Inc. CL C,0.0667,Communication Services
AM,2020Q4,2020   Q4,$6.69 B,7,BABA,Alibaba Group Holdings,0.0661,Consumer Discretionary
AM,2020Q4,2020   Q4,$6.69 B,8,TWTR-OLD,Twitter Inc.,0.0385,Unknown
AM,2020Q4,2020   Q4,$6.69 B,9,HCA,HCA Healthcare Inc.,0.0246,Healthcare
AM,2020Q4,2020   Q4,$6.69 B,10,ET,Energy Transfer LP,0.0222,Energy
AM,2020Q4,2020   Q4,$6.69 B,11,MA,Mastercard Inc.,0.0215,Financials
AM,2020Q4,2020   Q4,$6.69 B,12,OXY,Occidental Petroleum,0.021,Energy
AM,2020Q4,2020   Q4,$6.69 B,13,V,Visa Inc.,0.0203,Financials
AM,2020Q4,2020   Q4,$6.69 B,14,DIS,Walt Disney Co.,0.0202,Communication Services
AM,2020Q4,2020   Q4,$6.69 B,15,PYPL,PayPal Holdings Inc.,0.0184,Financials
AM,2020Q4,2020   Q4,$6.69 B,16,CRM,Salesforce.com,0.0183,Technology
AM,2020Q4,2020   Q4,$6.69 B,17,MSFT,Microsoft Corp.,0.0183,Technology
AM,2020Q4,2020   Q4,$6.69 B,18,XLE,Energy Select Sector SPDR,0.0177,Energy
AM,2020Q4,2020   Q4,$6.69 B,19,ADBE,Adobe Inc.,0.015,Technology
AM,2020Q4,2020   Q4,$6.69 B,20,SYY,Sysco Corp.,0.0139,Consumer Staples
AM,2020Q3,2020   Q3,$5.66 B,1,PCG,PG&E Corp.,0.1341,Utilities
AM,2020Q3,2020   Q3,$5.66 B,2,BABA,Alibaba Group Holdings,0.11539999999999999,Consumer Discretionary
AM,2020Q3,2020   Q3,$5.66 B,3,TMUS,T-Mobile US Inc.,0.1054,Communication Services
AM,2020Q3,2020   Q3,$5.66 B,4,MU,Micron Technology Inc.,0.1017,Technology
AM,2020Q3,2020   Q3,$5.66 B,5,META,Meta Platforms Inc.,0.0818,Communication Services
AM,2020Q3,2020   Q3,$5.66 B,6,AMZN,Amazon.com Inc.,0.0788,Consumer Discretionary
AM,2020Q3,2020   Q3,$5.66 B,7,GOOG,Alphabet Inc. CL C,0.0669,Communication Services
AM,2020Q3,2020   Q3,$5.66 B,8,TWTR-OLD,Twitter Inc.,0.036699999999999997,Unknown
AM,2020Q3,2020   Q3,$5.66 B,9,MA,Mastercard Inc.,0.0265,Financials
AM,2020Q3,2020   Q3,$5.66 B,10,V,Visa Inc.,0.024,Financials
AM,2020Q3,2020   Q3,$5.66 B,11,T,AT&T Inc.,0.0233,Communication Services
AM,2020Q3,2020   Q3,$5.66 B,12,PYPL,PayPal Holdings Inc.,0.0213,Financials
AM,2020Q3,2020   Q3,$5.66 B,13,HCA,HCA Healthcare Inc.,0.0206,Healthcare
AM,2020Q3,2020   Q3,$5.66 B,14,CRM,Salesforce.com,0.0194,Technology
AM,2020Q3,2020   Q3,$5.66 B,15,DIS,Walt Disney Co.,0.019299999999999998,Communication Services
AM,2020Q3,2020   Q3,$5.66 B,16,ET,Energy Transfer LP,0.0182,Energy
AM,2020Q3,2020   Q3,$5.66 B,17,ADBE,Adobe Inc.,0.0152,Technology
AM,2020Q3,2020   Q3,$5.66 B,18,EMR,Emerson Electric,0.0143,Industrials
AM,2020Q3,2020   Q3,$5.66 B,19,SYY,Sysco Corp.,0.013999999999999999,Consumer Staples
AM,2020Q3,2020   Q3,$5.66 B,20,NFLX,Netflix Inc.,0.0116,Communication Services
AM,2020Q2,2020   Q2,$5.76 B,1,BABA,Alibaba Group Holdings,0.1264,Consumer Discretionary
AM,2020Q2,2020   Q2,$5.76 B,2,AMZN,Amazon.com Inc.,0.10779999999999999,Consumer Discretionary
AM,2020Q2,2020   Q2,$5.76 B,3,TMUS,T-Mobile US Inc.,0.1067,Communication Services
AM,2020Q2,2020   Q2,$5.76 B,4,META,Meta Platforms Inc.,0.08810000000000001,Communication Services
AM,2020Q2,2020   Q2,$5.76 B,5,MU,Micron Technology Inc.,0.0837,Technology
AM,2020Q2,2020   Q2,$5.76 B,6,GOOG,Alphabet Inc. CL C,0.08199999999999999,Communication Services
AM,2020Q2,2020   Q2,$5.76 B,7,T,AT&T Inc.,0.04769999999999999,Communication Services
AM,2020Q2,2020   Q2,$5.76 B,8,TWTR-OLD,Twitter Inc.,0.0287,Unknown
AM,2020Q2,2020   Q2,$5.76 B,9,V,Visa Inc.,0.0282,Financials
AM,2020Q2,2020   Q2,$5.76 B,10,MA,Mastercard Inc.,0.027999999999999997,Financials
AM,2020Q2,2020   Q2,$5.76 B,11,PYPL,PayPal Holdings Inc.,0.0263,Financials
AM,2020Q2,2020   Q2,$5.76 B,12,DIS,Walt Disney Co.,0.0232,Communication Services
AM,2020Q2,2020   Q2,$5.76 B,13,ET,Energy Transfer LP,0.0187,Energy
AM,2020Q2,2020   Q2,$5.76 B,14,NFLX,Netflix Inc.,0.0182,Communication Services
AM,2020Q2,2020   Q2,$5.76 B,15,SYY,Sysco Corp.,0.0178,Consumer Staples
AM,2020Q2,2020   Q2,$5.76 B,16,HCA,HCA Healthcare Inc.,0.0177,Healthcare
AM,2020Q2,2020   Q2,$5.76 B,17,CRM,Salesforce.com,0.0163,Technology
AM,2020Q2,2020   Q2,$5.76 B,18,ADBE,Adobe Inc.,0.015600000000000001,Technology
AM,2020Q2,2020   Q2,$5.76 B,19,EMR,Emerson Electric,0.0151,Industrials
AM,2020Q2,2020   Q2,$5.76 B,20,PCG,PG&E Corp.,0.0138,Utilities
AM,2020Q1,2020   Q1,$3.27 B,1,AMZN,Amazon.com Inc.,0.1492,Consumer Discretionary
AM,2020Q1,2020   Q1,$3.27 B,2,BABA,Alibaba Group Holdings,0.1349,Consumer Discretionary
AM,2020Q1,2020   Q1,$3.27 B,3,GOOG,Alphabet Inc. CL C,0.1285,Communication Services
AM,2020Q1,2020   Q1,$3.27 B,4,META,Meta Platforms Inc.,0.1232,Communication Services
AM,2020Q1,2020   Q1,$3.27 B,5,MU,Micron Technology Inc.,0.11410000000000001,Technology
AM,2020Q1,2020   Q1,$3.27 B,6,TWTR-OLD,Twitter Inc.,0.0416,Unknown
AM,2020Q1,2020   Q1,$3.27 B,7,AGN,Allergan Plc,0.0377,Healthcare
AM,2020Q1,2020   Q1,$3.27 B,8,PCG,PG&E Corp.,0.031200000000000002,Utilities
AM,2020Q1,2020   Q1,$3.27 B,9,NFLX,Netflix Inc.,0.029300000000000003,Communication Services
AM,2020Q1,2020   Q1,$3.27 B,10,ET,Energy Transfer LP,0.0229,Energy
AM,2020Q1,2020   Q1,$3.27 B,11,ADBE,Adobe Inc.,0.0217,Technology
AM,2020Q1,2020   Q1,$3.27 B,12,CRM,Salesforce.com,0.020499999999999997,Technology
AM,2020Q1,2020   Q1,$3.27 B,13,TMUS,T-Mobile US Inc.,0.019799999999999998,Communication Services
AM,2020Q1,2020   Q1,$3.27 B,14,UNH,United Health Group Inc.,0.0191,Healthcare
AM,2020Q1,2020   Q1,$3.27 B,15,AVGO,Broadcom Inc.,0.0169,Technology
AM,2020Q1,2020   Q1,$3.27 B,16,S-OLD,Sprint Corp.,0.0168,Unknown
AM,2020Q1,2020   Q1,$3.27 B,17,QCOM,QUALCOMM Inc.,0.0115,Technology
AM,2020Q1,2020   Q1,$3.27 B,18,HCA,HCA Healthcare Inc.,0.0078000000000000005,Healthcare
AM,2020Q1,2020   Q1,$3.27 B,19,TSLA,Tesla Inc.,0.0067,Consumer Discretionary
AM,2020Q1,2020   Q1,$3.27 B,20,AMLP,Alerian MLP ETF,0.0064,Unknown
AM,2019Q4,2019   Q4,$3.88 B,1,GOOG,Alphabet Inc. CL C,0.1515,Communication Services
AM,2019Q4,2019   Q4,$3.88 B,2,META,Meta Platforms Inc.,0.1493,Communication Services
AM,2019Q4,2019   Q4,$3.88 B,3,AMZN,Amazon.com Inc.,0.1387,Consumer Discretionary
AM,2019Q4,2019   Q4,$3.88 B,4,BABA,Alibaba Group Holdings,0.1311,Consumer Discretionary
AM,2019Q4,2019   Q4,$3.88 B,5,MU,Micron Technology Inc.,0.11220000000000001,Technology
AM,2019Q4,2019   Q4,$3.88 B,6,AGN,Allergan Plc,0.0638,Healthcare
AM,2019Q4,2019   Q4,$3.88 B,7,PCG,PG&E Corp.,0.0487,Utilities
AM,2019Q4,2019   Q4,$3.88 B,8,ET,Energy Transfer LP,0.0371,Energy
AM,2019Q4,2019   Q4,$3.88 B,9,CZR,Caesars Entertainment,0.0352,Consumer Discretionary
AM,2019Q4,2019   Q4,$3.88 B,10,UNH,United Health Group Inc.,0.0227,Healthcare
AM,2019Q4,2019   Q4,$3.88 B,11,AVGO,Broadcom Inc.,0.022400000000000003,Technology
AM,2019Q4,2019   Q4,$3.88 B,12,CRM,Salesforce.com,0.0209,Technology
AM,2019Q4,2019   Q4,$3.88 B,13,ADBE,Adobe Inc.,0.0204,Technology
AM,2019Q4,2019   Q4,$3.88 B,14,TMUS,T-Mobile US Inc.,0.0141,Communication Services
AM,2019Q4,2019   Q4,$3.88 B,15,VST,Vistra Corp.,0.0102,Utilities
AM,2019Q4,2019   Q4,$3.88 B,16,HUM,Humana Inc.,0.0070999999999999995,Healthcare
AM,2019Q4,2019   Q4,$3.88 B,17,LNG,Cheniere Energy Inc.,0.0064,Energy
AM,2019Q4,2019   Q4,$3.88 B,18,I,Intelsat S.A.,0.0052,Unknown
AM,2019Q4,2019   Q4,$3.88 B,19,CWEN,Clearway Energy CL C,0.0023,Utilities
AM,2019Q4,2019   Q4,$3.88 B,20,CWEN.A-OLD,Clearway Energy CL A,0.0007000000000000001,Unknown
AM,2019Q3,2019   Q3,$3.3 B,1,GOOG,Alphabet Inc. CL C,0.1646,Communication Services
AM,2019Q3,2019   Q3,$3.3 B,2,META,Meta Platforms Inc.,0.1527,Communication Services
AM,2019Q3,2019   Q3,$3.3 B,3,AMZN,Amazon.com Inc.,0.1396,Consumer Discretionary
AM,2019Q3,2019   Q3,$3.3 B,4,AABA,Altaba Inc.,0.0818,Communication Services
AM,2019Q3,2019   Q3,$3.3 B,5,MU,Micron Technology Inc.,0.078,Technology
AM,2019Q3,2019   Q3,$3.3 B,6,AGN,Allergan Plc,0.0661,Healthcare
AM,2019Q3,2019   Q3,$3.3 B,7,BABA,Alibaba Group Holdings,0.066,Consumer Discretionary
AM,2019Q3,2019   Q3,$3.3 B,8,PCG,PG&E Corp.,0.055,Utilities
AM,2019Q3,2019   Q3,$3.3 B,9,CZR,Caesars Entertainment,0.039599999999999996,Consumer Discretionary
AM,2019Q3,2019   Q3,$3.3 B,10,ET,Energy Transfer LP,0.0232,Energy
AM,2019Q3,2019   Q3,$3.3 B,11,AVGO,Broadcom Inc.,0.023,Technology
AM,2019Q3,2019   Q3,$3.3 B,12,CRM,Salesforce.com,0.0225,Technology
AM,2019Q3,2019   Q3,$3.3 B,13,ADBE,Adobe Inc.,0.0172,Technology
AM,2019Q3,2019   Q3,$3.3 B,14,TMUS,T-Mobile US Inc.,0.0167,Communication Services
AM,2019Q3,2019   Q3,$3.3 B,15,UNH,United Health Group Inc.,0.0165,Healthcare
AM,2019Q3,2019   Q3,$3.3 B,16,VST,Vistra Corp.,0.0139,Utilities
AM,2019Q3,2019   Q3,$3.3 B,17,LNG,Cheniere Energy Inc.,0.0078000000000000005,Energy
AM,2019Q3,2019   Q3,$3.3 B,18,HUM,Humana Inc.,0.0058,Healthcare
AM,2019Q3,2019   Q3,$3.3 B,19,BA,Boeing Co.,0.0034999999999999996,Industrials
AM,2019Q3,2019   Q3,$3.3 B,20,CWEN,Clearway Energy CL C,0.0033,Utilities
AM,2019Q2,2019   Q2,$2.24 B,1,PCG,PG&E Corp.,0.17190000000000003,Utilities
AM,2019Q2,2019   Q2,$2.24 B,2,META,Meta Platforms Inc.,0.1592,Communication Services
AM,2019Q2,2019   Q2,$2.24 B,3,AMZN,Amazon.com Inc.,0.1562,Consumer Discretionary
AM,2019Q2,2019   Q2,$2.24 B,4,GOOG,Alphabet Inc. CL C,0.1036,Communication Services
AM,2019Q2,2019   Q2,$2.24 B,5,AGN,Allergan Plc,0.0967,Healthcare
AM,2019Q2,2019   Q2,$2.24 B,6,CZR,Caesars Entertainment,0.059000000000000004,Consumer Discretionary
AM,2019Q2,2019   Q2,$2.24 B,7,ET,Energy Transfer LP,0.036699999999999997,Energy
AM,2019Q2,2019   Q2,$2.24 B,8,UNH,United Health Group Inc.,0.0364,Healthcare
AM,2019Q2,2019   Q2,$2.24 B,9,CRM,Salesforce.com,0.0338,Technology
AM,2019Q2,2019   Q2,$2.24 B,10,AABA,Altaba Inc.,0.0325,Communication Services
AM,2019Q2,2019   Q2,$2.24 B,11,TMUS,T-Mobile US Inc.,0.0231,Communication Services
AM,2019Q2,2019   Q2,$2.24 B,12,VST,Vistra Corp.,0.0174,Utilities
AM,2019Q2,2019   Q2,$2.24 B,13,MU,Micron Technology Inc.,0.0155,Technology
AM,2019Q2,2019   Q2,$2.24 B,14,ADBE,Adobe Inc.,0.0147,Technology
AM,2019Q2,2019   Q2,$2.24 B,15,LNG,Cheniere Energy Inc.,0.0125,Energy
AM,2019Q2,2019   Q2,$2.24 B,16,HUM,Humana Inc.,0.0113,Healthcare
AM,2019Q2,2019   Q2,$2.24 B,17,CWEN,Clearway Energy CL C,0.0053,Utilities
AM,2019Q2,2019   Q2,$2.24 B,18,I,Intelsat S.A.,0.0051,Unknown
AM,2019Q2,2019   Q2,$2.24 B,19,COOP-OLD,Mr. Cooper Group Inc.,0.0046,Unknown
AM,2019Q2,2019   Q2,$2.24 B,20,CNC,Centene Corp.,0.003,Healthcare
AM,2019Q1,2019   Q1,$3.31 B,1,MU,Micron Technology Inc.,0.2404,Technology
AM,2019Q1,2019   Q1,$3.31 B,2,AGN,Allergan Plc,0.1386,Healthcare
AM,2019Q1,2019   Q1,$3.31 B,3,PCG,PG&E Corp.,0.1242,Utilities
AM,2019Q1,2019   Q1,$3.31 B,4,META,Meta Platforms Inc.,0.1007,Communication Services
AM,2019Q1,2019   Q1,$3.31 B,5,AMZN,Amazon.com Inc.,0.0888,Consumer Discretionary
AM,2019Q1,2019   Q1,$3.31 B,6,AABA,Altaba Inc.,0.0526,Communication Services
AM,2019Q1,2019   Q1,$3.31 B,7,GOOG,Alphabet Inc. CL C,0.051399999999999994,Communication Services
AM,2019Q1,2019   Q1,$3.31 B,8,BABA,Alibaba Group Holdings,0.038599999999999995,Consumer Discretionary
AM,2019Q1,2019   Q1,$3.31 B,9,CZR,Caesars Entertainment,0.0361,Consumer Discretionary
AM,2019Q1,2019   Q1,$3.31 B,10,ET,Energy Transfer LP,0.0311,Energy
AM,2019Q1,2019   Q1,$3.31 B,11,TMUS,T-Mobile US Inc.,0.018799999999999997,Communication Services
AM,2019Q1,2019   Q1,$3.31 B,12,UNH,United Health Group Inc.,0.0187,Healthcare
AM,2019Q1,2019   Q1,$3.31 B,13,VST,Vistra Corp.,0.0178,Utilities
AM,2019Q1,2019   Q1,$3.31 B,14,LNG,Cheniere Energy Inc.,0.0121,Energy
AM,2019Q1,2019   Q1,$3.31 B,15,CRM,Salesforce.com,0.0096,Technology
AM,2019Q1,2019   Q1,$3.31 B,16,ADBE,Adobe Inc.,0.008100000000000001,Technology
AM,2019Q1,2019   Q1,$3.31 B,17,COOP-OLD,Mr. Cooper Group Inc.,0.0076,Unknown
AM,2019Q1,2019   Q1,$3.31 B,18,CWEN,Clearway Energy CL C,0.0039000000000000003,Utilities
AM,2019Q1,2019   Q1,$3.31 B,19,CWEN.A-OLD,Clearway Energy CL A,0.0011,Unknown
AM,2018Q4,2018   Q4,$2.03 B,1,MU,Micron Technology Inc.,0.2498,Technology
AM,2018Q4,2018   Q4,$2.03 B,2,META,Meta Platforms Inc.,0.0919,Communication Services
AM,2018Q4,2018   Q4,$2.03 B,3,PCG,PG&E Corp.,0.0756,Utilities
AM,2018Q4,2018   Q4,$2.03 B,4,AGN,Allergan Plc,0.0756,Healthcare
AM,2018Q4,2018   Q4,$2.03 B,5,GOOG,Alphabet Inc. CL C,0.0742,Communication Services
AM,2018Q4,2018   Q4,$2.03 B,6,AABA,Altaba Inc.,0.0668,Communication Services
AM,2018Q4,2018   Q4,$2.03 B,7,ETP-OLD,Energy Transfer Partners LP,0.050199999999999995,Energy
AM,2018Q4,2018   Q4,$2.03 B,8,ET,Energy Transfer LP,0.050199999999999995,Energy
AM,2018Q4,2018   Q4,$2.03 B,9,CZR,Caesars Entertainment,0.0443,Consumer Discretionary
AM,2018Q4,2018   Q4,$2.03 B,10,TMUS,T-Mobile US Inc.,0.0325,Communication Services
AM,2018Q4,2018   Q4,$2.03 B,11,UNH,United Health Group Inc.,0.030600000000000002,Healthcare
AM,2018Q4,2018   Q4,$2.03 B,12,AY-OLD,Atlantica Yield plc,0.028900000000000002,Utilities
AM,2018Q4,2018   Q4,$2.03 B,13,VST,Vistra Corp.,0.0285,Utilities
AM,2018Q4,2018   Q4,$2.03 B,14,ALL,Allstate Corp.,0.024700000000000003,Financials
AM,2018Q4,2018   Q4,$2.03 B,15,COOP-OLD,Mr. Cooper Group Inc.,0.0236,Unknown
AM,2018Q4,2018   Q4,$2.03 B,16,LNG,Cheniere Energy Inc.,0.0171,Energy
AM,2018Q4,2018   Q4,$2.03 B,17,TERP,TerraForm Power Inc.,0.0148,Utilities
AM,2018Q4,2018   Q4,$2.03 B,18,NRG,NRG Energy Inc.,0.009000000000000001,Utilities
AM,2018Q4,2018   Q4,$2.03 B,19,WFC,Wells Fargo,0.0068000000000000005,Financials
AM,2018Q4,2018   Q4,$2.03 B,20,KMT,Kennametal Inc.,0.0032,Industrials
AM,2018Q3,2018   Q3,$5.61 B,1,MU,Micron Technology Inc.,0.2903,Technology
AM,2018Q3,2018   Q3,$5.61 B,2,META,Meta Platforms Inc.,0.0968,Communication Services
AM,2018Q3,2018   Q3,$5.61 B,3,AGN,Allergan Plc,0.0677,Healthcare
AM,2018Q3,2018   Q3,$5.61 B,4,BABA,Alibaba Group Holdings,0.0441,Consumer Discretionary
AM,2018Q3,2018   Q3,$5.61 B,5,GOOG,Alphabet Inc. CL C,0.0426,Communication Services
AM,2018Q3,2018   Q3,$5.61 B,6,AABA,Altaba Inc.,0.041100000000000005,Communication Services
AM,2018Q3,2018   Q3,$5.61 B,7,TMUS,T-Mobile US Inc.,0.0337,Communication Services
AM,2018Q3,2018   Q3,$5.61 B,8,PCG,PG&E Corp.,0.0327,Utilities
AM,2018Q3,2018   Q3,$5.61 B,9,LRCX,Lam Research,0.0318,Technology
AM,2018Q3,2018   Q3,$5.61 B,10,ETP-OLD,Energy Transfer Partners LP,0.0288,Energy
AM,2018Q3,2018   Q3,$5.61 B,11,XPO,XPO Logistics,0.0275,Industrials
AM,2018Q3,2018   Q3,$5.61 B,12,CZR,Caesars Entertainment,0.0265,Consumer Discretionary
AM,2018Q3,2018   Q3,$5.61 B,13,BAC,Bank of America Corp.,0.0178,Financials
AM,2018Q3,2018   Q3,$5.61 B,14,STT,State Street Corp.,0.0177,Financials
AM,2018Q3,2018   Q3,$5.61 B,15,NRG,NRG Energy Inc.,0.0175,Utilities
AM,2018Q3,2018   Q3,$5.61 B,16,UNH,United Health Group Inc.,0.0165,Healthcare
AM,2018Q3,2018   Q3,$5.61 B,17,COOP-OLD,Mr. Cooper Group Inc.,0.015600000000000001,Unknown
AM,2018Q3,2018   Q3,$5.61 B,18,CNC,Centene Corp.,0.0152,Healthcare
AM,2018Q3,2018   Q3,$5.61 B,19,DG,Dollar General,0.014499999999999999,Consumer Staples
AM,2018Q3,2018   Q3,$5.61 B,20,AY-OLD,Atlantica Yield plc,0.0123,Utilities
AM,2018Q2,2018   Q2,$8.65 B,1,MU,Micron Technology Inc.,0.2458,Technology
AM,2018Q2,2018   Q2,$8.65 B,2,META,Meta Platforms Inc.,0.114,Communication Services
AM,2018Q2,2018   Q2,$8.65 B,3,AGN,Allergan Plc,0.0654,Healthcare
AM,2018Q2,2018   Q2,$8.65 B,4,BABA,Alibaba Group Holdings,0.0567,Consumer Discretionary
AM,2018Q2,2018   Q2,$8.65 B,5,AABA,Altaba Inc.,0.054299999999999994,Communication Services
AM,2018Q2,2018   Q2,$8.65 B,6,GOOG,Alphabet Inc. CL C,0.042699999999999995,Communication Services
AM,2018Q2,2018   Q2,$8.65 B,7,LRCX,Lam Research,0.0276,Technology
AM,2018Q2,2018   Q2,$8.65 B,8,TMUS,T-Mobile US Inc.,0.0276,Communication Services
AM,2018Q2,2018   Q2,$8.65 B,9,ETP-OLD,Energy Transfer Partners LP,0.0241,Energy
AM,2018Q2,2018   Q2,$8.65 B,10,BAC,Bank of America Corp.,0.0236,Financials
AM,2018Q2,2018   Q2,$8.65 B,11,WFC,Wells Fargo,0.0209,Financials
AM,2018Q2,2018   Q2,$8.65 B,12,CZR,Caesars Entertainment,0.0195,Consumer Discretionary
AM,2018Q2,2018   Q2,$8.65 B,13,XPO,XPO Logistics,0.0191,Industrials
AM,2018Q2,2018   Q2,$8.65 B,14,UNH,United Health Group Inc.,0.015,Healthcare
AM,2018Q2,2018   Q2,$8.65 B,15,CNC,Centene Corp.,0.0146,Healthcare
AM,2018Q2,2018   Q2,$8.65 B,16,ALLY,Ally Financial Inc.,0.0146,Financials
AM,2018Q2,2018   Q2,$8.65 B,17,TMO,Thermo Fisher Scientific,0.013999999999999999,Healthcare
AM,2018Q2,2018   Q2,$8.65 B,18,UBS,UBS AG,0.012199999999999999,Financials
AM,2018Q2,2018   Q2,$8.65 B,19,KEY,KeyCorp,0.0121,Financials
AM,2018Q2,2018   Q2,$8.65 B,20,HUN,Huntsman Corp.,0.0105,Materials
AM,2018Q1,2018   Q1,$9.32 B,1,MU,Micron Technology Inc.,0.1981,Technology
AM,2018Q1,2018   Q1,$9.32 B,2,META,Meta Platforms Inc.,0.1065,Communication Services
AM,2018Q1,2018   Q1,$9.32 B,3,BABA,Alibaba Group Holdings,0.07980000000000001,Consumer Discretionary
AM,2018Q1,2018   Q1,$9.32 B,4,AGN,Allergan Plc,0.0668,Healthcare
AM,2018Q1,2018   Q1,$9.32 B,5,AABA,Altaba Inc.,0.0637,Communication Services
AM,2018Q1,2018   Q1,$9.32 B,6,GOOG,Alphabet Inc. CL C,0.0449,Communication Services
AM,2018Q1,2018   Q1,$9.32 B,7,BAC,Bank of America Corp.,0.0353,Financials
AM,2018Q1,2018   Q1,$9.32 B,8,LRCX,Lam Research,0.0282,Technology
AM,2018Q1,2018   Q1,$9.32 B,9,TMUS,T-Mobile US Inc.,0.027200000000000002,Communication Services
AM,2018Q1,2018   Q1,$9.32 B,10,XPO,XPO Logistics,0.0233,Industrials
AM,2018Q1,2018   Q1,$9.32 B,11,ALLY,Ally Financial Inc.,0.0232,Financials
AM,2018Q1,2018   Q1,$9.32 B,12,NRG,NRG Energy Inc.,0.022099999999999998,Utilities
AM,2018Q1,2018   Q1,$9.32 B,13,WFC,Wells Fargo,0.0165,Financials
AM,2018Q1,2018   Q1,$9.32 B,14,UNH,United Health Group Inc.,0.016200000000000003,Healthcare
AM,2018Q1,2018   Q1,$9.32 B,15,MGM,MGM Resorts International,0.015300000000000001,Consumer Discretionary
AM,2018Q1,2018   Q1,$9.32 B,16,CZR,Caesars Entertainment,0.015300000000000001,Consumer Discretionary
AM,2018Q1,2018   Q1,$9.32 B,17,CNC,Centene Corp.,0.013999999999999999,Healthcare
AM,2018Q1,2018   Q1,$9.32 B,18,TMO,Thermo Fisher Scientific,0.0132,Healthcare
AM,2018Q1,2018   Q1,$9.32 B,19,UBS,UBS AG,0.0131,Financials
AM,2018Q1,2018   Q1,$9.32 B,20,DG,Dollar General,0.012199999999999999,Consumer Staples
AM,2017Q4,2017   Q4,$8.75 B,1,MU,Micron Technology Inc.,0.1293,Technology
AM,2017Q4,2017   Q4,$8.75 B,2,META,Meta Platforms Inc.,0.1115,Communication Services
AM,2017Q4,2017   Q4,$8.75 B,3,AAPL,Apple Inc.,0.08869999999999999,Technology
AM,2017Q4,2017   Q4,$8.75 B,4,BABA,Alibaba Group Holdings,0.0851,Consumer Discretionary
AM,2017Q4,2017   Q4,$8.75 B,5,AABA,Altaba Inc.,0.0708,Communication Services
AM,2017Q4,2017   Q4,$8.75 B,6,AGN,Allergan Plc,0.06480000000000001,Healthcare
AM,2017Q4,2017   Q4,$8.75 B,7,BAC,Bank of America Corp.,0.0579,Financials
AM,2017Q4,2017   Q4,$8.75 B,8,GOOG,Alphabet Inc. CL C,0.0425,Communication Services
AM,2017Q4,2017   Q4,$8.75 B,9,NRG,NRG Energy Inc.,0.0318,Utilities
AM,2017Q4,2017   Q4,$8.75 B,10,TMUS,T-Mobile US Inc.,0.027999999999999997,Communication Services
AM,2017Q4,2017   Q4,$8.75 B,11,ALLY,Ally Financial Inc.,0.0268,Financials
AM,2017Q4,2017   Q4,$8.75 B,12,ETP-OLD,Energy Transfer Partners LP,0.026699999999999998,Energy
AM,2017Q4,2017   Q4,$8.75 B,13,XPO,XPO Logistics,0.0231,Industrials
AM,2017Q4,2017   Q4,$8.75 B,14,WPZ,Williams Partners LP,0.0165,Energy
AM,2017Q4,2017   Q4,$8.75 B,15,URI,United Rentals,0.015,Industrials
AM,2017Q4,2017   Q4,$8.75 B,16,UNH,United Health Group Inc.,0.0149,Healthcare
AM,2017Q4,2017   Q4,$8.75 B,17,BSX,Boston Scientific,0.013600000000000001,Healthcare
AM,2017Q4,2017   Q4,$8.75 B,18,TMO,Thermo Fisher Scientific,0.0124,Healthcare
AM,2017Q4,2017   Q4,$8.75 B,19,OC,Owens Corning,0.0104,Industrials
AM,2017Q4,2017   Q4,$8.75 B,20,HUN,Huntsman Corp.,0.01,Materials
AM,2017Q3,2017   Q3,$6.68 B,1,MU,Micron Technology Inc.,0.10039999999999999,Technology
AM,2017Q3,2017   Q3,$6.68 B,2,BABA,Alibaba Group Holdings,0.09210000000000002,Consumer Discretionary
AM,2017Q3,2017   Q3,$6.68 B,3,META,Meta Platforms Inc.,0.08439999999999999,Communication Services
AM,2017Q3,2017   Q3,$6.68 B,4,GOOG,Alphabet Inc. CL C,0.0815,Communication Services
AM,2017Q3,2017   Q3,$6.68 B,5,AGN,Allergan Plc,0.0579,Healthcare
AM,2017Q3,2017   Q3,$6.68 B,6,AABA,Altaba Inc.,0.0464,Communication Services
AM,2017Q3,2017   Q3,$6.68 B,7,WPZ,Williams Partners LP,0.0433,Energy
AM,2017Q3,2017   Q3,$6.68 B,8,WDC,Western Digital Corp.,0.0333,Technology
AM,2017Q3,2017   Q3,$6.68 B,9,ETP-OLD,Energy Transfer Partners LP,0.0327,Energy
AM,2017Q3,2017   Q3,$6.68 B,10,NRG,NRG Energy Inc.,0.0323,Utilities
AM,2017Q3,2017   Q3,$6.68 B,11,AAPL,Apple Inc.,0.031400000000000004,Technology
AM,2017Q3,2017   Q3,$6.68 B,12,OC,Owens Corning,0.024700000000000003,Industrials
AM,2017Q3,2017   Q3,$6.68 B,13,ALLY,Ally Financial Inc.,0.024700000000000003,Financials
AM,2017Q3,2017   Q3,$6.68 B,14,BAC,Bank of America Corp.,0.024,Financials
AM,2017Q3,2017   Q3,$6.68 B,15,HUN,Huntsman Corp.,0.021099999999999997,Materials
AM,2017Q3,2017   Q3,$6.68 B,16,ALL,Allstate Corp.,0.0202,Financials
AM,2017Q3,2017   Q3,$6.68 B,17,UNH,United Health Group Inc.,0.0196,Healthcare
AM,2017Q3,2017   Q3,$6.68 B,18,URI,United Rentals,0.019299999999999998,Industrials
AM,2017Q3,2017   Q3,$6.68 B,19,PNC,PNC Financial Services,0.018600000000000002,Financials
AM,2017Q3,2017   Q3,$6.68 B,20,TERP,TerraForm Power Inc.,0.0169,Utilities
AM,2017Q2,2017   Q2,$6.36 B,1,AGN,Allergan Plc,0.096,Healthcare
AM,2017Q2,2017   Q2,$6.36 B,2,GOOG,Alphabet Inc. CL C,0.0836,Communication Services
AM,2017Q2,2017   Q2,$6.36 B,3,BABA,Alibaba Group Holdings,0.0819,Consumer Discretionary
AM,2017Q2,2017   Q2,$6.36 B,4,MU,Micron Technology Inc.,0.060599999999999994,Technology
AM,2017Q2,2017   Q2,$6.36 B,5,WPZ,Williams Partners LP,0.057999999999999996,Energy
AM,2017Q2,2017   Q2,$6.36 B,6,META,Meta Platforms Inc.,0.055999999999999994,Communication Services
AM,2017Q2,2017   Q2,$6.36 B,7,ETP-OLD,Energy Transfer Partners LP,0.047599999999999996,Energy
AM,2017Q2,2017   Q2,$6.36 B,8,AABA,Altaba Inc.,0.044000000000000004,Communication Services
AM,2017Q2,2017   Q2,$6.36 B,9,WDC,Western Digital Corp.,0.0358,Technology
AM,2017Q2,2017   Q2,$6.36 B,10,PNC,PNC Financial Services,0.035,Financials
AM,2017Q2,2017   Q2,$6.36 B,11,BAC,Bank of America Corp.,0.0335,Financials
AM,2017Q2,2017   Q2,$6.36 B,12,OC,Owens Corning,0.0263,Industrials
AM,2017Q2,2017   Q2,$6.36 B,13,ALL,Allstate Corp.,0.023700000000000002,Financials
AM,2017Q2,2017   Q2,$6.36 B,14,HUN,Huntsman Corp.,0.0218,Materials
AM,2017Q2,2017   Q2,$6.36 B,15,URI,United Rentals,0.020499999999999997,Industrials
AM,2017Q2,2017   Q2,$6.36 B,16,MHK,Mohawk Industries,0.0176,Consumer Discretionary
AM,2017Q2,2017   Q2,$6.36 B,17,TERP,TerraForm Power Inc.,0.016399999999999998,Utilities
AM,2017Q2,2017   Q2,$6.36 B,18,AY-OLD,Atlantica Yield plc,0.0158,Utilities
AM,2017Q2,2017   Q2,$6.36 B,19,AAPL,Apple Inc.,0.014199999999999999,Technology
AM,2017Q2,2017   Q2,$6.36 B,20,UNH,United Health Group Inc.,0.013600000000000001,Healthcare
AM,2017Q1,2017   Q1,$5.71 B,1,AGN,Allergan Plc,0.12300000000000001,Healthcare
AM,2017Q1,2017   Q1,$5.71 B,2,ETP-OLD,Energy Transfer Partners LP,0.0765,Energy
AM,2017Q1,2017   Q1,$5.71 B,3,WPZ,Williams Partners LP,0.0713,Energy
AM,2017Q1,2017   Q1,$5.71 B,4,GOOG,Alphabet Inc. CL C,0.069,Communication Services
AM,2017Q1,2017   Q1,$5.71 B,5,META,Meta Platforms Inc.,0.0475,Communication Services
AM,2017Q1,2017   Q1,$5.71 B,6,PNC,PNC Financial Services,0.041100000000000005,Financials
AM,2017Q1,2017   Q1,$5.71 B,7,BAC,Bank of America Corp.,0.0363,Financials
AM,2017Q1,2017   Q1,$5.71 B,8,MU,Micron Technology Inc.,0.0339,Technology
AM,2017Q1,2017   Q1,$5.71 B,9,GM,General Motors,0.0321,Consumer Discretionary
AM,2017Q1,2017   Q1,$5.71 B,10,LUV,Southwest Airlines,0.0291,Industrials
AM,2017Q1,2017   Q1,$5.71 B,11,OC,Owens Corning,0.0281,Industrials
AM,2017Q1,2017   Q1,$5.71 B,12,ALL,Allstate Corp.,0.0265,Financials
AM,2017Q1,2017   Q1,$5.71 B,13,HUN,Huntsman Corp.,0.0239,Materials
AM,2017Q1,2017   Q1,$5.71 B,14,MHK,Mohawk Industries,0.0227,Consumer Discretionary
AM,2017Q1,2017   Q1,$5.71 B,15,RF,Regions Financial Corp.,0.022400000000000003,Financials
AM,2017Q1,2017   Q1,$5.71 B,16,KMI,Kinder Morgan,0.020099999999999996,Energy
AM,2017Q1,2017   Q1,$5.71 B,17,AY-OLD,Atlantica Yield plc,0.0191,Utilities
AM,2017Q1,2017   Q1,$5.71 B,18,TERP,TerraForm Power Inc.,0.0189,Utilities
AM,2017Q1,2017   Q1,$5.71 B,19,WDC,Western Digital Corp.,0.018799999999999997,Technology
AM,2017Q1,2017   Q1,$5.71 B,20,PFE,Pfizer Inc.,0.0181,Healthcare
AM,2016Q4,2016   Q4,$5.35 B,1,AGN,Allergan Plc,0.1672,Healthcare
AM,2016Q4,2016   Q4,$5.35 B,2,ETP-OLD,Energy Transfer Partners LP,0.08,Energy
AM,2016Q4,2016   Q4,$5.35 B,3,GOOG,Alphabet Inc. CL C,0.0697,Communication Services
AM,2016Q4,2016   Q4,$5.35 B,4,WPZ,Williams Partners LP,0.0674,Energy
AM,2016Q4,2016   Q4,$5.35 B,5,META,Meta Platforms Inc.,0.046900000000000004,Communication Services
AM,2016Q4,2016   Q4,$5.35 B,6,PNC,PNC Financial Services,0.0426,Financials
AM,2016Q4,2016   Q4,$5.35 B,7,ALL,Allstate Corp.,0.0359,Financials
AM,2016Q4,2016   Q4,$5.35 B,8,TEVA,Teva Pharmaceutical Industries Ltd.,0.0342,Healthcare
AM,2016Q4,2016   Q4,$5.35 B,9,PFE,Pfizer Inc.,0.0292,Healthcare
AM,2016Q4,2016   Q4,$5.35 B,10,OC,Owens Corning,0.0262,Industrials
AM,2016Q4,2016   Q4,$5.35 B,11,MHK,Mohawk Industries,0.0236,Consumer Discretionary
AM,2016Q4,2016   Q4,$5.35 B,12,MYL-OLD,Mylan NV,0.0233,Unknown
AM,2016Q4,2016   Q4,$5.35 B,13,AY-OLD,Atlantica Yield plc,0.021,Utilities
AM,2016Q4,2016   Q4,$5.35 B,14,TERP,TerraForm Power Inc.,0.0208,Utilities
AM,2016Q4,2016   Q4,$5.35 B,15,HUN,Huntsman Corp.,0.0204,Materials
AM,2016Q4,2016   Q4,$5.35 B,16,RF,Regions Financial Corp.,0.0197,Financials
AM,2016Q4,2016   Q4,$5.35 B,17,WHR,Whirlpool Corp.,0.019299999999999998,Consumer Discretionary
AM,2016Q4,2016   Q4,$5.35 B,18,CFG,Citizens Financial Group Inc.,0.018799999999999997,Financials
AM,2016Q4,2016   Q4,$5.35 B,19,QCOM,QUALCOMM Inc.,0.0171,Technology
AM,2016Q4,2016   Q4,$5.35 B,20,HCA,HCA Healthcare Inc.,0.0158,Healthcare
AM,2016Q3,2016   Q3,$3.8 B,1,ETP-OLD,Energy Transfer Partners LP,0.11320000000000001,Energy
AM,2016Q3,2016   Q3,$3.8 B,2,GOOG,Alphabet Inc. CL C,0.0966,Communication Services
AM,2016Q3,2016   Q3,$3.8 B,3,WPZ,Williams Partners LP,0.0908,Energy
AM,2016Q3,2016   Q3,$3.8 B,4,AGN,Allergan Plc,0.0739,Healthcare
AM,2016Q3,2016   Q3,$3.8 B,5,ALL,Allstate Corp.,0.056799999999999996,Financials
AM,2016Q3,2016   Q3,$3.8 B,6,META,Meta Platforms Inc.,0.0501,Communication Services
AM,2016Q3,2016   Q3,$3.8 B,7,WHR,Whirlpool Corp.,0.0495,Consumer Discretionary
AM,2016Q3,2016   Q3,$3.8 B,8,OC,Owens Corning,0.0415,Industrials
AM,2016Q3,2016   Q3,$3.8 B,9,TERP,TerraForm Power Inc.,0.0319,Utilities
AM,2016Q3,2016   Q3,$3.8 B,10,SYF,Synchrony Financial,0.030699999999999998,Financials
AM,2016Q3,2016   Q3,$3.8 B,11,MHK,Mohawk Industries,0.0305,Consumer Discretionary
AM,2016Q3,2016   Q3,$3.8 B,12,AY-OLD,Atlantica Yield plc,0.0301,Utilities
AM,2016Q3,2016   Q3,$3.8 B,13,HUN,Huntsman Corp.,0.027200000000000002,Materials
AM,2016Q3,2016   Q3,$3.8 B,14,HCA,HCA Healthcare Inc.,0.0246,Healthcare
AM,2016Q3,2016   Q3,$3.8 B,15,AAPL,Apple Inc.,0.023799999999999998,Technology
AM,2016Q3,2016   Q3,$3.8 B,16,HDS,HD Supply Holdings,0.023799999999999998,Unknown
AM,2016Q3,2016   Q3,$3.8 B,17,KMI,Kinder Morgan,0.0222,Energy
AM,2016Q3,2016   Q3,$3.8 B,18,YHOO,Yahoo Inc.,0.0204,Unknown
AM,2016Q3,2016   Q3,$3.8 B,19,SGI,Somnigroup International Inc.,0.0177,Consumer Discretionary
AM,2016Q3,2016   Q3,$3.8 B,20,WDC,Western Digital Corp.,0.0177,Technology
AM,2016Q2,2016   Q2,$3.74 B,1,GOOG,Alphabet Inc. CL C,0.1167,Communication Services
AM,2016Q2,2016   Q2,$3.74 B,2,ETP-OLD,Energy Transfer Partners LP,0.11630000000000001,Energy
AM,2016Q2,2016   Q2,$3.74 B,3,WPZ,Williams Partners LP,0.0859,Energy
AM,2016Q2,2016   Q2,$3.74 B,4,AGN,Allergan Plc,0.0779,Healthcare
AM,2016Q2,2016   Q2,$3.74 B,5,ALL,Allstate Corp.,0.062400000000000004,Financials
AM,2016Q2,2016   Q2,$3.74 B,6,WHR,Whirlpool Corp.,0.0582,Consumer Discretionary
AM,2016Q2,2016   Q2,$3.74 B,7,OC,Owens Corning,0.046,Industrials
AM,2016Q2,2016   Q2,$3.74 B,8,SYF,Synchrony Financial,0.040999999999999995,Financials
AM,2016Q2,2016   Q2,$3.74 B,9,MHK,Mohawk Industries,0.038599999999999995,Consumer Discretionary
AM,2016Q2,2016   Q2,$3.74 B,10,LUV,Southwest Airlines,0.0365,Industrials
AM,2016Q2,2016   Q2,$3.74 B,11,AY-OLD,Atlantica Yield plc,0.0313,Utilities
AM,2016Q2,2016   Q2,$3.74 B,12,NXPI,NXP Semiconductors NV,0.029300000000000003,Technology
AM,2016Q2,2016   Q2,$3.74 B,13,HDS,HD Supply Holdings,0.025699999999999997,Unknown
AM,2016Q2,2016   Q2,$3.74 B,14,TERP,TerraForm Power Inc.,0.0254,Utilities
AM,2016Q2,2016   Q2,$3.74 B,15,HCA,HCA Healthcare Inc.,0.025099999999999997,Healthcare
AM,2016Q2,2016   Q2,$3.74 B,16,HUN,Huntsman Corp.,0.0242,Materials
AM,2016Q2,2016   Q2,$3.74 B,17,FOXA,Fox Corporation,0.023700000000000002,Communication Services
AM,2016Q2,2016   Q2,$3.74 B,18,CYH,Community Health Systems,0.0202,Healthcare
AM,2016Q2,2016   Q2,$3.74 B,19,WDC,Western Digital Corp.,0.0183,Technology
AM,2016Q2,2016   Q2,$3.74 B,20,HAIN,Hain Celestial Group,0.0171,Consumer Staples
AM,2016Q1,2016   Q1,$4.84 B,1,ETP-OLD,Energy Transfer Partners LP,0.1081,Energy
AM,2016Q1,2016   Q1,$4.84 B,2,GOOG,Alphabet Inc. CL C,0.0925,Communication Services
AM,2016Q1,2016   Q1,$4.84 B,3,DAL,Delta Air Lines Inc.,0.08650000000000001,Industrials
AM,2016Q1,2016   Q1,$4.84 B,4,WPZ,Williams Partners LP,0.055999999999999994,Energy
AM,2016Q1,2016   Q1,$4.84 B,5,WHR,Whirlpool Corp.,0.0526,Consumer Discretionary
AM,2016Q1,2016   Q1,$4.84 B,6,HCA,HCA Healthcare Inc.,0.0512,Healthcare
AM,2016Q1,2016   Q1,$4.84 B,7,ALL,Allstate Corp.,0.044500000000000005,Financials
AM,2016Q1,2016   Q1,$4.84 B,8,LUV,Southwest Airlines,0.0404,Industrials
AM,2016Q1,2016   Q1,$4.84 B,9,META,Meta Platforms Inc.,0.0384,Communication Services
AM,2016Q1,2016   Q1,$4.84 B,10,OC,Owens Corning,0.0327,Industrials
AM,2016Q1,2016   Q1,$4.84 B,11,SYF,Synchrony Financial,0.0297,Financials
AM,2016Q1,2016   Q1,$4.84 B,12,CYH,Community Health Systems,0.0274,Healthcare
AM,2016Q1,2016   Q1,$4.84 B,13,NXPI,NXP Semiconductors NV,0.0242,Technology
AM,2016Q1,2016   Q1,$4.84 B,14,AY-OLD,Atlantica Yield plc,0.023399999999999997,Utilities
AM,2016Q1,2016   Q1,$4.84 B,15,HDS,HD Supply Holdings,0.0227,Unknown
AM,2016Q1,2016   Q1,$4.84 B,16,HUN,Huntsman Corp.,0.022099999999999998,Materials
AM,2016Q1,2016   Q1,$4.84 B,17,MHK,Mohawk Industries,0.0219,Consumer Discretionary
AM,2016Q1,2016   Q1,$4.84 B,18,BAC,Bank of America Corp.,0.0195,Financials
AM,2016Q1,2016   Q1,$4.84 B,19,FOXA,Fox Corporation,0.0171,Communication Services
AM,2016Q1,2016   Q1,$4.84 B,20,KMI,Kinder Morgan,0.0166,Energy
AM,2015Q4,2015   Q4,$4.33 B,1,GM,General Motors,0.0989,Consumer Discretionary
AM,2015Q4,2015   Q4,$4.33 B,2,GOOG,Alphabet Inc. CL C,0.094,Communication Services
AM,2015Q4,2015   Q4,$4.33 B,3,DAL,Delta Air Lines Inc.,0.0858,Industrials
AM,2015Q4,2015   Q4,$4.33 B,4,HCA,HCA Healthcare Inc.,0.0709,Healthcare
AM,2015Q4,2015   Q4,$4.33 B,5,WHR,Whirlpool Corp.,0.0548,Consumer Discretionary
AM,2015Q4,2015   Q4,$4.33 B,6,LUV,Southwest Airlines,0.042699999999999995,Industrials
AM,2015Q4,2015   Q4,$4.33 B,7,ALL,Allstate Corp.,0.04190000000000001,Financials
AM,2015Q4,2015   Q4,$4.33 B,8,ETP-OLD,Energy Transfer Partners LP,0.0401,Energy
AM,2015Q4,2015   Q4,$4.33 B,9,OC,Owens Corning,0.0365,Industrials
AM,2015Q4,2015   Q4,$4.33 B,10,KMI,Kinder Morgan,0.0326,Energy
AM,2015Q4,2015   Q4,$4.33 B,11,BKNG,Booking Holdings Inc.,0.032400000000000005,Consumer Discretionary
AM,2015Q4,2015   Q4,$4.33 B,12,AAPL,Apple Inc.,0.0308,Technology
AM,2015Q4,2015   Q4,$4.33 B,13,AY-OLD,Atlantica Yield plc,0.0281,Utilities
AM,2015Q4,2015   Q4,$4.33 B,14,HDS,HD Supply Holdings,0.0222,Unknown
AM,2015Q4,2015   Q4,$4.33 B,15,TERP,TerraForm Power Inc.,0.022099999999999998,Utilities
AM,2015Q4,2015   Q4,$4.33 B,16,HUN,Huntsman Corp.,0.021099999999999997,Materials
AM,2015Q4,2015   Q4,$4.33 B,17,PFE,Pfizer Inc.,0.018000000000000002,Healthcare
AM,2015Q4,2015   Q4,$4.33 B,18,PPG,PPG Industries,0.0172,Materials
AM,2015Q4,2015   Q4,$4.33 B,19,GT,Goodyear Tire & Rubber,0.016200000000000003,Consumer Discretionary
AM,2015Q4,2015   Q4,$4.33 B,20,NXPI,NXP Semiconductors NV,0.015600000000000001,Technology
AM,2015Q3,2015   Q3,$2.82 B,1,GM,General Motors,0.1374,Consumer Discretionary
AM,2015Q3,2015   Q3,$2.82 B,2,HCA,HCA Healthcare Inc.,0.0977,Healthcare
AM,2015Q3,2015   Q3,$2.82 B,3,DAL,Delta Air Lines Inc.,0.0969,Industrials
AM,2015Q3,2015   Q3,$2.82 B,4,NXPI,NXP Semiconductors NV,0.071,Technology
AM,2015Q3,2015   Q3,$2.82 B,5,GT,Goodyear Tire & Rubber,0.061799999999999994,Consumer Discretionary
AM,2015Q3,2015   Q3,$2.82 B,6,WHR,Whirlpool Corp.,0.0593,Consumer Discretionary
AM,2015Q3,2015   Q3,$2.82 B,7,AAPL,Apple Inc.,0.0513,Technology
AM,2015Q3,2015   Q3,$2.82 B,8,OC,Owens Corning,0.05,Industrials
AM,2015Q3,2015   Q3,$2.82 B,9,BKNG,Booking Holdings Inc.,0.0431,Consumer Discretionary
AM,2015Q3,2015   Q3,$2.82 B,10,JBLU,JetBlue Airways Corp.,0.041100000000000005,Industrials
AM,2015Q3,2015   Q3,$2.82 B,11,GOOG,Alphabet Inc. CL C,0.0403,Communication Services
AM,2015Q3,2015   Q3,$2.82 B,12,HUN,Huntsman Corp.,0.0277,Materials
AM,2015Q3,2015   Q3,$2.82 B,13,HDS,HD Supply Holdings,0.0231,Unknown
AM,2015Q3,2015   Q3,$2.82 B,14,LUV,Southwest Airlines,0.022099999999999998,Industrials
AM,2015Q3,2015   Q3,$2.82 B,15,EXP,Eagle Materials Inc.,0.018799999999999997,Materials
AM,2015Q3,2015   Q3,$2.82 B,16,EMN,Eastman Chemical,0.018000000000000002,Materials
AM,2015Q3,2015   Q3,$2.82 B,17,URI,United Rentals,0.0178,Industrials
AM,2015Q3,2015   Q3,$2.82 B,18,CBI,Chicago Bridge & Iron Company,0.0177,Industrials
AM,2015Q3,2015   Q3,$2.82 B,19,COOP-OLD,Mr. Cooper Group Inc.,0.0155,Unknown
AM,2015Q3,2015   Q3,$2.82 B,20,ALL,Allstate Corp.,0.0129,Financials
AM,2015Q2,2015   Q2,$4.03 B,1,GM,General Motors,0.15539999999999998,Consumer Discretionary
AM,2015Q2,2015   Q2,$4.03 B,2,HCA,HCA Healthcare Inc.,0.0941,Healthcare
AM,2015Q2,2015   Q2,$4.03 B,3,AAPL,Apple Inc.,0.0783,Technology
AM,2015Q2,2015   Q2,$4.03 B,4,GT,Goodyear Tire & Rubber,0.0747,Consumer Discretionary
AM,2015Q2,2015   Q2,$4.03 B,5,BKNG,Booking Holdings Inc.,0.0655,Consumer Discretionary
AM,2015Q2,2015   Q2,$4.03 B,6,WHR,Whirlpool Corp.,0.047599999999999996,Consumer Discretionary
AM,2015Q2,2015   Q2,$4.03 B,7,GOOG,Alphabet Inc. CL C,0.0451,Communication Services
AM,2015Q2,2015   Q2,$4.03 B,8,HUN,Huntsman Corp.,0.044199999999999996,Materials
AM,2015Q2,2015   Q2,$4.03 B,9,DAL,Delta Air Lines Inc.,0.0435,Industrials
AM,2015Q2,2015   Q2,$4.03 B,10,NXPI,NXP Semiconductors NV,0.0405,Technology
AM,2015Q2,2015   Q2,$4.03 B,11,OC,Owens Corning,0.0368,Industrials
AM,2015Q2,2015   Q2,$4.03 B,12,BABA,Alibaba Group Holdings,0.0277,Consumer Discretionary
AM,2015Q2,2015   Q2,$4.03 B,13,JBLU,JetBlue Airways Corp.,0.0255,Industrials
AM,2015Q2,2015   Q2,$4.03 B,14,HDS,HD Supply Holdings,0.0219,Unknown
AM,2015Q2,2015   Q2,$4.03 B,15,UAL,United Airlines Holdings Inc.,0.0199,Industrials
AM,2015Q2,2015   Q2,$4.03 B,16,EMN,Eastman Chemical,0.0175,Materials
AM,2015Q2,2015   Q2,$4.03 B,17,MYL-OLD,Mylan NV,0.0167,Unknown
AM,2015Q2,2015   Q2,$4.03 B,18,MAS,Masco Corp.,0.015600000000000001,Industrials
AM,2015Q2,2015   Q2,$4.03 B,19,CBI,Chicago Bridge & Iron Company,0.0149,Industrials
AM,2015Q2,2015   Q2,$4.03 B,20,TGI-OLD,Triumph Group Inc.,0.013600000000000001,Unknown
AM,2015Q1,2015   Q1,$4.2 B,1,GM,General Motors,0.1364,Consumer Discretionary
AM,2015Q1,2015   Q1,$4.2 B,2,HCA,HCA Healthcare Inc.,0.08779999999999999,Healthcare
AM,2015Q1,2015   Q1,$4.2 B,3,BKNG,Booking Holdings Inc.,0.08529999999999999,Consumer Discretionary
AM,2015Q1,2015   Q1,$4.2 B,4,GT,Goodyear Tire & Rubber,0.0643,Consumer Discretionary
AM,2015Q1,2015   Q1,$4.2 B,5,UAL,United Airlines Holdings Inc.,0.0635,Industrials
AM,2015Q1,2015   Q1,$4.2 B,6,WHR,Whirlpool Corp.,0.054400000000000004,Consumer Discretionary
AM,2015Q1,2015   Q1,$4.2 B,7,GOOG,Alphabet Inc. CL C,0.053200000000000004,Communication Services
AM,2015Q1,2015   Q1,$4.2 B,8,DAL,Delta Air Lines Inc.,0.05,Industrials
AM,2015Q1,2015   Q1,$4.2 B,9,GOOGL,Alphabet Inc.,0.0452,Communication Services
AM,2015Q1,2015   Q1,$4.2 B,10,NXPI,NXP Semiconductors NV,0.0436,Technology
AM,2015Q1,2015   Q1,$4.2 B,11,HUN,Huntsman Corp.,0.0426,Materials
AM,2015Q1,2015   Q1,$4.2 B,12,OC,Owens Corning,0.030299999999999997,Industrials
AM,2015Q1,2015   Q1,$4.2 B,13,MAS,Masco Corp.,0.0274,Industrials
AM,2015Q1,2015   Q1,$4.2 B,14,MU,Micron Technology Inc.,0.0229,Technology
AM,2015Q1,2015   Q1,$4.2 B,15,JBLU,JetBlue Airways Corp.,0.0217,Industrials
AM,2015Q1,2015   Q1,$4.2 B,16,HDS,HD Supply Holdings,0.021099999999999997,Unknown
AM,2015Q1,2015   Q1,$4.2 B,17,EMN,Eastman Chemical,0.015,Materials
AM,2015Q1,2015   Q1,$4.2 B,18,CBI,Chicago Bridge & Iron Company,0.013999999999999999,Industrials
AM,2015Q1,2015   Q1,$4.2 B,19,LO,Lorillard Inc.,0.0131,Unknown
AM,2015Q1,2015   Q1,$4.2 B,20,USG,USG Corp.,0.012,Materials
AM,2014Q4,2014   Q4,$4.02 B,1,GM,General Motors,0.1275,Consumer Discretionary
AM,2014Q4,2014   Q4,$4.02 B,2,HCA,HCA Healthcare Inc.,0.0915,Healthcare
AM,2014Q4,2014   Q4,$4.02 B,3,BKNG,Booking Holdings Inc.,0.08990000000000001,Consumer Discretionary
AM,2014Q4,2014   Q4,$4.02 B,4,WHR,Whirlpool Corp.,0.0819,Consumer Discretionary
AM,2014Q4,2014   Q4,$4.02 B,5,UAL,United Airlines Holdings Inc.,0.0819,Industrials
AM,2014Q4,2014   Q4,$4.02 B,6,GT,Goodyear Tire & Rubber,0.0728,Consumer Discretionary
AM,2014Q4,2014   Q4,$4.02 B,7,GOOG,Alphabet Inc. CL C,0.0655,Communication Services
AM,2014Q4,2014   Q4,$4.02 B,8,AAL,American Airlines Group Inc.,0.0581,Industrials
AM,2014Q4,2014   Q4,$4.02 B,9,GOOGL,Alphabet Inc.,0.048799999999999996,Communication Services
AM,2014Q4,2014   Q4,$4.02 B,10,NXPI,NXP Semiconductors NV,0.0447,Technology
AM,2014Q4,2014   Q4,$4.02 B,11,DAL,Delta Air Lines Inc.,0.0394,Industrials
AM,2014Q4,2014   Q4,$4.02 B,12,HUN,Huntsman Corp.,0.0347,Materials
AM,2014Q4,2014   Q4,$4.02 B,13,MAS,Masco Corp.,0.0288,Industrials
AM,2014Q4,2014   Q4,$4.02 B,14,OC,Owens Corning,0.0253,Industrials
AM,2014Q4,2014   Q4,$4.02 B,15,LO,Lorillard Inc.,0.0169,Unknown
AM,2014Q4,2014   Q4,$4.02 B,16,CBI,Chicago Bridge & Iron Company,0.0141,Industrials
AM,2014Q4,2014   Q4,$4.02 B,17,TGI-OLD,Triumph Group Inc.,0.0127,Unknown
AM,2014Q4,2014   Q4,$4.02 B,18,AXLL,Axiall Corp.,0.012,Unknown
AM,2014Q4,2014   Q4,$4.02 B,19,TEX,Terex Corp.,0.0115,Industrials
AM,2014Q4,2014   Q4,$4.02 B,20,HDS,HD Supply Holdings,0.0096,Unknown
AM,2014Q3,2014   Q3,$6.18 B,1,GM,General Motors,0.0768,Consumer Discretionary
AM,2014Q3,2014   Q3,$6.18 B,2,C,Citigroup Inc.,0.0697,Financials
AM,2014Q3,2014   Q3,$6.18 B,3,BKNG,Booking Holdings Inc.,0.0687,Consumer Discretionary
AM,2014Q3,2014   Q3,$6.18 B,4,HCA,HCA Healthcare Inc.,0.0608,Healthcare
AM,2014Q3,2014   Q3,$6.18 B,5,GOOG,Alphabet Inc. CL C,0.059500000000000004,Communication Services
AM,2014Q3,2014   Q3,$6.18 B,6,HAL,Halliburton Co.,0.0524,Energy
AM,2014Q3,2014   Q3,$6.18 B,7,WHR,Whirlpool Corp.,0.0471,Consumer Discretionary
AM,2014Q3,2014   Q3,$6.18 B,8,META,Meta Platforms Inc.,0.0458,Communication Services
AM,2014Q3,2014   Q3,$6.18 B,9,DAL,Delta Air Lines Inc.,0.0437,Industrials
AM,2014Q3,2014   Q3,$6.18 B,10,GOOGL,Alphabet Inc.,0.0421,Communication Services
AM,2014Q3,2014   Q3,$6.18 B,11,AAL,American Airlines Group Inc.,0.0418,Industrials
AM,2014Q3,2014   Q3,$6.18 B,12,GT,Goodyear Tire & Rubber,0.0412,Consumer Discretionary
AM,2014Q3,2014   Q3,$6.18 B,13,UAL,United Airlines Holdings Inc.,0.0375,Industrials
AM,2014Q3,2014   Q3,$6.18 B,14,HUN,Huntsman Corp.,0.0308,Materials
AM,2014Q3,2014   Q3,$6.18 B,15,NXPI,NXP Semiconductors NV,0.027999999999999997,Technology
AM,2014Q3,2014   Q3,$6.18 B,16,CBS,CBS Corp.,0.024700000000000003,Unknown
AM,2014Q3,2014   Q3,$6.18 B,17,MAS,Masco Corp.,0.022400000000000003,Industrials
AM,2014Q3,2014   Q3,$6.18 B,18,AAPL,Apple Inc.,0.0189,Technology
AM,2014Q3,2014   Q3,$6.18 B,19,F,Ford Motor,0.0174,Consumer Discretionary
AM,2014Q3,2014   Q3,$6.18 B,20,OC,Owens Corning,0.0169,Industrials
AM,2014Q2,2014   Q2,$6.55 B,1,AAL,American Airlines Group Inc.,0.0764,Industrials
AM,2014Q2,2014   Q2,$6.55 B,2,GM,General Motors,0.0719,Consumer Discretionary
AM,2014Q2,2014   Q2,$6.55 B,3,C,Citigroup Inc.,0.062,Financials
AM,2014Q2,2014   Q2,$6.55 B,4,BKNG,Booking Holdings Inc.,0.057800000000000004,Consumer Discretionary
AM,2014Q2,2014   Q2,$6.55 B,5,GOOG,Alphabet Inc. CL C,0.0559,Communication Services
AM,2014Q2,2014   Q2,$6.55 B,6,HAL,Halliburton Co.,0.0545,Energy
AM,2014Q2,2014   Q2,$6.55 B,7,GT,Goodyear Tire & Rubber,0.0478,Consumer Discretionary
AM,2014Q2,2014   Q2,$6.55 B,8,HCA,HCA Healthcare Inc.,0.0458,Healthcare
AM,2014Q2,2014   Q2,$6.55 B,9,GOOGL,Alphabet Inc.,0.0395,Communication Services
AM,2014Q2,2014   Q2,$6.55 B,10,DAL,Delta Air Lines Inc.,0.0379,Industrials
AM,2014Q2,2014   Q2,$6.55 B,11,META,Meta Platforms Inc.,0.0368,Communication Services
AM,2014Q2,2014   Q2,$6.55 B,12,UAL,United Airlines Holdings Inc.,0.032400000000000005,Industrials
AM,2014Q2,2014   Q2,$6.55 B,13,HUN,Huntsman Corp.,0.031400000000000004,Materials
AM,2014Q2,2014   Q2,$6.55 B,14,AAPL,Apple Inc.,0.0239,Technology
AM,2014Q2,2014   Q2,$6.55 B,15,WHR,Whirlpool Corp.,0.0215,Consumer Discretionary
AM,2014Q2,2014   Q2,$6.55 B,16,MAS,Masco Corp.,0.0209,Industrials
AM,2014Q2,2014   Q2,$6.55 B,17,CBS,CBS Corp.,0.020499999999999997,Unknown
AM,2014Q2,2014   Q2,$6.55 B,18,OC,Owens Corning,0.0194,Industrials
AM,2014Q2,2014   Q2,$6.55 B,19,F,Ford Motor,0.0192,Consumer Discretionary
AM,2014Q2,2014   Q2,$6.55 B,20,DIS,Walt Disney Co.,0.018000000000000002,Communication Services
AM,2014Q1,2014   Q1,$5.74 B,1,GOOGL,Alphabet Inc.,0.0859,Communication Services
AM,2014Q1,2014   Q1,$5.74 B,2,C,Citigroup Inc.,0.0836,Financials
AM,2014Q1,2014   Q1,$5.74 B,3,AAL,American Airlines Group Inc.,0.054900000000000004,Industrials
AM,2014Q1,2014   Q1,$5.74 B,4,HAL,Halliburton Co.,0.0516,Energy
AM,2014Q1,2014   Q1,$5.74 B,5,GT,Goodyear Tire & Rubber,0.051399999999999994,Consumer Discretionary
AM,2014Q1,2014   Q1,$5.74 B,6,HCA,HCA Healthcare Inc.,0.0487,Healthcare
AM,2014Q1,2014   Q1,$5.74 B,7,GM,General Motors,0.0473,Consumer Discretionary
AM,2014Q1,2014   Q1,$5.74 B,8,BKNG,Booking Holdings Inc.,0.038,Consumer Discretionary
AM,2014Q1,2014   Q1,$5.74 B,9,UAL,United Airlines Holdings Inc.,0.0361,Industrials
AM,2014Q1,2014   Q1,$5.74 B,10,DAL,Delta Air Lines Inc.,0.036000000000000004,Industrials
AM,2014Q1,2014   Q1,$5.74 B,11,HUN,Huntsman Corp.,0.0311,Materials
AM,2014Q1,2014   Q1,$5.74 B,12,WHR,Whirlpool Corp.,0.0265,Consumer Discretionary
AM,2014Q1,2014   Q1,$5.74 B,13,AAPL,Apple Inc.,0.023399999999999997,Technology
AM,2014Q1,2014   Q1,$5.74 B,14,OC,Owens Corning,0.0229,Industrials
AM,2014Q1,2014   Q1,$5.74 B,15,F,Ford Motor,0.019799999999999998,Consumer Discretionary
AM,2014Q1,2014   Q1,$5.74 B,16,DIS,Walt Disney Co.,0.0192,Communication Services
AM,2014Q1,2014   Q1,$5.74 B,17,CBI,Chicago Bridge & Iron Company,0.018600000000000002,Industrials
AM,2014Q1,2014   Q1,$5.74 B,18,EMN,Eastman Chemical,0.0173,Materials
AM,2014Q1,2014   Q1,$5.74 B,19,MGM,MGM Resorts International,0.016200000000000003,Consumer Discretionary
AM,2014Q1,2014   Q1,$5.74 B,20,QCOM,QUALCOMM Inc.,0.013600000000000001,Technology
AM,2013Q4,2013   Q4,$5.05 B,1,C,Citigroup Inc.,0.0998,Financials
AM,2013Q4,2013   Q4,$5.05 B,2,GT,Goodyear Tire & Rubber,0.0574,Consumer Discretionary
AM,2013Q4,2013   Q4,$5.05 B,3,GOOGL,Alphabet Inc.,0.0525,Communication Services
AM,2013Q4,2013   Q4,$5.05 B,4,HCA,HCA Healthcare Inc.,0.0482,Healthcare
AM,2013Q4,2013   Q4,$5.05 B,5,UAL,United Airlines Holdings Inc.,0.0453,Industrials
AM,2013Q4,2013   Q4,$5.05 B,6,GM,General Motors,0.04019999999999999,Consumer Discretionary
AM,2013Q4,2013   Q4,$5.05 B,7,HUN,Huntsman Corp.,0.037200000000000004,Materials
AM,2013Q4,2013   Q4,$5.05 B,8,AAL,American Airlines Group Inc.,0.0351,Industrials
AM,2013Q4,2013   Q4,$5.05 B,9,DAL,Delta Air Lines Inc.,0.030600000000000002,Industrials
AM,2013Q4,2013   Q4,$5.05 B,10,MGM,MGM Resorts International,0.029900000000000003,Consumer Discretionary
AM,2013Q4,2013   Q4,$5.05 B,11,MET,MetLife Inc.,0.0258,Financials
AM,2013Q4,2013   Q4,$5.05 B,12,PRU,Prudential Financial,0.025699999999999997,Financials
AM,2013Q4,2013   Q4,$5.05 B,13,AIG,American International Group,0.0255,Financials
AM,2013Q4,2013   Q4,$5.05 B,14,OC,Owens Corning,0.024300000000000002,Industrials
AM,2013Q4,2013   Q4,$5.05 B,15,AAPL,Apple Inc.,0.0239,Technology
AM,2013Q4,2013   Q4,$5.05 B,16,F,Ford Motor,0.0223,Consumer Discretionary
AM,2013Q4,2013   Q4,$5.05 B,17,CBI,Chicago Bridge & Iron Company,0.0204,Industrials
AM,2013Q4,2013   Q4,$5.05 B,18,FLR,Fluor Corp.,0.019299999999999998,Industrials
AM,2013Q4,2013   Q4,$5.05 B,19,HIG,Hartford Financial Svc.Gp.,0.018500000000000003,Financials
AM,2013Q4,2013   Q4,$5.05 B,20,TEX,Terex Corp.,0.017,Industrials
AM,2013Q3,2013   Q3,$4.95 B,1,C,Citigroup Inc.,0.09539999999999998,Financials
AM,2013Q3,2013   Q3,$4.95 B,2,GT,Goodyear Tire & Rubber,0.0855,Consumer Discretionary
AM,2013Q3,2013   Q3,$4.95 B,3,UAL,United Airlines Holdings Inc.,0.0529,Industrials
AM,2013Q3,2013   Q3,$4.95 B,4,DAL,Delta Air Lines Inc.,0.04,Industrials
AM,2013Q3,2013   Q3,$4.95 B,5,HCA,HCA Healthcare Inc.,0.0395,Healthcare
AM,2013Q3,2013   Q3,$4.95 B,6,MET,MetLife Inc.,0.0383,Financials
AM,2013Q3,2013   Q3,$4.95 B,7,GM,General Motors,0.0362,Consumer Discretionary
AM,2013Q3,2013   Q3,$4.95 B,8,LCC,US Airways Group Inc.,0.036000000000000004,Industrials
AM,2013Q3,2013   Q3,$4.95 B,9,QCOM,QUALCOMM Inc.,0.034300000000000004,Technology
AM,2013Q3,2013   Q3,$4.95 B,10,HUN,Huntsman Corp.,0.0326,Materials
AM,2013Q3,2013   Q3,$4.95 B,11,AIG,American International Group,0.0273,Financials
AM,2013Q3,2013   Q3,$4.95 B,12,MGM,MGM Resorts International,0.027200000000000002,Consumer Discretionary
AM,2013Q3,2013   Q3,$4.95 B,13,PRU,Prudential Financial,0.026699999999999998,Financials
AM,2013Q3,2013   Q3,$4.95 B,14,F,Ford Motor,0.0262,Consumer Discretionary
AM,2013Q3,2013   Q3,$4.95 B,15,GOOGL,Alphabet Inc.,0.025699999999999997,Communication Services
AM,2013Q3,2013   Q3,$4.95 B,16,HIG,Hartford Financial Svc.Gp.,0.0255,Financials
AM,2013Q3,2013   Q3,$4.95 B,17,AAPL,Apple Inc.,0.0235,Technology
AM,2013Q3,2013   Q3,$4.95 B,18,FLR,Fluor Corp.,0.0209,Industrials
AM,2013Q3,2013   Q3,$4.95 B,19,RIG,Transocean Ltd.,0.0203,Energy
AM,2013Q3,2013   Q3,$4.95 B,20,CBI,Chicago Bridge & Iron Company,0.020099999999999996,Industrials
AM,2013Q2,2013   Q2,$5.01 B,1,C,Citigroup Inc.,0.0919,Financials
AM,2013Q2,2013   Q2,$5.01 B,2,GT,Goodyear Tire & Rubber,0.06709999999999999,Consumer Discretionary
AM,2013Q2,2013   Q2,$5.01 B,3,UAL,United Airlines Holdings Inc.,0.0482,Industrials
AM,2013Q2,2013   Q2,$5.01 B,4,DAL,Delta Air Lines Inc.,0.0384,Industrials
AM,2013Q2,2013   Q2,$5.01 B,5,MET,MetLife Inc.,0.0375,Financials
AM,2013Q2,2013   Q2,$5.01 B,6,QCOM,QUALCOMM Inc.,0.0365,Technology
AM,2013Q2,2013   Q2,$5.01 B,7,GM,General Motors,0.0337,Consumer Discretionary
AM,2013Q2,2013   Q2,$5.01 B,8,F,Ford Motor,0.0323,Consumer Discretionary
AM,2013Q2,2013   Q2,$5.01 B,9,LCC,US Airways Group Inc.,0.030600000000000002,Industrials
AM,2013Q2,2013   Q2,$5.01 B,10,AAPL,Apple Inc.,0.030299999999999997,Technology
AM,2013Q2,2013   Q2,$5.01 B,11,GOOGL,Alphabet Inc.,0.028999999999999998,Communication Services
AM,2013Q2,2013   Q2,$5.01 B,12,HCA,HCA Healthcare Inc.,0.0282,Healthcare
AM,2013Q2,2013   Q2,$5.01 B,13,HIG,Hartford Financial Svc.Gp.,0.0255,Financials
AM,2013Q2,2013   Q2,$5.01 B,14,AIG,American International Group,0.0253,Financials
AM,2013Q2,2013   Q2,$5.01 B,15,PRU,Prudential Financial,0.0252,Financials
AM,2013Q2,2013   Q2,$5.01 B,16,RIG,Transocean Ltd.,0.0245,Energy
AM,2013Q2,2013   Q2,$5.01 B,17,HUN,Huntsman Corp.,0.023,Materials
AM,2013Q2,2013   Q2,$5.01 B,18,BRCM-OLD,Broadcom Corp. OLD,0.0218,Unknown
AM,2013Q2,2013   Q2,$5.01 B,19,MGM,MGM Resorts International,0.019799999999999998,Consumer Discretionary
AM,2013Q2,2013   Q2,$5.01 B,20,OC,Owens Corning,0.0196,Industrials
AM,2013Q1,2013   Q1,$4.54 B,1,C,Citigroup Inc.,0.083,Financials
AM,2013Q1,2013   Q1,$4.54 B,2,UAL,United Airlines Holdings Inc.,0.06,Industrials
AM,2013Q1,2013   Q1,$4.54 B,3,AAPL,Apple Inc.,0.0526,Technology
AM,2013Q1,2013   Q1,$4.54 B,4,QCOM,QUALCOMM Inc.,0.043899999999999995,Technology
AM,2013Q1,2013   Q1,$4.54 B,5,GT,Goodyear Tire & Rubber,0.042300000000000004,Consumer Discretionary
AM,2013Q1,2013   Q1,$4.54 B,6,LCC,US Airways Group Inc.,0.04,Industrials
AM,2013Q1,2013   Q1,$4.54 B,7,HCA,HCA Healthcare Inc.,0.0387,Healthcare
AM,2013Q1,2013   Q1,$4.54 B,8,MET,MetLife Inc.,0.0385,Financials
AM,2013Q1,2013   Q1,$4.54 B,9,AIG,American International Group,0.037000000000000005,Financials
AM,2013Q1,2013   Q1,$4.54 B,10,DAL,Delta Air Lines Inc.,0.035699999999999996,Industrials
AM,2013Q1,2013   Q1,$4.54 B,11,GM,General Motors,0.0348,Consumer Discretionary
AM,2013Q1,2013   Q1,$4.54 B,12,F,Ford Motor,0.0339,Consumer Discretionary
AM,2013Q1,2013   Q1,$4.54 B,13,GOOGL,Alphabet Inc.,0.032400000000000005,Communication Services
AM,2013Q1,2013   Q1,$4.54 B,14,HUN,Huntsman Corp.,0.030299999999999997,Materials
AM,2013Q1,2013   Q1,$4.54 B,15,HIG,Hartford Financial Svc.Gp.,0.0301,Financials
AM,2013Q1,2013   Q1,$4.54 B,16,RIG,Transocean Ltd.,0.029300000000000003,Energy
AM,2013Q1,2013   Q1,$4.54 B,17,BRCM-OLD,Broadcom Corp. OLD,0.0276,Unknown
AM,2013Q1,2013   Q1,$4.54 B,18,OC,Owens Corning,0.0235,Industrials
AM,2013Q1,2013   Q1,$4.54 B,19,MSFT,Microsoft Corp.,0.022000000000000002,Technology
AM,2013Q1,2013   Q1,$4.54 B,20,EMC,EMC Corp.,0.0212,Technology
AM,2012Q4,2012   Q4,$4.35 B,1,AAPL,Apple Inc.,0.11199999999999999,Technology
AM,2012Q4,2012   Q4,$4.35 B,2,C,Citigroup Inc.,0.0837,Financials
AM,2012Q4,2012   Q4,$4.35 B,3,AIG,American International Group,0.0492,Financials
AM,2012Q4,2012   Q4,$4.35 B,4,UAL,United Airlines Holdings Inc.,0.049100000000000005,Industrials
AM,2012Q4,2012   Q4,$4.35 B,5,GT,Goodyear Tire & Rubber,0.045599999999999995,Consumer Discretionary
AM,2012Q4,2012   Q4,$4.35 B,6,QCOM,QUALCOMM Inc.,0.0395,Technology
AM,2012Q4,2012   Q4,$4.35 B,7,LCC,US Airways Group Inc.,0.0375,Industrials
AM,2012Q4,2012   Q4,$4.35 B,8,GM,General Motors,0.0356,Consumer Discretionary
AM,2012Q4,2012   Q4,$4.35 B,9,F,Ford Motor,0.0333,Consumer Discretionary
AM,2012Q4,2012   Q4,$4.35 B,10,GOOGL,Alphabet Inc.,0.0302,Communication Services
AM,2012Q4,2012   Q4,$4.35 B,11,HCA,HCA Healthcare Inc.,0.03,Healthcare
AM,2012Q4,2012   Q4,$4.35 B,12,DAL,Delta Air Lines Inc.,0.0282,Industrials
AM,2012Q4,2012   Q4,$4.35 B,13,HUN,Huntsman Corp.,0.0271,Materials
AM,2012Q4,2012   Q4,$4.35 B,14,BRCM-OLD,Broadcom Corp. OLD,0.026099999999999998,Unknown
AM,2012Q4,2012   Q4,$4.35 B,15,HIG,Hartford Financial Svc.Gp.,0.025699999999999997,Financials
AM,2012Q4,2012   Q4,$4.35 B,16,MET,MetLife Inc.,0.025699999999999997,Financials
AM,2012Q4,2012   Q4,$4.35 B,17,EMC,EMC Corp.,0.0241,Technology
AM,2012Q4,2012   Q4,$4.35 B,18,JPM,JPMorgan Chase & Co.,0.0233,Financials
AM,2012Q4,2012   Q4,$4.35 B,19,OC,Owens Corning,0.0202,Industrials
AM,2012Q4,2012   Q4,$4.35 B,20,MSFT,Microsoft Corp.,0.0194,Technology
AM,2012Q3,2012   Q3,$3.54 B,1,AAPL,Apple Inc.,0.0981,Technology
AM,2012Q3,2012   Q3,$3.54 B,2,C,Citigroup Inc.,0.0941,Financials
AM,2012Q3,2012   Q3,$3.54 B,3,AIG,American International Group,0.07629999999999999,Financials
AM,2012Q3,2012   Q3,$3.54 B,4,UAL,United Airlines Holdings Inc.,0.054000000000000006,Industrials
AM,2012Q3,2012   Q3,$3.54 B,5,GT,Goodyear Tire & Rubber,0.0492,Consumer Discretionary
AM,2012Q3,2012   Q3,$3.54 B,6,GOOGL,Alphabet Inc.,0.0415,Communication Services
AM,2012Q3,2012   Q3,$3.54 B,7,QCOM,QUALCOMM Inc.,0.0406,Technology
AM,2012Q3,2012   Q3,$3.54 B,8,LCC,US Airways Group Inc.,0.04019999999999999,Industrials
AM,2012Q3,2012   Q3,$3.54 B,9,GM,General Motors,0.0382,Consumer Discretionary
AM,2012Q3,2012   Q3,$3.54 B,10,BRCM-OLD,Broadcom Corp. OLD,0.0348,Unknown
AM,2012Q3,2012   Q3,$3.54 B,11,HUN,Huntsman Corp.,0.0334,Materials
AM,2012Q3,2012   Q3,$3.54 B,12,F,Ford Motor,0.0323,Consumer Discretionary
AM,2012Q3,2012   Q3,$3.54 B,13,JPM,JPMorgan Chase & Co.,0.0274,Financials
AM,2012Q3,2012   Q3,$3.54 B,14,DAL,Delta Air Lines Inc.,0.0268,Industrials
AM,2012Q3,2012   Q3,$3.54 B,15,ORCL,Oracle Corp.,0.0246,Technology
AM,2012Q3,2012   Q3,$3.54 B,16,OC,Owens Corning,0.0229,Industrials
AM,2012Q3,2012   Q3,$3.54 B,17,MAS,Masco Corp.,0.022400000000000003,Industrials
AM,2012Q3,2012   Q3,$3.54 B,18,EMC,EMC Corp.,0.0216,Technology
AM,2012Q3,2012   Q3,$3.54 B,19,MGM,MGM Resorts International,0.0209,Consumer Discretionary
AM,2012Q3,2012   Q3,$3.54 B,20,HIG,Hartford Financial Svc.Gp.,0.019799999999999998,Financials
AM,2012Q2,2012   Q2,$2.6 B,1,AAPL,Apple Inc.,0.1158,Technology
AM,2012Q2,2012   Q2,$2.6 B,2,C,Citigroup Inc.,0.0975,Financials
AM,2012Q2,2012   Q2,$2.6 B,3,UAL,United Airlines Holdings Inc.,0.0886,Industrials
AM,2012Q2,2012   Q2,$2.6 B,4,LCC,US Airways Group Inc.,0.0662,Industrials
AM,2012Q2,2012   Q2,$2.6 B,5,GT,Goodyear Tire & Rubber,0.051,Consumer Discretionary
AM,2012Q2,2012   Q2,$2.6 B,6,GOOGL,Alphabet Inc.,0.0493,Communication Services
AM,2012Q2,2012   Q2,$2.6 B,7,QCOM,QUALCOMM Inc.,0.0493,Technology
AM,2012Q2,2012   Q2,$2.6 B,8,DAL,Delta Air Lines Inc.,0.0401,Industrials
AM,2012Q2,2012   Q2,$2.6 B,9,GM,General Motors,0.035699999999999996,Consumer Discretionary
AM,2012Q2,2012   Q2,$2.6 B,10,ORCL,Oracle Corp.,0.0353,Technology
AM,2012Q2,2012   Q2,$2.6 B,11,BRCM-OLD,Broadcom Corp. OLD,0.0323,Unknown
AM,2012Q2,2012   Q2,$2.6 B,12,HUN,Huntsman Corp.,0.031400000000000004,Materials
AM,2012Q2,2012   Q2,$2.6 B,13,F,Ford Motor,0.0282,Consumer Discretionary
AM,2012Q2,2012   Q2,$2.6 B,14,EMC,EMC Corp.,0.026699999999999998,Technology
AM,2012Q2,2012   Q2,$2.6 B,15,OC,Owens Corning,0.024700000000000003,Industrials
AM,2012Q2,2012   Q2,$2.6 B,16,VLO,Valero Energy,0.021400000000000002,Energy
AM,2012Q2,2012   Q2,$2.6 B,17,MAS,Masco Corp.,0.0204,Industrials
AM,2012Q2,2012   Q2,$2.6 B,18,WHR,Whirlpool Corp.,0.0165,Consumer Discretionary
AM,2012Q2,2012   Q2,$2.6 B,19,DF,Dean Foods,0.015700000000000002,Unknown
AM,2012Q2,2012   Q2,$2.6 B,20,MSFT,Microsoft Corp.,0.013300000000000001,Technology
AM,2012Q1,2012   Q1,$2.49 B,1,AAPL,Apple Inc.,0.1649,Technology
AM,2012Q1,2012   Q1,$2.49 B,2,C,Citigroup Inc.,0.0894,Financials
AM,2012Q1,2012   Q1,$2.49 B,3,UAL,United Airlines Holdings Inc.,0.0688,Industrials
AM,2012Q1,2012   Q1,$2.49 B,4,GOOGL,Alphabet Inc.,0.0417,Communication Services
AM,2012Q1,2012   Q1,$2.49 B,5,QCOM,QUALCOMM Inc.,0.041299999999999996,Technology
AM,2012Q1,2012   Q1,$2.49 B,6,GT,Goodyear Tire & Rubber,0.039,Consumer Discretionary
AM,2012Q1,2012   Q1,$2.49 B,7,BRCM-OLD,Broadcom Corp. OLD,0.0381,Unknown
AM,2012Q1,2012   Q1,$2.49 B,8,CVI,CVR Energy Inc.,0.0345,Energy
AM,2012Q1,2012   Q1,$2.49 B,9,F,Ford Motor,0.032799999999999996,Consumer Discretionary
AM,2012Q1,2012   Q1,$2.49 B,10,LCC,US Airways Group Inc.,0.0325,Industrials
AM,2012Q1,2012   Q1,$2.49 B,11,HUN,Huntsman Corp.,0.028900000000000002,Materials
AM,2012Q1,2012   Q1,$2.49 B,12,BAC,Bank of America Corp.,0.0286,Financials
AM,2012Q1,2012   Q1,$2.49 B,13,ORCL,Oracle Corp.,0.0273,Technology
AM,2012Q1,2012   Q1,$2.49 B,14,DAL,Delta Air Lines Inc.,0.0268,Industrials
AM,2012Q1,2012   Q1,$2.49 B,15,VLO,Valero Energy,0.0264,Energy
AM,2012Q1,2012   Q1,$2.49 B,16,HIG,Hartford Financial Svc.Gp.,0.0242,Financials
AM,2012Q1,2012   Q1,$2.49 B,17,GM,General Motors,0.0227,Consumer Discretionary
AM,2012Q1,2012   Q1,$2.49 B,18,MAS,Masco Corp.,0.0223,Industrials
AM,2012Q1,2012   Q1,$2.49 B,19,DF,Dean Foods,0.0215,Unknown
AM,2012Q1,2012   Q1,$2.49 B,20,OC,Owens Corning,0.0213,Industrials
AM,2011Q4,2011   Q4,$589 M,1,CVI,CVR Energy Inc.,0.159,Energy
AM,2011Q4,2011   Q4,$589 M,2,GT,Goodyear Tire & Rubber,0.1456,Consumer Discretionary
AM,2011Q4,2011   Q4,$589 M,3,AAPL,Apple Inc.,0.1249,Technology
AM,2011Q4,2011   Q4,$589 M,4,DF,Dean Foods,0.1174,Unknown
AM,2011Q4,2011   Q4,$589 M,5,BSX,Boston Scientific,0.0706,Healthcare
AM,2011Q4,2011   Q4,$589 M,6,ORCL,Oracle Corp.,0.053,Technology
AM,2011Q4,2011   Q4,$589 M,7,CLMT,Calumet Specialty Products,0.0441,Materials
AM,2011Q4,2011   Q4,$589 M,8,M,Macy's Inc.,0.0406,Consumer Discretionary
AM,2011Q4,2011   Q4,$589 M,9,MWA,Mueller Water Products,0.0391,Industrials
AM,2011Q4,2011   Q4,$589 M,10,UAL,United Airlines Holdings Inc.,0.038,Industrials
AM,2011Q4,2011   Q4,$589 M,11,IP,International Paper,0.0366,Consumer Discretionary
AM,2011Q4,2011   Q4,$589 M,12,VLO,Valero Energy,0.032400000000000005,Energy
AM,2011Q4,2011   Q4,$589 M,13,MSFT,Microsoft Corp.,0.0319,Technology
AM,2011Q4,2011   Q4,$589 M,14,LCC,US Airways Group Inc.,0.0279,Industrials
AM,2011Q4,2011   Q4,$589 M,15,MPG,MPG Office Trust Inc.,0.014499999999999999,Unknown
AM,2011Q4,2011   Q4,$589 M,16,CF,CF Industries Holdings Inc.,0.0121,Materials
AM,2011Q4,2011   Q4,$589 M,17,DLPH,Delphi Technologies,0.0084,Unknown
AM,2011Q4,2011   Q4,$589 M,18,MAS,Masco Corp.,0.0026,Industrials
AM,2011Q4,2011   Q4,$589 M,19,BZH,Beazer Homes USA,0.0012,Consumer Discretionary
AM,2011Q3,2011   Q3,$1.39 B,1,CVI,CVR Energy Inc.,0.0959,Energy
AM,2011Q3,2011   Q3,$1.39 B,2,GT,Goodyear Tire & Rubber,0.0781,Consumer Discretionary
AM,2011Q3,2011   Q3,$1.39 B,3,VLO,Valero Energy,0.0711,Energy
AM,2011Q3,2011   Q3,$1.39 B,4,M,Macy's Inc.,0.0622,Consumer Discretionary
AM,2011Q3,2011   Q3,$1.39 B,5,UAL,United Airlines Holdings Inc.,0.0559,Industrials
AM,2011Q3,2011   Q3,$1.39 B,6,IP,International Paper,0.0554,Consumer Discretionary
AM,2011Q3,2011   Q3,$1.39 B,7,DF,Dean Foods,0.0506,Unknown
AM,2011Q3,2011   Q3,$1.39 B,8,CF,CF Industries Holdings Inc.,0.0479,Materials
AM,2011Q3,2011   Q3,$1.39 B,9,C,Citigroup Inc.,0.0464,Financials
AM,2011Q3,2011   Q3,$1.39 B,10,LCC,US Airways Group Inc.,0.036699999999999997,Industrials
AM,2011Q3,2011   Q3,$1.39 B,11,MU,Micron Technology Inc.,0.0318,Technology
AM,2011Q3,2011   Q3,$1.39 B,12,AMAT,Applied Materials,0.0308,Technology
AM,2011Q3,2011   Q3,$1.39 B,13,MSFT,Microsoft Corp.,0.030600000000000002,Technology
AM,2011Q3,2011   Q3,$1.39 B,14,DINO,HF Sinclair Corp.,0.0302,Energy
AM,2011Q3,2011   Q3,$1.39 B,15,KLAC,KLA Corp.,0.0285,Technology
AM,2011Q3,2011   Q3,$1.39 B,16,MOS,Mosaic Co.,0.026000000000000002,Materials
AM,2011Q3,2011   Q3,$1.39 B,17,LRCX,Lam Research,0.024700000000000003,Technology
AM,2011Q3,2011   Q3,$1.39 B,18,GOOGL,Alphabet Inc.,0.019,Communication Services
AM,2011Q3,2011   Q3,$1.39 B,19,MWA,Mueller Water Products,0.018799999999999997,Industrials
AM,2011Q3,2011   Q3,$1.39 B,20,WNR,Western Refining Inc.,0.0183,Unknown
AM,2011Q2,2011   Q2,$4 B,1,C,Citigroup Inc.,0.0751,Financials
AM,2011Q2,2011   Q2,$4 B,2,PFE,Pfizer Inc.,0.0747,Healthcare
AM,2011Q2,2011   Q2,$4 B,3,GT,Goodyear Tire & Rubber,0.0588,Consumer Discretionary
AM,2011Q2,2011   Q2,$4 B,4,VLO,Valero Energy,0.049699999999999994,Energy
AM,2011Q2,2011   Q2,$4 B,5,M,Macy's Inc.,0.0462,Consumer Discretionary
AM,2011Q2,2011   Q2,$4 B,6,CVI,CVR Energy Inc.,0.0452,Energy
AM,2011Q2,2011   Q2,$4 B,7,MOS,Mosaic Co.,0.0405,Materials
AM,2011Q2,2011   Q2,$4 B,8,IP,International Paper,0.038,Consumer Discretionary
AM,2011Q2,2011   Q2,$4 B,9,UAL,United Airlines Holdings Inc.,0.0315,Industrials
AM,2011Q2,2011   Q2,$4 B,10,CF,CF Industries Holdings Inc.,0.0308,Materials
AM,2011Q2,2011   Q2,$4 B,11,DF,Dean Foods,0.0278,Unknown
AM,2011Q2,2011   Q2,$4 B,12,BAC,Bank of America Corp.,0.0274,Financials
AM,2011Q2,2011   Q2,$4 B,13,LCC,US Airways Group Inc.,0.0274,Industrials
AM,2011Q2,2011   Q2,$4 B,14,MU,Micron Technology Inc.,0.027200000000000002,Technology
AM,2011Q2,2011   Q2,$4 B,15,HPQ,HP Inc.,0.026099999999999998,Technology
AM,2011Q2,2011   Q2,$4 B,16,MSFT,Microsoft Corp.,0.025699999999999997,Technology
AM,2011Q2,2011   Q2,$4 B,17,AMAT,Applied Materials,0.0213,Technology
AM,2011Q2,2011   Q2,$4 B,18,WFC,Wells Fargo,0.0204,Financials
AM,2011Q2,2011   Q2,$4 B,19,MRK,Merck & Co.,0.0187,Healthcare
AM,2011Q2,2011   Q2,$4 B,20,UNH,United Health Group Inc.,0.0171,Healthcare
AM,2011Q1,2011   Q1,$3.96 B,1,C,Citigroup Inc.,0.0855,Financials
AM,2011Q1,2011   Q1,$3.96 B,2,PFE,Pfizer Inc.,0.0791,Healthcare
AM,2011Q1,2011   Q1,$3.96 B,3,HPQ,HP Inc.,0.0655,Technology
AM,2011Q1,2011   Q1,$3.96 B,4,BAC,Bank of America Corp.,0.057999999999999996,Financials
AM,2011Q1,2011   Q1,$3.96 B,5,GT,Goodyear Tire & Rubber,0.057699999999999994,Consumer Discretionary
AM,2011Q1,2011   Q1,$3.96 B,6,IP,International Paper,0.0437,Consumer Discretionary
AM,2011Q1,2011   Q1,$3.96 B,7,M,Macy's Inc.,0.041100000000000005,Consumer Discretionary
AM,2011Q1,2011   Q1,$3.96 B,8,MU,Micron Technology Inc.,0.0353,Technology
AM,2011Q1,2011   Q1,$3.96 B,9,UAL,United Airlines Holdings Inc.,0.0333,Industrials
AM,2011Q1,2011   Q1,$3.96 B,10,DF,Dean Foods,0.0331,Unknown
AM,2011Q1,2011   Q1,$3.96 B,11,CF,CF Industries Holdings Inc.,0.0321,Materials
AM,2011Q1,2011   Q1,$3.96 B,12,AMAT,Applied Materials,0.0313,Technology
AM,2011Q1,2011   Q1,$3.96 B,13,MSFT,Microsoft Corp.,0.030600000000000002,Technology
AM,2011Q1,2011   Q1,$3.96 B,14,LCC,US Airways Group Inc.,0.0274,Industrials
AM,2011Q1,2011   Q1,$3.96 B,15,WFC,Wells Fargo,0.024700000000000003,Financials
AM,2011Q1,2011   Q1,$3.96 B,16,LRCX,Lam Research,0.0197,Technology
AM,2011Q1,2011   Q1,$3.96 B,17,VLO,Valero Energy,0.019299999999999998,Energy
AM,2011Q1,2011   Q1,$3.96 B,18,KLAC,KLA Corp.,0.0191,Technology
AM,2011Q1,2011   Q1,$3.96 B,19,MRK,Merck & Co.,0.0187,Healthcare
AM,2011Q1,2011   Q1,$3.96 B,20,AAPL,Apple Inc.,0.0176,Technology
AM,2010Q4,2010   Q4,$4.27 B,1,C,Citigroup Inc.,0.13,Financials
AM,2010Q4,2010   Q4,$4.27 B,2,BAC,Bank of America Corp.,0.0782,Financials
AM,2010Q4,2010   Q4,$4.27 B,3,PFE,Pfizer Inc.,0.0679,Healthcare
AM,2010Q4,2010   Q4,$4.27 B,4,HPQ,HP Inc.,0.0576,Technology
AM,2010Q4,2010   Q4,$4.27 B,5,WFC,Wells Fargo,0.0541,Financials
AM,2010Q4,2010   Q4,$4.27 B,6,MSFT,Microsoft Corp.,0.0395,Technology
AM,2010Q4,2010   Q4,$4.27 B,7,IP,International Paper,0.0344,Consumer Discretionary
AM,2010Q4,2010   Q4,$4.27 B,8,MU,Micron Technology Inc.,0.0333,Technology
AM,2010Q4,2010   Q4,$4.27 B,9,FITB,Fifth Third Bancorp,0.0325,Financials
AM,2010Q4,2010   Q4,$4.27 B,10,MRK,Merck & Co.,0.0311,Healthcare
AM,2010Q4,2010   Q4,$4.27 B,11,M,Macy's Inc.,0.030899999999999997,Consumer Discretionary
AM,2010Q4,2010   Q4,$4.27 B,12,AMAT,Applied Materials,0.029900000000000003,Technology
AM,2010Q4,2010   Q4,$4.27 B,13,STI,SunTrust Banks,0.028999999999999998,Industrials
AM,2010Q4,2010   Q4,$4.27 B,14,CSCO,Cisco Systems,0.0286,Technology
AM,2010Q4,2010   Q4,$4.27 B,15,GT,Goodyear Tire & Rubber,0.0279,Consumer Discretionary
AM,2010Q4,2010   Q4,$4.27 B,16,DF,Dean Foods,0.0223,Unknown
AM,2010Q4,2010   Q4,$4.27 B,17,UAL,United Airlines Holdings Inc.,0.0215,Industrials
AM,2010Q4,2010   Q4,$4.27 B,18,CF,CF Industries Holdings Inc.,0.020499999999999997,Materials
AM,2010Q4,2010   Q4,$4.27 B,19,JNJ,Johnson & Johnson,0.0191,Healthcare
AM,2010Q4,2010   Q4,$4.27 B,20,LRCX,Lam Research,0.018500000000000003,Technology
AM,2010Q3,2010   Q3,$2.74 B,1,BAC,Bank of America Corp.,0.1075,Financials
AM,2010Q3,2010   Q3,$2.74 B,2,PFE,Pfizer Inc.,0.10369999999999999,Healthcare
AM,2010Q3,2010   Q3,$2.74 B,3,C,Citigroup Inc.,0.0729,Financials
AM,2010Q3,2010   Q3,$2.74 B,4,WFC,Wells Fargo,0.0588,Financials
AM,2010Q3,2010   Q3,$2.74 B,5,HPQ,HP Inc.,0.0571,Technology
AM,2010Q3,2010   Q3,$2.74 B,6,MRK,Merck & Co.,0.0495,Healthcare
AM,2010Q3,2010   Q3,$2.74 B,7,CSCO,Cisco Systems,0.048,Technology
AM,2010Q3,2010   Q3,$2.74 B,8,FITB,Fifth Third Bancorp,0.0453,Financials
AM,2010Q3,2010   Q3,$2.74 B,9,M,Macy's Inc.,0.0373,Consumer Discretionary
AM,2010Q3,2010   Q3,$2.74 B,10,STI,SunTrust Banks,0.0363,Industrials
AM,2010Q3,2010   Q3,$2.74 B,11,JNJ,Johnson & Johnson,0.029900000000000003,Healthcare
AM,2010Q3,2010   Q3,$2.74 B,12,MSFT,Microsoft Corp.,0.025,Technology
AM,2010Q3,2010   Q3,$2.74 B,13,CF,CF Industries Holdings Inc.,0.0226,Materials
AM,2010Q3,2010   Q3,$2.74 B,14,UAUA,UAL Corp.,0.0226,Unknown
AM,2010Q3,2010   Q3,$2.74 B,15,COF,Capital One Financial,0.0206,Financials
AM,2010Q3,2010   Q3,$2.74 B,16,MDT,Medtronic plc,0.0173,Healthcare
AM,2010Q3,2010   Q3,$2.74 B,17,SMH,Semiconductor HOLDRs,0.0173,Unknown
AM,2010Q3,2010   Q3,$2.74 B,18,AMAT,Applied Materials,0.016,Technology
AM,2010Q3,2010   Q3,$2.74 B,19,IP,International Paper,0.0154,Consumer Discretionary
AM,2010Q3,2010   Q3,$2.74 B,20,UNH,United Health Group Inc.,0.0148,Healthcare
AM,2010Q2,2010   Q2,$2.34 B,1,BAC,Bank of America Corp.,0.1681,Financials
AM,2010Q2,2010   Q2,$2.34 B,2,C,Citigroup Inc.,0.0929,Financials
AM,2010Q2,2010   Q2,$2.34 B,3,WFC,Wells Fargo,0.08650000000000001,Financials
AM,2010Q2,2010   Q2,$2.34 B,4,PFE,Pfizer Inc.,0.0692,Healthcare
AM,2010Q2,2010   Q2,$2.34 B,5,FITB,Fifth Third Bancorp,0.0667,Financials
AM,2010Q2,2010   Q2,$2.34 B,6,HIG,Hartford Financial Svc.Gp.,0.058499999999999996,Financials
AM,2010Q2,2010   Q2,$2.34 B,7,MRK,Merck & Co.,0.0575,Healthcare
AM,2010Q2,2010   Q2,$2.34 B,8,STI,SunTrust Banks,0.0472,Industrials
AM,2010Q2,2010   Q2,$2.34 B,9,M,Macy's Inc.,0.037000000000000005,Consumer Discretionary
AM,2010Q2,2010   Q2,$2.34 B,10,JNJ,Johnson & Johnson,0.0335,Healthcare
AM,2010Q2,2010   Q2,$2.34 B,11,CF,CF Industries Holdings Inc.,0.033,Materials
AM,2010Q2,2010   Q2,$2.34 B,12,COF,Capital One Financial,0.0305,Financials
AM,2010Q2,2010   Q2,$2.34 B,13,MSFT,Microsoft Corp.,0.0235,Technology
AM,2010Q2,2010   Q2,$2.34 B,14,VLO,Valero Energy,0.020099999999999996,Energy
AM,2010Q2,2010   Q2,$2.34 B,15,UAUA,UAL Corp.,0.018600000000000002,Unknown
AM,2010Q2,2010   Q2,$2.34 B,16,YHOO,Yahoo Inc.,0.0181,Unknown
AM,2010Q2,2010   Q2,$2.34 B,17,WTW,Willis Towers Watson plc,0.0172,Financials
AM,2010Q2,2010   Q2,$2.34 B,18,NAV,Navistar International Corp.,0.0158,Unknown
AM,2010Q2,2010   Q2,$2.34 B,19,GT,Goodyear Tire & Rubber,0.0116,Consumer Discretionary
AM,2010Q2,2010   Q2,$2.34 B,20,BC,Brunswick Corp.,0.0087,Consumer Discretionary
AM,2010Q1,2010   Q1,$2.65 B,1,BAC,Bank of America Corp.,0.2047,Financials
AM,2010Q1,2010   Q1,$2.65 B,2,WFC,Wells Fargo,0.1054,Financials
AM,2010Q1,2010   Q1,$2.65 B,3,C,Citigroup Inc.,0.0955,Financials
AM,2010Q1,2010   Q1,$2.65 B,4,FITB,Fifth Third Bancorp,0.0874,Financials
AM,2010Q1,2010   Q1,$2.65 B,5,HIG,Hartford Financial Svc.Gp.,0.0707,Financials
AM,2010Q1,2010   Q1,$2.65 B,6,STI,SunTrust Banks,0.0556,Industrials
AM,2010Q1,2010   Q1,$2.65 B,7,PFE,Pfizer Inc.,0.0418,Healthcare
AM,2010Q1,2010   Q1,$2.65 B,8,COF,Capital One Financial,0.035,Financials
AM,2010Q1,2010   Q1,$2.65 B,9,JNJ,Johnson & Johnson,0.0313,Healthcare
AM,2010Q1,2010   Q1,$2.65 B,10,MSFT,Microsoft Corp.,0.027000000000000003,Technology
AM,2010Q1,2010   Q1,$2.65 B,11,MRK,Merck & Co.,0.024300000000000002,Healthcare
AM,2010Q1,2010   Q1,$2.65 B,12,VLO,Valero Energy,0.021400000000000002,Energy
AM,2010Q1,2010   Q1,$2.65 B,13,YHOO,Yahoo Inc.,0.0196,Unknown
AM,2010Q1,2010   Q1,$2.65 B,14,UAUA,UAL Corp.,0.0166,Unknown
AM,2010Q1,2010   Q1,$2.65 B,15,WTW,Willis Towers Watson plc,0.016399999999999998,Financials
AM,2010Q1,2010   Q1,$2.65 B,16,NAV,Navistar International Corp.,0.0129,Unknown
AM,2010Q1,2010   Q1,$2.65 B,17,GT,Goodyear Tire & Rubber,0.0126,Consumer Discretionary
AM,2010Q1,2010   Q1,$2.65 B,18,AMR-OLD,AMR Corp.,0.0115,Unknown
AM,2010Q1,2010   Q1,$2.65 B,19,DAL,Delta Air Lines Inc.,0.0105,Industrials
AM,2010Q1,2010   Q1,$2.65 B,20,BC,Brunswick Corp.,0.0102,Consumer Discretionary
AM,2009Q4,2009   Q4,$2.38 B,1,BAC,Bank of America Corp.,0.20379999999999998,Financials
AM,2009Q4,2009   Q4,$2.38 B,2,C,Citigroup Inc.,0.1918,Financials
AM,2009Q4,2009   Q4,$2.38 B,3,WFC,Wells Fargo,0.1246,Financials
AM,2009Q4,2009   Q4,$2.38 B,4,FITB,Fifth Third Bancorp,0.09970000000000001,Financials
AM,2009Q4,2009   Q4,$2.38 B,5,STI,SunTrust Banks,0.0727,Industrials
AM,2009Q4,2009   Q4,$2.38 B,6,HIG,Hartford Financial Svc.Gp.,0.061,Financials
AM,2009Q4,2009   Q4,$2.38 B,7,COF,Capital One Financial,0.0483,Financials
AM,2009Q4,2009   Q4,$2.38 B,8,MSFT,Microsoft Corp.,0.0384,Technology
AM,2009Q4,2009   Q4,$2.38 B,9,AMR-OLD,AMR Corp.,0.0194,Unknown
AM,2009Q4,2009   Q4,$2.38 B,10,UAUA,UAL Corp.,0.0165,Unknown
AM,2009Q4,2009   Q4,$2.38 B,11,DAL,Delta Air Lines Inc.,0.014499999999999999,Industrials
AM,2009Q4,2009   Q4,$2.38 B,12,WTW,Willis Towers Watson plc,0.0132,Financials
AM,2009Q4,2009   Q4,$2.38 B,13,GT,Goodyear Tire & Rubber,0.0118,Consumer Discretionary
AM,2009Q4,2009   Q4,$2.38 B,14,BC,Brunswick Corp.,0.011399999999999999,Consumer Discretionary
AM,2009Q4,2009   Q4,$2.38 B,15,VCI,Valassis Communication,0.0109,Unknown
AM,2009Q4,2009   Q4,$2.38 B,16,BBT-OLD,BB&T Corp.,0.0102,Unknown
AM,2009Q4,2009   Q4,$2.38 B,17,XL-OLD,XL Group Ltd.,0.0075,Unknown
AM,2009Q4,2009   Q4,$2.38 B,18,ETFC,E*Trade Financial Corp.,0.0058,Unknown
AM,2009Q4,2009   Q4,$2.38 B,19,LCC,US Airways Group Inc.,0.0053,Industrials
AM,2009Q4,2009   Q4,$2.38 B,20,RADCQ,Rite Aid Corp.,0.0052,Unknown
AM,2009Q3,2009   Q3,$1.95 B,1,BAC,Bank of America Corp.,0.29469999999999996,Financials
AM,2009Q3,2009   Q3,$1.95 B,2,C,Citigroup Inc.,0.1985,Financials
AM,2009Q3,2009   Q3,$1.95 B,3,FITB,Fifth Third Bancorp,0.12689999999999999,Financials
AM,2009Q3,2009   Q3,$1.95 B,4,STI,SunTrust Banks,0.099,Industrials
AM,2009Q3,2009   Q3,$1.95 B,5,HIG,Hartford Financial Svc.Gp.,0.0661,Financials
AM,2009Q3,2009   Q3,$1.95 B,6,COF,Capital One Financial,0.055099999999999996,Financials
AM,2009Q3,2009   Q3,$1.95 B,7,MSFT,Microsoft Corp.,0.0397,Technology
AM,2009Q3,2009   Q3,$1.95 B,8,BBT-OLD,BB&T Corp.,0.027999999999999997,Unknown
AM,2009Q3,2009   Q3,$1.95 B,9,VCI,Valassis Communication,0.017,Unknown
AM,2009Q3,2009   Q3,$1.95 B,10,BC,Brunswick Corp.,0.0165,Consumer Discretionary
AM,2009Q3,2009   Q3,$1.95 B,11,GT,Goodyear Tire & Rubber,0.0139,Consumer Discretionary
AM,2009Q3,2009   Q3,$1.95 B,12,XL-OLD,XL Group Ltd.,0.0087,Unknown
AM,2009Q3,2009   Q3,$1.95 B,13,RADCQ,Rite Aid Corp.,0.0084,Unknown
AM,2009Q3,2009   Q3,$1.95 B,14,ETFC,E*Trade Financial Corp.,0.0070999999999999995,Unknown
AM,2009Q3,2009   Q3,$1.95 B,15,ODP-OLD,ODP Corp.,0.0043,Unknown
AM,2009Q3,2009   Q3,$1.95 B,16,CNO,CNO Financial Group Inc.,0.0042,Financials
AM,2009Q3,2009   Q3,$1.95 B,17,OMX,OfficeMax Inc.,0.0029,Unknown
AM,2009Q3,2009   Q3,$1.95 B,18,GPT,Gramercy Property Trust,0.0027,Unknown
AM,2009Q3,2009   Q3,$1.95 B,19,MPG,MPG Office Trust Inc.,0.0025,Unknown
AM,2009Q3,2009   Q3,$1.95 B,20,BEE,Strategic Hotels & Resorts Inc.,0.0015,Unknown
AM,2009Q2,2009   Q2,$1.15 B,1,BAC,Bank of America Corp.,0.5357999999999999,Financials
AM,2009Q2,2009   Q2,$1.15 B,2,FITB,Fifth Third Bancorp,0.17489999999999997,Financials
AM,2009Q2,2009   Q2,$1.15 B,3,STI,SunTrust Banks,0.1217,Industrials
AM,2009Q2,2009   Q2,$1.15 B,4,COF,Capital One Financial,0.056900000000000006,Financials
AM,2009Q2,2009   Q2,$1.15 B,5,ETFC,E*Trade Financial Corp.,0.026099999999999998,Unknown
AM,2009Q2,2009   Q2,$1.15 B,6,GT,Goodyear Tire & Rubber,0.022400000000000003,Consumer Discretionary
AM,2009Q2,2009   Q2,$1.15 B,7,RADCQ,Rite Aid Corp.,0.0139,Unknown
AM,2009Q2,2009   Q2,$1.15 B,8,VCI,Valassis Communication,0.0098,Unknown
AM,2009Q2,2009   Q2,$1.15 B,9,XL-OLD,XL Group Ltd.,0.0096,Unknown
AM,2009Q2,2009   Q2,$1.15 B,10,BC,Brunswick Corp.,0.0084,Consumer Discretionary
AM,2009Q2,2009   Q2,$1.15 B,11,BYAH-OLD,PHH Corp.,0.0066,Unknown
AM,2009Q2,2009   Q2,$1.15 B,12,ODP-OLD,ODP Corp.,0.005,Unknown
AM,2009Q2,2009   Q2,$1.15 B,13,CNO,CNO Financial Group Inc.,0.0032,Financials
AM,2009Q2,2009   Q2,$1.15 B,14,OMX,OfficeMax Inc.,0.0024,Unknown
AM,2009Q2,2009   Q2,$1.15 B,15,RF,Regions Financial Corp.,0.0018,Financials
AM,2009Q2,2009   Q2,$1.15 B,16,RBS,Royal Bank of Scotland,0.0013,Unknown
AM,2009Q2,2009   Q2,$1.15 B,17,DAN,Dana Inc.,0.0002,Consumer Discretionary
AM,2009Q2,2009   Q2,$1.15 B,18,NRG,NRG Energy Inc.,0.0,Utilities
AM,2009Q1,2009   Q1,$516 M,1,BAC,Bank of America Corp.,0.6286999999999999,Financials
AM,2009Q1,2009   Q1,$516 M,2,FITB,Fifth Third Bancorp,0.12369999999999999,Financials
AM,2009Q1,2009   Q1,$516 M,3,STI,SunTrust Banks,0.1149,Industrials
AM,2009Q1,2009   Q1,$516 M,4,GT,Goodyear Tire & Rubber,0.0279,Consumer Discretionary
AM,2009Q1,2009   Q1,$516 M,5,COF,Capital One Financial,0.023700000000000002,Financials
AM,2009Q1,2009   Q1,$516 M,6,XL-OLD,XL Group Ltd.,0.014499999999999999,Unknown
AM,2009Q1,2009   Q1,$516 M,7,ETFC,E*Trade Financial Corp.,0.0144,Unknown
AM,2009Q1,2009   Q1,$516 M,8,BC,Brunswick Corp.,0.011899999999999999,Consumer Discretionary
AM,2009Q1,2009   Q1,$516 M,9,BYAH-OLD,PHH Corp.,0.011399999999999999,Unknown
AM,2009Q1,2009   Q1,$516 M,10,RADCQ,Rite Aid Corp.,0.0076,Unknown
AM,2009Q1,2009   Q1,$516 M,11,VCI,Valassis Communication,0.005600000000000001,Unknown
AM,2009Q1,2009   Q1,$516 M,12,DDS,Dillard Inc.,0.0053,Consumer Discretionary
AM,2009Q1,2009   Q1,$516 M,13,ODP-OLD,ODP Corp.,0.0032,Unknown
AM,2009Q1,2009   Q1,$516 M,14,CNO,CNO Financial Group Inc.,0.0028000000000000004,Financials
AM,2009Q1,2009   Q1,$516 M,15,OMX,OfficeMax Inc.,0.0027,Unknown
AM,2009Q1,2009   Q1,$516 M,16,RBS,Royal Bank of Scotland,0.0014000000000000002,Unknown
AM,2009Q1,2009   Q1,$516 M,17,DAN,Dana Inc.,0.0002,Consumer Discretionary
AM,2009Q1,2009   Q1,$516 M,18,NRG,NRG Energy Inc.,0.0001,Utilities
AM,2008Q4,2008   Q4,$376 M,1,MS,Morgan Stanley,0.3188,Financials
AM,2008Q4,2008   Q4,$376 M,2,WB-OLD,Wachovia Corp.,0.1848,Unknown
AM,2008Q4,2008   Q4,$376 M,3,GT,Goodyear Tire & Rubber,0.051500000000000004,Consumer Discretionary
AM,2008Q4,2008   Q4,$376 M,4,XL-OLD,XL Group Ltd.,0.037599999999999995,Unknown
AM,2008Q4,2008   Q4,$376 M,5,ORCL,Oracle Corp.,0.0311,Technology
AM,2008Q4,2008   Q4,$376 M,6,S-OLD,Sprint Corp.,0.025099999999999997,Unknown
AM,2008Q4,2008   Q4,$376 M,7,CNO,CNO Financial Group Inc.,0.024300000000000002,Financials
AM,2008Q4,2008   Q4,$376 M,8,CVX,Chevron Corp.,0.02,Energy
AM,2008Q4,2008   Q4,$376 M,9,BYAH-OLD,PHH Corp.,0.0196,Unknown
AM,2008Q4,2008   Q4,$376 M,10,COP,ConocoPhillips,0.0194,Energy
AM,2008Q4,2008   Q4,$376 M,11,PENN,Penn National Gaming Inc.,0.0192,Consumer Discretionary
AM,2008Q4,2008   Q4,$376 M,12,ODP-OLD,ODP Corp.,0.0171,Unknown
AM,2008Q4,2008   Q4,$376 M,13,OXY,Occidental Petroleum,0.0143,Energy
AM,2008Q4,2008   Q4,$376 M,14,AMAT,Applied Materials,0.013500000000000002,Technology
AM,2008Q4,2008   Q4,$376 M,15,OMX,OfficeMax Inc.,0.0131,Unknown
AM,2008Q4,2008   Q4,$376 M,16,PCZ,Petro-Canada,0.0115,Unknown
AM,2008Q4,2008   Q4,$376 M,17,BC,Brunswick Corp.,0.0113,Consumer Discretionary
AM,2008Q4,2008   Q4,$376 M,18,CSCO,Cisco Systems,0.011000000000000001,Technology
AM,2008Q4,2008   Q4,$376 M,19,TLM,Talisman Energy Inc.,0.0105,Unknown
AM,2008Q4,2008   Q4,$376 M,20,MEE,Massey Energy Co.,0.0104,Unknown
AM,2008Q3,2008   Q3,$572 M,1,WB-OLD,Wachovia Corp.,0.17129999999999998,Unknown
AM,2008Q3,2008   Q3,$572 M,2,CVX,Chevron Corp.,0.08839999999999999,Energy
AM,2008Q3,2008   Q3,$572 M,3,COP,ConocoPhillips,0.0875,Energy
AM,2008Q3,2008   Q3,$572 M,4,MSFT,Microsoft Corp.,0.07200000000000001,Technology
AM,2008Q3,2008   Q3,$572 M,5,OXY,Occidental Petroleum,0.0587,Energy
AM,2008Q3,2008   Q3,$572 M,6,ORCL,Oracle Corp.,0.0574,Technology
AM,2008Q3,2008   Q3,$572 M,7,DVN,Devon Energy Corp.,0.0393,Energy
AM,2008Q3,2008   Q3,$572 M,8,PCZ,Petro-Canada,0.0382,Unknown
AM,2008Q3,2008   Q3,$572 M,9,MRO-OLD,Marathon Oil Corp.,0.0325,Unknown
AM,2008Q3,2008   Q3,$572 M,10,TLM,Talisman Energy Inc.,0.0301,Unknown
AM,2008Q3,2008   Q3,$572 M,11,APA,APA Corp.,0.0264,Energy
AM,2008Q3,2008   Q3,$572 M,12,CF,CF Industries Holdings Inc.,0.0252,Materials
AM,2008Q3,2008   Q3,$572 M,13,PENN,Penn National Gaming Inc.,0.024399999999999998,Consumer Discretionary
AM,2008Q3,2008   Q3,$572 M,14,CSCO,Cisco Systems,0.024300000000000002,Technology
AM,2008Q3,2008   Q3,$572 M,15,COF,Capital One Financial,0.0239,Financials
AM,2008Q3,2008   Q3,$572 M,16,APC,Anadarko Petroleum,0.023700000000000002,Energy
AM,2008Q3,2008   Q3,$572 M,17,RTH,Retail HOLDRs,0.0236,Unknown
AM,2008Q3,2008   Q3,$572 M,18,WMB,Williams Cos.,0.0167,Energy
AM,2008Q3,2008   Q3,$572 M,19,PCX-OLD,Patriot Coal Corp.,0.0161,Unknown
AM,2008Q3,2008   Q3,$572 M,20,BYAH-OLD,PHH Corp.,0.013500000000000002,Unknown
AM,2008Q2,2008   Q2,$3.05 B,1,COP,ConocoPhillips,0.1159,Energy
AM,2008Q2,2008   Q2,$3.05 B,2,CVX,Chevron Corp.,0.11199999999999999,Energy
AM,2008Q2,2008   Q2,$3.05 B,3,XLE,Energy Select Sector SPDR,0.10869999999999999,Energy
AM,2008Q2,2008   Q2,$3.05 B,4,OXY,Occidental Petroleum,0.0692,Energy
AM,2008Q2,2008   Q2,$3.05 B,5,PCZ,Petro-Canada,0.055,Unknown
AM,2008Q2,2008   Q2,$3.05 B,6,DVN,Devon Energy Corp.,0.0512,Energy
AM,2008Q2,2008   Q2,$3.05 B,7,MSFT,Microsoft Corp.,0.0451,Technology
AM,2008Q2,2008   Q2,$3.05 B,8,TLM,Talisman Energy Inc.,0.043899999999999995,Unknown
AM,2008Q2,2008   Q2,$3.05 B,9,EXE,Expand Energy Corp.,0.040999999999999995,Energy
AM,2008Q2,2008   Q2,$3.05 B,10,APC,Anadarko Petroleum,0.038599999999999995,Energy
AM,2008Q2,2008   Q2,$3.05 B,11,MRO-OLD,Marathon Oil Corp.,0.0382,Unknown
AM,2008Q2,2008   Q2,$3.05 B,12,ORCL,Oracle Corp.,0.0361,Technology
AM,2008Q2,2008   Q2,$3.05 B,13,APA,APA Corp.,0.0353,Energy
AM,2008Q2,2008   Q2,$3.05 B,14,WMB,Williams Cos.,0.025099999999999997,Energy
AM,2008Q2,2008   Q2,$3.05 B,15,CF,CF Industries Holdings Inc.,0.022799999999999997,Materials
AM,2008Q2,2008   Q2,$3.05 B,16,NXY,Nexen Inc.,0.0209,Unknown
AM,2008Q2,2008   Q2,$3.05 B,17,PENN,Penn National Gaming Inc.,0.0195,Consumer Discretionary
AM,2008Q2,2008   Q2,$3.05 B,18,XTO,XTO Energy Inc.,0.0168,Unknown
AM,2008Q2,2008   Q2,$3.05 B,19,MOS,Mosaic Co.,0.0154,Materials
AM,2008Q2,2008   Q2,$3.05 B,20,CSCO,Cisco Systems,0.0152,Technology
AM,2008Q1,2008   Q1,$1.63 B,1,CSCO,Cisco Systems,0.278,Technology
AM,2008Q1,2008   Q1,$1.63 B,2,MSFT,Microsoft Corp.,0.1886,Technology
AM,2008Q1,2008   Q1,$1.63 B,3,ORCL,Oracle Corp.,0.1407,Technology
AM,2008Q1,2008   Q1,$1.63 B,4,DDAIF,Daimler AG,0.0837,Unknown
AM,2008Q1,2008   Q1,$1.63 B,5,SLM,SLM Corp.,0.0579,Financials
AM,2008Q1,2008   Q1,$1.63 B,6,AMAT,Applied Materials,0.0565,Technology
AM,2008Q1,2008   Q1,$1.63 B,7,GOOGL,Alphabet Inc.,0.038,Communication Services
AM,2008Q1,2008   Q1,$1.63 B,8,JAVA,Sun Microsystems,0.036000000000000004,Unknown
AM,2008Q1,2008   Q1,$1.63 B,9,GT,Goodyear Tire & Rubber,0.0298,Consumer Discretionary
AM,2008Q1,2008   Q1,$1.63 B,10,BYAH-OLD,PHH Corp.,0.0222,Unknown
AM,2008Q1,2008   Q1,$1.63 B,11,AIG,American International Group,0.0132,Financials
AM,2008Q1,2008   Q1,$1.63 B,12,CCI,Crown Castle International Corp.,0.009899999999999999,Real Estate
AM,2008Q1,2008   Q1,$1.63 B,13,PENN,Penn National Gaming Inc.,0.0072,Consumer Discretionary
AM,2008Q1,2008   Q1,$1.63 B,14,DTV,DIRECTV Group Inc.,0.005600000000000001,Communication Services
AM,2008Q1,2008   Q1,$1.63 B,15,HOT,Starwood Hotels & Resorts,0.0055000000000000005,Unknown
AM,2008Q1,2008   Q1,$1.63 B,16,ETFC,E*Trade Financial Corp.,0.005,Unknown
AM,2008Q1,2008   Q1,$1.63 B,17,MOS,Mosaic Co.,0.004699999999999999,Materials
AM,2008Q1,2008   Q1,$1.63 B,18,DAN,Dana Inc.,0.0040999999999999995,Consumer Discretionary
AM,2008Q1,2008   Q1,$1.63 B,19,SBAC,SBA Communications Corp.,0.0036,Real Estate
AM,2008Q1,2008   Q1,$1.63 B,20,XLE,Energy Select Sector SPDR,0.0031,Energy
AC,2026Q2,2026   Q2,$5.11 B,1,MA,Mastercard Inc.,0.20010000000000003,Financials
AC,2026Q2,2026   Q2,$5.11 B,2,MCO,Moody's Corp.,0.1026,Financials
AC,2026Q2,2026   Q2,$5.11 B,3,BN,Brookfield Corp.,0.1011,Financials
AC,2026Q2,2026   Q2,$5.11 B,4,KKR,KKR & Co. L.P.,0.0895,Financials
AC,2026Q2,2026   Q2,$5.11 B,5,FICO,Fair Isaac Corp.,0.08470000000000001,Technology
AC,2026Q2,2026   Q2,$5.11 B,6,ROP,Roper Technologies Inc.,0.078,Technology
AC,2026Q2,2026   Q2,$5.11 B,7,V,Visa Inc.,0.0746,Financials
AC,2026Q2,2026   Q2,$5.11 B,8,CSGP,CoStar Group Inc.,0.0649,Real Estate
AC,2026Q2,2026   Q2,$5.11 B,9,CPRT,Copart Inc.,0.0441,Industrials
AC,2026Q2,2026   Q2,$5.11 B,10,ORLY,O'Reilly Automotive,0.039,Consumer Discretionary
AC,2026Q2,2026   Q2,$5.11 B,11,ABNB,Airbnb Inc.,0.0332,Consumer Discretionary
AC,2026Q2,2026   Q2,$5.11 B,12,CCC,CCC Intelligent Solutions Hldgs Inc.,0.0302,Technology
AC,2026Q2,2026   Q2,$5.11 B,13,NOW,ServiceNow Inc.,0.0242,Technology
AC,2026Q2,2026   Q2,$5.11 B,14,CRM,Salesforce.com,0.022000000000000002,Technology
AC,2026Q2,2026   Q2,$5.11 B,15,GSHD,Goosehead Insurance Inc.,0.0042,Financials
AC,2026Q2,2026   Q2,$5.11 B,16,SOPH,Sophia Genetics SA,0.0042,Healthcare
AC,2026Q2,2026   Q2,$5.11 B,17,PRM,Perimeter Solutions SA,0.0017000000000000001,Materials
AC,2026Q2,2026   Q2,$5.11 B,18,AMT,American Tower Corp.,0.0009,Real Estate
AC,2026Q2,2026   Q2,$5.11 B,19,BRK.B,Berkshire Hathaway CL B,0.0008,Financials
AC,2026Q1,2026   Q1,$6.12 B,1,MA,Mastercard Inc.,0.1864,Financials
AC,2026Q1,2026   Q1,$6.12 B,2,BN,Brookfield Corp.,0.1127,Financials
AC,2026Q1,2026   Q1,$6.12 B,3,KKR,KKR & Co. L.P.,0.1016,Financials
AC,2026Q1,2026   Q1,$6.12 B,4,MCO,Moody's Corp.,0.0889,Financials
AC,2026Q1,2026   Q1,$6.12 B,5,V,Visa Inc.,0.081,Financials
AC,2026Q1,2026   Q1,$6.12 B,6,ROP,Roper Technologies Inc.,0.0727,Technology
AC,2026Q1,2026   Q1,$6.12 B,7,CSGP,CoStar Group Inc.,0.0683,Real Estate
AC,2026Q1,2026   Q1,$6.12 B,8,FICO,Fair Isaac Corp.,0.0635,Technology
AC,2026Q1,2026   Q1,$6.12 B,9,ORLY,O'Reilly Automotive,0.0587,Consumer Discretionary
AC,2026Q1,2026   Q1,$6.12 B,10,CPRT,Copart Inc.,0.0434,Industrials
AC,2026Q1,2026   Q1,$6.12 B,11,ABNB,Airbnb Inc.,0.042,Consumer Discretionary
AC,2026Q1,2026   Q1,$6.12 B,12,CCC,CCC Intelligent Solutions Hldgs Inc.,0.030899999999999997,Technology
AC,2026Q1,2026   Q1,$6.12 B,13,CRM,Salesforce.com,0.0219,Technology
AC,2026Q1,2026   Q1,$6.12 B,14,NOW,ServiceNow Inc.,0.0187,Technology
AC,2026Q1,2026   Q1,$6.12 B,15,GSHD,Goosehead Insurance Inc.,0.0031,Financials
AC,2026Q1,2026   Q1,$6.12 B,16,SOPH,Sophia Genetics SA,0.003,Healthcare
AC,2026Q1,2026   Q1,$6.12 B,17,AMT,American Tower Corp.,0.0014000000000000002,Real Estate
AC,2026Q1,2026   Q1,$6.12 B,18,PRM,Perimeter Solutions SA,0.001,Materials
AC,2026Q1,2026   Q1,$6.12 B,19,BRK.B,Berkshire Hathaway CL B,0.0008,Financials
AC,2025Q4,2025   Q4,$9.12 B,1,MA,Mastercard Inc.,0.1881,Financials
AC,2025Q4,2025   Q4,$9.12 B,2,BN,Brookfield Corp.,0.1351,Financials
AC,2025Q4,2025   Q4,$9.12 B,3,KKR,KKR & Co. L.P.,0.1133,Financials
AC,2025Q4,2025   Q4,$9.12 B,4,V,Visa Inc.,0.10289999999999999,Financials
AC,2025Q4,2025   Q4,$9.12 B,5,MCO,Moody's Corp.,0.09720000000000001,Financials
AC,2025Q4,2025   Q4,$9.12 B,6,CSGP,CoStar Group Inc.,0.0709,Real Estate
AC,2025Q4,2025   Q4,$9.12 B,7,ORLY,O'Reilly Automotive,0.0672,Consumer Discretionary
AC,2025Q4,2025   Q4,$9.12 B,8,ROP,Roper Technologies Inc.,0.053899999999999997,Technology
AC,2025Q4,2025   Q4,$9.12 B,9,ABNB,Airbnb Inc.,0.051699999999999996,Consumer Discretionary
AC,2025Q4,2025   Q4,$9.12 B,10,FICO,Fair Isaac Corp.,0.051399999999999994,Technology
AC,2025Q4,2025   Q4,$9.12 B,11,CPRT,Copart Inc.,0.0338,Industrials
AC,2025Q4,2025   Q4,$9.12 B,12,CCC,CCC Intelligent Solutions Hldgs Inc.,0.0216,Technology
AC,2025Q4,2025   Q4,$9.12 B,13,AMT,American Tower Corp.,0.0049,Real Estate
AC,2025Q4,2025   Q4,$9.12 B,14,GSHD,Goosehead Insurance Inc.,0.003,Financials
AC,2025Q4,2025   Q4,$9.12 B,15,SOPH,Sophia Genetics SA,0.0019,Healthcare
AC,2025Q4,2025   Q4,$9.12 B,16,DHR,Danaher Corp.,0.0017000000000000001,Healthcare
AC,2025Q4,2025   Q4,$9.12 B,17,BRK.B,Berkshire Hathaway CL B,0.0007000000000000001,Financials
AC,2025Q4,2025   Q4,$9.12 B,18,KMX,CarMax Inc.,0.0006,Consumer Discretionary
AC,2025Q3,2025   Q3,$10 B,1,MA,Mastercard Inc.,0.1789,Financials
AC,2025Q3,2025   Q3,$10 B,2,BN,Brookfield Corp.,0.13140000000000002,Financials
AC,2025Q3,2025   Q3,$10 B,3,KKR,KKR & Co. L.P.,0.11289999999999999,Financials
AC,2025Q3,2025   Q3,$10 B,4,V,Visa Inc.,0.1012,Financials
AC,2025Q3,2025   Q3,$10 B,5,MCO,Moody's Corp.,0.1007,Financials
AC,2025Q3,2025   Q3,$10 B,6,ORLY,O'Reilly Automotive,0.0926,Consumer Discretionary
AC,2025Q3,2025   Q3,$10 B,7,CSGP,CoStar Group Inc.,0.0783,Real Estate
AC,2025Q3,2025   Q3,$10 B,8,ROP,Roper Technologies Inc.,0.0575,Technology
AC,2025Q3,2025   Q3,$10 B,9,ABNB,Airbnb Inc.,0.042,Consumer Discretionary
AC,2025Q3,2025   Q3,$10 B,10,FICO,Fair Isaac Corp.,0.038900000000000004,Technology
AC,2025Q3,2025   Q3,$10 B,11,CPRT,Copart Inc.,0.019,Industrials
AC,2025Q3,2025   Q3,$10 B,12,DHR,Danaher Corp.,0.0173,Healthcare
AC,2025Q3,2025   Q3,$10 B,13,CCC,CCC Intelligent Solutions Hldgs Inc.,0.0148,Technology
AC,2025Q3,2025   Q3,$10 B,14,AMT,American Tower Corp.,0.0085,Real Estate
AC,2025Q3,2025   Q3,$10 B,15,GSHD,Goosehead Insurance Inc.,0.0027,Financials
AC,2025Q3,2025   Q3,$10 B,16,SOPH,Sophia Genetics SA,0.0018,Healthcare
AC,2025Q3,2025   Q3,$10 B,17,BRK.B,Berkshire Hathaway CL B,0.0007000000000000001,Financials
AC,2025Q3,2025   Q3,$10 B,18,KMX,CarMax Inc.,0.0007000000000000001,Consumer Discretionary
AC,2025Q3,2025   Q3,$10 B,19,VRSK,Verisk Analytics Inc.,0.0002,Industrials
AC,2025Q2,2025   Q2,$10.2 B,1,MA,Mastercard Inc.,0.1814,Financials
AC,2025Q2,2025   Q2,$10.2 B,2,BN,Brookfield Corp.,0.1164,Financials
AC,2025Q2,2025   Q2,$10.2 B,3,KKR,KKR & Co. L.P.,0.1153,Financials
AC,2025Q2,2025   Q2,$10.2 B,4,MCO,Moody's Corp.,0.1133,Financials
AC,2025Q2,2025   Q2,$10.2 B,5,V,Visa Inc.,0.1104,Financials
AC,2025Q2,2025   Q2,$10.2 B,6,ORLY,O'Reilly Automotive,0.08310000000000001,Consumer Discretionary
AC,2025Q2,2025   Q2,$10.2 B,7,ROP,Roper Technologies Inc.,0.0799,Technology
AC,2025Q2,2025   Q2,$10.2 B,8,CSGP,CoStar Group Inc.,0.0733,Real Estate
AC,2025Q2,2025   Q2,$10.2 B,9,ABNB,Airbnb Inc.,0.045,Consumer Discretionary
AC,2025Q2,2025   Q2,$10.2 B,10,DHR,Danaher Corp.,0.034300000000000004,Healthcare
AC,2025Q2,2025   Q2,$10.2 B,11,AMT,American Tower Corp.,0.019799999999999998,Real Estate
AC,2025Q2,2025   Q2,$10.2 B,12,CCC,CCC Intelligent Solutions Hldgs Inc.,0.013600000000000001,Technology
AC,2025Q2,2025   Q2,$10.2 B,13,CPRT,Copart Inc.,0.0058,Industrials
AC,2025Q2,2025   Q2,$10.2 B,14,GSHD,Goosehead Insurance Inc.,0.0038,Financials
AC,2025Q2,2025   Q2,$10.2 B,15,FICO,Fair Isaac Corp.,0.0016,Technology
AC,2025Q2,2025   Q2,$10.2 B,16,SOPH,Sophia Genetics SA,0.0011,Healthcare
AC,2025Q2,2025   Q2,$10.2 B,17,KMX,CarMax Inc.,0.001,Consumer Discretionary
AC,2025Q2,2025   Q2,$10.2 B,18,BRK.B,Berkshire Hathaway CL B,0.0007000000000000001,Financials
AC,2025Q2,2025   Q2,$10.2 B,19,VRSK,Verisk Analytics Inc.,0.0003,Industrials
AC,2025Q1,2025   Q1,$10.4 B,1,MA,Mastercard Inc.,0.17559999999999998,Financials
AC,2025Q1,2025   Q1,$10.4 B,2,ORLY,O'Reilly Automotive,0.11900000000000001,Consumer Discretionary
AC,2025Q1,2025   Q1,$10.4 B,3,MCO,Moody's Corp.,0.109,Financials
AC,2025Q1,2025   Q1,$10.4 B,4,V,Visa Inc.,0.107,Financials
AC,2025Q1,2025   Q1,$10.4 B,5,KKR,KKR & Co. L.P.,0.0983,Financials
AC,2025Q1,2025   Q1,$10.4 B,6,BN,Brookfield Corp.,0.0962,Financials
AC,2025Q1,2025   Q1,$10.4 B,7,ROP,Roper Technologies Inc.,0.08220000000000001,Technology
AC,2025Q1,2025   Q1,$10.4 B,8,CSGP,CoStar Group Inc.,0.0709,Real Estate
AC,2025Q1,2025   Q1,$10.4 B,9,AMT,American Tower Corp.,0.0542,Real Estate
AC,2025Q1,2025   Q1,$10.4 B,10,DHR,Danaher Corp.,0.035,Healthcare
AC,2025Q1,2025   Q1,$10.4 B,11,ABNB,Airbnb Inc.,0.0335,Consumer Discretionary
AC,2025Q1,2025   Q1,$10.4 B,12,CCC,CCC Intelligent Solutions Hldgs Inc.,0.0115,Technology
AC,2025Q1,2025   Q1,$10.4 B,13,GSHD,Goosehead Insurance Inc.,0.0042,Financials
AC,2025Q1,2025   Q1,$10.4 B,14,KMX,CarMax Inc.,0.0015,Consumer Discretionary
AC,2025Q1,2025   Q1,$10.4 B,15,BRK.B,Berkshire Hathaway CL B,0.0008,Financials
AC,2025Q1,2025   Q1,$10.4 B,16,SOPH,Sophia Genetics SA,0.0007000000000000001,Healthcare
AC,2025Q1,2025   Q1,$10.4 B,17,VRSK,Verisk Analytics Inc.,0.0003,Industrials
AC,2025Q1,2025   Q1,$10.4 B,18,DBRG,DigitalBridge Group Inc.,0.0001,Financials
AC,2024Q4,2024   Q4,$11.6 B,1,MA,Mastercard Inc.,0.16870000000000002,Financials
AC,2024Q4,2024   Q4,$11.6 B,2,KKR,KKR & Co. L.P.,0.1316,Financials
AC,2024Q4,2024   Q4,$11.6 B,3,MCO,Moody's Corp.,0.1261,Financials
AC,2024Q4,2024   Q4,$11.6 B,4,BN,Brookfield Corp.,0.0943,Financials
AC,2024Q4,2024   Q4,$11.6 B,5,ORLY,O'Reilly Automotive,0.09179999999999999,Consumer Discretionary
AC,2024Q4,2024   Q4,$11.6 B,6,V,Visa Inc.,0.0894,Financials
AC,2024Q4,2024   Q4,$11.6 B,7,AMT,American Tower Corp.,0.0873,Real Estate
AC,2024Q4,2024   Q4,$11.6 B,8,ROP,Roper Technologies Inc.,0.0666,Technology
AC,2024Q4,2024   Q4,$11.6 B,9,CSGP,CoStar Group Inc.,0.057699999999999994,Real Estate
AC,2024Q4,2024   Q4,$11.6 B,10,DHR,Danaher Corp.,0.0353,Healthcare
AC,2024Q4,2024   Q4,$11.6 B,11,ABNB,Airbnb Inc.,0.0301,Consumer Discretionary
AC,2024Q4,2024   Q4,$11.6 B,12,CCC,CCC Intelligent Solutions Hldgs Inc.,0.0108,Technology
AC,2024Q4,2024   Q4,$11.6 B,13,KMX,CarMax Inc.,0.004699999999999999,Consumer Discretionary
AC,2024Q4,2024   Q4,$11.6 B,14,GSHD,Goosehead Insurance Inc.,0.0034000000000000002,Financials
AC,2024Q4,2024   Q4,$11.6 B,15,DBRG,DigitalBridge Group Inc.,0.0007000000000000001,Financials
AC,2024Q4,2024   Q4,$11.6 B,16,SOPH,Sophia Genetics SA,0.0006,Healthcare
AC,2024Q4,2024   Q4,$11.6 B,17,BRK.B,Berkshire Hathaway CL B,0.0006,Financials
AC,2024Q4,2024   Q4,$11.6 B,18,VRSK,Verisk Analytics Inc.,0.0003,Industrials
AC,2024Q3,2024   Q3,$12 B,1,MA,Mastercard Inc.,0.1611,Financials
AC,2024Q3,2024   Q3,$12 B,2,MCO,Moody's Corp.,0.1328,Financials
AC,2024Q3,2024   Q3,$12 B,3,KKR,KKR & Co. L.P.,0.12380000000000001,Financials
AC,2024Q3,2024   Q3,$12 B,4,AMT,American Tower Corp.,0.11710000000000001,Real Estate
AC,2024Q3,2024   Q3,$12 B,5,ORLY,O'Reilly Automotive,0.08810000000000001,Consumer Discretionary
AC,2024Q3,2024   Q3,$12 B,6,BN,Brookfield Corp.,0.08380000000000001,Financials
AC,2024Q3,2024   Q3,$12 B,7,V,Visa Inc.,0.07490000000000001,Financials
AC,2024Q3,2024   Q3,$12 B,8,ROP,Roper Technologies Inc.,0.0694,Technology
AC,2024Q3,2024   Q3,$12 B,9,CSGP,CoStar Group Inc.,0.056100000000000004,Real Estate
AC,2024Q3,2024   Q3,$12 B,10,DHR,Danaher Corp.,0.041100000000000005,Healthcare
AC,2024Q3,2024   Q3,$12 B,11,ABNB,Airbnb Inc.,0.027999999999999997,Consumer Discretionary
AC,2024Q3,2024   Q3,$12 B,12,CCC,CCC Intelligent Solutions Hldgs Inc.,0.0098,Technology
AC,2024Q3,2024   Q3,$12 B,13,KMX,CarMax Inc.,0.0084,Consumer Discretionary
AC,2024Q3,2024   Q3,$12 B,14,GSHD,Goosehead Insurance Inc.,0.0027,Financials
AC,2024Q3,2024   Q3,$12 B,15,DBRG,DigitalBridge Group Inc.,0.0015,Financials
AC,2024Q3,2024   Q3,$12 B,16,SOPH,Sophia Genetics SA,0.0007000000000000001,Healthcare
AC,2024Q3,2024   Q3,$12 B,17,BRK.B,Berkshire Hathaway CL B,0.0006,Financials
AC,2024Q3,2024   Q3,$12 B,18,VRSK,Verisk Analytics Inc.,0.0003,Industrials
AC,2024Q2,2024   Q2,$11.4 B,1,MA,Mastercard Inc.,0.1568,Financials
AC,2024Q2,2024   Q2,$11.4 B,2,MCO,Moody's Corp.,0.1563,Financials
AC,2024Q2,2024   Q2,$11.4 B,3,KKR,KKR & Co. L.P.,0.1268,Financials
AC,2024Q2,2024   Q2,$11.4 B,4,AMT,American Tower Corp.,0.10490000000000001,Real Estate
AC,2024Q2,2024   Q2,$11.4 B,5,ORLY,O'Reilly Automotive,0.0888,Consumer Discretionary
AC,2024Q2,2024   Q2,$11.4 B,6,ROP,Roper Technologies Inc.,0.0766,Technology
AC,2024Q2,2024   Q2,$11.4 B,7,V,Visa Inc.,0.0756,Financials
AC,2024Q2,2024   Q2,$11.4 B,8,BN,Brookfield Corp.,0.0675,Financials
AC,2024Q2,2024   Q2,$11.4 B,9,CSGP,CoStar Group Inc.,0.0572,Real Estate
AC,2024Q2,2024   Q2,$11.4 B,10,DHR,Danaher Corp.,0.039,Healthcare
AC,2024Q2,2024   Q2,$11.4 B,11,KMX,CarMax Inc.,0.0138,Consumer Discretionary
AC,2024Q2,2024   Q2,$11.4 B,12,ABNB,Airbnb Inc.,0.0125,Consumer Discretionary
AC,2024Q2,2024   Q2,$11.4 B,13,SBAC,SBA Communications Corp.,0.0086,Real Estate
AC,2024Q2,2024   Q2,$11.4 B,14,CCC,CCC Intelligent Solutions Hldgs Inc.,0.0076,Technology
AC,2024Q2,2024   Q2,$11.4 B,15,DBRG,DigitalBridge Group Inc.,0.0044,Financials
AC,2024Q2,2024   Q2,$11.4 B,16,GSHD,Goosehead Insurance Inc.,0.0019,Financials
AC,2024Q2,2024   Q2,$11.4 B,17,SOPH,Sophia Genetics SA,0.0008,Healthcare
AC,2024Q2,2024   Q2,$11.4 B,18,BRK.B,Berkshire Hathaway CL B,0.0006,Financials
AC,2024Q2,2024   Q2,$11.4 B,19,VRSK,Verisk Analytics Inc.,0.0004,Industrials
AC,2024Q1,2024   Q1,$12.1 B,1,MA,Mastercard Inc.,0.1837,Financials
AC,2024Q1,2024   Q1,$12.1 B,2,MCO,Moody's Corp.,0.1448,Financials
AC,2024Q1,2024   Q1,$12.1 B,3,KKR,KKR & Co. L.P.,0.12380000000000001,Financials
AC,2024Q1,2024   Q1,$12.1 B,4,AMT,American Tower Corp.,0.1013,Real Estate
AC,2024Q1,2024   Q1,$12.1 B,5,ORLY,O'Reilly Automotive,0.09230000000000001,Consumer Discretionary
AC,2024Q1,2024   Q1,$12.1 B,6,V,Visa Inc.,0.0755,Financials
AC,2024Q1,2024   Q1,$12.1 B,7,ROP,Roper Technologies Inc.,0.0717,Technology
AC,2024Q1,2024   Q1,$12.1 B,8,BN,Brookfield Corp.,0.0622,Financials
AC,2024Q1,2024   Q1,$12.1 B,9,CSGP,CoStar Group Inc.,0.057999999999999996,Real Estate
AC,2024Q1,2024   Q1,$12.1 B,10,DHR,Danaher Corp.,0.036699999999999997,Healthcare
AC,2024Q1,2024   Q1,$12.1 B,11,KMX,CarMax Inc.,0.0195,Consumer Discretionary
AC,2024Q1,2024   Q1,$12.1 B,12,UBER,Uber Technologies Inc.,0.0113,Consumer Discretionary
AC,2024Q1,2024   Q1,$12.1 B,13,CCC,CCC Intelligent Solutions Hldgs Inc.,0.0069,Technology
AC,2024Q1,2024   Q1,$12.1 B,14,DBRG,DigitalBridge Group Inc.,0.006500000000000001,Financials
AC,2024Q1,2024   Q1,$12.1 B,15,SBAC,SBA Communications Corp.,0.0032,Real Estate
AC,2024Q1,2024   Q1,$12.1 B,16,GSHD,Goosehead Insurance Inc.,0.0013,Financials
AC,2024Q1,2024   Q1,$12.1 B,17,BRK.B,Berkshire Hathaway CL B,0.0006,Financials
AC,2024Q1,2024   Q1,$12.1 B,18,VRSK,Verisk Analytics Inc.,0.0003,Industrials
AC,2024Q1,2024   Q1,$12.1 B,19,BAM,Brookfield Asset Management,0.0002,Financials
AC,2024Q1,2024   Q1,$12.1 B,20,SOPH,Sophia Genetics SA,0.0001,Healthcare
AC,2023Q4,2023   Q4,$11.9 B,1,MA,Mastercard Inc.,0.18170000000000003,Financials
AC,2023Q4,2023   Q4,$11.9 B,2,MCO,Moody's Corp.,0.157,Financials
AC,2023Q4,2023   Q4,$11.9 B,3,AMT,American Tower Corp.,0.12359999999999999,Real Estate
AC,2023Q4,2023   Q4,$11.9 B,4,KKR,KKR & Co. L.P.,0.1161,Financials
AC,2023Q4,2023   Q4,$11.9 B,5,ORLY,O'Reilly Automotive,0.0815,Consumer Discretionary
AC,2023Q4,2023   Q4,$11.9 B,6,V,Visa Inc.,0.07690000000000001,Financials
AC,2023Q4,2023   Q4,$11.9 B,7,ROP,Roper Technologies Inc.,0.0721,Technology
AC,2023Q4,2023   Q4,$11.9 B,8,BN,Brookfield Corp.,0.060899999999999996,Financials
AC,2023Q4,2023   Q4,$11.9 B,9,CSGP,CoStar Group Inc.,0.053399999999999996,Real Estate
AC,2023Q4,2023   Q4,$11.9 B,10,DHR,Danaher Corp.,0.0346,Healthcare
AC,2023Q4,2023   Q4,$11.9 B,11,KMX,CarMax Inc.,0.0176,Consumer Discretionary
AC,2023Q4,2023   Q4,$11.9 B,12,BAM,Brookfield Asset Management,0.011699999999999999,Financials
AC,2023Q4,2023   Q4,$11.9 B,13,DBRG,DigitalBridge Group Inc.,0.006500000000000001,Financials
AC,2023Q4,2023   Q4,$11.9 B,14,SBAC,SBA Communications Corp.,0.0039000000000000003,Real Estate
AC,2023Q4,2023   Q4,$11.9 B,15,GSHD,Goosehead Insurance Inc.,0.0016,Financials
AC,2023Q4,2023   Q4,$11.9 B,16,BRK.B,Berkshire Hathaway CL B,0.0005,Financials
AC,2023Q4,2023   Q4,$11.9 B,17,VRSK,Verisk Analytics Inc.,0.0003,Industrials
AC,2023Q4,2023   Q4,$11.9 B,18,DLTR,Dollar Tree Inc.,0.0003,Consumer Staples
AC,2023Q3,2023   Q3,$10.9 B,1,MA,Mastercard Inc.,0.2127,Financials
AC,2023Q3,2023   Q3,$10.9 B,2,MCO,Moody's Corp.,0.1479,Financials
AC,2023Q3,2023   Q3,$10.9 B,3,AMT,American Tower Corp.,0.10220000000000001,Real Estate
AC,2023Q3,2023   Q3,$10.9 B,4,V,Visa Inc.,0.1014,Financials
AC,2023Q3,2023   Q3,$10.9 B,5,KKR,KKR & Co. L.P.,0.0956,Financials
AC,2023Q3,2023   Q3,$10.9 B,6,ORLY,O'Reilly Automotive,0.08810000000000001,Consumer Discretionary
AC,2023Q3,2023   Q3,$10.9 B,7,ROP,Roper Technologies Inc.,0.07,Technology
AC,2023Q3,2023   Q3,$10.9 B,8,BN,Brookfield Corp.,0.0521,Financials
AC,2023Q3,2023   Q3,$10.9 B,9,CSGP,CoStar Group Inc.,0.0512,Real Estate
AC,2023Q3,2023   Q3,$10.9 B,10,DHR,Danaher Corp.,0.0404,Healthcare
AC,2023Q3,2023   Q3,$10.9 B,11,KMX,CarMax Inc.,0.0178,Consumer Discretionary
AC,2023Q3,2023   Q3,$10.9 B,12,BAM,Brookfield Asset Management,0.0106,Financials
AC,2023Q3,2023   Q3,$10.9 B,13,DBRG,DigitalBridge Group Inc.,0.0072,Financials
AC,2023Q3,2023   Q3,$10.9 B,14,GSHD,Goosehead Insurance Inc.,0.0017000000000000001,Financials
AC,2023Q3,2023   Q3,$10.9 B,15,BRK.B,Berkshire Hathaway CL B,0.0006,Financials
AC,2023Q3,2023   Q3,$10.9 B,16,VRSK,Verisk Analytics Inc.,0.0004,Industrials
AC,2023Q3,2023   Q3,$10.9 B,17,DLTR,Dollar Tree Inc.,0.0003,Consumer Staples
AC,2023Q2,2023   Q2,$12 B,1,MA,Mastercard Inc.,0.1924,Financials
AC,2023Q2,2023   Q2,$12 B,2,MCO,Moody's Corp.,0.1531,Financials
AC,2023Q2,2023   Q2,$12 B,3,AMT,American Tower Corp.,0.109,Real Estate
AC,2023Q2,2023   Q2,$12 B,4,V,Visa Inc.,0.0974,Financials
AC,2023Q2,2023   Q2,$12 B,5,ORLY,O'Reilly Automotive,0.08869999999999999,Consumer Discretionary
AC,2023Q2,2023   Q2,$12 B,6,KKR,KKR & Co. L.P.,0.0711,Financials
AC,2023Q2,2023   Q2,$12 B,7,ROP,Roper Technologies Inc.,0.0664,Technology
AC,2023Q2,2023   Q2,$12 B,8,CSGP,CoStar Group Inc.,0.0528,Real Estate
AC,2023Q2,2023   Q2,$12 B,9,BN,Brookfield Corp.,0.0513,Financials
AC,2023Q2,2023   Q2,$12 B,10,ADBE,Adobe Inc.,0.0434,Technology
AC,2023Q2,2023   Q2,$12 B,11,DHR,Danaher Corp.,0.0358,Healthcare
AC,2023Q2,2023   Q2,$12 B,12,KMX,CarMax Inc.,0.0199,Consumer Discretionary
AC,2023Q2,2023   Q2,$12 B,13,BAM,Brookfield Asset Management,0.01,Financials
AC,2023Q2,2023   Q2,$12 B,14,DBRG,DigitalBridge Group Inc.,0.0062,Financials
AC,2023Q2,2023   Q2,$12 B,15,GSHD,Goosehead Insurance Inc.,0.0013,Financials
AC,2023Q2,2023   Q2,$12 B,16,BRK.B,Berkshire Hathaway CL B,0.0005,Financials
AC,2023Q2,2023   Q2,$12 B,17,VRSK,Verisk Analytics Inc.,0.0004,Industrials
AC,2023Q2,2023   Q2,$12 B,18,DLTR,Dollar Tree Inc.,0.0004,Consumer Staples
AC,2023Q1,2023   Q1,$11.4 B,1,MA,Mastercard Inc.,0.18789999999999998,Financials
AC,2023Q1,2023   Q1,$11.4 B,2,MCO,Moody's Corp.,0.15380000000000002,Financials
AC,2023Q1,2023   Q1,$11.4 B,3,AMT,American Tower Corp.,0.126,Real Estate
AC,2023Q1,2023   Q1,$11.4 B,4,V,Visa Inc.,0.0978,Financials
AC,2023Q1,2023   Q1,$11.4 B,5,ORLY,O'Reilly Automotive,0.08839999999999999,Consumer Discretionary
AC,2023Q1,2023   Q1,$11.4 B,6,KKR,KKR & Co. L.P.,0.0702,Financials
AC,2023Q1,2023   Q1,$11.4 B,7,ROP,Roper Technologies Inc.,0.0643,Technology
AC,2023Q1,2023   Q1,$11.4 B,8,BN,Brookfield Corp.,0.052199999999999996,Financials
AC,2023Q1,2023   Q1,$11.4 B,9,CSGP,CoStar Group Inc.,0.0431,Real Estate
AC,2023Q1,2023   Q1,$11.4 B,10,ADBE,Adobe Inc.,0.0407,Technology
AC,2023Q1,2023   Q1,$11.4 B,11,DHR,Danaher Corp.,0.0397,Healthcare
AC,2023Q1,2023   Q1,$11.4 B,12,KMX,CarMax Inc.,0.0175,Consumer Discretionary
AC,2023Q1,2023   Q1,$11.4 B,13,BAM,Brookfield Asset Management,0.0106,Financials
AC,2023Q1,2023   Q1,$11.4 B,14,DBRG,DigitalBridge Group Inc.,0.0054,Financials
AC,2023Q1,2023   Q1,$11.4 B,15,GSHD,Goosehead Insurance Inc.,0.0011,Financials
AC,2023Q1,2023   Q1,$11.4 B,16,BRK.B,Berkshire Hathaway CL B,0.0005,Financials
AC,2023Q1,2023   Q1,$11.4 B,17,DLTR,Dollar Tree Inc.,0.0004,Consumer Staples
AC,2023Q1,2023   Q1,$11.4 B,18,VRSK,Verisk Analytics Inc.,0.0003,Industrials
AC,2022Q4,2022   Q4,$11.1 B,1,MA,Mastercard Inc.,0.18460000000000001,Financials
AC,2022Q4,2022   Q4,$11.1 B,2,MCO,Moody's Corp.,0.1438,Financials
AC,2022Q4,2022   Q4,$11.1 B,3,AMT,American Tower Corp.,0.1341,Real Estate
AC,2022Q4,2022   Q4,$11.1 B,4,V,Visa Inc.,0.0925,Financials
AC,2022Q4,2022   Q4,$11.1 B,5,ORLY,O'Reilly Automotive,0.09029999999999999,Consumer Discretionary
AC,2022Q4,2022   Q4,$11.1 B,6,ROP,Roper Technologies Inc.,0.0647,Technology
AC,2022Q4,2022   Q4,$11.1 B,7,KKR,KKR & Co. L.P.,0.0634,Financials
AC,2022Q4,2022   Q4,$11.1 B,8,CSGP,CoStar Group Inc.,0.049699999999999994,Real Estate
AC,2022Q4,2022   Q4,$11.1 B,9,BN,Brookfield Corp.,0.049400000000000006,Financials
AC,2022Q4,2022   Q4,$11.1 B,10,DHR,Danaher Corp.,0.0429,Healthcare
AC,2022Q4,2022   Q4,$11.1 B,11,ADBE,Adobe Inc.,0.0377,Technology
AC,2022Q4,2022   Q4,$11.1 B,12,KMX,CarMax Inc.,0.0291,Consumer Discretionary
AC,2022Q4,2022   Q4,$11.1 B,13,BAM,Brookfield Asset Management,0.0096,Financials
AC,2022Q4,2022   Q4,$11.1 B,14,DBRG,DigitalBridge Group Inc.,0.0049,Financials
AC,2022Q4,2022   Q4,$11.1 B,15,ALRM,Alarm.Com Holdings,0.0012,Technology
AC,2022Q4,2022   Q4,$11.1 B,16,GSHD,Goosehead Insurance Inc.,0.0008,Financials
AC,2022Q4,2022   Q4,$11.1 B,17,BRK.B,Berkshire Hathaway CL B,0.0005,Financials
AC,2022Q4,2022   Q4,$11.1 B,18,DLTR,Dollar Tree Inc.,0.0004,Consumer Staples
AC,2022Q4,2022   Q4,$11.1 B,19,VRSK,Verisk Analytics Inc.,0.0003,Industrials
AC,2022Q3,2022   Q3,$11.3 B,1,MA,Mastercard Inc.,0.1479,Financials
AC,2022Q3,2022   Q3,$11.3 B,2,AMT,American Tower Corp.,0.1322,Real Estate
AC,2022Q3,2022   Q3,$11.3 B,3,MCO,Moody's Corp.,0.1225,Financials
AC,2022Q3,2022   Q3,$11.3 B,4,ORLY,O'Reilly Automotive,0.09140000000000001,Consumer Discretionary
AC,2022Q3,2022   Q3,$11.3 B,5,V,Visa Inc.,0.0823,Financials
AC,2022Q3,2022   Q3,$11.3 B,6,KKR,KKR & Co. L.P.,0.0587,Financials
AC,2022Q3,2022   Q3,$11.3 B,7,ROP,Roper Technologies Inc.,0.0526,Technology
AC,2022Q3,2022   Q3,$11.3 B,8,BN,Brookfield Corp.,0.0483,Financials
AC,2022Q3,2022   Q3,$11.3 B,9,CSGP,CoStar Group Inc.,0.0437,Real Estate
AC,2022Q3,2022   Q3,$11.3 B,10,KMX,CarMax Inc.,0.0429,Consumer Discretionary
AC,2022Q3,2022   Q3,$11.3 B,11,ADBE,Adobe Inc.,0.0405,Technology
AC,2022Q3,2022   Q3,$11.3 B,12,CRM,Salesforce.com,0.0393,Technology
AC,2022Q3,2022   Q3,$11.3 B,13,DHR,Danaher Corp.,0.0378,Healthcare
AC,2022Q3,2022   Q3,$11.3 B,14,VRSK,Verisk Analytics Inc.,0.0368,Industrials
AC,2022Q3,2022   Q3,$11.3 B,15,SNOW,Snowflake Inc.,0.015,Technology
AC,2022Q3,2022   Q3,$11.3 B,16,DBRG,DigitalBridge Group Inc.,0.0051,Financials
AC,2022Q3,2022   Q3,$11.3 B,17,ALRM,Alarm.Com Holdings,0.0015,Technology
AC,2022Q3,2022   Q3,$11.3 B,18,GSHD,Goosehead Insurance Inc.,0.0008,Financials
AC,2022Q3,2022   Q3,$11.3 B,19,DLTR,Dollar Tree Inc.,0.0004,Consumer Staples
AC,2022Q3,2022   Q3,$11.3 B,20,BRK.B,Berkshire Hathaway CL B,0.0004,Financials
AC,2022Q2,2022   Q2,$12.5 B,1,MA,Mastercard Inc.,0.1482,Financials
AC,2022Q2,2022   Q2,$12.5 B,2,AMT,American Tower Corp.,0.14279999999999998,Real Estate
AC,2022Q2,2022   Q2,$12.5 B,3,MCO,Moody's Corp.,0.1243,Financials
AC,2022Q2,2022   Q2,$12.5 B,4,V,Visa Inc.,0.0828,Financials
AC,2022Q2,2022   Q2,$12.5 B,5,ORLY,O'Reilly Automotive,0.0796,Consumer Discretionary
AC,2022Q2,2022   Q2,$12.5 B,6,KKR,KKR & Co. L.P.,0.057,Financials
AC,2022Q2,2022   Q2,$12.5 B,7,KMX,CarMax Inc.,0.0533,Consumer Discretionary
AC,2022Q2,2022   Q2,$12.5 B,8,ROP,Roper Technologies Inc.,0.0524,Technology
AC,2022Q2,2022   Q2,$12.5 B,9,ADBE,Adobe Inc.,0.0487,Technology
AC,2022Q2,2022   Q2,$12.5 B,10,BN,Brookfield Corp.,0.047400000000000005,Financials
AC,2022Q2,2022   Q2,$12.5 B,11,CRM,Salesforce.com,0.0406,Technology
AC,2022Q2,2022   Q2,$12.5 B,12,CSGP,CoStar Group Inc.,0.0344,Real Estate
AC,2022Q2,2022   Q2,$12.5 B,13,VRSK,Verisk Analytics Inc.,0.0339,Industrials
AC,2022Q2,2022   Q2,$12.5 B,14,DHR,Danaher Corp.,0.0336,Healthcare
AC,2022Q2,2022   Q2,$12.5 B,15,SNOW,Snowflake Inc.,0.0111,Technology
AC,2022Q2,2022   Q2,$12.5 B,16,DBRG,DigitalBridge Group Inc.,0.0064,Financials
AC,2022Q2,2022   Q2,$12.5 B,17,ALRM,Alarm.Com Holdings,0.0013,Technology
AC,2022Q2,2022   Q2,$12.5 B,18,GSHD,Goosehead Insurance Inc.,0.0013,Financials
AC,2022Q2,2022   Q2,$12.5 B,19,DLTR,Dollar Tree Inc.,0.0004,Consumer Staples
AC,2022Q2,2022   Q2,$12.5 B,20,BRK.B,Berkshire Hathaway CL B,0.0004,Financials
AC,2022Q1,2022   Q1,$14.4 B,1,MA,Mastercard Inc.,0.1448,Financials
AC,2022Q1,2022   Q1,$14.4 B,2,MCO,Moody's Corp.,0.1322,Financials
AC,2022Q1,2022   Q1,$14.4 B,3,AMT,American Tower Corp.,0.1217,Real Estate
AC,2022Q1,2022   Q1,$14.4 B,4,V,Visa Inc.,0.0805,Financials
AC,2022Q1,2022   Q1,$14.4 B,5,ORLY,O'Reilly Automotive,0.0748,Consumer Discretionary
AC,2022Q1,2022   Q1,$14.4 B,6,KKR,KKR & Co. L.P.,0.0602,Financials
AC,2022Q1,2022   Q1,$14.4 B,7,ROP,Roper Technologies Inc.,0.054299999999999994,Technology
AC,2022Q1,2022   Q1,$14.4 B,8,BN,Brookfield Corp.,0.051399999999999994,Financials
AC,2022Q1,2022   Q1,$14.4 B,9,ADBE,Adobe Inc.,0.049400000000000006,Technology
AC,2022Q1,2022   Q1,$14.4 B,10,KMX,CarMax Inc.,0.049,Consumer Discretionary
AC,2022Q1,2022   Q1,$14.4 B,11,CSGP,CoStar Group Inc.,0.0446,Real Estate
AC,2022Q1,2022   Q1,$14.4 B,12,CRM,Salesforce.com,0.0417,Technology
AC,2022Q1,2022   Q1,$14.4 B,13,VRSK,Verisk Analytics Inc.,0.0363,Industrials
AC,2022Q1,2022   Q1,$14.4 B,14,DHR,Danaher Corp.,0.0336,Healthcare
AC,2022Q1,2022   Q1,$14.4 B,15,ANSS-OLD,ANSYS Inc.,0.0134,Technology
AC,2022Q1,2022   Q1,$14.4 B,16,DBRG,DigitalBridge Group Inc.,0.0052,Financials
AC,2022Q1,2022   Q1,$14.4 B,17,ALRM,Alarm.Com Holdings,0.0045000000000000005,Technology
AC,2022Q1,2022   Q1,$14.4 B,18,GSHD,Goosehead Insurance Inc.,0.0016,Financials
AC,2022Q1,2022   Q1,$14.4 B,19,BRK.B,Berkshire Hathaway CL B,0.0004,Financials
AC,2022Q1,2022   Q1,$14.4 B,20,DLTR,Dollar Tree Inc.,0.0004,Consumer Staples
AC,2021Q4,2021   Q4,$17.2 B,1,MCO,Moody's Corp.,0.1274,Financials
AC,2021Q4,2021   Q4,$17.2 B,2,MA,Mastercard Inc.,0.1222,Financials
AC,2021Q4,2021   Q4,$17.2 B,3,AMT,American Tower Corp.,0.11900000000000001,Real Estate
AC,2021Q4,2021   Q4,$17.2 B,4,V,Visa Inc.,0.066,Financials
AC,2021Q4,2021   Q4,$17.2 B,5,ORLY,O'Reilly Automotive,0.0647,Consumer Discretionary
AC,2021Q4,2021   Q4,$17.2 B,6,KKR,KKR & Co. L.P.,0.0637,Financials
AC,2021Q4,2021   Q4,$17.2 B,7,KMX,CarMax Inc.,0.055099999999999996,Consumer Discretionary
AC,2021Q4,2021   Q4,$17.2 B,8,ADBE,Adobe Inc.,0.050300000000000004,Technology
AC,2021Q4,2021   Q4,$17.2 B,9,ROP,Roper Technologies Inc.,0.0475,Technology
AC,2021Q4,2021   Q4,$17.2 B,10,BN,Brookfield Corp.,0.046,Financials
AC,2021Q4,2021   Q4,$17.2 B,11,CSGP,CoStar Group Inc.,0.044800000000000006,Real Estate
AC,2021Q4,2021   Q4,$17.2 B,12,CRM,Salesforce.com,0.041299999999999996,Technology
AC,2021Q4,2021   Q4,$17.2 B,13,SBAC,SBA Communications Corp.,0.0349,Real Estate
AC,2021Q4,2021   Q4,$17.2 B,14,VRSK,Verisk Analytics Inc.,0.0325,Industrials
AC,2021Q4,2021   Q4,$17.2 B,15,DHR,Danaher Corp.,0.0316,Healthcare
AC,2021Q4,2021   Q4,$17.2 B,16,DLTR,Dollar Tree Inc.,0.0216,Consumer Staples
AC,2021Q4,2021   Q4,$17.2 B,17,ANSS-OLD,ANSYS Inc.,0.014199999999999999,Technology
AC,2021Q4,2021   Q4,$17.2 B,18,ALRM,Alarm.Com Holdings,0.0097,Technology
AC,2021Q4,2021   Q4,$17.2 B,19,DBRG,DigitalBridge Group Inc.,0.0051,Financials
AC,2021Q4,2021   Q4,$17.2 B,20,GSHD,Goosehead Insurance Inc.,0.0022,Financials
AC,2021Q3,2021   Q3,$16.2 B,1,MA,Mastercard Inc.,0.12539999999999998,Financials
AC,2021Q3,2021   Q3,$16.2 B,2,MCO,Moody's Corp.,0.1229,Financials
AC,2021Q3,2021   Q3,$16.2 B,3,AMT,American Tower Corp.,0.11460000000000001,Real Estate
AC,2021Q3,2021   Q3,$16.2 B,4,V,Visa Inc.,0.07200000000000001,Financials
AC,2021Q3,2021   Q3,$16.2 B,5,ORLY,O'Reilly Automotive,0.0594,Consumer Discretionary
AC,2021Q3,2021   Q3,$16.2 B,6,KMX,CarMax Inc.,0.055999999999999994,Consumer Discretionary
AC,2021Q3,2021   Q3,$16.2 B,7,KKR,KKR & Co. L.P.,0.0552,Financials
AC,2021Q3,2021   Q3,$16.2 B,8,ADBE,Adobe Inc.,0.054299999999999994,Technology
AC,2021Q3,2021   Q3,$16.2 B,9,CSGP,CoStar Group Inc.,0.051699999999999996,Real Estate
AC,2021Q3,2021   Q3,$16.2 B,10,CRM,Salesforce.com,0.046799999999999994,Technology
AC,2021Q3,2021   Q3,$16.2 B,11,ROP,Roper Technologies Inc.,0.045700000000000005,Technology
AC,2021Q3,2021   Q3,$16.2 B,12,BN,Brookfield Corp.,0.0433,Financials
AC,2021Q3,2021   Q3,$16.2 B,13,SBAC,SBA Communications Corp.,0.0393,Real Estate
AC,2021Q3,2021   Q3,$16.2 B,14,DHR,Danaher Corp.,0.031,Healthcare
AC,2021Q3,2021   Q3,$16.2 B,15,VRSK,Verisk Analytics Inc.,0.0301,Industrials
AC,2021Q3,2021   Q3,$16.2 B,16,DLTR,Dollar Tree Inc.,0.021099999999999997,Consumer Staples
AC,2021Q3,2021   Q3,$16.2 B,17,ANSS-OLD,ANSYS Inc.,0.0128,Technology
AC,2021Q3,2021   Q3,$16.2 B,18,ALRM,Alarm.Com Holdings,0.0095,Technology
AC,2021Q3,2021   Q3,$16.2 B,19,DBRG,DigitalBridge Group Inc.,0.0039000000000000003,Financials
AC,2021Q3,2021   Q3,$16.2 B,20,GSHD,Goosehead Insurance Inc.,0.0028000000000000004,Financials
AC,2021Q2,2021   Q2,$16.2 B,1,MA,Mastercard Inc.,0.1319,Financials
AC,2021Q2,2021   Q2,$16.2 B,2,MCO,Moody's Corp.,0.1255,Financials
AC,2021Q2,2021   Q2,$16.2 B,3,AMT,American Tower Corp.,0.1167,Real Estate
AC,2021Q2,2021   Q2,$16.2 B,4,V,Visa Inc.,0.0755,Financials
AC,2021Q2,2021   Q2,$16.2 B,5,KMX,CarMax Inc.,0.056600000000000004,Consumer Discretionary
AC,2021Q2,2021   Q2,$16.2 B,6,ADBE,Adobe Inc.,0.0552,Technology
AC,2021Q2,2021   Q2,$16.2 B,7,ORLY,O'Reilly Automotive,0.055099999999999996,Consumer Discretionary
AC,2021Q2,2021   Q2,$16.2 B,8,KKR,KKR & Co. L.P.,0.0538,Financials
AC,2021Q2,2021   Q2,$16.2 B,9,CSGP,CoStar Group Inc.,0.049800000000000004,Real Estate
AC,2021Q2,2021   Q2,$16.2 B,10,ROP,Roper Technologies Inc.,0.0482,Technology
AC,2021Q2,2021   Q2,$16.2 B,11,CRM,Salesforce.com,0.0421,Technology
AC,2021Q2,2021   Q2,$16.2 B,12,BN,Brookfield Corp.,0.0412,Financials
AC,2021Q2,2021   Q2,$16.2 B,13,SBAC,SBA Communications Corp.,0.0379,Real Estate
AC,2021Q2,2021   Q2,$16.2 B,14,DHR,Danaher Corp.,0.0274,Healthcare
AC,2021Q2,2021   Q2,$16.2 B,15,VRSK,Verisk Analytics Inc.,0.0263,Industrials
AC,2021Q2,2021   Q2,$16.2 B,16,DLTR,Dollar Tree Inc.,0.022000000000000002,Consumer Staples
AC,2021Q2,2021   Q2,$16.2 B,17,ANSS-OLD,ANSYS Inc.,0.013000000000000001,Technology
AC,2021Q2,2021   Q2,$16.2 B,18,ALRM,Alarm.Com Holdings,0.0103,Technology
AC,2021Q2,2021   Q2,$16.2 B,19,DBRG,DigitalBridge Group Inc.,0.0051,Financials
AC,2021Q2,2021   Q2,$16.2 B,20,OLLI,Ollie's Bargain Outlet Hldgs,0.0026,Consumer Staples
AC,2021Q1,2021   Q1,$14.7 B,1,MA,Mastercard Inc.,0.1422,Financials
AC,2021Q1,2021   Q1,$14.7 B,2,MCO,Moody's Corp.,0.1144,Financials
AC,2021Q1,2021   Q1,$14.7 B,3,AMT,American Tower Corp.,0.1142,Real Estate
AC,2021Q1,2021   Q1,$14.7 B,4,V,Visa Inc.,0.0756,Financials
AC,2021Q1,2021   Q1,$14.7 B,5,KMX,CarMax Inc.,0.0643,Consumer Discretionary
AC,2021Q1,2021   Q1,$14.7 B,6,CSGP,CoStar Group Inc.,0.0547,Real Estate
AC,2021Q1,2021   Q1,$14.7 B,7,ORLY,O'Reilly Automotive,0.0546,Consumer Discretionary
AC,2021Q1,2021   Q1,$14.7 B,8,ADBE,Adobe Inc.,0.0495,Technology
AC,2021Q1,2021   Q1,$14.7 B,9,KKR,KKR & Co. L.P.,0.049,Financials
AC,2021Q1,2021   Q1,$14.7 B,10,ROP,Roper Technologies Inc.,0.04769999999999999,Technology
AC,2021Q1,2021   Q1,$14.7 B,11,SBAC,SBA Communications Corp.,0.0432,Real Estate
AC,2021Q1,2021   Q1,$14.7 B,12,BN,Brookfield Corp.,0.0395,Financials
AC,2021Q1,2021   Q1,$14.7 B,13,LYV,Live Nation Inc.,0.0315,Communication Services
AC,2021Q1,2021   Q1,$14.7 B,14,VRSK,Verisk Analytics Inc.,0.0294,Industrials
AC,2021Q1,2021   Q1,$14.7 B,15,DLTR,Dollar Tree Inc.,0.027999999999999997,Consumer Staples
AC,2021Q1,2021   Q1,$14.7 B,16,DHR,Danaher Corp.,0.0254,Healthcare
AC,2021Q1,2021   Q1,$14.7 B,17,ANSS-OLD,ANSYS Inc.,0.0141,Technology
AC,2021Q1,2021   Q1,$14.7 B,18,ALRM,Alarm.Com Holdings,0.0116,Technology
AC,2021Q1,2021   Q1,$14.7 B,19,DBRG,DigitalBridge Group Inc.,0.0046,Financials
AC,2021Q1,2021   Q1,$14.7 B,20,OLLI,Ollie's Bargain Outlet Hldgs,0.003,Consumer Staples
AC,2020Q4,2020   Q4,$14.8 B,1,MA,Mastercard Inc.,0.1418,Financials
AC,2020Q4,2020   Q4,$14.8 B,2,MCO,Moody's Corp.,0.1105,Financials
AC,2020Q4,2020   Q4,$14.8 B,3,AMT,American Tower Corp.,0.1082,Real Estate
AC,2020Q4,2020   Q4,$14.8 B,4,V,Visa Inc.,0.0775,Financials
AC,2020Q4,2020   Q4,$14.8 B,5,CSGP,CoStar Group Inc.,0.0603,Real Estate
AC,2020Q4,2020   Q4,$14.8 B,6,ORLY,O'Reilly Automotive,0.056299999999999996,Consumer Discretionary
AC,2020Q4,2020   Q4,$14.8 B,7,ROP,Roper Technologies Inc.,0.0557,Technology
AC,2020Q4,2020   Q4,$14.8 B,8,KMX,CarMax Inc.,0.04769999999999999,Consumer Discretionary
AC,2020Q4,2020   Q4,$14.8 B,9,SBAC,SBA Communications Corp.,0.047,Real Estate
AC,2020Q4,2020   Q4,$14.8 B,10,KKR,KKR & Co. L.P.,0.0403,Financials
AC,2020Q4,2020   Q4,$14.8 B,11,ADBE,Adobe Inc.,0.0385,Technology
AC,2020Q4,2020   Q4,$14.8 B,12,BN,Brookfield Corp.,0.0364,Financials
AC,2020Q4,2020   Q4,$14.8 B,13,VRSK,Verisk Analytics Inc.,0.0344,Industrials
AC,2020Q4,2020   Q4,$14.8 B,14,DLTR,Dollar Tree Inc.,0.033,Consumer Staples
AC,2020Q4,2020   Q4,$14.8 B,15,LYV,Live Nation Inc.,0.027200000000000002,Communication Services
AC,2020Q4,2020   Q4,$14.8 B,16,DHR,Danaher Corp.,0.0248,Healthcare
AC,2020Q4,2020   Q4,$14.8 B,17,MKL,Markel Group Inc.,0.0217,Financials
AC,2020Q4,2020   Q4,$14.8 B,18,ANSS-OLD,ANSYS Inc.,0.015,Technology
AC,2020Q4,2020   Q4,$14.8 B,19,ALRM,Alarm.Com Holdings,0.0139,Technology
AC,2020Q4,2020   Q4,$14.8 B,20,DBRG,DigitalBridge Group Inc.,0.0034999999999999996,Financials
AC,2020Q3,2020   Q3,$14.2 B,1,MA,Mastercard Inc.,0.1402,Financials
AC,2020Q3,2020   Q3,$14.2 B,2,AMT,American Tower Corp.,0.1199,Real Estate
AC,2020Q3,2020   Q3,$14.2 B,3,MCO,Moody's Corp.,0.1151,Financials
AC,2020Q3,2020   Q3,$14.2 B,4,V,Visa Inc.,0.0739,Financials
AC,2020Q3,2020   Q3,$14.2 B,5,ORLY,O'Reilly Automotive,0.059800000000000006,Consumer Discretionary
AC,2020Q3,2020   Q3,$14.2 B,6,CSGP,CoStar Group Inc.,0.057300000000000004,Real Estate
AC,2020Q3,2020   Q3,$14.2 B,7,SBAC,SBA Communications Corp.,0.0553,Real Estate
AC,2020Q3,2020   Q3,$14.2 B,8,ROP,Roper Technologies Inc.,0.0533,Technology
AC,2020Q3,2020   Q3,$14.2 B,9,KMX,CarMax Inc.,0.048499999999999995,Consumer Discretionary
AC,2020Q3,2020   Q3,$14.2 B,10,ADBE,Adobe Inc.,0.0394,Technology
AC,2020Q3,2020   Q3,$14.2 B,11,KKR,KKR & Co. L.P.,0.035699999999999996,Financials
AC,2020Q3,2020   Q3,$14.2 B,12,MKL,Markel Group Inc.,0.0326,Financials
AC,2020Q3,2020   Q3,$14.2 B,13,VRSK,Verisk Analytics Inc.,0.032,Industrials
AC,2020Q3,2020   Q3,$14.2 B,14,BN,Brookfield Corp.,0.0316,Financials
AC,2020Q3,2020   Q3,$14.2 B,15,DLTR,Dollar Tree Inc.,0.0292,Consumer Staples
AC,2020Q3,2020   Q3,$14.2 B,16,DHR,Danaher Corp.,0.025099999999999997,Healthcare
AC,2020Q3,2020   Q3,$14.2 B,17,LYV,Live Nation Inc.,0.0208,Communication Services
AC,2020Q3,2020   Q3,$14.2 B,18,ANSS-OLD,ANSYS Inc.,0.0141,Technology
AC,2020Q3,2020   Q3,$14.2 B,19,ALRM,Alarm.Com Holdings,0.0077,Technology
AC,2020Q3,2020   Q3,$14.2 B,20,OLLI,Ollie's Bargain Outlet Hldgs,0.0031,Consumer Staples
AC,2020Q2,2020   Q2,$13.3 B,1,AMT,American Tower Corp.,0.1371,Real Estate
AC,2020Q2,2020   Q2,$13.3 B,2,MA,Mastercard Inc.,0.1311,Financials
AC,2020Q2,2020   Q2,$13.3 B,3,MCO,Moody's Corp.,0.1167,Financials
AC,2020Q2,2020   Q2,$13.3 B,4,V,Visa Inc.,0.07629999999999999,Financials
AC,2020Q2,2020   Q2,$13.3 B,5,ORLY,O'Reilly Automotive,0.058499999999999996,Consumer Discretionary
AC,2020Q2,2020   Q2,$13.3 B,6,SBAC,SBA Communications Corp.,0.0553,Real Estate
AC,2020Q2,2020   Q2,$13.3 B,7,KMX,CarMax Inc.,0.055,Consumer Discretionary
AC,2020Q2,2020   Q2,$13.3 B,8,CSGP,CoStar Group Inc.,0.051100000000000007,Real Estate
AC,2020Q2,2020   Q2,$13.3 B,9,ROP,Roper Technologies Inc.,0.0507,Technology
AC,2020Q2,2020   Q2,$13.3 B,10,ADBE,Adobe Inc.,0.0374,Technology
AC,2020Q2,2020   Q2,$13.3 B,11,KKR,KKR & Co. L.P.,0.0342,Financials
AC,2020Q2,2020   Q2,$13.3 B,12,MKL,Markel Group Inc.,0.0341,Financials
AC,2020Q2,2020   Q2,$13.3 B,13,DLTR,Dollar Tree Inc.,0.0318,Consumer Staples
AC,2020Q2,2020   Q2,$13.3 B,14,VRSK,Verisk Analytics Inc.,0.031400000000000004,Industrials
AC,2020Q2,2020   Q2,$13.3 B,15,BN,Brookfield Corp.,0.0285,Financials
AC,2020Q2,2020   Q2,$13.3 B,16,DHR,Danaher Corp.,0.022099999999999998,Healthcare
AC,2020Q2,2020   Q2,$13.3 B,17,LYV,Live Nation Inc.,0.0187,Communication Services
AC,2020Q2,2020   Q2,$13.3 B,18,ANSS-OLD,ANSYS Inc.,0.0134,Technology
AC,2020Q2,2020   Q2,$13.3 B,19,ALRM,Alarm.Com Holdings,0.0087,Technology
AC,2020Q2,2020   Q2,$13.3 B,20,OLLI,Ollie's Bargain Outlet Hldgs,0.0037,Consumer Staples
AC,2020Q1,2020   Q1,$10.3 B,1,AMT,American Tower Corp.,0.149,Real Estate
AC,2020Q1,2020   Q1,$10.3 B,2,MA,Mastercard Inc.,0.1358,Financials
AC,2020Q1,2020   Q1,$10.3 B,3,MCO,Moody's Corp.,0.1158,Financials
AC,2020Q1,2020   Q1,$10.3 B,4,V,Visa Inc.,0.0821,Financials
AC,2020Q1,2020   Q1,$10.3 B,5,SBAC,SBA Communications Corp.,0.0646,Real Estate
AC,2020Q1,2020   Q1,$10.3 B,6,ORLY,O'Reilly Automotive,0.053899999999999997,Consumer Discretionary
AC,2020Q1,2020   Q1,$10.3 B,7,ROP,Roper Technologies Inc.,0.051699999999999996,Technology
AC,2020Q1,2020   Q1,$10.3 B,8,MKL,Markel Group Inc.,0.044800000000000006,Financials
AC,2020Q1,2020   Q1,$10.3 B,9,KMX,CarMax Inc.,0.042800000000000005,Consumer Discretionary
AC,2020Q1,2020   Q1,$10.3 B,10,ADBE,Adobe Inc.,0.0352,Technology
AC,2020Q1,2020   Q1,$10.3 B,11,VRSK,Verisk Analytics Inc.,0.0332,Industrials
AC,2020Q1,2020   Q1,$10.3 B,12,DLTR,Dollar Tree Inc.,0.0325,Consumer Staples
AC,2020Q1,2020   Q1,$10.3 B,13,KKR,KKR & Co. L.P.,0.0323,Financials
AC,2020Q1,2020   Q1,$10.3 B,14,BN,Brookfield Corp.,0.030899999999999997,Financials
AC,2020Q1,2020   Q1,$10.3 B,15,CSGP,CoStar Group Inc.,0.025,Real Estate
AC,2020Q1,2020   Q1,$10.3 B,16,LYV,Live Nation Inc.,0.0242,Communication Services
AC,2020Q1,2020   Q1,$10.3 B,17,DHR,Danaher Corp.,0.0223,Healthcare
AC,2020Q1,2020   Q1,$10.3 B,18,ANSS-OLD,ANSYS Inc.,0.0106,Technology
AC,2020Q1,2020   Q1,$10.3 B,19,ALRM,Alarm.Com Holdings,0.0067,Technology
AC,2020Q1,2020   Q1,$10.3 B,20,OLLI,Ollie's Bargain Outlet Hldgs,0.0023,Consumer Staples
AC,2019Q4,2019   Q4,$10.9 B,1,AMT,American Tower Corp.,0.1514,Real Estate
AC,2019Q4,2019   Q4,$10.9 B,2,MA,Mastercard Inc.,0.1459,Financials
AC,2019Q4,2019   Q4,$10.9 B,3,MCO,Moody's Corp.,0.12369999999999999,Financials
AC,2019Q4,2019   Q4,$10.9 B,4,V,Visa Inc.,0.0842,Financials
AC,2019Q4,2019   Q4,$10.9 B,5,ORLY,O'Reilly Automotive,0.0758,Consumer Discretionary
AC,2019Q4,2019   Q4,$10.9 B,6,SBAC,SBA Communications Corp.,0.0545,Real Estate
AC,2019Q4,2019   Q4,$10.9 B,7,KMX,CarMax Inc.,0.0542,Consumer Discretionary
AC,2019Q4,2019   Q4,$10.9 B,8,MKL,Markel Group Inc.,0.0538,Financials
AC,2019Q4,2019   Q4,$10.9 B,9,ROP,Roper Technologies Inc.,0.0509,Technology
AC,2019Q4,2019   Q4,$10.9 B,10,DLTR,Dollar Tree Inc.,0.043899999999999995,Consumer Staples
AC,2019Q4,2019   Q4,$10.9 B,11,VRSK,Verisk Analytics Inc.,0.0348,Industrials
AC,2019Q4,2019   Q4,$10.9 B,12,KKR,KKR & Co. L.P.,0.0341,Financials
AC,2019Q4,2019   Q4,$10.9 B,13,BN,Brookfield Corp.,0.0331,Financials
AC,2019Q4,2019   Q4,$10.9 B,14,DHR,Danaher Corp.,0.0233,Healthcare
AC,2019Q4,2019   Q4,$10.9 B,15,CSGP,CoStar Group Inc.,0.0137,Real Estate
AC,2019Q4,2019   Q4,$10.9 B,16,ALRM,Alarm.Com Holdings,0.0063,Technology
AC,2019Q4,2019   Q4,$10.9 B,17,BRK.B,Berkshire Hathaway CL B,0.0059,Financials
AC,2019Q4,2019   Q4,$10.9 B,18,ANSS-OLD,ANSYS Inc.,0.0039000000000000003,Technology
AC,2019Q4,2019   Q4,$10.9 B,19,PRMW-OLD,Primo Water Corp.,0.0033,Consumer Staples
AC,2019Q4,2019   Q4,$10.9 B,20,BRK.A,Berkshire Hathaway CL A,0.0013,Financials
AC,2019Q3,2019   Q3,$10.1 B,1,AMT,American Tower Corp.,0.1567,Real Estate
AC,2019Q3,2019   Q3,$10.1 B,2,MA,Mastercard Inc.,0.1426,Financials
AC,2019Q3,2019   Q3,$10.1 B,3,MCO,Moody's Corp.,0.11470000000000001,Financials
AC,2019Q3,2019   Q3,$10.1 B,4,V,Visa Inc.,0.08289999999999999,Financials
AC,2019Q3,2019   Q3,$10.1 B,5,ORLY,O'Reilly Automotive,0.0741,Consumer Discretionary
AC,2019Q3,2019   Q3,$10.1 B,6,MKL,Markel Group Inc.,0.059800000000000006,Financials
AC,2019Q3,2019   Q3,$10.1 B,7,SBAC,SBA Communications Corp.,0.058600000000000006,Real Estate
AC,2019Q3,2019   Q3,$10.1 B,8,DLTR,Dollar Tree Inc.,0.0572,Consumer Staples
AC,2019Q3,2019   Q3,$10.1 B,9,ROP,Roper Technologies Inc.,0.055099999999999996,Technology
AC,2019Q3,2019   Q3,$10.1 B,10,KMX,CarMax Inc.,0.0545,Consumer Discretionary
AC,2019Q3,2019   Q3,$10.1 B,11,VRSK,Verisk Analytics Inc.,0.0397,Industrials
AC,2019Q3,2019   Q3,$10.1 B,12,KKR,KKR & Co. L.P.,0.0338,Financials
AC,2019Q3,2019   Q3,$10.1 B,13,BN,Brookfield Corp.,0.0279,Financials
AC,2019Q3,2019   Q3,$10.1 B,14,DHR,Danaher Corp.,0.0236,Healthcare
AC,2019Q3,2019   Q3,$10.1 B,15,ALRM,Alarm.Com Holdings,0.0063,Technology
AC,2019Q3,2019   Q3,$10.1 B,16,BRK.B,Berkshire Hathaway CL B,0.0059,Financials
AC,2019Q3,2019   Q3,$10.1 B,17,PRMW-OLD,Primo Water Corp.,0.0037,Consumer Staples
AC,2019Q3,2019   Q3,$10.1 B,18,BRK.A,Berkshire Hathaway CL A,0.0013,Financials
AC,2019Q3,2019   Q3,$10.1 B,19,OLLI,Ollie's Bargain Outlet Hldgs,0.0006,Consumer Staples
AC,2019Q3,2019   Q3,$10.1 B,20,GSHD,Goosehead Insurance Inc.,0.0005,Financials
AC,2019Q2,2019   Q2,$9.86 B,1,AMT,American Tower Corp.,0.149,Real Estate
AC,2019Q2,2019   Q2,$9.86 B,2,MA,Mastercard Inc.,0.1429,Financials
AC,2019Q2,2019   Q2,$9.86 B,3,MCO,Moody's Corp.,0.1125,Financials
AC,2019Q2,2019   Q2,$9.86 B,4,V,Visa Inc.,0.086,Financials
AC,2019Q2,2019   Q2,$9.86 B,5,ORLY,O'Reilly Automotive,0.0707,Consumer Discretionary
AC,2019Q2,2019   Q2,$9.86 B,6,ROP,Roper Technologies Inc.,0.0582,Technology
AC,2019Q2,2019   Q2,$9.86 B,7,MKL,Markel Group Inc.,0.0567,Financials
AC,2019Q2,2019   Q2,$9.86 B,8,SBAC,SBA Communications Corp.,0.0562,Real Estate
AC,2019Q2,2019   Q2,$9.86 B,9,DLTR,Dollar Tree Inc.,0.0554,Consumer Staples
AC,2019Q2,2019   Q2,$9.86 B,10,KMX,CarMax Inc.,0.0535,Consumer Discretionary
AC,2019Q2,2019   Q2,$9.86 B,11,VRSK,Verisk Analytics Inc.,0.0378,Industrials
AC,2019Q2,2019   Q2,$9.86 B,12,KKR,KKR & Co. L.P.,0.0327,Financials
AC,2019Q2,2019   Q2,$9.86 B,13,UI,Ubiquiti Inc.,0.0282,Technology
AC,2019Q2,2019   Q2,$9.86 B,14,DHR,Danaher Corp.,0.024,Healthcare
AC,2019Q2,2019   Q2,$9.86 B,15,AMTD,AMTD IDEA Group,0.017,Financials
AC,2019Q2,2019   Q2,$9.86 B,16,BRK.B,Berkshire Hathaway CL B,0.0062,Financials
AC,2019Q2,2019   Q2,$9.86 B,17,PRMW-OLD,Primo Water Corp.,0.0038,Consumer Staples
AC,2019Q2,2019   Q2,$9.86 B,18,ALRM,Alarm.Com Holdings,0.0033,Technology
AC,2019Q2,2019   Q2,$9.86 B,19,ESGR-OLD,Enstar Group Ltd.,0.0024,Financials
AC,2019Q2,2019   Q2,$9.86 B,20,BRK.A,Berkshire Hathaway CL A,0.0014000000000000002,Financials
AC,2019Q1,2019   Q1,$9.48 B,1,AMT,American Tower Corp.,0.1495,Real Estate
AC,2019Q1,2019   Q1,$9.48 B,2,MA,Mastercard Inc.,0.1324,Financials
AC,2019Q1,2019   Q1,$9.48 B,3,MCO,Moody's Corp.,0.10859999999999999,Financials
AC,2019Q1,2019   Q1,$9.48 B,4,V,Visa Inc.,0.0806,Financials
AC,2019Q1,2019   Q1,$9.48 B,5,ORLY,O'Reilly Automotive,0.07730000000000001,Consumer Discretionary
AC,2019Q1,2019   Q1,$9.48 B,6,ROP,Roper Technologies Inc.,0.056600000000000004,Technology
AC,2019Q1,2019   Q1,$9.48 B,7,DLTR,Dollar Tree Inc.,0.0564,Consumer Staples
AC,2019Q1,2019   Q1,$9.48 B,8,MKL,Markel Group Inc.,0.053899999999999997,Financials
AC,2019Q1,2019   Q1,$9.48 B,9,SBAC,SBA Communications Corp.,0.0519,Real Estate
AC,2019Q1,2019   Q1,$9.48 B,10,KMX,CarMax Inc.,0.044800000000000006,Consumer Discretionary
AC,2019Q1,2019   Q1,$9.48 B,11,UI,Ubiquiti Inc.,0.042300000000000004,Technology
AC,2019Q1,2019   Q1,$9.48 B,12,VRSK,Verisk Analytics Inc.,0.035699999999999996,Industrials
AC,2019Q1,2019   Q1,$9.48 B,13,KKR,KKR & Co. L.P.,0.0316,Financials
AC,2019Q1,2019   Q1,$9.48 B,14,DHR,Danaher Corp.,0.0231,Healthcare
AC,2019Q1,2019   Q1,$9.48 B,15,AMTD,AMTD IDEA Group,0.0177,Financials
AC,2019Q1,2019   Q1,$9.48 B,16,FOCS-OLD,Focus Financial Partners,0.011200000000000002,Unknown
AC,2019Q1,2019   Q1,$9.48 B,17,ESGR-OLD,Enstar Group Ltd.,0.0084,Financials
AC,2019Q1,2019   Q1,$9.48 B,18,BRK.B,Berkshire Hathaway CL B,0.0060999999999999995,Financials
AC,2019Q1,2019   Q1,$9.48 B,19,PRMW-OLD,Primo Water Corp.,0.004699999999999999,Consumer Staples
AC,2019Q1,2019   Q1,$9.48 B,20,ALRM,Alarm.Com Holdings,0.0040999999999999995,Technology
AC,2018Q4,2018   Q4,$7.9 B,1,AMT,American Tower Corp.,0.14150000000000001,Real Estate
AC,2018Q4,2018   Q4,$7.9 B,2,MA,Mastercard Inc.,0.1272,Financials
AC,2018Q4,2018   Q4,$7.9 B,3,MCO,Moody's Corp.,0.1007,Financials
AC,2018Q4,2018   Q4,$7.9 B,4,ORLY,O'Reilly Automotive,0.08220000000000001,Consumer Discretionary
AC,2018Q4,2018   Q4,$7.9 B,5,V,Visa Inc.,0.0816,Financials
AC,2018Q4,2018   Q4,$7.9 B,6,MKL,Markel Group Inc.,0.0674,Financials
AC,2018Q4,2018   Q4,$7.9 B,7,DLTR,Dollar Tree Inc.,0.0581,Consumer Staples
AC,2018Q4,2018   Q4,$7.9 B,8,ROP,Roper Technologies Inc.,0.0529,Technology
AC,2018Q4,2018   Q4,$7.9 B,9,SBAC,SBA Communications Corp.,0.050499999999999996,Real Estate
AC,2018Q4,2018   Q4,$7.9 B,10,KMX,CarMax Inc.,0.045899999999999996,Consumer Discretionary
AC,2018Q4,2018   Q4,$7.9 B,11,VRSK,Verisk Analytics Inc.,0.0351,Industrials
AC,2018Q4,2018   Q4,$7.9 B,12,UI,Ubiquiti Inc.,0.0337,Technology
AC,2018Q4,2018   Q4,$7.9 B,13,KKR,KKR & Co. L.P.,0.031400000000000004,Financials
AC,2018Q4,2018   Q4,$7.9 B,14,DHR,Danaher Corp.,0.0216,Healthcare
AC,2018Q4,2018   Q4,$7.9 B,15,AMTD,AMTD IDEA Group,0.0208,Financials
AC,2018Q4,2018   Q4,$7.9 B,16,ESGR-OLD,Enstar Group Ltd.,0.019,Financials
AC,2018Q4,2018   Q4,$7.9 B,17,FOCS-OLD,Focus Financial Partners,0.009899999999999999,Unknown
AC,2018Q4,2018   Q4,$7.9 B,18,BRK.B,Berkshire Hathaway CL B,0.0074,Financials
AC,2018Q4,2018   Q4,$7.9 B,19,PRMW-OLD,Primo Water Corp.,0.005,Consumer Staples
AC,2018Q4,2018   Q4,$7.9 B,20,ALRM,Alarm.Com Holdings,0.0039000000000000003,Technology
AC,2018Q3,2018   Q3,$8.57 B,1,MA,Mastercard Inc.,0.13849999999999998,Financials
AC,2018Q3,2018   Q3,$8.57 B,2,AMT,American Tower Corp.,0.1199,Real Estate
AC,2018Q3,2018   Q3,$8.57 B,3,MCO,Moody's Corp.,0.1109,Financials
AC,2018Q3,2018   Q3,$8.57 B,4,V,Visa Inc.,0.08560000000000001,Financials
AC,2018Q3,2018   Q3,$8.57 B,5,ORLY,O'Reilly Automotive,0.0765,Consumer Discretionary
AC,2018Q3,2018   Q3,$8.57 B,6,MKL,Markel Group Inc.,0.0712,Financials
AC,2018Q3,2018   Q3,$8.57 B,7,ROP,Roper Technologies Inc.,0.053899999999999997,Technology
AC,2018Q3,2018   Q3,$8.57 B,8,DLTR,Dollar Tree Inc.,0.0484,Consumer Staples
AC,2018Q3,2018   Q3,$8.57 B,9,SBAC,SBA Communications Corp.,0.0462,Real Estate
AC,2018Q3,2018   Q3,$8.57 B,10,KMX,CarMax Inc.,0.0458,Consumer Discretionary
AC,2018Q3,2018   Q3,$8.57 B,11,VRSK,Verisk Analytics Inc.,0.0358,Industrials
AC,2018Q3,2018   Q3,$8.57 B,12,KKR,KKR & Co. L.P.,0.0318,Financials
AC,2018Q3,2018   Q3,$8.57 B,13,UI,Ubiquiti Inc.,0.030899999999999997,Technology
AC,2018Q3,2018   Q3,$8.57 B,14,ESGR-OLD,Enstar Group Ltd.,0.0285,Financials
AC,2018Q3,2018   Q3,$8.57 B,15,DHR,Danaher Corp.,0.021,Healthcare
AC,2018Q3,2018   Q3,$8.57 B,16,AMTD,AMTD IDEA Group,0.0183,Financials
AC,2018Q3,2018   Q3,$8.57 B,17,FOCS-OLD,Focus Financial Partners,0.0152,Unknown
AC,2018Q3,2018   Q3,$8.57 B,18,BRK.B,Berkshire Hathaway CL B,0.0072,Financials
AC,2018Q3,2018   Q3,$8.57 B,19,PRMW-OLD,Primo Water Corp.,0.006,Consumer Staples
AC,2018Q3,2018   Q3,$8.57 B,20,ALRM,Alarm.Com Holdings,0.004,Technology
AC,2018Q2,2018   Q2,$7.92 B,1,MA,Mastercard Inc.,0.1323,Financials
AC,2018Q2,2018   Q2,$7.92 B,2,AMT,American Tower Corp.,0.1288,Real Estate
AC,2018Q2,2018   Q2,$7.92 B,3,MCO,Moody's Corp.,0.12240000000000001,Financials
AC,2018Q2,2018   Q2,$7.92 B,4,V,Visa Inc.,0.0818,Financials
AC,2018Q2,2018   Q2,$7.92 B,5,MKL,Markel Group Inc.,0.0703,Financials
AC,2018Q2,2018   Q2,$7.92 B,6,ORLY,O'Reilly Automotive,0.0653,Consumer Discretionary
AC,2018Q2,2018   Q2,$7.92 B,7,ROP,Roper Technologies Inc.,0.054400000000000004,Technology
AC,2018Q2,2018   Q2,$7.92 B,8,DLTR,Dollar Tree Inc.,0.054000000000000006,Consumer Staples
AC,2018Q2,2018   Q2,$7.92 B,9,SBAC,SBA Communications Corp.,0.051399999999999994,Real Estate
AC,2018Q2,2018   Q2,$7.92 B,10,KMX,CarMax Inc.,0.0484,Consumer Discretionary
AC,2018Q2,2018   Q2,$7.92 B,11,VRSK,Verisk Analytics Inc.,0.0346,Industrials
AC,2018Q2,2018   Q2,$7.92 B,12,ESGR-OLD,Enstar Group Ltd.,0.0345,Financials
AC,2018Q2,2018   Q2,$7.92 B,13,KKR,KKR & Co. L.P.,0.031400000000000004,Financials
AC,2018Q2,2018   Q2,$7.92 B,14,UI,Ubiquiti Inc.,0.0287,Technology
AC,2018Q2,2018   Q2,$7.92 B,15,DHR,Danaher Corp.,0.0206,Healthcare
AC,2018Q2,2018   Q2,$7.92 B,16,AMTD,AMTD IDEA Group,0.020499999999999997,Financials
AC,2018Q2,2018   Q2,$7.92 B,17,BRK.B,Berkshire Hathaway CL B,0.0068000000000000005,Financials
AC,2018Q2,2018   Q2,$7.92 B,18,PRMW-OLD,Primo Water Corp.,0.0063,Consumer Staples
AC,2018Q2,2018   Q2,$7.92 B,19,ALRM,Alarm.Com Holdings,0.0031,Technology
AC,2018Q2,2018   Q2,$7.92 B,20,DHIL-OLD,Diamond Hill Investment Group Inc.,0.0016,Financials
AC,2018Q1,2018   Q1,$7.62 B,1,AMT,American Tower Corp.,0.1346,Real Estate
AC,2018Q1,2018   Q1,$7.62 B,2,MA,Mastercard Inc.,0.12240000000000001,Financials
AC,2018Q1,2018   Q1,$7.62 B,3,MCO,Moody's Corp.,0.12029999999999999,Financials
AC,2018Q1,2018   Q1,$7.62 B,4,MKL,Markel Group Inc.,0.0788,Financials
AC,2018Q1,2018   Q1,$7.62 B,5,V,Visa Inc.,0.0767,Financials
AC,2018Q1,2018   Q1,$7.62 B,6,ORLY,O'Reilly Automotive,0.061500000000000006,Consumer Discretionary
AC,2018Q1,2018   Q1,$7.62 B,7,DLTR,Dollar Tree Inc.,0.0602,Consumer Staples
AC,2018Q1,2018   Q1,$7.62 B,8,ROP,Roper Technologies Inc.,0.057300000000000004,Technology
AC,2018Q1,2018   Q1,$7.62 B,9,SBAC,SBA Communications Corp.,0.0553,Real Estate
AC,2018Q1,2018   Q1,$7.62 B,10,KMX,CarMax Inc.,0.042,Consumer Discretionary
AC,2018Q1,2018   Q1,$7.62 B,11,ESGR-OLD,Enstar Group Ltd.,0.0388,Financials
AC,2018Q1,2018   Q1,$7.62 B,12,VRSK,Verisk Analytics Inc.,0.0351,Industrials
AC,2018Q1,2018   Q1,$7.62 B,13,UI,Ubiquiti Inc.,0.0242,Technology
AC,2018Q1,2018   Q1,$7.62 B,14,AMTD,AMTD IDEA Group,0.0232,Financials
AC,2018Q1,2018   Q1,$7.62 B,15,DHR,Danaher Corp.,0.0213,Healthcare
AC,2018Q1,2018   Q1,$7.62 B,16,LKQ,LKQ Corp.,0.015700000000000002,Consumer Discretionary
AC,2018Q1,2018   Q1,$7.62 B,17,KKR,KKR & Co. L.P.,0.0128,Financials
AC,2018Q1,2018   Q1,$7.62 B,18,BRK.B,Berkshire Hathaway CL B,0.0075,Financials
AC,2018Q1,2018   Q1,$7.62 B,19,DHIL-OLD,Diamond Hill Investment Group Inc.,0.0039000000000000003,Financials
AC,2018Q1,2018   Q1,$7.62 B,20,PRMW-OLD,Primo Water Corp.,0.0029,Consumer Staples
AC,2017Q4,2017   Q4,$7.19 B,1,AMT,American Tower Corp.,0.1348,Real Estate
AC,2017Q4,2017   Q4,$7.19 B,2,MCO,Moody's Corp.,0.1168,Financials
AC,2017Q4,2017   Q4,$7.19 B,3,MA,Mastercard Inc.,0.11220000000000001,Financials
AC,2017Q4,2017   Q4,$7.19 B,4,MKL,Markel Group Inc.,0.0815,Financials
AC,2017Q4,2017   Q4,$7.19 B,5,V,Visa Inc.,0.0776,Financials
AC,2017Q4,2017   Q4,$7.19 B,6,DLTR,Dollar Tree Inc.,0.0723,Consumer Staples
AC,2017Q4,2017   Q4,$7.19 B,7,ORLY,O'Reilly Automotive,0.0634,Consumer Discretionary
AC,2017Q4,2017   Q4,$7.19 B,8,ROP,Roper Technologies Inc.,0.056100000000000004,Technology
AC,2017Q4,2017   Q4,$7.19 B,9,SBAC,SBA Communications Corp.,0.055999999999999994,Real Estate
AC,2017Q4,2017   Q4,$7.19 B,10,KMX,CarMax Inc.,0.046,Consumer Discretionary
AC,2017Q4,2017   Q4,$7.19 B,11,ESGR-OLD,Enstar Group Ltd.,0.0404,Financials
AC,2017Q4,2017   Q4,$7.19 B,12,VRSK,Verisk Analytics Inc.,0.0345,Industrials
AC,2017Q4,2017   Q4,$7.19 B,13,UI,Ubiquiti Inc.,0.0265,Technology
AC,2017Q4,2017   Q4,$7.19 B,14,DHR,Danaher Corp.,0.021400000000000002,Healthcare
AC,2017Q4,2017   Q4,$7.19 B,15,AMTD,AMTD IDEA Group,0.021099999999999997,Financials
AC,2017Q4,2017   Q4,$7.19 B,16,LKQ,LKQ Corp.,0.0178,Consumer Discretionary
AC,2017Q4,2017   Q4,$7.19 B,17,BRK.B,Berkshire Hathaway CL B,0.0079,Financials
AC,2017Q4,2017   Q4,$7.19 B,18,DHIL-OLD,Diamond Hill Investment Group Inc.,0.0042,Financials
AC,2017Q4,2017   Q4,$7.19 B,19,PRMW-OLD,Primo Water Corp.,0.0033,Consumer Staples
AC,2017Q4,2017   Q4,$7.19 B,20,ALRM,Alarm.Com Holdings,0.0025,Technology
AC,2017Q3,2017   Q3,$6.81 B,1,AMT,American Tower Corp.,0.1364,Real Estate
AC,2017Q3,2017   Q3,$6.81 B,2,MCO,Moody's Corp.,0.11630000000000001,Financials
AC,2017Q3,2017   Q3,$6.81 B,3,MA,Mastercard Inc.,0.1105,Financials
AC,2017Q3,2017   Q3,$6.81 B,4,MKL,Markel Group Inc.,0.0806,Financials
AC,2017Q3,2017   Q3,$6.81 B,5,V,Visa Inc.,0.0756,Financials
AC,2017Q3,2017   Q3,$6.81 B,6,DLTR,Dollar Tree Inc.,0.0617,Consumer Staples
AC,2017Q3,2017   Q3,$6.81 B,7,ORLY,O'Reilly Automotive,0.0599,Consumer Discretionary
AC,2017Q3,2017   Q3,$6.81 B,8,KMX,CarMax Inc.,0.0574,Consumer Discretionary
AC,2017Q3,2017   Q3,$6.81 B,9,ROP,Roper Technologies Inc.,0.0556,Technology
AC,2017Q3,2017   Q3,$6.81 B,10,SBAC,SBA Communications Corp.,0.052199999999999996,Real Estate
AC,2017Q3,2017   Q3,$6.81 B,11,ESGR-OLD,Enstar Group Ltd.,0.0472,Financials
AC,2017Q3,2017   Q3,$6.81 B,12,VRSK,Verisk Analytics Inc.,0.0316,Industrials
AC,2017Q3,2017   Q3,$6.81 B,13,UI,Ubiquiti Inc.,0.022099999999999998,Technology
AC,2017Q3,2017   Q3,$6.81 B,14,AMTD,AMTD IDEA Group,0.0213,Financials
AC,2017Q3,2017   Q3,$6.81 B,15,DHR,Danaher Corp.,0.0209,Healthcare
AC,2017Q3,2017   Q3,$6.81 B,16,LKQ,LKQ Corp.,0.0167,Consumer Discretionary
AC,2017Q3,2017   Q3,$6.81 B,17,MNRO,Monro Inc.,0.0132,Consumer Discretionary
AC,2017Q3,2017   Q3,$6.81 B,18,BRK.B,Berkshire Hathaway CL B,0.0077,Financials
AC,2017Q3,2017   Q3,$6.81 B,19,DHIL-OLD,Diamond Hill Investment Group Inc.,0.0045000000000000005,Financials
AC,2017Q3,2017   Q3,$6.81 B,20,PRMW-OLD,Primo Water Corp.,0.003,Consumer Staples
AC,2017Q2,2017   Q2,$6.09 B,1,AMT,American Tower Corp.,0.14800000000000002,Real Estate
AC,2017Q2,2017   Q2,$6.09 B,2,MCO,Moody's Corp.,0.1139,Financials
AC,2017Q2,2017   Q2,$6.09 B,3,MA,Mastercard Inc.,0.1066,Financials
AC,2017Q2,2017   Q2,$6.09 B,4,MKL,Markel Group Inc.,0.0827,Financials
AC,2017Q2,2017   Q2,$6.09 B,5,V,Visa Inc.,0.0753,Financials
AC,2017Q2,2017   Q2,$6.09 B,6,ROP,Roper Technologies Inc.,0.0596,Technology
AC,2017Q2,2017   Q2,$6.09 B,7,DLTR,Dollar Tree Inc.,0.0556,Consumer Staples
AC,2017Q2,2017   Q2,$6.09 B,8,SBAC,SBA Communications Corp.,0.0546,Real Estate
AC,2017Q2,2017   Q2,$6.09 B,9,KMX,CarMax Inc.,0.0535,Consumer Discretionary
AC,2017Q2,2017   Q2,$6.09 B,10,ESGR-OLD,Enstar Group Ltd.,0.0475,Financials
AC,2017Q2,2017   Q2,$6.09 B,11,ORLY,O'Reilly Automotive,0.0429,Consumer Discretionary
AC,2017Q2,2017   Q2,$6.09 B,12,VRSK,Verisk Analytics Inc.,0.0361,Industrials
AC,2017Q2,2017   Q2,$6.09 B,13,DHR,Danaher Corp.,0.0229,Healthcare
AC,2017Q2,2017   Q2,$6.09 B,14,UI,Ubiquiti Inc.,0.0229,Technology
AC,2017Q2,2017   Q2,$6.09 B,15,AMTD,AMTD IDEA Group,0.021,Financials
AC,2017Q2,2017   Q2,$6.09 B,16,LKQ,LKQ Corp.,0.0192,Consumer Discretionary
AC,2017Q2,2017   Q2,$6.09 B,17,MNRO,Monro Inc.,0.0111,Consumer Discretionary
AC,2017Q2,2017   Q2,$6.09 B,18,BRK.B,Berkshire Hathaway CL B,0.0109,Financials
AC,2017Q2,2017   Q2,$6.09 B,19,DHIL-OLD,Diamond Hill Investment Group Inc.,0.0048,Financials
AC,2017Q2,2017   Q2,$6.09 B,20,PRMW-OLD,Primo Water Corp.,0.0034999999999999996,Consumer Staples
AC,2017Q1,2017   Q1,$6.02 B,1,AMT,American Tower Corp.,0.1354,Real Estate
AC,2017Q1,2017   Q1,$6.02 B,2,MCO,Moody's Corp.,0.1058,Financials
AC,2017Q1,2017   Q1,$6.02 B,3,MA,Mastercard Inc.,0.09970000000000001,Financials
AC,2017Q1,2017   Q1,$6.02 B,4,MKL,Markel Group Inc.,0.0834,Financials
AC,2017Q1,2017   Q1,$6.02 B,5,V,Visa Inc.,0.0722,Financials
AC,2017Q1,2017   Q1,$6.02 B,6,DLTR,Dollar Tree Inc.,0.0547,Consumer Staples
AC,2017Q1,2017   Q1,$6.02 B,7,ROP,Roper Technologies Inc.,0.0536,Technology
AC,2017Q1,2017   Q1,$6.02 B,8,KMX,CarMax Inc.,0.0508,Consumer Discretionary
AC,2017Q1,2017   Q1,$6.02 B,9,SBAC,SBA Communications Corp.,0.0493,Real Estate
AC,2017Q1,2017   Q1,$6.02 B,10,ESGR-OLD,Enstar Group Ltd.,0.046,Financials
AC,2017Q1,2017   Q1,$6.02 B,11,ORLY,O'Reilly Automotive,0.037000000000000005,Consumer Discretionary
AC,2017Q1,2017   Q1,$6.02 B,12,VRSK,Verisk Analytics Inc.,0.0349,Industrials
AC,2017Q1,2017   Q1,$6.02 B,13,ENOV,Enovis Corp.,0.030699999999999998,Healthcare
AC,2017Q1,2017   Q1,$6.02 B,14,DHR,Danaher Corp.,0.0235,Healthcare
AC,2017Q1,2017   Q1,$6.02 B,15,UI,Ubiquiti Inc.,0.022400000000000003,Technology
AC,2017Q1,2017   Q1,$6.02 B,16,AMTD,AMTD IDEA Group,0.0192,Financials
AC,2017Q1,2017   Q1,$6.02 B,17,DG,Dollar General,0.0174,Consumer Staples
AC,2017Q1,2017   Q1,$6.02 B,18,LKQ,LKQ Corp.,0.0173,Consumer Discretionary
AC,2017Q1,2017   Q1,$6.02 B,19,MNRO,Monro Inc.,0.0138,Consumer Discretionary
AC,2017Q1,2017   Q1,$6.02 B,20,BRK.B,Berkshire Hathaway CL B,0.0106,Financials
AC,2016Q4,2016   Q4,$5.39 B,1,AMT,American Tower Corp.,0.13140000000000002,Real Estate
AC,2016Q4,2016   Q4,$5.39 B,2,MA,Mastercard Inc.,0.0901,Financials
AC,2016Q4,2016   Q4,$5.39 B,3,MKL,Markel Group Inc.,0.0862,Financials
AC,2016Q4,2016   Q4,$5.39 B,4,MCO,Moody's Corp.,0.0815,Financials
AC,2016Q4,2016   Q4,$5.39 B,5,KMX,CarMax Inc.,0.0616,Consumer Discretionary
AC,2016Q4,2016   Q4,$5.39 B,6,DLTR,Dollar Tree Inc.,0.0599,Consumer Staples
AC,2016Q4,2016   Q4,$5.39 B,7,ESGR-OLD,Enstar Group Ltd.,0.053099999999999994,Financials
AC,2016Q4,2016   Q4,$5.39 B,8,ROP,Roper Technologies Inc.,0.053,Technology
AC,2016Q4,2016   Q4,$5.39 B,9,V,Visa Inc.,0.0524,Financials
AC,2016Q4,2016   Q4,$5.39 B,10,SBAC,SBA Communications Corp.,0.0472,Real Estate
AC,2016Q4,2016   Q4,$5.39 B,11,ORLY,O'Reilly Automotive,0.0426,Consumer Discretionary
AC,2016Q4,2016   Q4,$5.39 B,12,VRSK,Verisk Analytics Inc.,0.038900000000000004,Industrials
AC,2016Q4,2016   Q4,$5.39 B,13,ENOV,Enovis Corp.,0.0313,Healthcare
AC,2016Q4,2016   Q4,$5.39 B,14,UI,Ubiquiti Inc.,0.0287,Technology
AC,2016Q4,2016   Q4,$5.39 B,15,AMTD,AMTD IDEA Group,0.024,Financials
AC,2016Q4,2016   Q4,$5.39 B,16,DHR,Danaher Corp.,0.0239,Healthcare
AC,2016Q4,2016   Q4,$5.39 B,17,DG,Dollar General,0.0206,Consumer Staples
AC,2016Q4,2016   Q4,$5.39 B,18,LKQ,LKQ Corp.,0.0202,Consumer Discretionary
AC,2016Q4,2016   Q4,$5.39 B,19,MNRO,Monro Inc.,0.016200000000000003,Consumer Discretionary
AC,2016Q4,2016   Q4,$5.39 B,20,BRK.B,Berkshire Hathaway CL B,0.0116,Financials
AC,2016Q3,2016   Q3,$5.14 B,1,AMT,American Tower Corp.,0.139,Real Estate
AC,2016Q3,2016   Q3,$5.14 B,2,MA,Mastercard Inc.,0.0932,Financials
AC,2016Q3,2016   Q3,$5.14 B,3,MKL,Markel Group Inc.,0.0931,Financials
AC,2016Q3,2016   Q3,$5.14 B,4,MCO,Moody's Corp.,0.0851,Financials
AC,2016Q3,2016   Q3,$5.14 B,5,DLTR,Dollar Tree Inc.,0.0643,Consumer Staples
AC,2016Q3,2016   Q3,$5.14 B,6,V,Visa Inc.,0.0582,Financials
AC,2016Q3,2016   Q3,$5.14 B,7,ROP,Roper Technologies Inc.,0.0554,Technology
AC,2016Q3,2016   Q3,$5.14 B,8,KMX,CarMax Inc.,0.051500000000000004,Consumer Discretionary
AC,2016Q3,2016   Q3,$5.14 B,9,ESGR-OLD,Enstar Group Ltd.,0.0464,Financials
AC,2016Q3,2016   Q3,$5.14 B,10,ORLY,O'Reilly Automotive,0.0451,Consumer Discretionary
AC,2016Q3,2016   Q3,$5.14 B,11,VRSK,Verisk Analytics Inc.,0.0409,Industrials
AC,2016Q3,2016   Q3,$5.14 B,12,SBAC,SBA Communications Corp.,0.0407,Real Estate
AC,2016Q3,2016   Q3,$5.14 B,13,ENOV,Enovis Corp.,0.0373,Healthcare
AC,2016Q3,2016   Q3,$5.14 B,14,UI,Ubiquiti Inc.,0.0279,Technology
AC,2016Q3,2016   Q3,$5.14 B,15,LKQ,LKQ Corp.,0.0245,Consumer Discretionary
AC,2016Q3,2016   Q3,$5.14 B,16,DHR,Danaher Corp.,0.0229,Healthcare
AC,2016Q3,2016   Q3,$5.14 B,17,AMTD,AMTD IDEA Group,0.0203,Financials
AC,2016Q3,2016   Q3,$5.14 B,18,MNRO,Monro Inc.,0.0179,Consumer Discretionary
AC,2016Q3,2016   Q3,$5.14 B,19,BRK.B,Berkshire Hathaway CL B,0.0108,Financials
AC,2016Q3,2016   Q3,$5.14 B,20,FTV,Fortive Corp.,0.0074,Technology
AC,2016Q2,2016   Q2,$5.17 B,1,AMT,American Tower Corp.,0.141,Real Estate
AC,2016Q2,2016   Q2,$5.17 B,2,MKL,Markel Group Inc.,0.09449999999999999,Financials
AC,2016Q2,2016   Q2,$5.17 B,3,MA,Mastercard Inc.,0.0867,Financials
AC,2016Q2,2016   Q2,$5.17 B,4,MCO,Moody's Corp.,0.0828,Financials
AC,2016Q2,2016   Q2,$5.17 B,5,DLTR,Dollar Tree Inc.,0.0779,Consumer Staples
AC,2016Q2,2016   Q2,$5.17 B,6,KMX,CarMax Inc.,0.0558,Consumer Discretionary
AC,2016Q2,2016   Q2,$5.17 B,7,V,Visa Inc.,0.0545,Financials
AC,2016Q2,2016   Q2,$5.17 B,8,ROP,Roper Technologies Inc.,0.051399999999999994,Technology
AC,2016Q2,2016   Q2,$5.17 B,9,ESGR-OLD,Enstar Group Ltd.,0.0467,Financials
AC,2016Q2,2016   Q2,$5.17 B,10,ORLY,O'Reilly Automotive,0.04650000000000001,Consumer Discretionary
AC,2016Q2,2016   Q2,$5.17 B,11,VRSK,Verisk Analytics Inc.,0.0426,Industrials
AC,2016Q2,2016   Q2,$5.17 B,12,SBAC,SBA Communications Corp.,0.0415,Real Estate
AC,2016Q2,2016   Q2,$5.17 B,13,ENOV,Enovis Corp.,0.0346,Healthcare
AC,2016Q2,2016   Q2,$5.17 B,14,DHR,Danaher Corp.,0.0236,Healthcare
AC,2016Q2,2016   Q2,$5.17 B,15,LKQ,LKQ Corp.,0.0236,Consumer Discretionary
AC,2016Q2,2016   Q2,$5.17 B,16,UI,Ubiquiti Inc.,0.0232,Technology
AC,2016Q2,2016   Q2,$5.17 B,17,MNRO,Monro Inc.,0.0183,Consumer Discretionary
AC,2016Q2,2016   Q2,$5.17 B,18,AMTD,AMTD IDEA Group,0.0174,Financials
AC,2016Q2,2016   Q2,$5.17 B,19,BRK.B,Berkshire Hathaway CL B,0.0108,Financials
AC,2016Q2,2016   Q2,$5.17 B,20,FTV,Fortive Corp.,0.006999999999999999,Technology
AC,2016Q1,2016   Q1,$4.68 B,1,AMT,American Tower Corp.,0.138,Real Estate
AC,2016Q1,2016   Q1,$4.68 B,2,MKL,Markel Group Inc.,0.09820000000000001,Financials
AC,2016Q1,2016   Q1,$4.68 B,3,MA,Mastercard Inc.,0.0951,Financials
AC,2016Q1,2016   Q1,$4.68 B,4,MCO,Moody's Corp.,0.0828,Financials
AC,2016Q1,2016   Q1,$4.68 B,5,DLTR,Dollar Tree Inc.,0.0738,Consumer Staples
AC,2016Q1,2016   Q1,$4.68 B,6,ROP,Roper Technologies Inc.,0.0512,Technology
AC,2016Q1,2016   Q1,$4.68 B,7,ESGR-OLD,Enstar Group Ltd.,0.0504,Financials
AC,2016Q1,2016   Q1,$4.68 B,8,ORLY,O'Reilly Automotive,0.0484,Consumer Discretionary
AC,2016Q1,2016   Q1,$4.68 B,9,KMX,CarMax Inc.,0.0471,Consumer Discretionary
AC,2016Q1,2016   Q1,$4.68 B,10,ENOV,Enovis Corp.,0.04650000000000001,Healthcare
AC,2016Q1,2016   Q1,$4.68 B,11,VRSK,Verisk Analytics Inc.,0.0441,Industrials
AC,2016Q1,2016   Q1,$4.68 B,12,SBAC,SBA Communications Corp.,0.039900000000000005,Real Estate
AC,2016Q1,2016   Q1,$4.68 B,13,V,Visa Inc.,0.0374,Financials
AC,2016Q1,2016   Q1,$4.68 B,14,DHR,Danaher Corp.,0.0304,Healthcare
AC,2016Q1,2016   Q1,$4.68 B,15,LKQ,LKQ Corp.,0.0232,Consumer Discretionary
AC,2016Q1,2016   Q1,$4.68 B,16,MNRO,Monro Inc.,0.023,Consumer Discretionary
AC,2016Q1,2016   Q1,$4.68 B,17,AMTD,AMTD IDEA Group,0.02,Financials
AC,2016Q1,2016   Q1,$4.68 B,18,UI,Ubiquiti Inc.,0.019,Technology
AC,2016Q1,2016   Q1,$4.68 B,19,BRK.B,Berkshire Hathaway CL B,0.011699999999999999,Financials
AC,2016Q1,2016   Q1,$4.68 B,20,DHIL-OLD,Diamond Hill Investment Group Inc.,0.0055000000000000005,Financials
AC,2015Q4,2015   Q4,$4.44 B,1,AMT,American Tower Corp.,0.1378,Real Estate
AC,2015Q4,2015   Q4,$4.44 B,2,MA,Mastercard Inc.,0.1033,Financials
AC,2015Q4,2015   Q4,$4.44 B,3,MKL,Markel Group Inc.,0.1026,Financials
AC,2015Q4,2015   Q4,$4.44 B,4,MCO,Moody's Corp.,0.0827,Financials
AC,2015Q4,2015   Q4,$4.44 B,5,DLTR,Dollar Tree Inc.,0.0728,Consumer Staples
AC,2015Q4,2015   Q4,$4.44 B,6,ROP,Roper Technologies Inc.,0.057699999999999994,Technology
AC,2015Q4,2015   Q4,$4.44 B,7,ORLY,O'Reilly Automotive,0.0473,Consumer Discretionary
AC,2015Q4,2015   Q4,$4.44 B,8,VRSK,Verisk Analytics Inc.,0.0447,Industrials
AC,2015Q4,2015   Q4,$4.44 B,9,SBAC,SBA Communications Corp.,0.0426,Real Estate
AC,2015Q4,2015   Q4,$4.44 B,10,KMX,CarMax Inc.,0.0415,Consumer Discretionary
AC,2015Q4,2015   Q4,$4.44 B,11,V,Visa Inc.,0.039900000000000005,Financials
AC,2015Q4,2015   Q4,$4.44 B,12,ESGR-OLD,Enstar Group Ltd.,0.0398,Financials
AC,2015Q4,2015   Q4,$4.44 B,13,ENOV,Enovis Corp.,0.038599999999999995,Healthcare
AC,2015Q4,2015   Q4,$4.44 B,14,DHR,Danaher Corp.,0.031400000000000004,Healthcare
AC,2015Q4,2015   Q4,$4.44 B,15,AMTD,AMTD IDEA Group,0.0232,Financials
AC,2015Q4,2015   Q4,$4.44 B,16,MNRO,Monro Inc.,0.0225,Consumer Discretionary
AC,2015Q4,2015   Q4,$4.44 B,17,LKQ,LKQ Corp.,0.0212,Consumer Discretionary
AC,2015Q4,2015   Q4,$4.44 B,18,UI,Ubiquiti Inc.,0.0191,Technology
AC,2015Q4,2015   Q4,$4.44 B,19,BRK.B,Berkshire Hathaway CL B,0.0115,Financials
AC,2015Q4,2015   Q4,$4.44 B,20,DHIL-OLD,Diamond Hill Investment Group Inc.,0.0062,Financials
AC,2015Q3,2015   Q3,$4.25 B,1,AMT,American Tower Corp.,0.1305,Real Estate
AC,2015Q3,2015   Q3,$4.25 B,2,MA,Mastercard Inc.,0.0998,Financials
AC,2015Q3,2015   Q3,$4.25 B,3,MKL,Markel Group Inc.,0.09720000000000001,Financials
AC,2015Q3,2015   Q3,$4.25 B,4,MCO,Moody's Corp.,0.0833,Financials
AC,2015Q3,2015   Q3,$4.25 B,5,DLTR,Dollar Tree Inc.,0.06509999999999999,Consumer Staples
AC,2015Q3,2015   Q3,$4.25 B,6,ROP,Roper Technologies Inc.,0.049699999999999994,Technology
AC,2015Q3,2015   Q3,$4.25 B,7,ENOV,Enovis Corp.,0.0495,Healthcare
AC,2015Q3,2015   Q3,$4.25 B,8,ORLY,O'Reilly Automotive,0.0487,Consumer Discretionary
AC,2015Q3,2015   Q3,$4.25 B,9,KMX,CarMax Inc.,0.0387,Consumer Discretionary
AC,2015Q3,2015   Q3,$4.25 B,10,V,Visa Inc.,0.0374,Financials
AC,2015Q3,2015   Q3,$4.25 B,11,VRSK,Verisk Analytics Inc.,0.037200000000000004,Industrials
AC,2015Q3,2015   Q3,$4.25 B,12,ESGR-OLD,Enstar Group Ltd.,0.037000000000000005,Financials
AC,2015Q3,2015   Q3,$4.25 B,13,LYV,Live Nation Inc.,0.0354,Communication Services
AC,2015Q3,2015   Q3,$4.25 B,14,SBAC,SBA Communications Corp.,0.0333,Real Estate
AC,2015Q3,2015   Q3,$4.25 B,15,DHR,Danaher Corp.,0.0301,Healthcare
AC,2015Q3,2015   Q3,$4.25 B,16,AMTD,AMTD IDEA Group,0.0242,Financials
AC,2015Q3,2015   Q3,$4.25 B,17,MNRO,Monro Inc.,0.024,Consumer Discretionary
AC,2015Q3,2015   Q3,$4.25 B,18,UI,Ubiquiti Inc.,0.021400000000000002,Technology
AC,2015Q3,2015   Q3,$4.25 B,19,LKQ,LKQ Corp.,0.0172,Consumer Discretionary
AC,2015Q3,2015   Q3,$4.25 B,20,BRK.B,Berkshire Hathaway CL B,0.0126,Financials
AC,2015Q2,2015   Q2,$4.09 B,1,AMT,American Tower Corp.,0.12029999999999999,Real Estate
AC,2015Q2,2015   Q2,$4.09 B,2,MKL,Markel Group Inc.,0.1012,Financials
AC,2015Q2,2015   Q2,$4.09 B,3,MA,Mastercard Inc.,0.099,Financials
AC,2015Q2,2015   Q2,$4.09 B,4,MCO,Moody's Corp.,0.0941,Financials
AC,2015Q2,2015   Q2,$4.09 B,5,DLTR,Dollar Tree Inc.,0.06860000000000001,Consumer Staples
AC,2015Q2,2015   Q2,$4.09 B,6,ENOV,Enovis Corp.,0.06570000000000001,Healthcare
AC,2015Q2,2015   Q2,$4.09 B,7,ROP,Roper Technologies Inc.,0.0538,Technology
AC,2015Q2,2015   Q2,$4.09 B,8,ORLY,O'Reilly Automotive,0.045899999999999996,Consumer Discretionary
AC,2015Q2,2015   Q2,$4.09 B,9,LYV,Live Nation Inc.,0.0421,Communication Services
AC,2015Q2,2015   Q2,$4.09 B,10,V,Visa Inc.,0.0375,Financials
AC,2015Q2,2015   Q2,$4.09 B,11,VRSK,Verisk Analytics Inc.,0.0354,Industrials
AC,2015Q2,2015   Q2,$4.09 B,12,SBAC,SBA Communications Corp.,0.0337,Real Estate
AC,2015Q2,2015   Q2,$4.09 B,13,DHR,Danaher Corp.,0.031400000000000004,Healthcare
AC,2015Q2,2015   Q2,$4.09 B,14,AMTD,AMTD IDEA Group,0.028399999999999998,Financials
AC,2015Q2,2015   Q2,$4.09 B,15,KMX,CarMax Inc.,0.0275,Consumer Discretionary
AC,2015Q2,2015   Q2,$4.09 B,16,MNRO,Monro Inc.,0.0229,Consumer Discretionary
AC,2015Q2,2015   Q2,$4.09 B,17,ESGR-OLD,Enstar Group Ltd.,0.0216,Financials
AC,2015Q2,2015   Q2,$4.09 B,18,UI,Ubiquiti Inc.,0.0209,Technology
AC,2015Q2,2015   Q2,$4.09 B,19,LPLA,LPL Financial Holdings Inc.,0.015,Financials
AC,2015Q2,2015   Q2,$4.09 B,20,BRK.B,Berkshire Hathaway CL B,0.0105,Financials
AC,2015Q1,2015   Q1,$3.9 B,1,MA,Mastercard Inc.,0.0999,Financials
AC,2015Q1,2015   Q1,$3.9 B,2,AMT,American Tower Corp.,0.09820000000000001,Real Estate
AC,2015Q1,2015   Q1,$3.9 B,3,MCO,Moody's Corp.,0.098,Financials
AC,2015Q1,2015   Q1,$3.9 B,4,MKL,Markel Group Inc.,0.09789999999999999,Financials
AC,2015Q1,2015   Q1,$3.9 B,5,ENOV,Enovis Corp.,0.0739,Healthcare
AC,2015Q1,2015   Q1,$3.9 B,6,DLTR,Dollar Tree Inc.,0.0694,Consumer Staples
AC,2015Q1,2015   Q1,$3.9 B,7,ROP,Roper Technologies Inc.,0.0526,Technology
AC,2015Q1,2015   Q1,$3.9 B,8,ORLY,O'Reilly Automotive,0.0458,Consumer Discretionary
AC,2015Q1,2015   Q1,$3.9 B,9,LYV,Live Nation Inc.,0.04019999999999999,Communication Services
AC,2015Q1,2015   Q1,$3.9 B,10,V,Visa Inc.,0.0387,Financials
AC,2015Q1,2015   Q1,$3.9 B,11,DISCA-OLD,Discovery Inc. OLD,0.0358,Unknown
AC,2015Q1,2015   Q1,$3.9 B,12,SBAC,SBA Communications Corp.,0.0356,Real Estate
AC,2015Q1,2015   Q1,$3.9 B,13,DHR,Danaher Corp.,0.0315,Healthcare
AC,2015Q1,2015   Q1,$3.9 B,14,KMX,CarMax Inc.,0.0297,Consumer Discretionary
AC,2015Q1,2015   Q1,$3.9 B,15,AMTD,AMTD IDEA Group,0.0294,Financials
AC,2015Q1,2015   Q1,$3.9 B,16,MNRO,Monro Inc.,0.0231,Consumer Discretionary
AC,2015Q1,2015   Q1,$3.9 B,17,ESGR-OLD,Enstar Group Ltd.,0.020099999999999996,Financials
AC,2015Q1,2015   Q1,$3.9 B,18,VRSK,Verisk Analytics Inc.,0.0191,Industrials
AC,2015Q1,2015   Q1,$3.9 B,19,UI,Ubiquiti Inc.,0.0189,Technology
AC,2015Q1,2015   Q1,$3.9 B,20,LPLA,LPL Financial Holdings Inc.,0.0152,Financials
AC,2014Q4,2014   Q4,$3.78 B,1,AMT,American Tower Corp.,0.1051,Real Estate
AC,2014Q4,2014   Q4,$3.78 B,2,MA,Mastercard Inc.,0.0973,Financials
AC,2014Q4,2014   Q4,$3.78 B,3,MKL,Markel Group Inc.,0.09210000000000002,Financials
AC,2014Q4,2014   Q4,$3.78 B,4,MCO,Moody's Corp.,0.0892,Financials
AC,2014Q4,2014   Q4,$3.78 B,5,ENOV,Enovis Corp.,0.07919999999999999,Healthcare
AC,2014Q4,2014   Q4,$3.78 B,6,DLTR,Dollar Tree Inc.,0.0652,Consumer Staples
AC,2014Q4,2014   Q4,$3.78 B,7,DISCA-OLD,Discovery Inc. OLD,0.0513,Unknown
AC,2014Q4,2014   Q4,$3.78 B,8,ROP,Roper Technologies Inc.,0.047400000000000005,Technology
AC,2014Q4,2014   Q4,$3.78 B,9,LYV,Live Nation Inc.,0.043899999999999995,Communication Services
AC,2014Q4,2014   Q4,$3.78 B,10,ORLY,O'Reilly Automotive,0.0416,Consumer Discretionary
AC,2014Q4,2014   Q4,$3.78 B,11,V,Visa Inc.,0.039599999999999996,Financials
AC,2014Q4,2014   Q4,$3.78 B,12,SBAC,SBA Communications Corp.,0.0352,Real Estate
AC,2014Q4,2014   Q4,$3.78 B,13,DHR,Danaher Corp.,0.034,Healthcare
AC,2014Q4,2014   Q4,$3.78 B,14,KMX,CarMax Inc.,0.029900000000000003,Consumer Discretionary
AC,2014Q4,2014   Q4,$3.78 B,15,AMTD,AMTD IDEA Group,0.029900000000000003,Financials
AC,2014Q4,2014   Q4,$3.78 B,16,MNRO,Monro Inc.,0.023,Consumer Discretionary
AC,2014Q4,2014   Q4,$3.78 B,17,ESGR-OLD,Enstar Group Ltd.,0.0207,Financials
AC,2014Q4,2014   Q4,$3.78 B,18,LPLA,LPL Financial Holdings Inc.,0.0202,Financials
AC,2014Q4,2014   Q4,$3.78 B,19,UI,Ubiquiti Inc.,0.014499999999999999,Technology
AC,2014Q4,2014   Q4,$3.78 B,20,VRSK,Verisk Analytics Inc.,0.013600000000000001,Industrials
AC,2014Q3,2014   Q3,$3.51 B,1,AMT,American Tower Corp.,0.1073,Real Estate
AC,2014Q3,2014   Q3,$3.51 B,2,MCO,Moody's Corp.,0.09380000000000001,Financials
AC,2014Q3,2014   Q3,$3.51 B,3,MKL,Markel Group Inc.,0.09230000000000001,Financials
AC,2014Q3,2014   Q3,$3.51 B,4,MA,Mastercard Inc.,0.0901,Financials
AC,2014Q3,2014   Q3,$3.51 B,5,ENOV,Enovis Corp.,0.0839,Healthcare
AC,2014Q3,2014   Q3,$3.51 B,6,DISCA-OLD,Discovery Inc. OLD,0.060899999999999996,Unknown
AC,2014Q3,2014   Q3,$3.51 B,7,DLTR,Dollar Tree Inc.,0.0557,Consumer Staples
AC,2014Q3,2014   Q3,$3.51 B,8,ROP,Roper Technologies Inc.,0.0454,Technology
AC,2014Q3,2014   Q3,$3.51 B,9,LYV,Live Nation Inc.,0.0435,Communication Services
AC,2014Q3,2014   Q3,$3.51 B,10,DHR,Danaher Corp.,0.0412,Healthcare
AC,2014Q3,2014   Q3,$3.51 B,11,SBAC,SBA Communications Corp.,0.0379,Real Estate
AC,2014Q3,2014   Q3,$3.51 B,12,ORLY,O'Reilly Automotive,0.0351,Consumer Discretionary
AC,2014Q3,2014   Q3,$3.51 B,13,V,Visa Inc.,0.0347,Financials
AC,2014Q3,2014   Q3,$3.51 B,14,AMTD,AMTD IDEA Group,0.0301,Financials
AC,2014Q3,2014   Q3,$3.51 B,15,LPLA,LPL Financial Holdings Inc.,0.0225,Financials
AC,2014Q3,2014   Q3,$3.51 B,16,ESGR-OLD,Enstar Group Ltd.,0.019299999999999998,Financials
AC,2014Q3,2014   Q3,$3.51 B,17,AAPL,Apple Inc.,0.0183,Technology
AC,2014Q3,2014   Q3,$3.51 B,18,MNRO,Monro Inc.,0.0174,Consumer Discretionary
AC,2014Q3,2014   Q3,$3.51 B,19,KMX,CarMax Inc.,0.0158,Consumer Discretionary
AC,2014Q3,2014   Q3,$3.51 B,20,VRSK,Verisk Analytics Inc.,0.0139,Industrials
AC,2014Q2,2014   Q2,$3.42 B,1,ENOV,Enovis Corp.,0.11230000000000001,Healthcare
AC,2014Q2,2014   Q2,$3.42 B,2,AMT,American Tower Corp.,0.1057,Real Estate
AC,2014Q2,2014   Q2,$3.42 B,3,MKL,Markel Group Inc.,0.0944,Financials
AC,2014Q2,2014   Q2,$3.42 B,4,MA,Mastercard Inc.,0.09179999999999999,Financials
AC,2014Q2,2014   Q2,$3.42 B,5,MCO,Moody's Corp.,0.0891,Financials
AC,2014Q2,2014   Q2,$3.42 B,6,DISCA-OLD,Discovery Inc. OLD,0.0608,Unknown
AC,2014Q2,2014   Q2,$3.42 B,7,DLTR,Dollar Tree Inc.,0.0554,Consumer Staples
AC,2014Q2,2014   Q2,$3.42 B,8,LYV,Live Nation Inc.,0.0458,Communication Services
AC,2014Q2,2014   Q2,$3.42 B,9,ORLY,O'Reilly Automotive,0.0361,Consumer Discretionary
AC,2014Q2,2014   Q2,$3.42 B,10,SBAC,SBA Communications Corp.,0.0358,Real Estate
AC,2014Q2,2014   Q2,$3.42 B,11,V,Visa Inc.,0.0351,Financials
AC,2014Q2,2014   Q2,$3.42 B,12,DHR,Danaher Corp.,0.0345,Healthcare
AC,2014Q2,2014   Q2,$3.42 B,13,ROP,Roper Technologies Inc.,0.0291,Technology
AC,2014Q2,2014   Q2,$3.42 B,14,AMTD,AMTD IDEA Group,0.028900000000000002,Financials
AC,2014Q2,2014   Q2,$3.42 B,15,LPLA,LPL Financial Holdings Inc.,0.024900000000000002,Financials
AC,2014Q2,2014   Q2,$3.42 B,16,ESGR-OLD,Enstar Group Ltd.,0.022000000000000002,Financials
AC,2014Q2,2014   Q2,$3.42 B,17,AAPL,Apple Inc.,0.0173,Technology
AC,2014Q2,2014   Q2,$3.42 B,18,MWE,MarkWest Energy Partners,0.0148,Unknown
AC,2014Q2,2014   Q2,$3.42 B,19,VRSK,Verisk Analytics Inc.,0.013999999999999999,Industrials
AC,2014Q2,2014   Q2,$3.42 B,20,BRK.B,Berkshire Hathaway CL B,0.0115,Financials
AC,2014Q1,2014   Q1,$3.12 B,1,ENOV,Enovis Corp.,0.11800000000000001,Healthcare
AC,2014Q1,2014   Q1,$3.12 B,2,AMT,American Tower Corp.,0.1057,Real Estate
AC,2014Q1,2014   Q1,$3.12 B,3,MA,Mastercard Inc.,0.0949,Financials
AC,2014Q1,2014   Q1,$3.12 B,4,MCO,Moody's Corp.,0.0885,Financials
AC,2014Q1,2014   Q1,$3.12 B,5,MKL,Markel Group Inc.,0.0728,Financials
AC,2014Q1,2014   Q1,$3.12 B,6,DLTR,Dollar Tree Inc.,0.0499,Consumer Staples
AC,2014Q1,2014   Q1,$3.12 B,7,LYV,Live Nation Inc.,0.0443,Communication Services
AC,2014Q1,2014   Q1,$3.12 B,8,DISCA-OLD,Discovery Inc. OLD,0.0441,Unknown
AC,2014Q1,2014   Q1,$3.12 B,9,V,Visa Inc.,0.0395,Financials
AC,2014Q1,2014   Q1,$3.12 B,10,ORLY,O'Reilly Automotive,0.0391,Consumer Discretionary
AC,2014Q1,2014   Q1,$3.12 B,11,ROST,Ross Stores Inc.,0.0374,Consumer Discretionary
AC,2014Q1,2014   Q1,$3.12 B,12,AMTD,AMTD IDEA Group,0.0344,Financials
AC,2014Q1,2014   Q1,$3.12 B,13,LPLA,LPL Financial Holdings Inc.,0.028900000000000002,Financials
AC,2014Q1,2014   Q1,$3.12 B,14,SBAC,SBA Communications Corp.,0.0285,Real Estate
AC,2014Q1,2014   Q1,$3.12 B,15,ESGR-OLD,Enstar Group Ltd.,0.0218,Financials
AC,2014Q1,2014   Q1,$3.12 B,16,JEF,Jefferies Financial Group Inc.,0.0179,Financials
AC,2014Q1,2014   Q1,$3.12 B,17,AAPL,Apple Inc.,0.015700000000000002,Technology
AC,2014Q1,2014   Q1,$3.12 B,18,VRSK,Verisk Analytics Inc.,0.0154,Industrials
AC,2014Q1,2014   Q1,$3.12 B,19,MWE,MarkWest Energy Partners,0.0148,Unknown
AC,2014Q1,2014   Q1,$3.12 B,20,EQIX,Equinix Inc.,0.0126,Real Estate
AC,2013Q4,2013   Q4,$2.7 B,1,MA,Mastercard Inc.,0.1229,Financials
AC,2013Q4,2013   Q4,$2.7 B,2,MCO,Moody's Corp.,0.1013,Financials
AC,2013Q4,2013   Q4,$2.7 B,3,ENOV,Enovis Corp.,0.0998,Healthcare
AC,2013Q4,2013   Q4,$2.7 B,4,AMT,American Tower Corp.,0.09849999999999999,Real Estate
AC,2013Q4,2013   Q4,$2.7 B,5,MKL,Markel Group Inc.,0.08199999999999999,Financials
AC,2013Q4,2013   Q4,$2.7 B,6,DLTR,Dollar Tree Inc.,0.061200000000000004,Consumer Staples
AC,2013Q4,2013   Q4,$2.7 B,7,ROST,Ross Stores Inc.,0.0504,Consumer Discretionary
AC,2013Q4,2013   Q4,$2.7 B,8,V,Visa Inc.,0.0415,Financials
AC,2013Q4,2013   Q4,$2.7 B,9,ORLY,O'Reilly Automotive,0.0392,Consumer Discretionary
AC,2013Q4,2013   Q4,$2.7 B,10,AMTD,AMTD IDEA Group,0.0359,Financials
AC,2013Q4,2013   Q4,$2.7 B,11,LYV,Live Nation Inc.,0.0334,Communication Services
AC,2013Q4,2013   Q4,$2.7 B,12,LPLA,LPL Financial Holdings Inc.,0.029900000000000003,Financials
AC,2013Q4,2013   Q4,$2.7 B,13,ESGR-OLD,Enstar Group Ltd.,0.025699999999999997,Financials
AC,2013Q4,2013   Q4,$2.7 B,14,JEF,Jefferies Financial Group Inc.,0.021,Financials
AC,2013Q4,2013   Q4,$2.7 B,15,VRSK,Verisk Analytics Inc.,0.0195,Industrials
AC,2013Q4,2013   Q4,$2.7 B,16,AAPL,Apple Inc.,0.0189,Technology
AC,2013Q4,2013   Q4,$2.7 B,17,MWE,MarkWest Energy Partners,0.0173,Unknown
AC,2013Q4,2013   Q4,$2.7 B,18,EQIX,Equinix Inc.,0.0146,Real Estate
AC,2013Q4,2013   Q4,$2.7 B,19,BRK.B,Berkshire Hathaway CL B,0.013300000000000001,Financials
AC,2013Q4,2013   Q4,$2.7 B,20,DTV,DIRECTV Group Inc.,0.0128,Communication Services
AC,2013Q3,2013   Q3,$2.34 B,1,MA,Mastercard Inc.,0.11410000000000001,Financials
AC,2013Q3,2013   Q3,$2.34 B,2,MCO,Moody's Corp.,0.1047,Financials
AC,2013Q3,2013   Q3,$2.34 B,3,ENOV,Enovis Corp.,0.09449999999999999,Healthcare
AC,2013Q3,2013   Q3,$2.34 B,4,AMT,American Tower Corp.,0.08960000000000001,Real Estate
AC,2013Q3,2013   Q3,$2.34 B,5,MKL,Markel Group Inc.,0.07719999999999999,Financials
AC,2013Q3,2013   Q3,$2.34 B,6,DLTR,Dollar Tree Inc.,0.0592,Consumer Staples
AC,2013Q3,2013   Q3,$2.34 B,7,ROST,Ross Stores Inc.,0.04769999999999999,Consumer Discretionary
AC,2013Q3,2013   Q3,$2.34 B,8,ORLY,O'Reilly Automotive,0.044800000000000006,Consumer Discretionary
AC,2013Q3,2013   Q3,$2.34 B,9,DTV,DIRECTV Group Inc.,0.0434,Communication Services
AC,2013Q3,2013   Q3,$2.34 B,10,V,Visa Inc.,0.040999999999999995,Financials
AC,2013Q3,2013   Q3,$2.34 B,11,AMTD,AMTD IDEA Group,0.0354,Financials
AC,2013Q3,2013   Q3,$2.34 B,12,ESGR-OLD,Enstar Group Ltd.,0.0291,Financials
AC,2013Q3,2013   Q3,$2.34 B,13,LPLA,LPL Financial Holdings Inc.,0.0278,Financials
AC,2013Q3,2013   Q3,$2.34 B,14,LYV,Live Nation Inc.,0.0258,Communication Services
AC,2013Q3,2013   Q3,$2.34 B,15,JEF,Jefferies Financial Group Inc.,0.0233,Financials
AC,2013Q3,2013   Q3,$2.34 B,16,VRSK,Verisk Analytics Inc.,0.0222,Industrials
AC,2013Q3,2013   Q3,$2.34 B,17,AAPL,Apple Inc.,0.018500000000000003,Technology
AC,2013Q3,2013   Q3,$2.34 B,18,NS-OLD,NuStar Energy,0.0175,Unknown
AC,2013Q3,2013   Q3,$2.34 B,19,BRK.B,Berkshire Hathaway CL B,0.0147,Financials
AC,2013Q3,2013   Q3,$2.34 B,20,DISCA-OLD,Discovery Inc. OLD,0.0134,Unknown
AC,2013Q2,2013   Q2,$2.21 B,1,MA,Mastercard Inc.,0.10310000000000001,Financials
AC,2013Q2,2013   Q2,$2.21 B,2,MCO,Moody's Corp.,0.096,Financials
AC,2013Q2,2013   Q2,$2.21 B,3,ENOV,Enovis Corp.,0.09210000000000002,Healthcare
AC,2013Q2,2013   Q2,$2.21 B,4,DTV,DIRECTV Group Inc.,0.0911,Communication Services
AC,2013Q2,2013   Q2,$2.21 B,5,AMT,American Tower Corp.,0.0633,Real Estate
AC,2013Q2,2013   Q2,$2.21 B,6,MKL,Markel Group Inc.,0.0588,Financials
AC,2013Q2,2013   Q2,$2.21 B,7,DLTR,Dollar Tree Inc.,0.0558,Consumer Staples
AC,2013Q2,2013   Q2,$2.21 B,8,ROST,Ross Stores Inc.,0.0479,Consumer Discretionary
AC,2013Q2,2013   Q2,$2.21 B,9,ORLY,O'Reilly Automotive,0.0418,Consumer Discretionary
AC,2013Q2,2013   Q2,$2.21 B,10,V,Visa Inc.,0.0416,Financials
AC,2013Q2,2013   Q2,$2.21 B,11,AMTD,AMTD IDEA Group,0.0348,Financials
AC,2013Q2,2013   Q2,$2.21 B,12,ESGR-OLD,Enstar Group Ltd.,0.03,Financials
AC,2013Q2,2013   Q2,$2.21 B,13,LPLA,LPL Financial Holdings Inc.,0.0291,Financials
AC,2013Q2,2013   Q2,$2.21 B,14,HIG,Hartford Financial Svc.Gp.,0.028399999999999998,Financials
AC,2013Q2,2013   Q2,$2.21 B,15,JEF,Jefferies Financial Group Inc.,0.023799999999999998,Financials
AC,2013Q2,2013   Q2,$2.21 B,16,LYV,Live Nation Inc.,0.022799999999999997,Communication Services
AC,2013Q2,2013   Q2,$2.21 B,17,NS-OLD,NuStar Energy,0.0217,Unknown
AC,2013Q2,2013   Q2,$2.21 B,18,VRSK,Verisk Analytics Inc.,0.0216,Industrials
AC,2013Q2,2013   Q2,$2.21 B,19,AAPL,Apple Inc.,0.016399999999999998,Technology
AC,2013Q2,2013   Q2,$2.21 B,20,BRK.B,Berkshire Hathaway CL B,0.015300000000000001,Financials
AC,2013Q1,2013   Q1,$1.77 B,1,MA,Mastercard Inc.,0.1047,Financials
AC,2013Q1,2013   Q1,$1.77 B,2,MCO,Moody's Corp.,0.0766,Financials
AC,2013Q1,2013   Q1,$1.77 B,3,AMT,American Tower Corp.,0.0736,Real Estate
AC,2013Q1,2013   Q1,$1.77 B,4,MKL,Markel Group Inc.,0.0704,Financials
AC,2013Q1,2013   Q1,$1.77 B,5,DLTR,Dollar Tree Inc.,0.068,Consumer Staples
AC,2013Q1,2013   Q1,$1.77 B,6,ROST,Ross Stores Inc.,0.0665,Consumer Discretionary
AC,2013Q1,2013   Q1,$1.77 B,7,DTV,DIRECTV Group Inc.,0.0513,Communication Services
AC,2013Q1,2013   Q1,$1.77 B,8,ORLY,O'Reilly Automotive,0.0478,Consumer Discretionary
AC,2013Q1,2013   Q1,$1.77 B,9,ENOV,Enovis Corp.,0.0426,Healthcare
AC,2013Q1,2013   Q1,$1.77 B,10,AMTD,AMTD IDEA Group,0.0369,Financials
AC,2013Q1,2013   Q1,$1.77 B,11,V,Visa Inc.,0.0358,Financials
AC,2013Q1,2013   Q1,$1.77 B,12,ESGR-OLD,Enstar Group Ltd.,0.0354,Financials
AC,2013Q1,2013   Q1,$1.77 B,13,NS-OLD,NuStar Energy,0.0317,Unknown
AC,2013Q1,2013   Q1,$1.77 B,14,JEF,Jefferies Financial Group Inc.,0.0311,Financials
AC,2013Q1,2013   Q1,$1.77 B,15,LPLA,LPL Financial Holdings Inc.,0.031,Financials
AC,2013Q1,2013   Q1,$1.77 B,16,VRSK,Verisk Analytics Inc.,0.0279,Industrials
AC,2013Q1,2013   Q1,$1.77 B,17,AAPL,Apple Inc.,0.0218,Technology
AC,2013Q1,2013   Q1,$1.77 B,18,HIG,Hartford Financial Svc.Gp.,0.02,Financials
AC,2013Q1,2013   Q1,$1.77 B,19,NLY,Annaly Capital Management Inc.,0.019799999999999998,Real Estate
AC,2013Q1,2013   Q1,$1.77 B,20,BRK.B,Berkshire Hathaway CL B,0.0181,Financials
AC,2012Q4,2012   Q4,$1.4 B,1,MA,Mastercard Inc.,0.12,Financials
AC,2012Q4,2012   Q4,$1.4 B,2,AMT,American Tower Corp.,0.09380000000000001,Real Estate
AC,2012Q4,2012   Q4,$1.4 B,3,MCO,Moody's Corp.,0.0797,Financials
AC,2012Q4,2012   Q4,$1.4 B,4,ROST,Ross Stores Inc.,0.07490000000000001,Consumer Discretionary
AC,2012Q4,2012   Q4,$1.4 B,5,MKL,Markel Group Inc.,0.0725,Financials
AC,2012Q4,2012   Q4,$1.4 B,6,DLTR,Dollar Tree Inc.,0.06570000000000001,Consumer Staples
AC,2012Q4,2012   Q4,$1.4 B,7,ORLY,O'Reilly Automotive,0.0527,Consumer Discretionary
AC,2012Q4,2012   Q4,$1.4 B,8,ESGR-OLD,Enstar Group Ltd.,0.0404,Financials
AC,2012Q4,2012   Q4,$1.4 B,9,V,Visa Inc.,0.0403,Financials
AC,2012Q4,2012   Q4,$1.4 B,10,AMTD,AMTD IDEA Group,0.038,Financials
AC,2012Q4,2012   Q4,$1.4 B,11,DTV,DIRECTV Group Inc.,0.0358,Communication Services
AC,2012Q4,2012   Q4,$1.4 B,12,ENOV,Enovis Corp.,0.0352,Healthcare
AC,2012Q4,2012   Q4,$1.4 B,13,LPLA,LPL Financial Holdings Inc.,0.0342,Financials
AC,2012Q4,2012   Q4,$1.4 B,14,JEF,Jefferies Financial Group Inc.,0.030600000000000002,Financials
AC,2012Q4,2012   Q4,$1.4 B,15,VRSK,Verisk Analytics Inc.,0.0291,Industrials
AC,2012Q4,2012   Q4,$1.4 B,16,NLY,Annaly Capital Management Inc.,0.0254,Real Estate
AC,2012Q4,2012   Q4,$1.4 B,17,HIG,Hartford Financial Svc.Gp.,0.0219,Financials
AC,2012Q4,2012   Q4,$1.4 B,18,BRK.B,Berkshire Hathaway CL B,0.019799999999999998,Financials
AC,2012Q4,2012   Q4,$1.4 B,19,LAMR,Lamar Advertising Co.,0.0172,Real Estate
AC,2012Q4,2012   Q4,$1.4 B,20,AAPL,Apple Inc.,0.0134,Technology
AC,2012Q3,2012   Q3,$1.27 B,1,MA,Mastercard Inc.,0.1223,Financials
AC,2012Q3,2012   Q3,$1.27 B,2,ROST,Ross Stores Inc.,0.0993,Consumer Discretionary
AC,2012Q3,2012   Q3,$1.27 B,3,AMT,American Tower Corp.,0.0983,Real Estate
AC,2012Q3,2012   Q3,$1.27 B,4,MKL,Markel Group Inc.,0.0723,Financials
AC,2012Q3,2012   Q3,$1.27 B,5,MCO,Moody's Corp.,0.063,Financials
AC,2012Q3,2012   Q3,$1.27 B,6,DLTR,Dollar Tree Inc.,0.0576,Consumer Staples
AC,2012Q3,2012   Q3,$1.27 B,7,ORLY,O'Reilly Automotive,0.0547,Consumer Discretionary
AC,2012Q3,2012   Q3,$1.27 B,8,DTV,DIRECTV Group Inc.,0.0414,Communication Services
AC,2012Q3,2012   Q3,$1.27 B,9,ESGR-OLD,Enstar Group Ltd.,0.0404,Financials
AC,2012Q3,2012   Q3,$1.27 B,10,V,Visa Inc.,0.0395,Financials
AC,2012Q3,2012   Q3,$1.27 B,11,AMTD,AMTD IDEA Group,0.0384,Financials
AC,2012Q3,2012   Q3,$1.27 B,12,LPLA,LPL Financial Holdings Inc.,0.0338,Financials
AC,2012Q3,2012   Q3,$1.27 B,13,JEF,Jefferies Financial Group Inc.,0.0305,Financials
AC,2012Q3,2012   Q3,$1.27 B,14,VRSK,Verisk Analytics Inc.,0.0291,Industrials
AC,2012Q3,2012   Q3,$1.27 B,15,BRK.B,Berkshire Hathaway CL B,0.0218,Financials
AC,2012Q3,2012   Q3,$1.27 B,16,HIG,Hartford Financial Svc.Gp.,0.021,Financials
AC,2012Q3,2012   Q3,$1.27 B,17,NLY,Annaly Capital Management Inc.,0.0204,Real Estate
AC,2012Q3,2012   Q3,$1.27 B,18,AAPL,Apple Inc.,0.018500000000000003,Technology
AC,2012Q3,2012   Q3,$1.27 B,19,LAMR,Lamar Advertising Co.,0.0182,Real Estate
AC,2012Q3,2012   Q3,$1.27 B,20,SHLDQ-OLD,Sears Holdings Corp.,0.0131,Consumer Discretionary
AC,2012Q2,2012   Q2,$1.24 B,1,MA,Mastercard Inc.,0.11699999999999999,Financials
AC,2012Q2,2012   Q2,$1.24 B,2,AMT,American Tower Corp.,0.0984,Real Estate
AC,2012Q2,2012   Q2,$1.24 B,3,ROST,Ross Stores Inc.,0.0981,Consumer Discretionary
AC,2012Q2,2012   Q2,$1.24 B,4,MKL,Markel Group Inc.,0.0711,Financials
AC,2012Q2,2012   Q2,$1.24 B,5,DLTR,Dollar Tree Inc.,0.06559999999999999,Consumer Staples
AC,2012Q2,2012   Q2,$1.24 B,6,ORLY,O'Reilly Automotive,0.0558,Consumer Discretionary
AC,2012Q2,2012   Q2,$1.24 B,7,MCO,Moody's Corp.,0.053,Financials
AC,2012Q2,2012   Q2,$1.24 B,8,DTV,DIRECTV Group Inc.,0.0489,Communication Services
AC,2012Q2,2012   Q2,$1.24 B,9,ESGR-OLD,Enstar Group Ltd.,0.0391,Financials
AC,2012Q2,2012   Q2,$1.24 B,10,AMTD,AMTD IDEA Group,0.037599999999999995,Financials
AC,2012Q2,2012   Q2,$1.24 B,11,V,Visa Inc.,0.0371,Financials
AC,2012Q2,2012   Q2,$1.24 B,12,LPLA,LPL Financial Holdings Inc.,0.034,Financials
AC,2012Q2,2012   Q2,$1.24 B,13,TJX,TJX Companies Inc.,0.0336,Consumer Discretionary
AC,2012Q2,2012   Q2,$1.24 B,14,JEF,Jefferies Financial Group Inc.,0.0274,Financials
AC,2012Q2,2012   Q2,$1.24 B,15,LAMR,Lamar Advertising Co.,0.024399999999999998,Real Estate
AC,2012Q2,2012   Q2,$1.24 B,16,BRK.B,Berkshire Hathaway CL B,0.0213,Financials
AC,2012Q2,2012   Q2,$1.24 B,17,NLY,Annaly Capital Management Inc.,0.0208,Real Estate
AC,2012Q2,2012   Q2,$1.24 B,18,KMX,CarMax Inc.,0.0168,Consumer Discretionary
AC,2012Q2,2012   Q2,$1.24 B,19,AAPL,Apple Inc.,0.0165,Technology
AC,2012Q2,2012   Q2,$1.24 B,20,HIG,Hartford Financial Svc.Gp.,0.016399999999999998,Financials
AC,2012Q1,2012   Q1,$959 M,1,MA,Mastercard Inc.,0.1209,Financials
AC,2012Q1,2012   Q1,$959 M,2,AMT,American Tower Corp.,0.1109,Real Estate
AC,2012Q1,2012   Q1,$959 M,3,ROST,Ross Stores Inc.,0.0999,Consumer Discretionary
AC,2012Q1,2012   Q1,$959 M,4,DLTR,Dollar Tree Inc.,0.0727,Consumer Staples
AC,2012Q1,2012   Q1,$959 M,5,MKL,Markel Group Inc.,0.0635,Financials
AC,2012Q1,2012   Q1,$959 M,6,ORLY,O'Reilly Automotive,0.0526,Consumer Discretionary
AC,2012Q1,2012   Q1,$959 M,7,ESGR-OLD,Enstar Group Ltd.,0.0507,Financials
AC,2012Q1,2012   Q1,$959 M,8,AMTD,AMTD IDEA Group,0.0484,Financials
AC,2012Q1,2012   Q1,$959 M,9,MCO,Moody's Corp.,0.043899999999999995,Financials
AC,2012Q1,2012   Q1,$959 M,10,TJX,TJX Companies Inc.,0.04019999999999999,Consumer Discretionary
AC,2012Q1,2012   Q1,$959 M,11,V,Visa Inc.,0.0369,Financials
AC,2012Q1,2012   Q1,$959 M,12,LAMR,Lamar Advertising Co.,0.0361,Real Estate
AC,2012Q1,2012   Q1,$959 M,13,LPLA,LPL Financial Holdings Inc.,0.0317,Financials
AC,2012Q1,2012   Q1,$959 M,14,KMX,CarMax Inc.,0.028999999999999998,Consumer Discretionary
AC,2012Q1,2012   Q1,$959 M,15,SHLDQ-OLD,Sears Holdings Corp.,0.0207,Consumer Discretionary
AC,2012Q1,2012   Q1,$959 M,16,BRK.B,Berkshire Hathaway CL B,0.0184,Financials
AC,2012Q1,2012   Q1,$959 M,17,HIG,Hartford Financial Svc.Gp.,0.0178,Financials
AC,2012Q1,2012   Q1,$959 M,18,NLY,Annaly Capital Management Inc.,0.0172,Real Estate
AC,2012Q1,2012   Q1,$959 M,19,JEF,Jefferies Financial Group Inc.,0.016399999999999998,Financials
AC,2012Q1,2012   Q1,$959 M,20,FDS,FactSet Research Systems,0.0134,Financials
AC,2011Q4,2011   Q4,$629 M,1,AMT,American Tower Corp.,0.1324,Real Estate
AC,2011Q4,2011   Q4,$629 M,2,MA,Mastercard Inc.,0.1137,Financials
AC,2011Q4,2011   Q4,$629 M,3,ROST,Ross Stores Inc.,0.11349999999999999,Consumer Discretionary
AC,2011Q4,2011   Q4,$629 M,4,DLTR,Dollar Tree Inc.,0.09699999999999999,Consumer Staples
AC,2011Q4,2011   Q4,$629 M,5,MKL,Markel Group Inc.,0.08929999999999999,Financials
AC,2011Q4,2011   Q4,$629 M,6,ESGR-OLD,Enstar Group Ltd.,0.0768,Financials
AC,2011Q4,2011   Q4,$629 M,7,ORLY,O'Reilly Automotive,0.07,Consumer Discretionary
AC,2011Q4,2011   Q4,$629 M,8,LAMR,Lamar Advertising Co.,0.056100000000000004,Real Estate
AC,2011Q4,2011   Q4,$629 M,9,KMX,CarMax Inc.,0.0391,Consumer Discretionary
AC,2011Q4,2011   Q4,$629 M,10,AMTD,AMTD IDEA Group,0.0336,Financials
AC,2011Q4,2011   Q4,$629 M,11,TJX,TJX Companies Inc.,0.0273,Consumer Discretionary
AC,2011Q4,2011   Q4,$629 M,12,BRK.B,Berkshire Hathaway CL B,0.026600000000000002,Financials
AC,2011Q4,2011   Q4,$629 M,13,FDS,FactSet Research Systems,0.0181,Financials
AC,2011Q4,2011   Q4,$629 M,14,PENN,Penn National Gaming Inc.,0.0169,Consumer Discretionary
AC,2011Q4,2011   Q4,$629 M,15,HIG,Hartford Financial Svc.Gp.,0.015700000000000002,Financials
AC,2011Q4,2011   Q4,$629 M,16,LPLA,LPL Financial Holdings Inc.,0.0146,Financials
AC,2011Q4,2011   Q4,$629 M,17,BRK.A,Berkshire Hathaway CL A,0.0111,Financials
AC,2011Q4,2011   Q4,$629 M,18,DHIL-OLD,Diamond Hill Investment Group Inc.,0.0097,Financials
AC,2011Q4,2011   Q4,$629 M,19,BAC,Bank of America Corp.,0.0070999999999999995,Financials
AC,2011Q4,2011   Q4,$629 M,20,BDX,Becton Dickinson,0.0059,Healthcare
AC,2011Q3,2011   Q3,$566 M,1,AMT,American Tower Corp.,0.1336,Real Estate
AC,2011Q3,2011   Q3,$566 M,2,MA,Mastercard Inc.,0.1148,Financials
AC,2011Q3,2011   Q3,$566 M,3,DLTR,Dollar Tree Inc.,0.1015,Consumer Staples
AC,2011Q3,2011   Q3,$566 M,4,ROST,Ross Stores Inc.,0.09939999999999999,Consumer Discretionary
AC,2011Q3,2011   Q3,$566 M,5,MKL,Markel Group Inc.,0.0902,Financials
AC,2011Q3,2011   Q3,$566 M,6,ESGR-OLD,Enstar Group Ltd.,0.0762,Financials
AC,2011Q3,2011   Q3,$566 M,7,ORLY,O'Reilly Automotive,0.0726,Consumer Discretionary
AC,2011Q3,2011   Q3,$566 M,8,LAMR,Lamar Advertising Co.,0.0572,Real Estate
AC,2011Q3,2011   Q3,$566 M,9,KMX,CarMax Inc.,0.042800000000000005,Consumer Discretionary
AC,2011Q3,2011   Q3,$566 M,10,BRK.B,Berkshire Hathaway CL B,0.0291,Financials
AC,2011Q3,2011   Q3,$566 M,11,FDS,FactSet Research Systems,0.027000000000000003,Financials
AC,2011Q3,2011   Q3,$566 M,12,TJX,TJX Companies Inc.,0.026600000000000002,Consumer Discretionary
AC,2011Q3,2011   Q3,$566 M,13,PENN,Penn National Gaming Inc.,0.0181,Consumer Discretionary
AC,2011Q3,2011   Q3,$566 M,14,AMTD,AMTD IDEA Group,0.0169,Financials
AC,2011Q3,2011   Q3,$566 M,15,LPLA,LPL Financial Holdings Inc.,0.0148,Financials
AC,2011Q3,2011   Q3,$566 M,16,BRK.A,Berkshire Hathaway CL A,0.0141,Financials
AC,2011Q3,2011   Q3,$566 M,17,DHIL-OLD,Diamond Hill Investment Group Inc.,0.0106,Financials
AC,2011Q3,2011   Q3,$566 M,18,TROW,T. Rowe Price Group,0.0103,Financials
AC,2011Q3,2011   Q3,$566 M,19,HIG,Hartford Financial Svc.Gp.,0.0102,Financials
AC,2011Q3,2011   Q3,$566 M,20,BDX,Becton Dickinson,0.0069,Healthcare
AC,2011Q2,2011   Q2,$539 M,1,AMT,American Tower Corp.,0.1291,Real Estate
AC,2011Q2,2011   Q2,$539 M,2,MA,Mastercard Inc.,0.10369999999999999,Financials
AC,2011Q2,2011   Q2,$539 M,3,ROST,Ross Stores Inc.,0.09390000000000001,Consumer Discretionary
AC,2011Q2,2011   Q2,$539 M,4,ESGR-OLD,Enstar Group Ltd.,0.0909,Financials
AC,2011Q2,2011   Q2,$539 M,5,DLTR,Dollar Tree Inc.,0.0886,Consumer Staples
AC,2011Q2,2011   Q2,$539 M,6,MKL,Markel Group Inc.,0.08220000000000001,Financials
AC,2011Q2,2011   Q2,$539 M,7,LAMR,Lamar Advertising Co.,0.08070000000000001,Real Estate
AC,2011Q2,2011   Q2,$539 M,8,ORLY,O'Reilly Automotive,0.0741,Consumer Discretionary
AC,2011Q2,2011   Q2,$539 M,9,KMX,CarMax Inc.,0.049,Consumer Discretionary
AC,2011Q2,2011   Q2,$539 M,10,FDS,FactSet Research Systems,0.0292,Financials
AC,2011Q2,2011   Q2,$539 M,11,TJX,TJX Companies Inc.,0.0245,Consumer Discretionary
AC,2011Q2,2011   Q2,$539 M,12,PENN,Penn National Gaming Inc.,0.0215,Consumer Discretionary
AC,2011Q2,2011   Q2,$539 M,13,BRK.A,Berkshire Hathaway CL A,0.0146,Financials
AC,2011Q2,2011   Q2,$539 M,14,AMTD,AMTD IDEA Group,0.014499999999999999,Financials
AC,2011Q2,2011   Q2,$539 M,15,ARO,Aeropostale Inc.,0.0138,Unknown
AC,2011Q2,2011   Q2,$539 M,16,BRK.B,Berkshire Hathaway CL B,0.0132,Financials
AC,2011Q2,2011   Q2,$539 M,17,WMS-OLD,WMS Industries,0.011399999999999999,Unknown
AC,2011Q2,2011   Q2,$539 M,18,TROW,T. Rowe Price Group,0.0113,Financials
AC,2011Q2,2011   Q2,$539 M,19,BDX,Becton Dickinson,0.008,Healthcare
AC,2011Q2,2011   Q2,$539 M,20,TECH,Bio-Techne Corp.,0.0077,Healthcare
AC,2011Q1,2011   Q1,$495 M,1,AMT,American Tower Corp.,0.14529999999999998,Real Estate
AC,2011Q1,2011   Q1,$495 M,2,LAMR,Lamar Advertising Co.,0.09380000000000001,Real Estate
AC,2011Q1,2011   Q1,$495 M,3,MKL,Markel Group Inc.,0.09380000000000001,Financials
AC,2011Q1,2011   Q1,$495 M,4,ESGR-OLD,Enstar Group Ltd.,0.0925,Financials
AC,2011Q1,2011   Q1,$495 M,5,ROST,Ross Stores Inc.,0.0908,Consumer Discretionary
AC,2011Q1,2011   Q1,$495 M,6,MA,Mastercard Inc.,0.0809,Financials
AC,2011Q1,2011   Q1,$495 M,7,DLTR,Dollar Tree Inc.,0.0797,Consumer Staples
AC,2011Q1,2011   Q1,$495 M,8,ORLY,O'Reilly Automotive,0.058499999999999996,Consumer Discretionary
AC,2011Q1,2011   Q1,$495 M,9,FDS,FactSet Research Systems,0.0325,Financials
AC,2011Q1,2011   Q1,$495 M,10,KMX,CarMax Inc.,0.032,Consumer Discretionary
AC,2011Q1,2011   Q1,$495 M,11,TJX,TJX Companies Inc.,0.024700000000000003,Consumer Discretionary
AC,2011Q1,2011   Q1,$495 M,12,OXPS,optionsXpress Holdings Inc.,0.0233,Unknown
AC,2011Q1,2011   Q1,$495 M,13,PENN,Penn National Gaming Inc.,0.0216,Consumer Discretionary
AC,2011Q1,2011   Q1,$495 M,14,BRK.A,Berkshire Hathaway CL A,0.0177,Financials
AC,2011Q1,2011   Q1,$495 M,15,AMTD,AMTD IDEA Group,0.0169,Financials
AC,2011Q1,2011   Q1,$495 M,16,BRK.B,Berkshire Hathaway CL B,0.0151,Financials
AC,2011Q1,2011   Q1,$495 M,17,WMS-OLD,WMS Industries,0.0143,Unknown
AC,2011Q1,2011   Q1,$495 M,18,TROW,T. Rowe Price Group,0.0118,Financials
AC,2011Q1,2011   Q1,$495 M,19,BDX,Becton Dickinson,0.008,Healthcare
AC,2011Q1,2011   Q1,$495 M,20,NLY,Annaly Capital Management Inc.,0.0073,Real Estate
AC,2010Q4,2010   Q4,$458 M,1,AMT,American Tower Corp.,0.1451,Real Estate
AC,2010Q4,2010   Q4,$458 M,2,LAMR,Lamar Advertising Co.,0.1079,Real Estate
AC,2010Q4,2010   Q4,$458 M,3,MKL,Markel Group Inc.,0.0955,Financials
AC,2010Q4,2010   Q4,$458 M,4,ESGR-OLD,Enstar Group Ltd.,0.0857,Financials
AC,2010Q4,2010   Q4,$458 M,5,ROST,Ross Stores Inc.,0.0779,Consumer Discretionary
AC,2010Q4,2010   Q4,$458 M,6,DLTR,Dollar Tree Inc.,0.07519999999999999,Consumer Staples
AC,2010Q4,2010   Q4,$458 M,7,MA,Mastercard Inc.,0.06849999999999999,Financials
AC,2010Q4,2010   Q4,$458 M,8,ORLY,O'Reilly Automotive,0.0625,Consumer Discretionary
AC,2010Q4,2010   Q4,$458 M,9,KMX,CarMax Inc.,0.0342,Consumer Discretionary
AC,2010Q4,2010   Q4,$458 M,10,FDS,FactSet Research Systems,0.0336,Financials
AC,2010Q4,2010   Q4,$458 M,11,TJX,TJX Companies Inc.,0.023399999999999997,Consumer Discretionary
AC,2010Q4,2010   Q4,$458 M,12,PENN,Penn National Gaming Inc.,0.0223,Consumer Discretionary
AC,2010Q4,2010   Q4,$458 M,13,BRK.A,Berkshire Hathaway CL A,0.021099999999999997,Financials
AC,2010Q4,2010   Q4,$458 M,14,WMS-OLD,WMS Industries,0.019799999999999998,Unknown
AC,2010Q4,2010   Q4,$458 M,15,AMTD,AMTD IDEA Group,0.0166,Financials
AC,2010Q4,2010   Q4,$458 M,16,BRK.B,Berkshire Hathaway CL B,0.0147,Financials
AC,2010Q4,2010   Q4,$458 M,17,OXPS,optionsXpress Holdings Inc.,0.0137,Unknown
AC,2010Q4,2010   Q4,$458 M,18,MSCI,MSCI Inc.,0.0128,Financials
AC,2010Q4,2010   Q4,$458 M,19,TROW,T. Rowe Price Group,0.0124,Financials
AC,2010Q4,2010   Q4,$458 M,20,BDX,Becton Dickinson,0.0092,Healthcare
AC,2010Q3,2010   Q3,$377 M,1,AMT,American Tower Corp.,0.1456,Real Estate
AC,2010Q3,2010   Q3,$377 M,2,MKL,Markel Group Inc.,0.1051,Financials
AC,2010Q3,2010   Q3,$377 M,3,LAMR,Lamar Advertising Co.,0.10439999999999999,Real Estate
AC,2010Q3,2010   Q3,$377 M,4,DLTR,Dollar Tree Inc.,0.0789,Consumer Staples
AC,2010Q3,2010   Q3,$377 M,5,ESGR-OLD,Enstar Group Ltd.,0.0761,Financials
AC,2010Q3,2010   Q3,$377 M,6,ROST,Ross Stores Inc.,0.0708,Consumer Discretionary
AC,2010Q3,2010   Q3,$377 M,7,ORLY,O'Reilly Automotive,0.0667,Consumer Discretionary
AC,2010Q3,2010   Q3,$377 M,8,KMX,CarMax Inc.,0.0362,Consumer Discretionary
AC,2010Q3,2010   Q3,$377 M,9,MA,Mastercard Inc.,0.0356,Financials
AC,2010Q3,2010   Q3,$377 M,10,FDS,FactSet Research Systems,0.0353,Financials
AC,2010Q3,2010   Q3,$377 M,11,TJX,TJX Companies Inc.,0.0276,Consumer Discretionary
AC,2010Q3,2010   Q3,$377 M,12,BRK.A,Berkshire Hathaway CL A,0.0254,Financials
AC,2010Q3,2010   Q3,$377 M,13,PENN,Penn National Gaming Inc.,0.0227,Consumer Discretionary
AC,2010Q3,2010   Q3,$377 M,14,WMS-OLD,WMS Industries,0.0202,Unknown
AC,2010Q3,2010   Q3,$377 M,15,BRK.B,Berkshire Hathaway CL B,0.0184,Financials
AC,2010Q3,2010   Q3,$377 M,16,AMTD,AMTD IDEA Group,0.0171,Financials
AC,2010Q3,2010   Q3,$377 M,17,OXPS,optionsXpress Holdings Inc.,0.0163,Unknown
AC,2010Q3,2010   Q3,$377 M,18,MSCI,MSCI Inc.,0.0132,Financials
AC,2010Q3,2010   Q3,$377 M,19,TROW,T. Rowe Price Group,0.011699999999999999,Financials
AC,2010Q3,2010   Q3,$377 M,20,NDN,99(Cents) Only Stores,0.011200000000000002,Unknown
AC,2010Q2,2010   Q2,$333 M,1,AMT,American Tower Corp.,0.14279999999999998,Real Estate
AC,2010Q2,2010   Q2,$333 M,2,MKL,Markel Group Inc.,0.1175,Financials
AC,2010Q2,2010   Q2,$333 M,3,LAMR,Lamar Advertising Co.,0.08380000000000001,Real Estate
AC,2010Q2,2010   Q2,$333 M,4,ESGR-OLD,Enstar Group Ltd.,0.079,Financials
AC,2010Q2,2010   Q2,$333 M,5,DLTR,Dollar Tree Inc.,0.07629999999999999,Consumer Staples
AC,2010Q2,2010   Q2,$333 M,6,ROST,Ross Stores Inc.,0.06860000000000001,Consumer Discretionary
AC,2010Q2,2010   Q2,$333 M,7,ORLY,O'Reilly Automotive,0.0675,Consumer Discretionary
AC,2010Q2,2010   Q2,$333 M,8,FDS,FactSet Research Systems,0.033,Financials
AC,2010Q2,2010   Q2,$333 M,9,TJX,TJX Companies Inc.,0.0294,Consumer Discretionary
AC,2010Q2,2010   Q2,$333 M,10,BRK.A,Berkshire Hathaway CL A,0.0277,Financials
AC,2010Q2,2010   Q2,$333 M,11,KMX,CarMax Inc.,0.0273,Consumer Discretionary
AC,2010Q2,2010   Q2,$333 M,12,PENN,Penn National Gaming Inc.,0.025699999999999997,Consumer Discretionary
AC,2010Q2,2010   Q2,$333 M,13,WMS-OLD,WMS Industries,0.0236,Unknown
AC,2010Q2,2010   Q2,$333 M,14,TRH,Transatlantic Holdings Inc.,0.0216,Unknown
AC,2010Q2,2010   Q2,$333 M,15,BRK.B,Berkshire Hathaway CL B,0.0203,Financials
AC,2010Q2,2010   Q2,$333 M,16,OXPS,optionsXpress Holdings Inc.,0.0189,Unknown
AC,2010Q2,2010   Q2,$333 M,17,AMTD,AMTD IDEA Group,0.0184,Financials
AC,2010Q2,2010   Q2,$333 M,18,MA,Mastercard Inc.,0.018000000000000002,Financials
AC,2010Q2,2010   Q2,$333 M,19,MSCI,MSCI Inc.,0.0123,Financials
AC,2010Q2,2010   Q2,$333 M,20,TROW,T. Rowe Price Group,0.011000000000000001,Financials
AC,2010Q1,2010   Q1,$326 M,1,AMT,American Tower Corp.,0.1418,Real Estate
AC,2010Q1,2010   Q1,$326 M,2,MKL,Markel Group Inc.,0.1234,Financials
AC,2010Q1,2010   Q1,$326 M,3,LAMR,Lamar Advertising Co.,0.0933,Real Estate
AC,2010Q1,2010   Q1,$326 M,4,ESGR-OLD,Enstar Group Ltd.,0.0698,Financials
AC,2010Q1,2010   Q1,$326 M,5,PENN,Penn National Gaming Inc.,0.0647,Consumer Discretionary
AC,2010Q1,2010   Q1,$326 M,6,ORLY,O'Reilly Automotive,0.060899999999999996,Consumer Discretionary
AC,2010Q1,2010   Q1,$326 M,7,FDS,FactSet Research Systems,0.0507,Financials
AC,2010Q1,2010   Q1,$326 M,8,KMX,CarMax Inc.,0.0403,Consumer Discretionary
AC,2010Q1,2010   Q1,$326 M,9,ROST,Ross Stores Inc.,0.0361,Consumer Discretionary
AC,2010Q1,2010   Q1,$326 M,10,TRH,Transatlantic Holdings Inc.,0.034,Unknown
AC,2010Q1,2010   Q1,$326 M,11,TJX,TJX Companies Inc.,0.0304,Consumer Discretionary
AC,2010Q1,2010   Q1,$326 M,12,BRK.A,Berkshire Hathaway CL A,0.029500000000000002,Financials
AC,2010Q1,2010   Q1,$326 M,13,DLTR,Dollar Tree Inc.,0.027200000000000002,Consumer Staples
AC,2010Q1,2010   Q1,$326 M,14,TROW,T. Rowe Price Group,0.0268,Financials
AC,2010Q1,2010   Q1,$326 M,15,WMS-OLD,WMS Industries,0.025699999999999997,Unknown
AC,2010Q1,2010   Q1,$326 M,16,BRK.B,Berkshire Hathaway CL B,0.022000000000000002,Financials
AC,2010Q1,2010   Q1,$326 M,17,OXPS,optionsXpress Holdings Inc.,0.02,Unknown
AC,2010Q1,2010   Q1,$326 M,18,HIG,Hartford Financial Svc.Gp.,0.0196,Financials
AC,2010Q1,2010   Q1,$326 M,19,AMTD,AMTD IDEA Group,0.0175,Financials
AC,2010Q1,2010   Q1,$326 M,20,MSCI,MSCI Inc.,0.0166,Financials
AC,2009Q4,2009   Q4,$298 M,1,AMT,American Tower Corp.,0.19,Real Estate
AC,2009Q4,2009   Q4,$298 M,2,MKL,Markel Group Inc.,0.1452,Financials
AC,2009Q4,2009   Q4,$298 M,3,LAMR,Lamar Advertising Co.,0.1042,Real Estate
AC,2009Q4,2009   Q4,$298 M,4,ESGR-OLD,Enstar Group Ltd.,0.08960000000000001,Financials
AC,2009Q4,2009   Q4,$298 M,5,PENN,Penn National Gaming Inc.,0.0801,Consumer Discretionary
AC,2009Q4,2009   Q4,$298 M,6,KMX,CarMax Inc.,0.0557,Consumer Discretionary
AC,2009Q4,2009   Q4,$298 M,7,ORLY,O'Reilly Automotive,0.0483,Consumer Discretionary
AC,2009Q4,2009   Q4,$298 M,8,BYI,Bally Technologies Inc.,0.0441,Unknown
AC,2009Q4,2009   Q4,$298 M,9,FDS,FactSet Research Systems,0.0387,Financials
AC,2009Q4,2009   Q4,$298 M,10,TROW,T. Rowe Price Group,0.0382,Financials
AC,2009Q4,2009   Q4,$298 M,11,NDN,99(Cents) Only Stores,0.0362,Unknown
AC,2009Q4,2009   Q4,$298 M,12,BRK.A,Berkshire Hathaway CL A,0.027999999999999997,Financials
AC,2009Q4,2009   Q4,$298 M,13,BRK.B,Berkshire Hathaway CL B,0.023,Financials
AC,2009Q4,2009   Q4,$298 M,14,AMTD,AMTD IDEA Group,0.0195,Financials
AC,2009Q4,2009   Q4,$298 M,15,MSCI,MSCI Inc.,0.016,Financials
AC,2009Q4,2009   Q4,$298 M,16,WMS-OLD,WMS Industries,0.013600000000000001,Unknown
AC,2009Q4,2009   Q4,$298 M,17,OXPS,optionsXpress Holdings Inc.,0.013000000000000001,Unknown
AC,2009Q4,2009   Q4,$298 M,18,MBRG,Middleburg Financial Corp.,0.0060999999999999995,Unknown
AC,2009Q4,2009   Q4,$298 M,19,RVR,White River Capital Inc.,0.0034999999999999996,Unknown
AC,2009Q4,2009   Q4,$298 M,20,CSX,CSX Corp.,0.0029,Industrials
BRK,2026Q2,2026   Q2,$299.3 B,1,AAPL,Apple Inc.,0.22039999999999998,Technology
BRK,2026Q2,2026   Q2,$299.3 B,2,AXP,American Express,0.1714,Financials
BRK,2026Q2,2026   Q2,$299.3 B,3,KO,Coca Cola Co.,0.10859999999999999,Consumer Staples
BRK,2026Q2,2026   Q2,$299.3 B,4,GOOGL,Alphabet Inc.,0.0941,Communication Services
BRK,2026Q2,2026   Q2,$299.3 B,5,BAC,Bank of America Corp.,0.092,Financials
BRK,2026Q2,2026   Q2,$299.3 B,6,CVX,Chevron Corp.,0.0467,Energy
BRK,2026Q2,2026   Q2,$299.3 B,7,OXY,Occidental Petroleum,0.043,Energy
BRK,2026Q2,2026   Q2,$299.3 B,8,CB,Chubb Limited,0.039,Financials
BRK,2026Q2,2026   Q2,$299.3 B,9,MCO,Moody's Corp.,0.0373,Financials
BRK,2026Q2,2026   Q2,$299.3 B,10,GOOG,Alphabet Inc. CL C,0.0321,Communication Services
BRK,2026Q2,2026   Q2,$299.3 B,11,KHC,Kraft Heinz Co.,0.025699999999999997,Consumer Staples
BRK,2026Q2,2026   Q2,$299.3 B,12,DVA,DaVita HealthCare Partners,0.0215,Healthcare
BRK,2026Q2,2026   Q2,$299.3 B,13,DAL,Delta Air Lines Inc.,0.0179,Industrials
BRK,2026Q2,2026   Q2,$299.3 B,14,SIRI,SiriusXM Holdings Inc,0.0123,Communication Services
BRK,2026Q2,2026   Q2,$299.3 B,15,VRSN,Verisign Inc.,0.0076,Technology
BRK,2026Q2,2026   Q2,$299.3 B,16,KR,Kroger Co.,0.0072,Consumer Staples
BRK,2026Q2,2026   Q2,$299.3 B,17,ALLY,Ally Financial Inc.,0.0040999999999999995,Financials
BRK,2026Q2,2026   Q2,$299.3 B,18,LEN,Lennar Corp.,0.004,Consumer Discretionary
BRK,2026Q2,2026   Q2,$299.3 B,19,NYT,New York Times CL A,0.0037,Communication Services
BRK,2026Q2,2026   Q2,$299.3 B,20,LLYVK,Liberty Media Corp. Series C Live,0.0037,Communication Services
BRK,2026Q1,2026   Q1,$263.1 B,1,AAPL,Apple Inc.,0.21989999999999998,Technology
BRK,2026Q1,2026   Q1,$263.1 B,2,AXP,American Express,0.1743,Financials
BRK,2026Q1,2026   Q1,$263.1 B,3,KO,Coca Cola Co.,0.11560000000000001,Consumer Staples
BRK,2026Q1,2026   Q1,$263.1 B,4,BAC,Bank of America Corp.,0.09519999999999999,Financials
BRK,2026Q1,2026   Q1,$263.1 B,5,CVX,Chevron Corp.,0.0664,Energy
BRK,2026Q1,2026   Q1,$263.1 B,6,OXY,Occidental Petroleum,0.0655,Energy
BRK,2026Q1,2026   Q1,$263.1 B,7,GOOGL,Alphabet Inc.,0.0593,Communication Services
BRK,2026Q1,2026   Q1,$263.1 B,8,CB,Chubb Limited,0.0424,Financials
BRK,2026Q1,2026   Q1,$263.1 B,9,MCO,Moody's Corp.,0.0409,Financials
BRK,2026Q1,2026   Q1,$263.1 B,10,KHC,Kraft Heinz Co.,0.0278,Consumer Staples
BRK,2026Q1,2026   Q1,$263.1 B,11,DVA,DaVita HealthCare Partners,0.0176,Healthcare
BRK,2026Q1,2026   Q1,$263.1 B,12,KR,Kroger Co.,0.0138,Consumer Staples
BRK,2026Q1,2026   Q1,$263.1 B,13,SIRI,SiriusXM Holdings Inc,0.0109,Communication Services
BRK,2026Q1,2026   Q1,$263.1 B,14,DAL,Delta Air Lines Inc.,0.0101,Industrials
BRK,2026Q1,2026   Q1,$263.1 B,15,VRSN,Verisign Inc.,0.0085,Technology
BRK,2026Q1,2026   Q1,$263.1 B,16,COF,Capital One Financial,0.005,Financials
BRK,2026Q1,2026   Q1,$263.1 B,17,NYT,New York Times CL A,0.0048,Communication Services
BRK,2026Q1,2026   Q1,$263.1 B,18,ALLY,Ally Financial Inc.,0.0043,Financials
BRK,2026Q1,2026   Q1,$263.1 B,19,GOOG,Alphabet Inc. CL C,0.0039000000000000003,Communication Services
BRK,2026Q1,2026   Q1,$263.1 B,20,LLYVK,Liberty Media Corp. Series C Live,0.0038,Communication Services
BRK,2025Q4,2025   Q4,$274.2 B,1,AAPL,Apple Inc.,0.226,Technology
BRK,2025Q4,2025   Q4,$274.2 B,2,AXP,American Express,0.2046,Financials
BRK,2025Q4,2025   Q4,$274.2 B,3,BAC,Bank of America Corp.,0.1038,Financials
BRK,2025Q4,2025   Q4,$274.2 B,4,KO,Coca Cola Co.,0.102,Consumer Staples
BRK,2025Q4,2025   Q4,$274.2 B,5,CVX,Chevron Corp.,0.0724,Energy
BRK,2025Q4,2025   Q4,$274.2 B,6,MCO,Moody's Corp.,0.046,Financials
BRK,2025Q4,2025   Q4,$274.2 B,7,OXY,Occidental Petroleum,0.0397,Energy
BRK,2025Q4,2025   Q4,$274.2 B,8,CB,Chubb Limited,0.039,Financials
BRK,2025Q4,2025   Q4,$274.2 B,9,KHC,Kraft Heinz Co.,0.0288,Consumer Staples
BRK,2025Q4,2025   Q4,$274.2 B,10,GOOGL,Alphabet Inc.,0.0204,Communication Services
BRK,2025Q4,2025   Q4,$274.2 B,11,DVA,DaVita HealthCare Partners,0.0132,Healthcare
BRK,2025Q4,2025   Q4,$274.2 B,12,KR,Kroger Co.,0.011399999999999999,Consumer Staples
BRK,2025Q4,2025   Q4,$274.2 B,13,V,Visa Inc.,0.0106,Financials
BRK,2025Q4,2025   Q4,$274.2 B,14,SIRI,SiriusXM Holdings Inc,0.0091,Communication Services
BRK,2025Q4,2025   Q4,$274.2 B,15,MA,Mastercard Inc.,0.0083,Financials
BRK,2025Q4,2025   Q4,$274.2 B,16,VRSN,Verisign Inc.,0.008,Technology
BRK,2025Q4,2025   Q4,$274.2 B,17,STZ,Constellation Brands,0.006500000000000001,Consumer Staples
BRK,2025Q4,2025   Q4,$274.2 B,18,COF,Capital One Financial,0.0063,Financials
BRK,2025Q4,2025   Q4,$274.2 B,19,UNH,United Health Group Inc.,0.0060999999999999995,Healthcare
BRK,2025Q4,2025   Q4,$274.2 B,20,DPZ,Dominos Pizza Inc.,0.0051,Consumer Discretionary
BRK,2025Q3,2025   Q3,$267.3 B,1,AAPL,Apple Inc.,0.22690000000000002,Technology
BRK,2025Q3,2025   Q3,$267.3 B,2,AXP,American Express,0.1884,Financials
BRK,2025Q3,2025   Q3,$267.3 B,3,BAC,Bank of America Corp.,0.1096,Financials
BRK,2025Q3,2025   Q3,$267.3 B,4,KO,Coca Cola Co.,0.0992,Consumer Staples
BRK,2025Q3,2025   Q3,$267.3 B,5,CVX,Chevron Corp.,0.0709,Energy
BRK,2025Q3,2025   Q3,$267.3 B,6,OXY,Occidental Petroleum,0.046799999999999994,Energy
BRK,2025Q3,2025   Q3,$267.3 B,7,MCO,Moody's Corp.,0.044000000000000004,Financials
BRK,2025Q3,2025   Q3,$267.3 B,8,CB,Chubb Limited,0.0331,Financials
BRK,2025Q3,2025   Q3,$267.3 B,9,KHC,Kraft Heinz Co.,0.0317,Consumer Staples
BRK,2025Q3,2025   Q3,$267.3 B,10,GOOGL,Alphabet Inc.,0.016200000000000003,Communication Services
BRK,2025Q3,2025   Q3,$267.3 B,11,DVA,DaVita HealthCare Partners,0.016,Healthcare
BRK,2025Q3,2025   Q3,$267.3 B,12,KR,Kroger Co.,0.0126,Consumer Staples
BRK,2025Q3,2025   Q3,$267.3 B,13,SIRI,SiriusXM Holdings Inc,0.0109,Communication Services
BRK,2025Q3,2025   Q3,$267.3 B,14,V,Visa Inc.,0.0106,Financials
BRK,2025Q3,2025   Q3,$267.3 B,15,VRSN,Verisign Inc.,0.009399999999999999,Technology
BRK,2025Q3,2025   Q3,$267.3 B,16,MA,Mastercard Inc.,0.0085,Financials
BRK,2025Q3,2025   Q3,$267.3 B,17,AMZN,Amazon.com Inc.,0.008199999999999999,Consumer Discretionary
BRK,2025Q3,2025   Q3,$267.3 B,18,STZ,Constellation Brands,0.0068000000000000005,Consumer Staples
BRK,2025Q3,2025   Q3,$267.3 B,19,UNH,United Health Group Inc.,0.006500000000000001,Healthcare
BRK,2025Q3,2025   Q3,$267.3 B,20,COF,Capital One Financial,0.005699999999999999,Financials
BRK,2025Q2,2025   Q2,$257.5 B,1,AAPL,Apple Inc.,0.2231,Technology
BRK,2025Q2,2025   Q2,$257.5 B,2,AXP,American Express,0.18780000000000002,Financials
BRK,2025Q2,2025   Q2,$257.5 B,3,BAC,Bank of America Corp.,0.1112,Financials
BRK,2025Q2,2025   Q2,$257.5 B,4,KO,Coca Cola Co.,0.1099,Consumer Staples
BRK,2025Q2,2025   Q2,$257.5 B,5,CVX,Chevron Corp.,0.0679,Energy
BRK,2025Q2,2025   Q2,$257.5 B,6,MCO,Moody's Corp.,0.0481,Financials
BRK,2025Q2,2025   Q2,$257.5 B,7,OXY,Occidental Petroleum,0.0432,Energy
BRK,2025Q2,2025   Q2,$257.5 B,8,KHC,Kraft Heinz Co.,0.0326,Consumer Staples
BRK,2025Q2,2025   Q2,$257.5 B,9,CB,Chubb Limited,0.0304,Financials
BRK,2025Q2,2025   Q2,$257.5 B,10,DVA,DaVita HealthCare Partners,0.0187,Healthcare
BRK,2025Q2,2025   Q2,$257.5 B,11,VRSN,Verisign Inc.,0.0149,Technology
BRK,2025Q2,2025   Q2,$257.5 B,12,KR,Kroger Co.,0.0139,Consumer Staples
BRK,2025Q2,2025   Q2,$257.5 B,13,V,Visa Inc.,0.011399999999999999,Financials
BRK,2025Q2,2025   Q2,$257.5 B,14,SIRI,SiriusXM Holdings Inc,0.010700000000000001,Communication Services
BRK,2025Q2,2025   Q2,$257.5 B,15,MA,Mastercard Inc.,0.0087,Financials
BRK,2025Q2,2025   Q2,$257.5 B,16,STZ,Constellation Brands,0.0085,Consumer Staples
BRK,2025Q2,2025   Q2,$257.5 B,17,AMZN,Amazon.com Inc.,0.0085,Consumer Discretionary
BRK,2025Q2,2025   Q2,$257.5 B,18,UNH,United Health Group Inc.,0.0060999999999999995,Healthcare
BRK,2025Q2,2025   Q2,$257.5 B,19,COF,Capital One Financial,0.0059,Financials
BRK,2025Q2,2025   Q2,$257.5 B,20,AON,Aon Plc,0.005699999999999999,Financials
BRK,2025Q1,2025   Q1,$259.8 B,1,AAPL,Apple Inc.,0.2565,Technology
BRK,2025Q1,2025   Q1,$259.8 B,2,AXP,American Express,0.157,Financials
BRK,2025Q1,2025   Q1,$259.8 B,3,KO,Coca Cola Co.,0.1103,Consumer Staples
BRK,2025Q1,2025   Q1,$259.8 B,4,BAC,Bank of America Corp.,0.1014,Financials
BRK,2025Q1,2025   Q1,$259.8 B,5,CVX,Chevron Corp.,0.0764,Energy
BRK,2025Q1,2025   Q1,$259.8 B,6,OXY,Occidental Petroleum,0.050300000000000004,Energy
BRK,2025Q1,2025   Q1,$259.8 B,7,MCO,Moody's Corp.,0.044199999999999996,Financials
BRK,2025Q1,2025   Q1,$259.8 B,8,KHC,Kraft Heinz Co.,0.0381,Consumer Staples
BRK,2025Q1,2025   Q1,$259.8 B,9,CB,Chubb Limited,0.031400000000000004,Financials
BRK,2025Q1,2025   Q1,$259.8 B,10,DVA,DaVita HealthCare Partners,0.0207,Healthcare
BRK,2025Q1,2025   Q1,$259.8 B,11,VRSN,Verisign Inc.,0.013000000000000001,Technology
BRK,2025Q1,2025   Q1,$259.8 B,12,KR,Kroger Co.,0.013000000000000001,Consumer Staples
BRK,2025Q1,2025   Q1,$259.8 B,13,V,Visa Inc.,0.011200000000000002,Financials
BRK,2025Q1,2025   Q1,$259.8 B,14,SIRI,SiriusXM Holdings Inc,0.0104,Communication Services
BRK,2025Q1,2025   Q1,$259.8 B,15,STZ,Constellation Brands,0.0085,Consumer Staples
BRK,2025Q1,2025   Q1,$259.8 B,16,MA,Mastercard Inc.,0.0084,Financials
BRK,2025Q1,2025   Q1,$259.8 B,17,AMZN,Amazon.com Inc.,0.0073,Consumer Discretionary
BRK,2025Q1,2025   Q1,$259.8 B,18,AON,Aon Plc,0.0063,Financials
BRK,2025Q1,2025   Q1,$259.8 B,19,COF,Capital One Financial,0.0049,Financials
BRK,2025Q1,2025   Q1,$259.8 B,20,DPZ,Dominos Pizza Inc.,0.0046,Consumer Discretionary
BRK,2024Q4,2024   Q4,$267.2 B,1,AAPL,Apple Inc.,0.2812,Technology
BRK,2024Q4,2024   Q4,$267.2 B,2,AXP,American Express,0.1684,Financials
BRK,2024Q4,2024   Q4,$267.2 B,3,BAC,Bank of America Corp.,0.1119,Financials
BRK,2024Q4,2024   Q4,$267.2 B,4,KO,Coca Cola Co.,0.0932,Consumer Staples
BRK,2024Q4,2024   Q4,$267.2 B,5,CVX,Chevron Corp.,0.0643,Energy
BRK,2024Q4,2024   Q4,$267.2 B,6,OXY,Occidental Petroleum,0.0489,Energy
BRK,2024Q4,2024   Q4,$267.2 B,7,MCO,Moody's Corp.,0.0437,Financials
BRK,2024Q4,2024   Q4,$267.2 B,8,KHC,Kraft Heinz Co.,0.0374,Consumer Staples
BRK,2024Q4,2024   Q4,$267.2 B,9,CB,Chubb Limited,0.027999999999999997,Financials
BRK,2024Q4,2024   Q4,$267.2 B,10,DVA,DaVita HealthCare Partners,0.0202,Healthcare
BRK,2024Q4,2024   Q4,$267.2 B,11,KR,Kroger Co.,0.011399999999999999,Consumer Staples
BRK,2024Q4,2024   Q4,$267.2 B,12,VRSN,Verisign Inc.,0.0103,Technology
BRK,2024Q4,2024   Q4,$267.2 B,13,SIRI,SiriusXM Holdings Inc,0.01,Communication Services
BRK,2024Q4,2024   Q4,$267.2 B,14,V,Visa Inc.,0.0098,Financials
BRK,2024Q4,2024   Q4,$267.2 B,15,AMZN,Amazon.com Inc.,0.008199999999999999,Consumer Discretionary
BRK,2024Q4,2024   Q4,$267.2 B,16,MA,Mastercard Inc.,0.0079,Financials
BRK,2024Q4,2024   Q4,$267.2 B,17,AON,Aon Plc,0.0055000000000000005,Financials
BRK,2024Q4,2024   Q4,$267.2 B,18,COF,Capital One Financial,0.005,Financials
BRK,2024Q4,2024   Q4,$267.2 B,19,STZ,Constellation Brands,0.004699999999999999,Consumer Staples
BRK,2024Q4,2024   Q4,$267.2 B,20,ALLY,Ally Financial Inc.,0.0039000000000000003,Financials
BRK,2024Q3,2024   Q3,$266.4 B,1,AAPL,Apple Inc.,0.26239999999999997,Technology
BRK,2024Q3,2024   Q3,$266.4 B,2,AXP,American Express,0.15439999999999998,Financials
BRK,2024Q3,2024   Q3,$266.4 B,3,BAC,Bank of America Corp.,0.1188,Financials
BRK,2024Q3,2024   Q3,$266.4 B,4,KO,Coca Cola Co.,0.1079,Consumer Staples
BRK,2024Q3,2024   Q3,$266.4 B,5,CVX,Chevron Corp.,0.06559999999999999,Energy
BRK,2024Q3,2024   Q3,$266.4 B,6,OXY,Occidental Petroleum,0.049400000000000006,Energy
BRK,2024Q3,2024   Q3,$266.4 B,7,MCO,Moody's Corp.,0.044000000000000004,Financials
BRK,2024Q3,2024   Q3,$266.4 B,8,KHC,Kraft Heinz Co.,0.0429,Consumer Staples
BRK,2024Q3,2024   Q3,$266.4 B,9,CB,Chubb Limited,0.029300000000000003,Financials
BRK,2024Q3,2024   Q3,$266.4 B,10,DVA,DaVita HealthCare Partners,0.0222,Healthcare
BRK,2024Q3,2024   Q3,$266.4 B,11,C,Citigroup Inc.,0.013000000000000001,Financials
BRK,2024Q3,2024   Q3,$266.4 B,12,KR,Kroger Co.,0.0108,Consumer Staples
BRK,2024Q3,2024   Q3,$266.4 B,13,SIRI,SiriusXM Holdings Inc,0.009300000000000001,Communication Services
BRK,2024Q3,2024   Q3,$266.4 B,14,VRSN,Verisign Inc.,0.0091,Technology
BRK,2024Q3,2024   Q3,$266.4 B,15,V,Visa Inc.,0.0086,Financials
BRK,2024Q3,2024   Q3,$266.4 B,16,MA,Mastercard Inc.,0.0074,Financials
BRK,2024Q3,2024   Q3,$266.4 B,17,AMZN,Amazon.com Inc.,0.006999999999999999,Consumer Discretionary
BRK,2024Q3,2024   Q3,$266.4 B,18,AON,Aon Plc,0.0053,Financials
BRK,2024Q3,2024   Q3,$266.4 B,19,COF,Capital One Financial,0.0051,Financials
BRK,2024Q3,2024   Q3,$266.4 B,20,NU,Nu Holdings Ltd,0.0044,Financials
BRK,2024Q2,2024   Q2,$280 B,1,AAPL,Apple Inc.,0.3009,Technology
BRK,2024Q2,2024   Q2,$280 B,2,BAC,Bank of America Corp.,0.1467,Financials
BRK,2024Q2,2024   Q2,$280 B,3,AXP,American Express,0.12539999999999998,Financials
BRK,2024Q2,2024   Q2,$280 B,4,KO,Coca Cola Co.,0.0909,Consumer Staples
BRK,2024Q2,2024   Q2,$280 B,5,CVX,Chevron Corp.,0.0663,Energy
BRK,2024Q2,2024   Q2,$280 B,6,OXY,Occidental Petroleum,0.0575,Energy
BRK,2024Q2,2024   Q2,$280 B,7,KHC,Kraft Heinz Co.,0.0375,Consumer Staples
BRK,2024Q2,2024   Q2,$280 B,8,MCO,Moody's Corp.,0.0371,Financials
BRK,2024Q2,2024   Q2,$280 B,9,CB,Chubb Limited,0.0246,Financials
BRK,2024Q2,2024   Q2,$280 B,10,DVA,DaVita HealthCare Partners,0.0179,Healthcare
BRK,2024Q2,2024   Q2,$280 B,11,C,Citigroup Inc.,0.0125,Financials
BRK,2024Q2,2024   Q2,$280 B,12,KR,Kroger Co.,0.0089,Consumer Staples
BRK,2024Q2,2024   Q2,$280 B,13,VRSN,Verisign Inc.,0.008100000000000001,Technology
BRK,2024Q2,2024   Q2,$280 B,14,V,Visa Inc.,0.0078000000000000005,Financials
BRK,2024Q2,2024   Q2,$280 B,15,AMZN,Amazon.com Inc.,0.0069,Consumer Discretionary
BRK,2024Q2,2024   Q2,$280 B,16,MA,Mastercard Inc.,0.0063,Financials
BRK,2024Q2,2024   Q2,$280 B,17,LSXMK,Liberty SiriusXM Series C,0.0055000000000000005,Communication Services
BRK,2024Q2,2024   Q2,$280 B,18,NU,Nu Holdings Ltd,0.0049,Financials
BRK,2024Q2,2024   Q2,$280 B,19,COF,Capital One Financial,0.0049,Financials
BRK,2024Q2,2024   Q2,$280 B,20,AON,Aon Plc,0.0043,Financials
BRK,2024Q1,2024   Q1,$331.7 B,1,AAPL,Apple Inc.,0.4081,Technology
BRK,2024Q1,2024   Q1,$331.7 B,2,BAC,Bank of America Corp.,0.11810000000000001,Financials
BRK,2024Q1,2024   Q1,$331.7 B,3,AXP,American Express,0.1041,Financials
BRK,2024Q1,2024   Q1,$331.7 B,4,KO,Coca Cola Co.,0.0738,Consumer Staples
BRK,2024Q1,2024   Q1,$331.7 B,5,CVX,Chevron Corp.,0.058499999999999996,Energy
BRK,2024Q1,2024   Q1,$331.7 B,6,OXY,Occidental Petroleum,0.048600000000000004,Energy
BRK,2024Q1,2024   Q1,$331.7 B,7,KHC,Kraft Heinz Co.,0.0362,Consumer Staples
BRK,2024Q1,2024   Q1,$331.7 B,8,MCO,Moody's Corp.,0.0292,Financials
BRK,2024Q1,2024   Q1,$331.7 B,9,CB,Chubb Limited,0.0203,Financials
BRK,2024Q1,2024   Q1,$331.7 B,10,DVA,DaVita HealthCare Partners,0.015,Healthcare
BRK,2024Q1,2024   Q1,$331.7 B,11,C,Citigroup Inc.,0.0105,Financials
BRK,2024Q1,2024   Q1,$331.7 B,12,KR,Kroger Co.,0.0086,Consumer Staples
BRK,2024Q1,2024   Q1,$331.7 B,13,VRSN,Verisign Inc.,0.0073,Technology
BRK,2024Q1,2024   Q1,$331.7 B,14,V,Visa Inc.,0.006999999999999999,Financials
BRK,2024Q1,2024   Q1,$331.7 B,15,LSXMK,Liberty SiriusXM Series C,0.0059,Communication Services
BRK,2024Q1,2024   Q1,$331.7 B,16,MA,Mastercard Inc.,0.0058,Financials
BRK,2024Q1,2024   Q1,$331.7 B,17,COF,Capital One Financial,0.005600000000000001,Financials
BRK,2024Q1,2024   Q1,$331.7 B,18,AMZN,Amazon.com Inc.,0.0054,Consumer Discretionary
BRK,2024Q1,2024   Q1,$331.7 B,19,AON,Aon Plc,0.0040999999999999995,Financials
BRK,2024Q1,2024   Q1,$331.7 B,20,NU,Nu Holdings Ltd,0.0039000000000000003,Financials
BRK,2023Q4,2023   Q4,$351.9 B,1,AAPL,Apple Inc.,0.4954,Technology
BRK,2023Q4,2023   Q4,$351.9 B,2,BAC,Bank of America Corp.,0.09880000000000001,Financials
BRK,2023Q4,2023   Q4,$351.9 B,3,AXP,American Express,0.08070000000000001,Financials
BRK,2023Q4,2023   Q4,$351.9 B,4,KO,Coca Cola Co.,0.067,Consumer Staples
BRK,2023Q4,2023   Q4,$351.9 B,5,CVX,Chevron Corp.,0.053399999999999996,Energy
BRK,2023Q4,2023   Q4,$351.9 B,6,OXY,Occidental Petroleum,0.0414,Energy
BRK,2023Q4,2023   Q4,$351.9 B,7,KHC,Kraft Heinz Co.,0.0342,Consumer Staples
BRK,2023Q4,2023   Q4,$351.9 B,8,MCO,Moody's Corp.,0.0274,Financials
BRK,2023Q4,2023   Q4,$351.9 B,9,CB,Chubb Limited,0.0129,Financials
BRK,2023Q4,2023   Q4,$351.9 B,10,DVA,DaVita HealthCare Partners,0.010700000000000001,Healthcare
BRK,2023Q4,2023   Q4,$351.9 B,11,C,Citigroup Inc.,0.008100000000000001,Financials
BRK,2023Q4,2023   Q4,$351.9 B,12,VRSN,Verisign Inc.,0.0075,Technology
BRK,2023Q4,2023   Q4,$351.9 B,13,KR,Kroger Co.,0.006500000000000001,Consumer Staples
BRK,2023Q4,2023   Q4,$351.9 B,14,V,Visa Inc.,0.0060999999999999995,Financials
BRK,2023Q4,2023   Q4,$351.9 B,15,MA,Mastercard Inc.,0.0048,Financials
BRK,2023Q4,2023   Q4,$351.9 B,16,COF,Capital One Financial,0.0046,Financials
BRK,2023Q4,2023   Q4,$351.9 B,17,AMZN,Amazon.com Inc.,0.0043,Consumer Discretionary
BRK,2023Q4,2023   Q4,$351.9 B,18,CHTR,Charter Communications,0.0042,Communication Services
BRK,2023Q4,2023   Q4,$351.9 B,19,LSXMK,Liberty SiriusXM Series C,0.0034999999999999996,Communication Services
BRK,2023Q4,2023   Q4,$351.9 B,20,SNOW,Snowflake Inc.,0.0034999999999999996,Technology
BRK,2023Q3,2023   Q3,$315 B,1,AAPL,Apple Inc.,0.49770000000000003,Technology
BRK,2023Q3,2023   Q3,$315 B,2,BAC,Bank of America Corp.,0.0898,Financials
BRK,2023Q3,2023   Q3,$315 B,3,AXP,American Express,0.0718,Financials
BRK,2023Q3,2023   Q3,$315 B,4,KO,Coca Cola Co.,0.0711,Consumer Staples
BRK,2023Q3,2023   Q3,$315 B,5,CVX,Chevron Corp.,0.059000000000000004,Energy
BRK,2023Q3,2023   Q3,$315 B,6,OXY,Occidental Petroleum,0.0462,Energy
BRK,2023Q3,2023   Q3,$315 B,7,KHC,Kraft Heinz Co.,0.0348,Consumer Staples
BRK,2023Q3,2023   Q3,$315 B,8,MCO,Moody's Corp.,0.0248,Financials
BRK,2023Q3,2023   Q3,$315 B,9,DVA,DaVita HealthCare Partners,0.0108,Healthcare
BRK,2023Q3,2023   Q3,$315 B,10,HPQ,HP Inc.,0.0084,Technology
BRK,2023Q3,2023   Q3,$315 B,11,VRSN,Verisign Inc.,0.008199999999999999,Technology
BRK,2023Q3,2023   Q3,$315 B,12,C,Citigroup Inc.,0.0072,Financials
BRK,2023Q3,2023   Q3,$315 B,13,KR,Kroger Co.,0.0070999999999999995,Consumer Staples
BRK,2023Q3,2023   Q3,$315 B,14,V,Visa Inc.,0.0060999999999999995,Financials
BRK,2023Q3,2023   Q3,$315 B,15,CB,Chubb Limited,0.0054,Financials
BRK,2023Q3,2023   Q3,$315 B,16,CHTR,Charter Communications,0.0053,Communication Services
BRK,2023Q3,2023   Q3,$315 B,17,MA,Mastercard Inc.,0.005,Financials
BRK,2023Q3,2023   Q3,$315 B,18,AON,Aon Plc,0.0042,Financials
BRK,2023Q3,2023   Q3,$315 B,19,AMZN,Amazon.com Inc.,0.004,Consumer Discretionary
BRK,2023Q3,2023   Q3,$315 B,20,PARA-OLD,Paramount Global CL B,0.0038,Communication Services
BRK,2023Q2,2023   Q2,$348.2 B,1,AAPL,Apple Inc.,0.51,Technology
BRK,2023Q2,2023   Q2,$348.2 B,2,BAC,Bank of America Corp.,0.0851,Financials
BRK,2023Q2,2023   Q2,$348.2 B,3,AXP,American Express,0.0759,Financials
BRK,2023Q2,2023   Q2,$348.2 B,4,KO,Coca Cola Co.,0.0692,Consumer Staples
BRK,2023Q2,2023   Q2,$348.2 B,5,CVX,Chevron Corp.,0.0556,Energy
BRK,2023Q2,2023   Q2,$348.2 B,6,OXY,Occidental Petroleum,0.0378,Energy
BRK,2023Q2,2023   Q2,$348.2 B,7,KHC,Kraft Heinz Co.,0.0332,Consumer Staples
BRK,2023Q2,2023   Q2,$348.2 B,8,MCO,Moody's Corp.,0.0246,Financials
BRK,2023Q2,2023   Q2,$348.2 B,9,HPQ,HP Inc.,0.010700000000000001,Technology
BRK,2023Q2,2023   Q2,$348.2 B,10,DVA,DaVita HealthCare Partners,0.0104,Healthcare
BRK,2023Q2,2023   Q2,$348.2 B,11,VRSN,Verisign Inc.,0.0083,Technology
BRK,2023Q2,2023   Q2,$348.2 B,12,C,Citigroup Inc.,0.0073,Financials
BRK,2023Q2,2023   Q2,$348.2 B,13,KR,Kroger Co.,0.0067,Consumer Staples
BRK,2023Q2,2023   Q2,$348.2 B,14,V,Visa Inc.,0.005699999999999999,Financials
BRK,2023Q2,2023   Q2,$348.2 B,15,MA,Mastercard Inc.,0.0045000000000000005,Financials
BRK,2023Q2,2023   Q2,$348.2 B,16,PARA-OLD,Paramount Global CL B,0.0043,Communication Services
BRK,2023Q2,2023   Q2,$348.2 B,17,AON,Aon Plc,0.0043,Financials
BRK,2023Q2,2023   Q2,$348.2 B,18,LSXMK,Liberty SiriusXM Series C,0.0040999999999999995,Communication Services
BRK,2023Q2,2023   Q2,$348.2 B,19,CHTR,Charter Communications,0.004,Communication Services
BRK,2023Q2,2023   Q2,$348.2 B,20,AMZN,Amazon.com Inc.,0.004,Consumer Discretionary
BRK,2023Q1,2023   Q1,$325.1 B,1,AAPL,Apple Inc.,0.4644,Technology
BRK,2023Q1,2023   Q1,$325.1 B,2,BAC,Bank of America Corp.,0.0909,Financials
BRK,2023Q1,2023   Q1,$325.1 B,3,AXP,American Express,0.07690000000000001,Financials
BRK,2023Q1,2023   Q1,$325.1 B,4,KO,Coca Cola Co.,0.07629999999999999,Consumer Staples
BRK,2023Q1,2023   Q1,$325.1 B,5,CVX,Chevron Corp.,0.0665,Energy
BRK,2023Q1,2023   Q1,$325.1 B,6,OXY,Occidental Petroleum,0.0407,Energy
BRK,2023Q1,2023   Q1,$325.1 B,7,KHC,Kraft Heinz Co.,0.0387,Consumer Staples
BRK,2023Q1,2023   Q1,$325.1 B,8,MCO,Moody's Corp.,0.0232,Financials
BRK,2023Q1,2023   Q1,$325.1 B,9,ATVI,Activision Blizzard Inc.,0.013000000000000001,Unknown
BRK,2023Q1,2023   Q1,$325.1 B,10,HPQ,HP Inc.,0.0109,Technology
BRK,2023Q1,2023   Q1,$325.1 B,11,DVA,DaVita HealthCare Partners,0.009000000000000001,Healthcare
BRK,2023Q1,2023   Q1,$325.1 B,12,VRSN,Verisign Inc.,0.0083,Technology
BRK,2023Q1,2023   Q1,$325.1 B,13,C,Citigroup Inc.,0.008,Financials
BRK,2023Q1,2023   Q1,$325.1 B,14,KR,Kroger Co.,0.0076,Consumer Staples
BRK,2023Q1,2023   Q1,$325.1 B,15,PARA-OLD,Paramount Global CL B,0.0064,Communication Services
BRK,2023Q1,2023   Q1,$325.1 B,16,V,Visa Inc.,0.0058,Financials
BRK,2023Q1,2023   Q1,$325.1 B,17,GM,General Motors,0.0045000000000000005,Consumer Discretionary
BRK,2023Q1,2023   Q1,$325.1 B,18,MA,Mastercard Inc.,0.0045000000000000005,Financials
BRK,2023Q1,2023   Q1,$325.1 B,19,CHTR,Charter Communications,0.0042,Communication Services
BRK,2023Q1,2023   Q1,$325.1 B,20,AON,Aon Plc,0.0042,Financials
BRK,2022Q4,2022   Q4,$299 B,1,AAPL,Apple Inc.,0.389,Technology
BRK,2022Q4,2022   Q4,$299 B,2,BAC,Bank of America Corp.,0.1119,Financials
BRK,2022Q4,2022   Q4,$299 B,3,CVX,Chevron Corp.,0.0978,Energy
BRK,2022Q4,2022   Q4,$299 B,4,KO,Coca Cola Co.,0.0851,Consumer Staples
BRK,2022Q4,2022   Q4,$299 B,5,AXP,American Express,0.07490000000000001,Financials
BRK,2022Q4,2022   Q4,$299 B,6,KHC,Kraft Heinz Co.,0.0443,Consumer Staples
BRK,2022Q4,2022   Q4,$299 B,7,OXY,Occidental Petroleum,0.0409,Energy
BRK,2022Q4,2022   Q4,$299 B,8,MCO,Moody's Corp.,0.023,Financials
BRK,2022Q4,2022   Q4,$299 B,9,ATVI,Activision Blizzard Inc.,0.013500000000000002,Unknown
BRK,2022Q4,2022   Q4,$299 B,10,HPQ,HP Inc.,0.009399999999999999,Technology
BRK,2022Q4,2022   Q4,$299 B,11,DVA,DaVita HealthCare Partners,0.009000000000000001,Healthcare
BRK,2022Q4,2022   Q4,$299 B,12,VRSN,Verisign Inc.,0.0088,Technology
BRK,2022Q4,2022   Q4,$299 B,13,C,Citigroup Inc.,0.0083,Financials
BRK,2022Q4,2022   Q4,$299 B,14,KR,Kroger Co.,0.0075,Consumer Staples
BRK,2022Q4,2022   Q4,$299 B,15,V,Visa Inc.,0.0058,Financials
BRK,2022Q4,2022   Q4,$299 B,16,LSXMK,Liberty SiriusXM Series C,0.005699999999999999,Communication Services
BRK,2022Q4,2022   Q4,$299 B,17,GM,General Motors,0.005600000000000001,Consumer Discretionary
BRK,2022Q4,2022   Q4,$299 B,18,PARA-OLD,Paramount Global CL B,0.0053,Communication Services
BRK,2022Q4,2022   Q4,$299 B,19,MA,Mastercard Inc.,0.0046,Financials
BRK,2022Q4,2022   Q4,$299 B,20,AON,Aon Plc,0.0044,Financials
BRK,2022Q3,2022   Q3,$296.1 B,1,AAPL,Apple Inc.,0.41759999999999997,Technology
BRK,2022Q3,2022   Q3,$296.1 B,2,BAC,Bank of America Corp.,0.10300000000000001,Financials
BRK,2022Q3,2022   Q3,$296.1 B,3,CVX,Chevron Corp.,0.0802,Energy
BRK,2022Q3,2022   Q3,$296.1 B,4,KO,Coca Cola Co.,0.0757,Consumer Staples
BRK,2022Q3,2022   Q3,$296.1 B,5,AXP,American Express,0.0691,Financials
BRK,2022Q3,2022   Q3,$296.1 B,6,OXY,Occidental Petroleum,0.0403,Energy
BRK,2022Q3,2022   Q3,$296.1 B,7,KHC,Kraft Heinz Co.,0.036699999999999997,Consumer Staples
BRK,2022Q3,2022   Q3,$296.1 B,8,MCO,Moody's Corp.,0.0203,Financials
BRK,2022Q3,2022   Q3,$296.1 B,9,ATVI,Activision Blizzard Inc.,0.0151,Unknown
BRK,2022Q3,2022   Q3,$296.1 B,10,TSM,Taiwan Semiconductor S.A.,0.0139,Technology
BRK,2022Q3,2022   Q3,$296.1 B,11,USB,U.S. Bancorp,0.0106,Financials
BRK,2022Q3,2022   Q3,$296.1 B,12,DVA,DaVita HealthCare Partners,0.0101,Healthcare
BRK,2022Q3,2022   Q3,$296.1 B,13,HPQ,HP Inc.,0.0088,Technology
BRK,2022Q3,2022   Q3,$296.1 B,14,BNY,Bank of New York Mellon Corp.,0.008100000000000001,Financials
BRK,2022Q3,2022   Q3,$296.1 B,15,C,Citigroup Inc.,0.0078000000000000005,Financials
BRK,2022Q3,2022   Q3,$296.1 B,16,VRSN,Verisign Inc.,0.0075,Technology
BRK,2022Q3,2022   Q3,$296.1 B,17,KR,Kroger Co.,0.0074,Consumer Staples
BRK,2022Q3,2022   Q3,$296.1 B,18,PARA-OLD,Paramount Global CL B,0.0059,Communication Services
BRK,2022Q3,2022   Q3,$296.1 B,19,LSXMK,Liberty SiriusXM Series C,0.0055000000000000005,Communication Services
BRK,2022Q3,2022   Q3,$296.1 B,20,GM,General Motors,0.0054,Consumer Discretionary
BRK,2022Q2,2022   Q2,$300.1 B,1,AAPL,Apple Inc.,0.40759999999999996,Technology
BRK,2022Q2,2022   Q2,$300.1 B,2,BAC,Bank of America Corp.,0.1048,Financials
BRK,2022Q2,2022   Q2,$300.1 B,3,KO,Coca Cola Co.,0.08380000000000001,Consumer Staples
BRK,2022Q2,2022   Q2,$300.1 B,4,CVX,Chevron Corp.,0.0779,Energy
BRK,2022Q2,2022   Q2,$300.1 B,5,AXP,American Express,0.07,Financials
BRK,2022Q2,2022   Q2,$300.1 B,6,KHC,Kraft Heinz Co.,0.0414,Consumer Staples
BRK,2022Q2,2022   Q2,$300.1 B,7,OXY,Occidental Petroleum,0.0311,Energy
BRK,2022Q2,2022   Q2,$300.1 B,8,MCO,Moody's Corp.,0.022400000000000003,Financials
BRK,2022Q2,2022   Q2,$300.1 B,9,USB,U.S. Bancorp,0.0184,Financials
BRK,2022Q2,2022   Q2,$300.1 B,10,ATVI,Activision Blizzard Inc.,0.0177,Unknown
BRK,2022Q2,2022   Q2,$300.1 B,11,HPQ,HP Inc.,0.011399999999999999,Technology
BRK,2022Q2,2022   Q2,$300.1 B,12,BNY,Bank of New York Mellon Corp.,0.0101,Financials
BRK,2022Q2,2022   Q2,$300.1 B,13,DVA,DaVita HealthCare Partners,0.0096,Healthcare
BRK,2022Q2,2022   Q2,$300.1 B,14,C,Citigroup Inc.,0.0085,Financials
BRK,2022Q2,2022   Q2,$300.1 B,15,KR,Kroger Co.,0.0083,Consumer Staples
BRK,2022Q2,2022   Q2,$300.1 B,16,VRSN,Verisign Inc.,0.0070999999999999995,Technology
BRK,2022Q2,2022   Q2,$300.1 B,17,PARA-OLD,Paramount Global CL B,0.0064,Communication Services
BRK,2022Q2,2022   Q2,$300.1 B,18,CHTR,Charter Communications,0.006,Communication Services
BRK,2022Q2,2022   Q2,$300.1 B,19,GM,General Motors,0.005600000000000001,Consumer Discretionary
BRK,2022Q2,2022   Q2,$300.1 B,20,V,Visa Inc.,0.0054,Financials
BRK,2022Q1,2022   Q1,$363.6 B,1,AAPL,Apple Inc.,0.4279,Technology
BRK,2022Q1,2022   Q1,$363.6 B,2,BAC,Bank of America Corp.,0.11449999999999999,Financials
BRK,2022Q1,2022   Q1,$363.6 B,3,AXP,American Express,0.078,Financials
BRK,2022Q1,2022   Q1,$363.6 B,4,CVX,Chevron Corp.,0.0713,Energy
BRK,2022Q1,2022   Q1,$363.6 B,5,KO,Coca Cola Co.,0.0682,Consumer Staples
BRK,2022Q1,2022   Q1,$363.6 B,6,KHC,Kraft Heinz Co.,0.0353,Consumer Staples
BRK,2022Q1,2022   Q1,$363.6 B,7,MCO,Moody's Corp.,0.0229,Financials
BRK,2022Q1,2022   Q1,$363.6 B,8,OXY,Occidental Petroleum,0.0213,Energy
BRK,2022Q1,2022   Q1,$363.6 B,9,USB,U.S. Bancorp,0.018500000000000003,Financials
BRK,2022Q1,2022   Q1,$363.6 B,10,ATVI,Activision Blizzard Inc.,0.014199999999999999,Unknown
BRK,2022Q1,2022   Q1,$363.6 B,11,DVA,DaVita HealthCare Partners,0.011200000000000002,Healthcare
BRK,2022Q1,2022   Q1,$363.6 B,12,HPQ,HP Inc.,0.0104,Technology
BRK,2022Q1,2022   Q1,$363.6 B,13,BNY,Bank of New York Mellon Corp.,0.009899999999999999,Financials
BRK,2022Q1,2022   Q1,$363.6 B,14,KR,Kroger Co.,0.0092,Consumer Staples
BRK,2022Q1,2022   Q1,$363.6 B,15,C,Citigroup Inc.,0.008100000000000001,Financials
BRK,2022Q1,2022   Q1,$363.6 B,16,VRSN,Verisign Inc.,0.0078000000000000005,Technology
BRK,2022Q1,2022   Q1,$363.6 B,17,GM,General Motors,0.0075,Consumer Discretionary
BRK,2022Q1,2022   Q1,$363.6 B,18,PARA-OLD,Paramount Global CL B,0.0072,Communication Services
BRK,2022Q1,2022   Q1,$363.6 B,19,CHTR,Charter Communications,0.005699999999999999,Communication Services
BRK,2022Q1,2022   Q1,$363.6 B,20,LSXMK,Liberty SiriusXM Series C,0.0054,Communication Services
BRK,2021Q4,2021   Q4,$331 B,1,AAPL,Apple Inc.,0.47600000000000003,Technology
BRK,2021Q4,2021   Q4,$331 B,2,BAC,Bank of America Corp.,0.1358,Financials
BRK,2021Q4,2021   Q4,$331 B,3,AXP,American Express,0.07490000000000001,Financials
BRK,2021Q4,2021   Q4,$331 B,4,KO,Coca Cola Co.,0.0716,Consumer Staples
BRK,2021Q4,2021   Q4,$331 B,5,KHC,Kraft Heinz Co.,0.0353,Consumer Staples
BRK,2021Q4,2021   Q4,$331 B,6,MCO,Moody's Corp.,0.0291,Financials
BRK,2021Q4,2021   Q4,$331 B,7,VZ,Verizon Communications,0.024900000000000002,Communication Services
BRK,2021Q4,2021   Q4,$331 B,8,USB,U.S. Bancorp,0.0215,Financials
BRK,2021Q4,2021   Q4,$331 B,9,CVX,Chevron Corp.,0.013600000000000001,Energy
BRK,2021Q4,2021   Q4,$331 B,10,BNY,Bank of New York Mellon Corp.,0.0127,Financials
BRK,2021Q4,2021   Q4,$331 B,11,DVA,DaVita HealthCare Partners,0.0124,Healthcare
BRK,2021Q4,2021   Q4,$331 B,12,GM,General Motors,0.0106,Consumer Discretionary
BRK,2021Q4,2021   Q4,$331 B,13,VRSN,Verisign Inc.,0.0098,Technology
BRK,2021Q4,2021   Q4,$331 B,14,KR,Kroger Co.,0.0084,Consumer Staples
BRK,2021Q4,2021   Q4,$331 B,15,CHTR,Charter Communications,0.0075,Communication Services
BRK,2021Q4,2021   Q4,$331 B,16,LSXMK,Liberty SiriusXM Series C,0.0066,Communication Services
BRK,2021Q4,2021   Q4,$331 B,17,SNOW,Snowflake Inc.,0.0063,Technology
BRK,2021Q4,2021   Q4,$331 B,18,V,Visa Inc.,0.0054,Financials
BRK,2021Q4,2021   Q4,$331 B,19,AMZN,Amazon.com Inc.,0.0054,Consumer Discretionary
BRK,2021Q4,2021   Q4,$331 B,20,MA,Mastercard Inc.,0.0043,Financials
BRK,2021Q3,2021   Q3,$293.4 B,1,AAPL,Apple Inc.,0.4278,Technology
BRK,2021Q3,2021   Q3,$293.4 B,2,BAC,Bank of America Corp.,0.1461,Financials
BRK,2021Q3,2021   Q3,$293.4 B,3,AXP,American Express,0.0866,Financials
BRK,2021Q3,2021   Q3,$293.4 B,4,KO,Coca Cola Co.,0.07150000000000001,Consumer Staples
BRK,2021Q3,2021   Q3,$293.4 B,5,KHC,Kraft Heinz Co.,0.0409,Consumer Staples
BRK,2021Q3,2021   Q3,$293.4 B,6,MCO,Moody's Corp.,0.029900000000000003,Financials
BRK,2021Q3,2021   Q3,$293.4 B,7,VZ,Verizon Communications,0.0292,Communication Services
BRK,2021Q3,2021   Q3,$293.4 B,8,USB,U.S. Bancorp,0.0256,Financials
BRK,2021Q3,2021   Q3,$293.4 B,9,DVA,DaVita HealthCare Partners,0.0143,Healthcare
BRK,2021Q3,2021   Q3,$293.4 B,10,BNY,Bank of New York Mellon Corp.,0.0128,Financials
BRK,2021Q3,2021   Q3,$293.4 B,11,GM,General Motors,0.0108,Consumer Discretionary
BRK,2021Q3,2021   Q3,$293.4 B,12,CHTR,Charter Communications,0.0104,Communication Services
BRK,2021Q3,2021   Q3,$293.4 B,13,CVX,Chevron Corp.,0.009899999999999999,Energy
BRK,2021Q3,2021   Q3,$293.4 B,14,VRSN,Verisign Inc.,0.009000000000000001,Technology
BRK,2021Q3,2021   Q3,$293.4 B,15,KR,Kroger Co.,0.0085,Consumer Staples
BRK,2021Q3,2021   Q3,$293.4 B,16,V,Visa Inc.,0.0073,Financials
BRK,2021Q3,2021   Q3,$293.4 B,17,LSXMK,Liberty SiriusXM Series C,0.006999999999999999,Communication Services
BRK,2021Q3,2021   Q3,$293.4 B,18,SNOW,Snowflake Inc.,0.0063,Technology
BRK,2021Q3,2021   Q3,$293.4 B,19,AMZN,Amazon.com Inc.,0.006,Consumer Discretionary
BRK,2021Q3,2021   Q3,$293.4 B,20,ABBV,AbbVie Inc.,0.0053,Healthcare
BRK,2021Q2,2021   Q2,$293 B,1,AAPL,Apple Inc.,0.4146,Technology
BRK,2021Q2,2021   Q2,$293 B,2,BAC,Bank of America Corp.,0.1421,Financials
BRK,2021Q2,2021   Q2,$293 B,3,AXP,American Express,0.0855,Financials
BRK,2021Q2,2021   Q2,$293 B,4,KO,Coca Cola Co.,0.0739,Consumer Staples
BRK,2021Q2,2021   Q2,$293 B,5,KHC,Kraft Heinz Co.,0.0453,Consumer Staples
BRK,2021Q2,2021   Q2,$293 B,6,MCO,Moody's Corp.,0.0305,Financials
BRK,2021Q2,2021   Q2,$293 B,7,VZ,Verizon Communications,0.0304,Communication Services
BRK,2021Q2,2021   Q2,$293 B,8,USB,U.S. Bancorp,0.025099999999999997,Financials
BRK,2021Q2,2021   Q2,$293 B,9,DVA,DaVita HealthCare Partners,0.0148,Healthcare
BRK,2021Q2,2021   Q2,$293 B,10,CHTR,Charter Communications,0.0128,Communication Services
BRK,2021Q2,2021   Q2,$293 B,11,BNY,Bank of New York Mellon Corp.,0.0127,Financials
BRK,2021Q2,2021   Q2,$293 B,12,GM,General Motors,0.0121,Consumer Discretionary
BRK,2021Q2,2021   Q2,$293 B,13,VRSN,Verisign Inc.,0.01,Technology
BRK,2021Q2,2021   Q2,$293 B,14,CVX,Chevron Corp.,0.0083,Energy
BRK,2021Q2,2021   Q2,$293 B,15,KR,Kroger Co.,0.008100000000000001,Consumer Staples
BRK,2021Q2,2021   Q2,$293 B,16,V,Visa Inc.,0.008,Financials
BRK,2021Q2,2021   Q2,$293 B,17,ABBV,AbbVie Inc.,0.0079,Healthcare
BRK,2021Q2,2021   Q2,$293 B,18,LSXMK,Liberty SiriusXM Series C,0.0068000000000000005,Communication Services
BRK,2021Q2,2021   Q2,$293 B,19,AMZN,Amazon.com Inc.,0.0063,Consumer Discretionary
BRK,2021Q2,2021   Q2,$293 B,20,BMY,Bristol-Myers Squibb,0.006,Healthcare
BRK,2021Q1,2021   Q1,$270.4 B,1,AAPL,Apple Inc.,0.4007,Technology
BRK,2021Q1,2021   Q1,$270.4 B,2,BAC,Bank of America Corp.,0.1445,Financials
BRK,2021Q1,2021   Q1,$270.4 B,3,AXP,American Express,0.0793,Financials
BRK,2021Q1,2021   Q1,$270.4 B,4,KO,Coca Cola Co.,0.078,Consumer Staples
BRK,2021Q1,2021   Q1,$270.4 B,5,KHC,Kraft Heinz Co.,0.0482,Consumer Staples
BRK,2021Q1,2021   Q1,$270.4 B,6,VZ,Verizon Communications,0.0342,Communication Services
BRK,2021Q1,2021   Q1,$270.4 B,7,MCO,Moody's Corp.,0.027200000000000002,Financials
BRK,2021Q1,2021   Q1,$270.4 B,8,USB,U.S. Bancorp,0.0265,Financials
BRK,2021Q1,2021   Q1,$270.4 B,9,DVA,DaVita HealthCare Partners,0.0144,Healthcare
BRK,2021Q1,2021   Q1,$270.4 B,10,GM,General Motors,0.014199999999999999,Consumer Discretionary
BRK,2021Q1,2021   Q1,$270.4 B,11,BNY,Bank of New York Mellon Corp.,0.0127,Financials
BRK,2021Q1,2021   Q1,$270.4 B,12,CHTR,Charter Communications,0.011899999999999999,Communication Services
BRK,2021Q1,2021   Q1,$270.4 B,13,VRSN,Verisign Inc.,0.009399999999999999,Technology
BRK,2021Q1,2021   Q1,$270.4 B,14,ABBV,AbbVie Inc.,0.0092,Healthcare
BRK,2021Q1,2021   Q1,$270.4 B,15,CVX,Chevron Corp.,0.0092,Energy
BRK,2021Q1,2021   Q1,$270.4 B,16,V,Visa Inc.,0.0078000000000000005,Financials
BRK,2021Q1,2021   Q1,$270.4 B,17,BMY,Bristol-Myers Squibb,0.0072,Healthcare
BRK,2021Q1,2021   Q1,$270.4 B,18,LSXMK,Liberty SiriusXM Series C,0.006999999999999999,Communication Services
BRK,2021Q1,2021   Q1,$270.4 B,19,KR,Kroger Co.,0.0068000000000000005,Consumer Staples
BRK,2021Q1,2021   Q1,$270.4 B,20,AMZN,Amazon.com Inc.,0.0060999999999999995,Consumer Discretionary
BRK,2020Q4,2020   Q4,$269.9 B,1,AAPL,Apple Inc.,0.4361,Technology
BRK,2020Q4,2020   Q4,$269.9 B,2,BAC,Bank of America Corp.,0.1134,Financials
BRK,2020Q4,2020   Q4,$269.9 B,3,KO,Coca Cola Co.,0.08130000000000001,Consumer Staples
BRK,2020Q4,2020   Q4,$269.9 B,4,AXP,American Express,0.0679,Financials
BRK,2020Q4,2020   Q4,$269.9 B,5,KHC,Kraft Heinz Co.,0.0418,Consumer Staples
BRK,2020Q4,2020   Q4,$269.9 B,6,VZ,Verizon Communications,0.0319,Communication Services
BRK,2020Q4,2020   Q4,$269.9 B,7,MCO,Moody's Corp.,0.0265,Financials
BRK,2020Q4,2020   Q4,$269.9 B,8,USB,U.S. Bancorp,0.0226,Financials
BRK,2020Q4,2020   Q4,$269.9 B,9,DVA,DaVita HealthCare Partners,0.015700000000000002,Healthcare
BRK,2020Q4,2020   Q4,$269.9 B,10,CVX,Chevron Corp.,0.0152,Energy
BRK,2020Q4,2020   Q4,$269.9 B,11,CHTR,Charter Communications,0.0128,Communication Services
BRK,2020Q4,2020   Q4,$269.9 B,12,BNY,Bank of New York Mellon Corp.,0.011399999999999999,Financials
BRK,2020Q4,2020   Q4,$269.9 B,13,GM,General Motors,0.011200000000000002,Consumer Discretionary
BRK,2020Q4,2020   Q4,$269.9 B,14,VRSN,Verisign Inc.,0.0103,Technology
BRK,2020Q4,2020   Q4,$269.9 B,15,ABBV,AbbVie Inc.,0.0101,Healthcare
BRK,2020Q4,2020   Q4,$269.9 B,16,MRK,Merck & Co.,0.0087,Healthcare
BRK,2020Q4,2020   Q4,$269.9 B,17,V,Visa Inc.,0.008100000000000001,Financials
BRK,2020Q4,2020   Q4,$269.9 B,18,BMY,Bristol-Myers Squibb,0.0077,Healthcare
BRK,2020Q4,2020   Q4,$269.9 B,19,LSXMK,Liberty SiriusXM Series C,0.006999999999999999,Communication Services
BRK,2020Q4,2020   Q4,$269.9 B,20,SNOW,Snowflake Inc.,0.0064,Technology
BRK,2020Q3,2020   Q3,$235.9 B,1,AAPL,Apple Inc.,0.4635,Technology
BRK,2020Q3,2020   Q3,$235.9 B,2,BAC,Bank of America Corp.,0.10310000000000001,Financials
BRK,2020Q3,2020   Q3,$235.9 B,3,KO,Coca Cola Co.,0.0837,Consumer Staples
BRK,2020Q3,2020   Q3,$235.9 B,4,AXP,American Express,0.0644,Financials
BRK,2020Q3,2020   Q3,$235.9 B,5,KHC,Kraft Heinz Co.,0.041299999999999996,Consumer Staples
BRK,2020Q3,2020   Q3,$235.9 B,6,MCO,Moody's Corp.,0.030299999999999997,Financials
BRK,2020Q3,2020   Q3,$235.9 B,7,USB,U.S. Bancorp,0.020099999999999996,Financials
BRK,2020Q3,2020   Q3,$235.9 B,8,VZ,Verizon Communications,0.0147,Communication Services
BRK,2020Q3,2020   Q3,$235.9 B,9,CHTR,Charter Communications,0.0138,Communication Services
BRK,2020Q3,2020   Q3,$235.9 B,10,CVX,Chevron Corp.,0.013500000000000002,Energy
BRK,2020Q3,2020   Q3,$235.9 B,11,DVA,DaVita HealthCare Partners,0.0131,Healthcare
BRK,2020Q3,2020   Q3,$235.9 B,12,WFC,Wells Fargo,0.0127,Financials
BRK,2020Q3,2020   Q3,$235.9 B,13,VRSN,Verisign Inc.,0.0111,Technology
BRK,2020Q3,2020   Q3,$235.9 B,14,BNY,Bank of New York Mellon Corp.,0.0105,Financials
BRK,2020Q3,2020   Q3,$235.9 B,15,GM,General Motors,0.01,Consumer Discretionary
BRK,2020Q3,2020   Q3,$235.9 B,16,V,Visa Inc.,0.0085,Financials
BRK,2020Q3,2020   Q3,$235.9 B,17,ABBV,AbbVie Inc.,0.0079,Healthcare
BRK,2020Q3,2020   Q3,$235.9 B,18,MRK,Merck & Co.,0.0079,Healthcare
BRK,2020Q3,2020   Q3,$235.9 B,19,BMY,Bristol-Myers Squibb,0.0077,Healthcare
BRK,2020Q3,2020   Q3,$235.9 B,20,AMZN,Amazon.com Inc.,0.0070999999999999995,Consumer Discretionary
BRK,2020Q2,2020   Q2,$202.4 B,1,AAPL,Apple Inc.,0.44179999999999997,Technology
BRK,2020Q2,2020   Q2,$202.4 B,2,BAC,Bank of America Corp.,0.1085,Financials
BRK,2020Q2,2020   Q2,$202.4 B,3,KO,Coca Cola Co.,0.0883,Consumer Staples
BRK,2020Q2,2020   Q2,$202.4 B,4,AXP,American Express,0.0713,Financials
BRK,2020Q2,2020   Q2,$202.4 B,5,KHC,Kraft Heinz Co.,0.0513,Consumer Staples
BRK,2020Q2,2020   Q2,$202.4 B,6,MCO,Moody's Corp.,0.0335,Financials
BRK,2020Q2,2020   Q2,$202.4 B,7,WFC,Wells Fargo,0.03,Financials
BRK,2020Q2,2020   Q2,$202.4 B,8,USB,U.S. Bancorp,0.024,Financials
BRK,2020Q2,2020   Q2,$202.4 B,9,DVA,DaVita HealthCare Partners,0.0149,Healthcare
BRK,2020Q2,2020   Q2,$202.4 B,10,BNY,Bank of New York Mellon Corp.,0.0138,Financials
BRK,2020Q2,2020   Q2,$202.4 B,11,CHTR,Charter Communications,0.0131,Communication Services
BRK,2020Q2,2020   Q2,$202.4 B,12,VRSN,Verisign Inc.,0.0131,Technology
BRK,2020Q2,2020   Q2,$202.4 B,13,JPM,JPMorgan Chase & Co.,0.0103,Financials
BRK,2020Q2,2020   Q2,$202.4 B,14,V,Visa Inc.,0.0095,Financials
BRK,2020Q2,2020   Q2,$202.4 B,15,GM,General Motors,0.009300000000000001,Consumer Discretionary
BRK,2020Q2,2020   Q2,$202.4 B,16,LSXMK,Liberty SiriusXM Series C,0.0074,Communication Services
BRK,2020Q2,2020   Q2,$202.4 B,17,AMZN,Amazon.com Inc.,0.0073,Consumer Discretionary
BRK,2020Q2,2020   Q2,$202.4 B,18,MA,Mastercard Inc.,0.0067,Financials
BRK,2020Q2,2020   Q2,$202.4 B,19,COST,Costco Co.,0.006500000000000001,Consumer Staples
BRK,2020Q2,2020   Q2,$202.4 B,20,KR,Kroger Co.,0.0037,Consumer Staples
BRK,2020Q1,2020   Q1,$175.5 B,1,AAPL,Apple Inc.,0.3552,Technology
BRK,2020Q1,2020   Q1,$175.5 B,2,BAC,Bank of America Corp.,0.1119,Financials
BRK,2020Q1,2020   Q1,$175.5 B,3,KO,Coca Cola Co.,0.1008,Consumer Staples
BRK,2020Q1,2020   Q1,$175.5 B,4,AXP,American Express,0.0739,Financials
BRK,2020Q1,2020   Q1,$175.5 B,5,WFC,Wells Fargo,0.0528,Financials
BRK,2020Q1,2020   Q1,$175.5 B,6,KHC,Kraft Heinz Co.,0.045899999999999996,Consumer Staples
BRK,2020Q1,2020   Q1,$175.5 B,7,MCO,Moody's Corp.,0.0297,Financials
BRK,2020Q1,2020   Q1,$175.5 B,8,JPM,JPMorgan Chase & Co.,0.0296,Financials
BRK,2020Q1,2020   Q1,$175.5 B,9,USB,U.S. Bancorp,0.026000000000000002,Financials
BRK,2020Q1,2020   Q1,$175.5 B,10,DVA,DaVita HealthCare Partners,0.0165,Healthcare
BRK,2020Q1,2020   Q1,$175.5 B,11,BNY,Bank of New York Mellon Corp.,0.015300000000000001,Financials
BRK,2020Q1,2020   Q1,$175.5 B,12,CHTR,Charter Communications,0.013500000000000002,Communication Services
BRK,2020Q1,2020   Q1,$175.5 B,13,VRSN,Verisign Inc.,0.0131,Technology
BRK,2020Q1,2020   Q1,$175.5 B,14,DAL,Delta Air Lines Inc.,0.011699999999999999,Industrials
BRK,2020Q1,2020   Q1,$175.5 B,15,LUV,Southwest Airlines,0.0109,Industrials
BRK,2020Q1,2020   Q1,$175.5 B,16,V,Visa Inc.,0.0097,Financials
BRK,2020Q1,2020   Q1,$175.5 B,17,GM,General Motors,0.0088,Consumer Discretionary
BRK,2020Q1,2020   Q1,$175.5 B,18,COST,Costco Co.,0.006999999999999999,Consumer Staples
BRK,2020Q1,2020   Q1,$175.5 B,19,MA,Mastercard Inc.,0.0068000000000000005,Financials
BRK,2020Q1,2020   Q1,$175.5 B,20,AMZN,Amazon.com Inc.,0.0059,Consumer Discretionary
BRK,2019Q4,2019   Q4,$242.1 B,1,AAPL,Apple Inc.,0.2974,Technology
BRK,2019Q4,2019   Q4,$242.1 B,2,BAC,Bank of America Corp.,0.1346,Financials
BRK,2019Q4,2019   Q4,$242.1 B,3,KO,Coca Cola Co.,0.0915,Consumer Staples
BRK,2019Q4,2019   Q4,$242.1 B,4,AXP,American Express,0.078,Financials
BRK,2019Q4,2019   Q4,$242.1 B,5,WFC,Wells Fargo,0.0718,Financials
BRK,2019Q4,2019   Q4,$242.1 B,6,KHC,Kraft Heinz Co.,0.0432,Consumer Staples
BRK,2019Q4,2019   Q4,$242.1 B,7,JPM,JPMorgan Chase & Co.,0.034300000000000004,Financials
BRK,2019Q4,2019   Q4,$242.1 B,8,USB,U.S. Bancorp,0.032400000000000005,Financials
BRK,2019Q4,2019   Q4,$242.1 B,9,MCO,Moody's Corp.,0.0242,Financials
BRK,2019Q4,2019   Q4,$242.1 B,10,DAL,Delta Air Lines Inc.,0.0171,Industrials
BRK,2019Q4,2019   Q4,$242.1 B,11,BNY,Bank of New York Mellon Corp.,0.0166,Financials
BRK,2019Q4,2019   Q4,$242.1 B,12,DVA,DaVita HealthCare Partners,0.012,Healthcare
BRK,2019Q4,2019   Q4,$242.1 B,13,LUV,Southwest Airlines,0.012,Industrials
BRK,2019Q4,2019   Q4,$242.1 B,14,GS,Goldman Sachs Group,0.011399999999999999,Financials
BRK,2019Q4,2019   Q4,$242.1 B,15,GM,General Motors,0.0113,Consumer Discretionary
BRK,2019Q4,2019   Q4,$242.1 B,16,CHTR,Charter Communications,0.0109,Communication Services
BRK,2019Q4,2019   Q4,$242.1 B,17,VRSN,Verisign Inc.,0.0103,Technology
BRK,2019Q4,2019   Q4,$242.1 B,18,V,Visa Inc.,0.008199999999999999,Financials
BRK,2019Q4,2019   Q4,$242.1 B,19,UAL,United Airlines Holdings Inc.,0.008,Industrials
BRK,2019Q4,2019   Q4,$242.1 B,20,LSXMK,Liberty SiriusXM Series C,0.0062,Communication Services
BRK,2019Q3,2019   Q3,$214.7 B,1,AAPL,Apple Inc.,0.2596,Technology
BRK,2019Q3,2019   Q3,$214.7 B,2,BAC,Bank of America Corp.,0.126,Financials
BRK,2019Q3,2019   Q3,$214.7 B,3,KO,Coca Cola Co.,0.1014,Consumer Staples
BRK,2019Q3,2019   Q3,$214.7 B,4,WFC,Wells Fargo,0.0889,Financials
BRK,2019Q3,2019   Q3,$214.7 B,5,AXP,American Express,0.08349999999999999,Financials
BRK,2019Q3,2019   Q3,$214.7 B,6,KHC,Kraft Heinz Co.,0.0424,Consumer Staples
BRK,2019Q3,2019   Q3,$214.7 B,7,USB,U.S. Bancorp,0.0341,Financials
BRK,2019Q3,2019   Q3,$214.7 B,8,JPM,JPMorgan Chase & Co.,0.0326,Financials
BRK,2019Q3,2019   Q3,$214.7 B,9,MCO,Moody's Corp.,0.0235,Financials
BRK,2019Q3,2019   Q3,$214.7 B,10,DAL,Delta Air Lines Inc.,0.019,Industrials
BRK,2019Q3,2019   Q3,$214.7 B,11,GS,Goldman Sachs Group,0.0177,Financials
BRK,2019Q3,2019   Q3,$214.7 B,12,BNY,Bank of New York Mellon Corp.,0.017,Financials
BRK,2019Q3,2019   Q3,$214.7 B,13,LUV,Southwest Airlines,0.013500000000000002,Industrials
BRK,2019Q3,2019   Q3,$214.7 B,14,GM,General Motors,0.0126,Consumer Discretionary
BRK,2019Q3,2019   Q3,$214.7 B,15,VRSN,Verisign Inc.,0.011399999999999999,Technology
BRK,2019Q3,2019   Q3,$214.7 B,16,CHTR,Charter Communications,0.0104,Communication Services
BRK,2019Q3,2019   Q3,$214.7 B,17,DVA,DaVita HealthCare Partners,0.0103,Healthcare
BRK,2019Q3,2019   Q3,$214.7 B,18,UAL,United Airlines Holdings Inc.,0.009000000000000001,Industrials
BRK,2019Q3,2019   Q3,$214.7 B,19,V,Visa Inc.,0.0085,Financials
BRK,2019Q3,2019   Q3,$214.7 B,20,MA,Mastercard Inc.,0.0062,Financials
BRK,2019Q2,2019   Q2,$208.1 B,1,AAPL,Apple Inc.,0.23739999999999997,Technology
BRK,2019Q2,2019   Q2,$208.1 B,2,BAC,Bank of America Corp.,0.1292,Financials
BRK,2019Q2,2019   Q2,$208.1 B,3,KO,Coca Cola Co.,0.09789999999999999,Consumer Staples
BRK,2019Q2,2019   Q2,$208.1 B,4,WFC,Wells Fargo,0.0932,Financials
BRK,2019Q2,2019   Q2,$208.1 B,5,AXP,American Express,0.08990000000000001,Financials
BRK,2019Q2,2019   Q2,$208.1 B,6,KHC,Kraft Heinz Co.,0.048600000000000004,Consumer Staples
BRK,2019Q2,2019   Q2,$208.1 B,7,USB,U.S. Bancorp,0.0334,Financials
BRK,2019Q2,2019   Q2,$208.1 B,8,JPM,JPMorgan Chase & Co.,0.032,Financials
BRK,2019Q2,2019   Q2,$208.1 B,9,MCO,Moody's Corp.,0.0232,Financials
BRK,2019Q2,2019   Q2,$208.1 B,10,DAL,Delta Air Lines Inc.,0.019299999999999998,Industrials
BRK,2019Q2,2019   Q2,$208.1 B,11,GS,Goldman Sachs Group,0.018000000000000002,Financials
BRK,2019Q2,2019   Q2,$208.1 B,12,BNY,Bank of New York Mellon Corp.,0.0172,Financials
BRK,2019Q2,2019   Q2,$208.1 B,13,GM,General Motors,0.0134,Consumer Discretionary
BRK,2019Q2,2019   Q2,$208.1 B,14,LUV,Southwest Airlines,0.0131,Industrials
BRK,2019Q2,2019   Q2,$208.1 B,15,VRSN,Verisign Inc.,0.013000000000000001,Technology
BRK,2019Q2,2019   Q2,$208.1 B,16,DVA,DaVita HealthCare Partners,0.0104,Healthcare
BRK,2019Q2,2019   Q2,$208.1 B,17,CHTR,Charter Communications,0.0103,Communication Services
BRK,2019Q2,2019   Q2,$208.1 B,18,UAL,United Airlines Holdings Inc.,0.0092,Industrials
BRK,2019Q2,2019   Q2,$208.1 B,19,V,Visa Inc.,0.0088,Financials
BRK,2019Q2,2019   Q2,$208.1 B,20,AAL,American Airlines Group Inc.,0.0068000000000000005,Industrials
BRK,2019Q1,2019   Q1,$199.5 B,1,AAPL,Apple Inc.,0.2377,Technology
BRK,2019Q1,2019   Q1,$199.5 B,2,BAC,Bank of America Corp.,0.12390000000000001,Financials
BRK,2019Q1,2019   Q1,$199.5 B,3,WFC,Wells Fargo,0.0993,Financials
BRK,2019Q1,2019   Q1,$199.5 B,4,KO,Coca Cola Co.,0.094,Consumer Staples
BRK,2019Q1,2019   Q1,$199.5 B,5,AXP,American Express,0.08310000000000001,Financials
BRK,2019Q1,2019   Q1,$199.5 B,6,KHC,Kraft Heinz Co.,0.0533,Consumer Staples
BRK,2019Q1,2019   Q1,$199.5 B,7,USB,U.S. Bancorp,0.031200000000000002,Financials
BRK,2019Q1,2019   Q1,$199.5 B,8,JPM,JPMorgan Chase & Co.,0.0302,Financials
BRK,2019Q1,2019   Q1,$199.5 B,9,MCO,Moody's Corp.,0.022400000000000003,Financials
BRK,2019Q1,2019   Q1,$199.5 B,10,BNY,Bank of New York Mellon Corp.,0.020499999999999997,Financials
BRK,2019Q1,2019   Q1,$199.5 B,11,DAL,Delta Air Lines Inc.,0.0184,Industrials
BRK,2019Q1,2019   Q1,$199.5 B,12,GS,Goldman Sachs Group,0.0177,Financials
BRK,2019Q1,2019   Q1,$199.5 B,13,LUV,Southwest Airlines,0.013999999999999999,Industrials
BRK,2019Q1,2019   Q1,$199.5 B,14,GM,General Motors,0.0134,Consumer Discretionary
BRK,2019Q1,2019   Q1,$199.5 B,15,VRSN,Verisign Inc.,0.0118,Technology
BRK,2019Q1,2019   Q1,$199.5 B,16,DVA,DaVita HealthCare Partners,0.0105,Healthcare
BRK,2019Q1,2019   Q1,$199.5 B,17,CHTR,Charter Communications,0.009899999999999999,Communication Services
BRK,2019Q1,2019   Q1,$199.5 B,18,UAL,United Airlines Holdings Inc.,0.0088,Industrials
BRK,2019Q1,2019   Q1,$199.5 B,19,USG,USG Corp.,0.0085,Materials
BRK,2019Q1,2019   Q1,$199.5 B,20,V,Visa Inc.,0.0083,Financials
BRK,2018Q4,2018   Q4,$183.1 B,1,AAPL,Apple Inc.,0.2151,Technology
BRK,2018Q4,2018   Q4,$183.1 B,2,BAC,Bank of America Corp.,0.1206,Financials
BRK,2018Q4,2018   Q4,$183.1 B,3,WFC,Wells Fargo,0.1074,Financials
BRK,2018Q4,2018   Q4,$183.1 B,4,KO,Coca Cola Co.,0.1035,Consumer Staples
BRK,2018Q4,2018   Q4,$183.1 B,5,AXP,American Express,0.0789,Financials
BRK,2018Q4,2018   Q4,$183.1 B,6,KHC,Kraft Heinz Co.,0.0766,Consumer Staples
BRK,2018Q4,2018   Q4,$183.1 B,7,USB,U.S. Bancorp,0.0323,Financials
BRK,2018Q4,2018   Q4,$183.1 B,8,JPM,JPMorgan Chase & Co.,0.026699999999999998,Financials
BRK,2018Q4,2018   Q4,$183.1 B,9,BNY,Bank of New York Mellon Corp.,0.0208,Financials
BRK,2018Q4,2018   Q4,$183.1 B,10,MCO,Moody's Corp.,0.0189,Financials
BRK,2018Q4,2018   Q4,$183.1 B,11,DAL,Delta Air Lines Inc.,0.0179,Industrials
BRK,2018Q4,2018   Q4,$183.1 B,12,GS,Goldman Sachs Group,0.0167,Financials
BRK,2018Q4,2018   Q4,$183.1 B,13,LUV,Southwest Airlines,0.0139,Industrials
BRK,2018Q4,2018   Q4,$183.1 B,14,GM,General Motors,0.0132,Consumer Discretionary
BRK,2018Q4,2018   Q4,$183.1 B,15,CHTR,Charter Communications,0.0109,Communication Services
BRK,2018Q4,2018   Q4,$183.1 B,16,DVA,DaVita HealthCare Partners,0.0108,Healthcare
BRK,2018Q4,2018   Q4,$183.1 B,17,VRSN,Verisign Inc.,0.0105,Technology
BRK,2018Q4,2018   Q4,$183.1 B,18,UAL,United Airlines Holdings Inc.,0.01,Industrials
BRK,2018Q4,2018   Q4,$183.1 B,19,USG,USG Corp.,0.0091,Materials
BRK,2018Q4,2018   Q4,$183.1 B,20,AAL,American Airlines Group Inc.,0.0077,Industrials
BRK,2018Q3,2018   Q3,$221 B,1,AAPL,Apple Inc.,0.2579,Technology
BRK,2018Q3,2018   Q3,$221 B,2,BAC,Bank of America Corp.,0.11689999999999999,Financials
BRK,2018Q3,2018   Q3,$221 B,3,WFC,Wells Fargo,0.1052,Financials
BRK,2018Q3,2018   Q3,$221 B,4,KO,Coca Cola Co.,0.0836,Consumer Staples
BRK,2018Q3,2018   Q3,$221 B,5,KHC,Kraft Heinz Co.,0.0812,Consumer Staples
BRK,2018Q3,2018   Q3,$221 B,6,AXP,American Express,0.073,Financials
BRK,2018Q3,2018   Q3,$221 B,7,USB,U.S. Bancorp,0.0298,Financials
BRK,2018Q3,2018   Q3,$221 B,8,MCO,Moody's Corp.,0.0187,Financials
BRK,2018Q3,2018   Q3,$221 B,9,GS,Goldman Sachs Group,0.018600000000000002,Financials
BRK,2018Q3,2018   Q3,$221 B,10,JPM,JPMorgan Chase & Co.,0.0182,Financials
BRK,2018Q3,2018   Q3,$221 B,11,BNY,Bank of New York Mellon Corp.,0.018000000000000002,Financials
BRK,2018Q3,2018   Q3,$221 B,12,DAL,Delta Air Lines Inc.,0.0171,Industrials
BRK,2018Q3,2018   Q3,$221 B,13,LUV,Southwest Airlines,0.0158,Industrials
BRK,2018Q3,2018   Q3,$221 B,14,DVA,DaVita HealthCare Partners,0.0125,Healthcare
BRK,2018Q3,2018   Q3,$221 B,15,CHTR,Charter Communications,0.0108,Communication Services
BRK,2018Q3,2018   Q3,$221 B,16,UAL,United Airlines Holdings Inc.,0.0105,Industrials
BRK,2018Q3,2018   Q3,$221 B,17,ORCL,Oracle Corp.,0.0097,Technology
BRK,2018Q3,2018   Q3,$221 B,18,VRSN,Verisign Inc.,0.009399999999999999,Technology
BRK,2018Q3,2018   Q3,$221 B,19,AAL,American Airlines Group Inc.,0.008199999999999999,Industrials
BRK,2018Q3,2018   Q3,$221 B,20,GM,General Motors,0.008,Consumer Discretionary
BRK,2018Q2,2018   Q2,$195.6 B,1,AAPL,Apple Inc.,0.2384,Technology
BRK,2018Q2,2018   Q2,$195.6 B,2,WFC,Wells Fargo,0.1281,Financials
BRK,2018Q2,2018   Q2,$195.6 B,3,KHC,Kraft Heinz Co.,0.10460000000000001,Consumer Staples
BRK,2018Q2,2018   Q2,$195.6 B,4,BAC,Bank of America Corp.,0.09789999999999999,Financials
BRK,2018Q2,2018   Q2,$195.6 B,5,KO,Coca Cola Co.,0.0897,Consumer Staples
BRK,2018Q2,2018   Q2,$195.6 B,6,AXP,American Express,0.076,Financials
BRK,2018Q2,2018   Q2,$195.6 B,7,USB,U.S. Bancorp,0.025699999999999997,Financials
BRK,2018Q2,2018   Q2,$195.6 B,8,MCO,Moody's Corp.,0.0215,Financials
BRK,2018Q2,2018   Q2,$195.6 B,9,PSX,Phillips 66,0.0199,Energy
BRK,2018Q2,2018   Q2,$195.6 B,10,BNY,Bank of New York Mellon Corp.,0.0179,Financials
BRK,2018Q2,2018   Q2,$195.6 B,11,DAL,Delta Air Lines Inc.,0.0161,Industrials
BRK,2018Q2,2018   Q2,$195.6 B,12,GS,Goldman Sachs Group,0.0149,Financials
BRK,2018Q2,2018   Q2,$195.6 B,13,LUV,Southwest Airlines,0.0147,Industrials
BRK,2018Q2,2018   Q2,$195.6 B,14,DVA,DaVita HealthCare Partners,0.0137,Healthcare
BRK,2018Q2,2018   Q2,$195.6 B,15,CHTR,Charter Communications,0.011200000000000002,Communication Services
BRK,2018Q2,2018   Q2,$195.6 B,16,GM,General Motors,0.0104,Consumer Discretionary
BRK,2018Q2,2018   Q2,$195.6 B,17,UAL,United Airlines Holdings Inc.,0.0095,Industrials
BRK,2018Q2,2018   Q2,$195.6 B,18,VRSN,Verisign Inc.,0.0091,Technology
BRK,2018Q2,2018   Q2,$195.6 B,19,AAL,American Airlines Group Inc.,0.0087,Industrials
BRK,2018Q2,2018   Q2,$195.6 B,20,USG,USG Corp.,0.0086,Materials
BRK,2018Q1,2018   Q1,$188.9 B,1,AAPL,Apple Inc.,0.2127,Technology
BRK,2018Q1,2018   Q1,$188.9 B,2,WFC,Wells Fargo,0.1266,Financials
BRK,2018Q1,2018   Q1,$188.9 B,3,BAC,Bank of America Corp.,0.10779999999999999,Financials
BRK,2018Q1,2018   Q1,$188.9 B,4,KHC,Kraft Heinz Co.,0.1074,Consumer Staples
BRK,2018Q1,2018   Q1,$188.9 B,5,KO,Coca Cola Co.,0.0919,Consumer Staples
BRK,2018Q1,2018   Q1,$188.9 B,6,AXP,American Express,0.0748,Financials
BRK,2018Q1,2018   Q1,$188.9 B,7,USB,U.S. Bancorp,0.024300000000000002,Financials
BRK,2018Q1,2018   Q1,$188.9 B,8,PSX,Phillips 66,0.0232,Energy
BRK,2018Q1,2018   Q1,$188.9 B,9,MCO,Moody's Corp.,0.021099999999999997,Financials
BRK,2018Q1,2018   Q1,$188.9 B,10,BNY,Bank of New York Mellon Corp.,0.017,Financials
BRK,2018Q1,2018   Q1,$188.9 B,11,DAL,Delta Air Lines Inc.,0.0155,Industrials
BRK,2018Q1,2018   Q1,$188.9 B,12,GS,Goldman Sachs Group,0.0146,Financials
BRK,2018Q1,2018   Q1,$188.9 B,13,LUV,Southwest Airlines,0.0144,Industrials
BRK,2018Q1,2018   Q1,$188.9 B,14,DVA,DaVita HealthCare Partners,0.013500000000000002,Healthcare
BRK,2018Q1,2018   Q1,$188.9 B,15,CHTR,Charter Communications,0.013500000000000002,Communication Services
BRK,2018Q1,2018   Q1,$188.9 B,16,AAL,American Airlines Group Inc.,0.0127,Industrials
BRK,2018Q1,2018   Q1,$188.9 B,17,MON-OLD,Monsanto Co.,0.011699999999999999,Unknown
BRK,2018Q1,2018   Q1,$188.9 B,18,UAL,United Airlines Holdings Inc.,0.0102,Industrials
BRK,2018Q1,2018   Q1,$188.9 B,19,GM,General Motors,0.0096,Consumer Discretionary
BRK,2018Q1,2018   Q1,$188.9 B,20,USG,USG Corp.,0.0083,Materials
BRK,2017Q4,2017   Q4,$191.2 B,1,AAPL,Apple Inc.,0.1463,Technology
BRK,2017Q4,2017   Q4,$191.2 B,2,WFC,Wells Fargo,0.1454,Financials
BRK,2017Q4,2017   Q4,$191.2 B,3,KHC,Kraft Heinz Co.,0.1324,Consumer Staples
BRK,2017Q4,2017   Q4,$191.2 B,4,BAC,Bank of America Corp.,0.1048,Financials
BRK,2017Q4,2017   Q4,$191.2 B,5,KO,Coca Cola Co.,0.096,Consumer Staples
BRK,2017Q4,2017   Q4,$191.2 B,6,AXP,American Express,0.0787,Financials
BRK,2017Q4,2017   Q4,$191.2 B,7,PSX,Phillips 66,0.042699999999999995,Energy
BRK,2017Q4,2017   Q4,$191.2 B,8,USB,U.S. Bancorp,0.024399999999999998,Financials
BRK,2017Q4,2017   Q4,$191.2 B,9,MCO,Moody's Corp.,0.019,Financials
BRK,2017Q4,2017   Q4,$191.2 B,10,BNY,Bank of New York Mellon Corp.,0.0171,Financials
BRK,2017Q4,2017   Q4,$191.2 B,11,LUV,Southwest Airlines,0.0163,Industrials
BRK,2017Q4,2017   Q4,$191.2 B,12,DAL,Delta Air Lines Inc.,0.015600000000000001,Industrials
BRK,2017Q4,2017   Q4,$191.2 B,13,CHTR,Charter Communications,0.0149,Communication Services
BRK,2017Q4,2017   Q4,$191.2 B,14,DVA,DaVita HealthCare Partners,0.0146,Healthcare
BRK,2017Q4,2017   Q4,$191.2 B,15,GS,Goldman Sachs Group,0.0146,Financials
BRK,2017Q4,2017   Q4,$191.2 B,16,AAL,American Airlines Group Inc.,0.0125,Industrials
BRK,2017Q4,2017   Q4,$191.2 B,17,GM,General Motors,0.010700000000000001,Consumer Discretionary
BRK,2017Q4,2017   Q4,$191.2 B,18,UAL,United Airlines Holdings Inc.,0.009899999999999999,Industrials
BRK,2017Q4,2017   Q4,$191.2 B,19,USG,USG Corp.,0.0079,Materials
BRK,2017Q4,2017   Q4,$191.2 B,20,VRSN,Verisign Inc.,0.0078000000000000005,Technology
BRK,2017Q3,2017   Q3,$177.7 B,1,WFC,Wells Fargo,0.1441,Financials
BRK,2017Q3,2017   Q3,$177.7 B,2,KHC,Kraft Heinz Co.,0.1421,Consumer Staples
BRK,2017Q3,2017   Q3,$177.7 B,3,AAPL,Apple Inc.,0.11630000000000001,Technology
BRK,2017Q3,2017   Q3,$177.7 B,4,KO,Coca Cola Co.,0.1013,Consumer Staples
BRK,2017Q3,2017   Q3,$177.7 B,5,BAC,Bank of America Corp.,0.0968,Financials
BRK,2017Q3,2017   Q3,$177.7 B,6,AXP,American Express,0.07719999999999999,Financials
BRK,2017Q3,2017   Q3,$177.7 B,7,PSX,Phillips 66,0.0416,Energy
BRK,2017Q3,2017   Q3,$177.7 B,8,IBM,International Business Machines,0.0302,Technology
BRK,2017Q3,2017   Q3,$177.7 B,9,USB,U.S. Bancorp,0.025699999999999997,Financials
BRK,2017Q3,2017   Q3,$177.7 B,10,MCO,Moody's Corp.,0.019299999999999998,Financials
BRK,2017Q3,2017   Q3,$177.7 B,11,CHTR,Charter Communications,0.0174,Communication Services
BRK,2017Q3,2017   Q3,$177.7 B,12,LUV,Southwest Airlines,0.015,Industrials
BRK,2017Q3,2017   Q3,$177.7 B,13,BNY,Bank of New York Mellon Corp.,0.015,Financials
BRK,2017Q3,2017   Q3,$177.7 B,14,GS,Goldman Sachs Group,0.0146,Financials
BRK,2017Q3,2017   Q3,$177.7 B,15,DAL,Delta Air Lines Inc.,0.0144,Industrials
BRK,2017Q3,2017   Q3,$177.7 B,16,GM,General Motors,0.013600000000000001,Consumer Discretionary
BRK,2017Q3,2017   Q3,$177.7 B,17,DVA,DaVita HealthCare Partners,0.0129,Healthcare
BRK,2017Q3,2017   Q3,$177.7 B,18,AAL,American Airlines Group Inc.,0.0126,Industrials
BRK,2017Q3,2017   Q3,$177.7 B,19,UAL,United Airlines Holdings Inc.,0.0097,Industrials
BRK,2017Q3,2017   Q3,$177.7 B,20,VRSN,Verisign Inc.,0.0078000000000000005,Technology
BRK,2017Q2,2017   Q2,$162.1 B,1,KHC,Kraft Heinz Co.,0.172,Consumer Staples
BRK,2017Q2,2017   Q2,$162.1 B,2,WFC,Wells Fargo,0.15990000000000001,Financials
BRK,2017Q2,2017   Q2,$162.1 B,3,AAPL,Apple Inc.,0.11560000000000001,Technology
BRK,2017Q2,2017   Q2,$162.1 B,4,KO,Coca Cola Co.,0.1106,Consumer Staples
BRK,2017Q2,2017   Q2,$162.1 B,5,AXP,American Express,0.0788,Financials
BRK,2017Q2,2017   Q2,$162.1 B,6,IBM,International Business Machines,0.0513,Technology
BRK,2017Q2,2017   Q2,$162.1 B,7,PSX,Phillips 66,0.0412,Energy
BRK,2017Q2,2017   Q2,$162.1 B,8,USB,U.S. Bancorp,0.027200000000000002,Financials
BRK,2017Q2,2017   Q2,$162.1 B,9,CHTR,Charter Communications,0.0196,Communication Services
BRK,2017Q2,2017   Q2,$162.1 B,10,MCO,Moody's Corp.,0.018500000000000003,Financials
BRK,2017Q2,2017   Q2,$162.1 B,11,LUV,Southwest Airlines,0.0183,Industrials
BRK,2017Q2,2017   Q2,$162.1 B,12,DAL,Delta Air Lines Inc.,0.0176,Industrials
BRK,2017Q2,2017   Q2,$162.1 B,13,BNY,Bank of New York Mellon Corp.,0.0158,Financials
BRK,2017Q2,2017   Q2,$162.1 B,14,DVA,DaVita HealthCare Partners,0.0154,Healthcare
BRK,2017Q2,2017   Q2,$162.1 B,15,GS,Goldman Sachs Group,0.015,Financials
BRK,2017Q2,2017   Q2,$162.1 B,16,AAL,American Airlines Group Inc.,0.0146,Industrials
BRK,2017Q2,2017   Q2,$162.1 B,17,UAL,United Airlines Holdings Inc.,0.0131,Industrials
BRK,2017Q2,2017   Q2,$162.1 B,18,GM,General Motors,0.0129,Consumer Discretionary
BRK,2017Q2,2017   Q2,$162.1 B,19,LSXMK,Liberty SiriusXM Series C,0.008,Communication Services
BRK,2017Q2,2017   Q2,$162.1 B,20,VRSN,Verisign Inc.,0.0074,Technology
BRK,2017Q1,2017   Q1,$161.9 B,1,KHC,Kraft Heinz Co.,0.1827,Consumer Staples
BRK,2017Q1,2017   Q1,$161.9 B,2,WFC,Wells Fargo,0.1649,Financials
BRK,2017Q1,2017   Q1,$161.9 B,3,AAPL,Apple Inc.,0.1148,Technology
BRK,2017Q1,2017   Q1,$161.9 B,4,KO,Coca Cola Co.,0.10490000000000001,Consumer Staples
BRK,2017Q1,2017   Q1,$161.9 B,5,AXP,American Express,0.0741,Financials
BRK,2017Q1,2017   Q1,$161.9 B,6,IBM,International Business Machines,0.0695,Technology
BRK,2017Q1,2017   Q1,$161.9 B,7,PSX,Phillips 66,0.0395,Energy
BRK,2017Q1,2017   Q1,$161.9 B,8,USB,U.S. Bancorp,0.0271,Financials
BRK,2017Q1,2017   Q1,$161.9 B,9,CHTR,Charter Communications,0.0191,Communication Services
BRK,2017Q1,2017   Q1,$161.9 B,10,MCO,Moody's Corp.,0.0171,Financials
BRK,2017Q1,2017   Q1,$161.9 B,11,DVA,DaVita HealthCare Partners,0.016200000000000003,Healthcare
BRK,2017Q1,2017   Q1,$161.9 B,12,LUV,Southwest Airlines,0.0158,Industrials
BRK,2017Q1,2017   Q1,$161.9 B,13,DAL,Delta Air Lines Inc.,0.015600000000000001,Industrials
BRK,2017Q1,2017   Q1,$161.9 B,14,GS,Goldman Sachs Group,0.015600000000000001,Financials
BRK,2017Q1,2017   Q1,$161.9 B,15,AAL,American Airlines Group Inc.,0.0129,Industrials
BRK,2017Q1,2017   Q1,$161.9 B,16,UAL,United Airlines Holdings Inc.,0.0126,Industrials
BRK,2017Q1,2017   Q1,$161.9 B,17,GM,General Motors,0.0109,Consumer Discretionary
BRK,2017Q1,2017   Q1,$161.9 B,18,BNY,Bank of New York Mellon Corp.,0.0096,Financials
BRK,2017Q1,2017   Q1,$161.9 B,19,USG,USG Corp.,0.0077,Materials
BRK,2017Q1,2017   Q1,$161.9 B,20,VRSN,Verisign Inc.,0.006999999999999999,Technology
BRK,2016Q4,2016   Q4,$148 B,1,KHC,Kraft Heinz Co.,0.19210000000000002,Consumer Staples
BRK,2016Q4,2016   Q4,$148 B,2,WFC,Wells Fargo,0.17859999999999998,Financials
BRK,2016Q4,2016   Q4,$148 B,3,KO,Coca Cola Co.,0.1121,Consumer Staples
BRK,2016Q4,2016   Q4,$148 B,4,IBM,International Business Machines,0.0911,Technology
BRK,2016Q4,2016   Q4,$148 B,5,AXP,American Express,0.0759,Financials
BRK,2016Q4,2016   Q4,$148 B,6,PSX,Phillips 66,0.0471,Energy
BRK,2016Q4,2016   Q4,$148 B,7,AAPL,Apple Inc.,0.0449,Technology
BRK,2016Q4,2016   Q4,$148 B,8,USB,U.S. Bancorp,0.029500000000000002,Financials
BRK,2016Q4,2016   Q4,$148 B,9,DAL,Delta Air Lines Inc.,0.02,Industrials
BRK,2016Q4,2016   Q4,$148 B,10,CHTR,Charter Communications,0.0184,Communication Services
BRK,2016Q4,2016   Q4,$148 B,11,GS,Goldman Sachs Group,0.0177,Financials
BRK,2016Q4,2016   Q4,$148 B,12,DVA,DaVita HealthCare Partners,0.0167,Healthcare
BRK,2016Q4,2016   Q4,$148 B,13,MCO,Moody's Corp.,0.015700000000000002,Financials
BRK,2016Q4,2016   Q4,$148 B,14,LUV,Southwest Airlines,0.0146,Industrials
BRK,2016Q4,2016   Q4,$148 B,15,AAL,American Airlines Group Inc.,0.0144,Industrials
BRK,2016Q4,2016   Q4,$148 B,16,UAL,United Airlines Holdings Inc.,0.0143,Industrials
BRK,2016Q4,2016   Q4,$148 B,17,GM,General Motors,0.0118,Consumer Discretionary
BRK,2016Q4,2016   Q4,$148 B,18,USG,USG Corp.,0.0076,Materials
BRK,2016Q4,2016   Q4,$148 B,19,BNY,Bank of New York Mellon Corp.,0.0069,Financials
BRK,2016Q4,2016   Q4,$148 B,20,VRSN,Verisign Inc.,0.0067,Technology
BRK,2016Q3,2016   Q3,$128.8 B,1,KHC,Kraft Heinz Co.,0.2263,Consumer Staples
BRK,2016Q3,2016   Q3,$128.8 B,2,WFC,Wells Fargo,0.1649,Financials
BRK,2016Q3,2016   Q3,$128.8 B,3,KO,Coca Cola Co.,0.13140000000000002,Consumer Staples
BRK,2016Q3,2016   Q3,$128.8 B,4,IBM,International Business Machines,0.1002,Technology
BRK,2016Q3,2016   Q3,$128.8 B,5,AXP,American Express,0.0754,Financials
BRK,2016Q3,2016   Q3,$128.8 B,6,PSX,Phillips 66,0.050499999999999996,Energy
BRK,2016Q3,2016   Q3,$128.8 B,7,USB,U.S. Bancorp,0.028300000000000002,Financials
BRK,2016Q3,2016   Q3,$128.8 B,8,MCO,Moody's Corp.,0.0207,Financials
BRK,2016Q3,2016   Q3,$128.8 B,9,CHTR,Charter Communications,0.019799999999999998,Communication Services
BRK,2016Q3,2016   Q3,$128.8 B,10,DVA,DaVita HealthCare Partners,0.019799999999999998,Healthcare
BRK,2016Q3,2016   Q3,$128.8 B,11,DE,Deere & Co.,0.013999999999999999,Industrials
BRK,2016Q3,2016   Q3,$128.8 B,12,GS,Goldman Sachs Group,0.0137,Financials
BRK,2016Q3,2016   Q3,$128.8 B,13,AAPL,Apple Inc.,0.0134,Technology
BRK,2016Q3,2016   Q3,$128.8 B,14,GM,General Motors,0.0123,Consumer Discretionary
BRK,2016Q3,2016   Q3,$128.8 B,15,VRSN,Verisign Inc.,0.0079,Technology
BRK,2016Q3,2016   Q3,$128.8 B,16,USG,USG Corp.,0.0078000000000000005,Materials
BRK,2016Q3,2016   Q3,$128.8 B,17,WMT,Walmart Inc.,0.0073,Consumer Staples
BRK,2016Q3,2016   Q3,$128.8 B,18,V,Visa Inc.,0.0068000000000000005,Financials
BRK,2016Q3,2016   Q3,$128.8 B,19,BNY,Bank of New York Mellon Corp.,0.006500000000000001,Financials
BRK,2016Q3,2016   Q3,$128.8 B,20,AAL,American Airlines Group Inc.,0.0062,Industrials
BRK,2016Q2,2016   Q2,$129.7 B,1,KHC,Kraft Heinz Co.,0.22210000000000002,Consumer Staples
BRK,2016Q2,2016   Q2,$129.7 B,2,WFC,Wells Fargo,0.175,Financials
BRK,2016Q2,2016   Q2,$129.7 B,3,KO,Coca Cola Co.,0.1398,Consumer Staples
BRK,2016Q2,2016   Q2,$129.7 B,4,IBM,International Business Machines,0.0951,Technology
BRK,2016Q2,2016   Q2,$129.7 B,5,AXP,American Express,0.071,Financials
BRK,2016Q2,2016   Q2,$129.7 B,6,PSX,Phillips 66,0.0482,Energy
BRK,2016Q2,2016   Q2,$129.7 B,7,USB,U.S. Bancorp,0.0264,Financials
BRK,2016Q2,2016   Q2,$129.7 B,8,DVA,DaVita HealthCare Partners,0.023,Healthcare
BRK,2016Q2,2016   Q2,$129.7 B,9,WMT,Walmart Inc.,0.0226,Consumer Staples
BRK,2016Q2,2016   Q2,$129.7 B,10,MCO,Moody's Corp.,0.0178,Financials
BRK,2016Q2,2016   Q2,$129.7 B,11,CHTR,Charter Communications,0.0165,Communication Services
BRK,2016Q2,2016   Q2,$129.7 B,12,DE,Deere & Co.,0.0137,Industrials
BRK,2016Q2,2016   Q2,$129.7 B,13,GS,Goldman Sachs Group,0.0126,Financials
BRK,2016Q2,2016   Q2,$129.7 B,14,AAPL,Apple Inc.,0.011200000000000002,Technology
BRK,2016Q2,2016   Q2,$129.7 B,15,GM,General Motors,0.0109,Consumer Discretionary
BRK,2016Q2,2016   Q2,$129.7 B,16,VRSN,Verisign Inc.,0.0086,Technology
BRK,2016Q2,2016   Q2,$129.7 B,17,USG,USG Corp.,0.008100000000000001,Materials
BRK,2016Q2,2016   Q2,$129.7 B,18,VZ,Verizon Communications,0.006500000000000001,Communication Services
BRK,2016Q2,2016   Q2,$129.7 B,19,BNY,Bank of New York Mellon Corp.,0.0062,Financials
BRK,2016Q2,2016   Q2,$129.7 B,20,V,Visa Inc.,0.0059,Financials
BRK,2016Q1,2016   Q1,$128.6 B,1,KHC,Kraft Heinz Co.,0.19899999999999998,Consumer Staples
BRK,2016Q1,2016   Q1,$128.6 B,2,WFC,Wells Fargo,0.1804,Financials
BRK,2016Q1,2016   Q1,$128.6 B,3,KO,Coca Cola Co.,0.14429999999999998,Consumer Staples
BRK,2016Q1,2016   Q1,$128.6 B,4,IBM,International Business Machines,0.09570000000000001,Technology
BRK,2016Q1,2016   Q1,$128.6 B,5,AXP,American Express,0.0724,Financials
BRK,2016Q1,2016   Q1,$128.6 B,6,PSX,Phillips 66,0.0509,Energy
BRK,2016Q1,2016   Q1,$128.6 B,7,WMT,Walmart Inc.,0.0294,Consumer Staples
BRK,2016Q1,2016   Q1,$128.6 B,8,USB,U.S. Bancorp,0.0269,Financials
BRK,2016Q1,2016   Q1,$128.6 B,9,DVA,DaVita HealthCare Partners,0.022000000000000002,Healthcare
BRK,2016Q1,2016   Q1,$128.6 B,10,MCO,Moody's Corp.,0.018500000000000003,Financials
BRK,2016Q1,2016   Q1,$128.6 B,11,CHTR,Charter Communications,0.0163,Communication Services
BRK,2016Q1,2016   Q1,$128.6 B,12,DE,Deere & Co.,0.0139,Industrials
BRK,2016Q1,2016   Q1,$128.6 B,13,GS,Goldman Sachs Group,0.0134,Financials
BRK,2016Q1,2016   Q1,$128.6 B,14,GM,General Motors,0.012199999999999999,Consumer Discretionary
BRK,2016Q1,2016   Q1,$128.6 B,15,VRSN,Verisign Inc.,0.0089,Technology
BRK,2016Q1,2016   Q1,$128.6 B,16,AAPL,Apple Inc.,0.0083,Technology
BRK,2016Q1,2016   Q1,$128.6 B,17,USG,USG Corp.,0.0075,Materials
BRK,2016Q1,2016   Q1,$128.6 B,18,SU,Suncor Energy Inc.,0.006500000000000001,Energy
BRK,2016Q1,2016   Q1,$128.6 B,19,VZ,Verizon Communications,0.0063,Communication Services
BRK,2016Q1,2016   Q1,$128.6 B,20,V,Visa Inc.,0.0060999999999999995,Financials
BRK,2015Q4,2015   Q4,$131.9 B,1,WFC,Wells Fargo,0.1978,Financials
BRK,2015Q4,2015   Q4,$131.9 B,2,KHC,Kraft Heinz Co.,0.1797,Consumer Staples
BRK,2015Q4,2015   Q4,$131.9 B,3,KO,Coca Cola Co.,0.1303,Consumer Staples
BRK,2015Q4,2015   Q4,$131.9 B,4,IBM,International Business Machines,0.08460000000000001,Technology
BRK,2015Q4,2015   Q4,$131.9 B,5,AXP,American Express,0.08,Financials
BRK,2015Q4,2015   Q4,$131.9 B,6,PSX,Phillips 66,0.0381,Energy
BRK,2015Q4,2015   Q4,$131.9 B,7,PG,Procter & Gamble,0.0318,Consumer Staples
BRK,2015Q4,2015   Q4,$131.9 B,8,USB,U.S. Bancorp,0.0275,Financials
BRK,2015Q4,2015   Q4,$131.9 B,9,WMT,Walmart Inc.,0.026099999999999998,Consumer Staples
BRK,2015Q4,2015   Q4,$131.9 B,10,DVA,DaVita HealthCare Partners,0.0204,Healthcare
BRK,2015Q4,2015   Q4,$131.9 B,11,MCO,Moody's Corp.,0.018799999999999997,Financials
BRK,2015Q4,2015   Q4,$131.9 B,12,GS,Goldman Sachs Group,0.015,Financials
BRK,2015Q4,2015   Q4,$131.9 B,13,CHTR,Charter Communications,0.0143,Communication Services
BRK,2015Q4,2015   Q4,$131.9 B,14,DE,Deere & Co.,0.0132,Industrials
BRK,2015Q4,2015   Q4,$131.9 B,15,GM,General Motors,0.0129,Consumer Discretionary
BRK,2015Q4,2015   Q4,$131.9 B,16,T,AT&T Inc.,0.012199999999999999,Communication Services
BRK,2015Q4,2015   Q4,$131.9 B,17,VRSN,Verisign Inc.,0.0086,Technology
BRK,2015Q4,2015   Q4,$131.9 B,18,PCP,Precision Castparts,0.0074,Unknown
BRK,2015Q4,2015   Q4,$131.9 B,19,USG,USG Corp.,0.0072,Materials
BRK,2015Q4,2015   Q4,$131.9 B,20,BNY,Bank of New York Mellon Corp.,0.0063,Financials
BRK,2015Q3,2015   Q3,$127.4 B,1,WFC,Wells Fargo,0.1895,Financials
BRK,2015Q3,2015   Q3,$127.4 B,2,KHC,Kraft Heinz Co.,0.1804,Consumer Staples
BRK,2015Q3,2015   Q3,$127.4 B,3,KO,Coca Cola Co.,0.126,Consumer Staples
BRK,2015Q3,2015   Q3,$127.4 B,4,IBM,International Business Machines,0.0922,Technology
BRK,2015Q3,2015   Q3,$127.4 B,5,AXP,American Express,0.0882,Financials
BRK,2015Q3,2015   Q3,$127.4 B,6,PSX,Phillips 66,0.0371,Energy
BRK,2015Q3,2015   Q3,$127.4 B,7,PG,Procter & Gamble,0.0298,Consumer Staples
BRK,2015Q3,2015   Q3,$127.4 B,8,WMT,Walmart Inc.,0.0286,Consumer Staples
BRK,2015Q3,2015   Q3,$127.4 B,9,USB,U.S. Bancorp,0.0274,Financials
BRK,2015Q3,2015   Q3,$127.4 B,10,DVA,DaVita HealthCare Partners,0.0219,Healthcare
BRK,2015Q3,2015   Q3,$127.4 B,11,MCO,Moody's Corp.,0.019,Financials
BRK,2015Q3,2015   Q3,$127.4 B,12,T,AT&T Inc.,0.0152,Communication Services
BRK,2015Q3,2015   Q3,$127.4 B,13,GS,Goldman Sachs Group,0.0149,Financials
BRK,2015Q3,2015   Q3,$127.4 B,14,CHTR,Charter Communications,0.014199999999999999,Communication Services
BRK,2015Q3,2015   Q3,$127.4 B,15,GM,General Motors,0.0118,Consumer Discretionary
BRK,2015Q3,2015   Q3,$127.4 B,16,DE,Deere & Co.,0.009899999999999999,Industrials
BRK,2015Q3,2015   Q3,$127.4 B,17,USG,USG Corp.,0.008100000000000001,Materials
BRK,2015Q3,2015   Q3,$127.4 B,18,PCP,Precision Castparts,0.0076,Unknown
BRK,2015Q3,2015   Q3,$127.4 B,19,VRSN,Verisign Inc.,0.0072,Technology
BRK,2015Q3,2015   Q3,$127.4 B,20,SU,Suncor Energy Inc.,0.0063,Energy
BRK,2015Q2,2015   Q2,$109.6 B,1,WFC,Wells Fargo,0.2414,Financials
BRK,2015Q2,2015   Q2,$109.6 B,2,KO,Coca Cola Co.,0.1432,Consumer Staples
BRK,2015Q2,2015   Q2,$109.6 B,3,IBM,International Business Machines,0.11810000000000001,Technology
BRK,2015Q2,2015   Q2,$109.6 B,4,AXP,American Express,0.1075,Financials
BRK,2015Q2,2015   Q2,$109.6 B,5,WMT,Walmart Inc.,0.0391,Consumer Staples
BRK,2015Q2,2015   Q2,$109.6 B,6,PG,Procter & Gamble,0.0377,Consumer Staples
BRK,2015Q2,2015   Q2,$109.6 B,7,USB,U.S. Bancorp,0.0337,Financials
BRK,2015Q2,2015   Q2,$109.6 B,8,DVA,DaVita HealthCare Partners,0.027999999999999997,Healthcare
BRK,2015Q2,2015   Q2,$109.6 B,9,DTV,DIRECTV Group Inc.,0.026600000000000002,Communication Services
BRK,2015Q2,2015   Q2,$109.6 B,10,MCO,Moody's Corp.,0.024300000000000002,Financials
BRK,2015Q2,2015   Q2,$109.6 B,11,GS,Goldman Sachs Group,0.0241,Financials
BRK,2015Q2,2015   Q2,$109.6 B,12,PSX,Phillips 66,0.0218,Energy
BRK,2015Q2,2015   Q2,$109.6 B,13,DE,Deere & Co.,0.015300000000000001,Industrials
BRK,2015Q2,2015   Q2,$109.6 B,14,CHTR,Charter Communications,0.013300000000000001,Communication Services
BRK,2015Q2,2015   Q2,$109.6 B,15,GM,General Motors,0.0125,Consumer Discretionary
BRK,2015Q2,2015   Q2,$109.6 B,16,USG,USG Corp.,0.009899999999999999,Materials
BRK,2015Q2,2015   Q2,$109.6 B,17,BNY,Bank of New York Mellon Corp.,0.0079,Financials
BRK,2015Q2,2015   Q2,$109.6 B,18,PCP,Precision Castparts,0.0077,Unknown
BRK,2015Q2,2015   Q2,$109.6 B,19,VRSN,Verisign Inc.,0.0073,Technology
BRK,2015Q2,2015   Q2,$109.6 B,20,VZ,Verizon Communications,0.0064,Communication Services
BRK,2015Q1,2015   Q1,$107.1 B,1,WFC,Wells Fargo,0.23879999999999998,Financials
BRK,2015Q1,2015   Q1,$107.1 B,2,KO,Coca Cola Co.,0.1514,Consumer Staples
BRK,2015Q1,2015   Q1,$107.1 B,3,IBM,International Business Machines,0.1192,Technology
BRK,2015Q1,2015   Q1,$107.1 B,4,AXP,American Express,0.1106,Financials
BRK,2015Q1,2015   Q1,$107.1 B,5,WMT,Walmart Inc.,0.0464,Consumer Staples
BRK,2015Q1,2015   Q1,$107.1 B,6,PG,Procter & Gamble,0.0404,Consumer Staples
BRK,2015Q1,2015   Q1,$107.1 B,7,USB,U.S. Bancorp,0.0341,Financials
BRK,2015Q1,2015   Q1,$107.1 B,8,DVA,DaVita HealthCare Partners,0.029300000000000003,Healthcare
BRK,2015Q1,2015   Q1,$107.1 B,9,DTV,DIRECTV Group Inc.,0.024900000000000002,Communication Services
BRK,2015Q1,2015   Q1,$107.1 B,10,MCO,Moody's Corp.,0.0239,Financials
BRK,2015Q1,2015   Q1,$107.1 B,11,GS,Goldman Sachs Group,0.0222,Financials
BRK,2015Q1,2015   Q1,$107.1 B,12,GM,General Motors,0.0144,Consumer Discretionary
BRK,2015Q1,2015   Q1,$107.1 B,13,DE,Deere & Co.,0.014199999999999999,Industrials
BRK,2015Q1,2015   Q1,$107.1 B,14,CHTR,Charter Communications,0.0108,Communication Services
BRK,2015Q1,2015   Q1,$107.1 B,15,USG,USG Corp.,0.0097,Materials
BRK,2015Q1,2015   Q1,$107.1 B,16,PCP,Precision Castparts,0.008199999999999999,Unknown
BRK,2015Q1,2015   Q1,$107.1 B,17,VRSN,Verisign Inc.,0.008100000000000001,Technology
BRK,2015Q1,2015   Q1,$107.1 B,18,BNY,Bank of New York Mellon Corp.,0.0078000000000000005,Financials
BRK,2015Q1,2015   Q1,$107.1 B,19,VZ,Verizon Communications,0.0068000000000000005,Communication Services
BRK,2015Q1,2015   Q1,$107.1 B,20,MTB,M&T Bank Corp.,0.0064,Financials
BRK,2014Q4,2014   Q4,$109.4 B,1,WFC,Wells Fargo,0.2323,Financials
BRK,2014Q4,2014   Q4,$109.4 B,2,KO,Coca Cola Co.,0.15439999999999998,Consumer Staples
BRK,2014Q4,2014   Q4,$109.4 B,3,AXP,American Express,0.129,Financials
BRK,2014Q4,2014   Q4,$109.4 B,4,IBM,International Business Machines,0.11289999999999999,Technology
BRK,2014Q4,2014   Q4,$109.4 B,5,WMT,Walmart Inc.,0.047400000000000005,Consumer Staples
BRK,2014Q4,2014   Q4,$109.4 B,6,PG,Procter & Gamble,0.044000000000000004,Consumer Staples
BRK,2014Q4,2014   Q4,$109.4 B,7,USB,U.S. Bancorp,0.0329,Financials
BRK,2014Q4,2014   Q4,$109.4 B,8,DVA,DaVita HealthCare Partners,0.026699999999999998,Healthcare
BRK,2014Q4,2014   Q4,$109.4 B,9,DTV,DIRECTV Group Inc.,0.024900000000000002,Communication Services
BRK,2014Q4,2014   Q4,$109.4 B,10,GS,Goldman Sachs Group,0.022400000000000003,Financials
BRK,2014Q4,2014   Q4,$109.4 B,11,MCO,Moody's Corp.,0.0216,Financials
BRK,2014Q4,2014   Q4,$109.4 B,12,DE,Deere & Co.,0.0138,Industrials
BRK,2014Q4,2014   Q4,$109.4 B,13,GM,General Motors,0.0131,Consumer Discretionary
BRK,2014Q4,2014   Q4,$109.4 B,14,USG,USG Corp.,0.01,Materials
BRK,2014Q4,2014   Q4,$109.4 B,15,CHTR,Charter Communications,0.009399999999999999,Communication Services
BRK,2014Q4,2014   Q4,$109.4 B,16,BNY,Bank of New York Mellon Corp.,0.008199999999999999,Financials
BRK,2014Q4,2014   Q4,$109.4 B,17,VRSN,Verisign Inc.,0.0068000000000000005,Technology
BRK,2014Q4,2014   Q4,$109.4 B,18,SU,Suncor Energy Inc.,0.006500000000000001,Energy
BRK,2014Q4,2014   Q4,$109.4 B,19,VZ,Verizon Communications,0.0064,Communication Services
BRK,2014Q4,2014   Q4,$109.4 B,20,PCP,Precision Castparts,0.0063,Unknown
BRK,2014Q3,2014   Q3,$108.4 B,1,WFC,Wells Fargo,0.2218,Financials
BRK,2014Q3,2014   Q3,$108.4 B,2,KO,Coca Cola Co.,0.1574,Consumer Staples
BRK,2014Q3,2014   Q3,$108.4 B,3,IBM,International Business Machines,0.1234,Technology
BRK,2014Q3,2014   Q3,$108.4 B,4,AXP,American Express,0.12240000000000001,Financials
BRK,2014Q3,2014   Q3,$108.4 B,5,WMT,Walmart Inc.,0.0426,Consumer Staples
BRK,2014Q3,2014   Q3,$108.4 B,6,PG,Procter & Gamble,0.0408,Consumer Staples
BRK,2014Q3,2014   Q3,$108.4 B,7,XOM,ExxonMobil Holdings Corp.,0.035699999999999996,Energy
BRK,2014Q3,2014   Q3,$108.4 B,8,USB,U.S. Bancorp,0.030899999999999997,Financials
BRK,2014Q3,2014   Q3,$108.4 B,9,DVA,DaVita HealthCare Partners,0.0254,Healthcare
BRK,2014Q3,2014   Q3,$108.4 B,10,DTV,DIRECTV Group Inc.,0.0239,Communication Services
BRK,2014Q3,2014   Q3,$108.4 B,11,MCO,Moody's Corp.,0.0215,Financials
BRK,2014Q3,2014   Q3,$108.4 B,12,GS,Goldman Sachs Group,0.021400000000000002,Financials
BRK,2014Q3,2014   Q3,$108.4 B,13,GM,General Motors,0.0118,Consumer Discretionary
BRK,2014Q3,2014   Q3,$108.4 B,14,USG,USG Corp.,0.009899999999999999,Materials
BRK,2014Q3,2014   Q3,$108.4 B,15,BNY,Bank of New York Mellon Corp.,0.0084,Financials
BRK,2014Q3,2014   Q3,$108.4 B,16,CHTR,Charter Communications,0.0069,Communication Services
BRK,2014Q3,2014   Q3,$108.4 B,17,VZ,Verizon Communications,0.0069,Communication Services
BRK,2014Q3,2014   Q3,$108.4 B,18,VRSN,Verisign Inc.,0.0066,Technology
BRK,2014Q3,2014   Q3,$108.4 B,19,SU,Suncor Energy Inc.,0.0062,Energy
BRK,2014Q3,2014   Q3,$108.4 B,20,MTB,M&T Bank Corp.,0.0060999999999999995,Financials
BRK,2014Q2,2014   Q2,$107.6 B,1,WFC,Wells Fargo,0.22640000000000002,Financials
BRK,2014Q2,2014   Q2,$107.6 B,2,KO,Coca Cola Co.,0.1575,Consumer Staples
BRK,2014Q2,2014   Q2,$107.6 B,3,AXP,American Express,0.13369999999999999,Financials
BRK,2014Q2,2014   Q2,$107.6 B,4,IBM,International Business Machines,0.1182,Technology
BRK,2014Q2,2014   Q2,$107.6 B,5,WMT,Walmart Inc.,0.040999999999999995,Consumer Staples
BRK,2014Q2,2014   Q2,$107.6 B,6,PG,Procter & Gamble,0.038599999999999995,Consumer Staples
BRK,2014Q2,2014   Q2,$107.6 B,7,XOM,ExxonMobil Holdings Corp.,0.0385,Energy
BRK,2014Q2,2014   Q2,$107.6 B,8,USB,U.S. Bancorp,0.0323,Financials
BRK,2014Q2,2014   Q2,$107.6 B,9,DVA,DaVita HealthCare Partners,0.0253,Healthcare
BRK,2014Q2,2014   Q2,$107.6 B,10,MCO,Moody's Corp.,0.020099999999999996,Financials
BRK,2014Q2,2014   Q2,$107.6 B,11,GS,Goldman Sachs Group,0.0197,Financials
BRK,2014Q2,2014   Q2,$107.6 B,12,DTV,DIRECTV Group Inc.,0.018500000000000003,Communication Services
BRK,2014Q2,2014   Q2,$107.6 B,13,GM,General Motors,0.0111,Consumer Discretionary
BRK,2014Q2,2014   Q2,$107.6 B,14,USG,USG Corp.,0.0109,Materials
BRK,2014Q2,2014   Q2,$107.6 B,15,BNY,Bank of New York Mellon Corp.,0.0086,Financials
BRK,2014Q2,2014   Q2,$107.6 B,16,VZ,Verizon Communications,0.0068000000000000005,Communication Services
BRK,2014Q2,2014   Q2,$107.6 B,17,CBI,Chicago Bridge & Iron Company,0.0068000000000000005,Industrials
BRK,2014Q2,2014   Q2,$107.6 B,18,SU,Suncor Energy Inc.,0.006500000000000001,Energy
BRK,2014Q2,2014   Q2,$107.6 B,19,MTB,M&T Bank Corp.,0.0062,Financials
BRK,2014Q2,2014   Q2,$107.6 B,20,VIAB,Viacom Inc.,0.0060999999999999995,Unknown
BRK,2014Q1,2014   Q1,$105.8 B,1,WFC,Wells Fargo,0.21789999999999998,Financials
BRK,2014Q1,2014   Q1,$105.8 B,2,KO,Coca Cola Co.,0.1462,Consumer Staples
BRK,2014Q1,2014   Q1,$105.8 B,3,AXP,American Express,0.129,Financials
BRK,2014Q1,2014   Q1,$105.8 B,4,IBM,International Business Machines,0.1244,Technology
BRK,2014Q1,2014   Q1,$105.8 B,5,WMT,Walmart Inc.,0.04190000000000001,Consumer Staples
BRK,2014Q1,2014   Q1,$105.8 B,6,PG,Procter & Gamble,0.04019999999999999,Consumer Staples
BRK,2014Q1,2014   Q1,$105.8 B,7,XOM,ExxonMobil Holdings Corp.,0.038,Energy
BRK,2014Q1,2014   Q1,$105.8 B,8,USB,U.S. Bancorp,0.032400000000000005,Financials
BRK,2014Q1,2014   Q1,$105.8 B,9,DTV,DIRECTV Group Inc.,0.024900000000000002,Communication Services
BRK,2014Q1,2014   Q1,$105.8 B,10,DVA,DaVita HealthCare Partners,0.0245,Healthcare
BRK,2014Q1,2014   Q1,$105.8 B,11,GS,Goldman Sachs Group,0.0196,Financials
BRK,2014Q1,2014   Q1,$105.8 B,12,MCO,Moody's Corp.,0.018500000000000003,Financials
BRK,2014Q1,2014   Q1,$105.8 B,13,GHC,Graham Holdings Co.,0.0115,Industrials
BRK,2014Q1,2014   Q1,$105.8 B,14,USG,USG Corp.,0.0108,Materials
BRK,2014Q1,2014   Q1,$105.8 B,15,GM,General Motors,0.0098,Consumer Discretionary
BRK,2014Q1,2014   Q1,$105.8 B,16,BNY,Bank of New York Mellon Corp.,0.008199999999999999,Financials
BRK,2014Q1,2014   Q1,$105.8 B,17,CBI,Chicago Bridge & Iron Company,0.0079,Industrials
BRK,2014Q1,2014   Q1,$105.8 B,18,COP,ConocoPhillips,0.0074,Energy
BRK,2014Q1,2014   Q1,$105.8 B,19,PSX,Phillips 66,0.0070999999999999995,Energy
BRK,2014Q1,2014   Q1,$105.8 B,20,FWONA,Liberty Media Corp Formula One Series A,0.0066,Communication Services
BRK,2013Q4,2013   Q4,$104.8 B,1,WFC,Wells Fargo,0.2007,Financials
BRK,2013Q4,2013   Q4,$104.8 B,2,KO,Coca Cola Co.,0.1576,Consumer Staples
BRK,2013Q4,2013   Q4,$104.8 B,3,AXP,American Express,0.13119999999999998,Financials
BRK,2013Q4,2013   Q4,$104.8 B,4,IBM,International Business Machines,0.1219,Technology
BRK,2013Q4,2013   Q4,$104.8 B,5,PG,Procter & Gamble,0.040999999999999995,Consumer Staples
BRK,2013Q4,2013   Q4,$104.8 B,6,XOM,ExxonMobil Holdings Corp.,0.0397,Energy
BRK,2013Q4,2013   Q4,$104.8 B,7,WMT,Walmart Inc.,0.0371,Consumer Staples
BRK,2013Q4,2013   Q4,$104.8 B,8,USB,U.S. Bancorp,0.030600000000000002,Financials
BRK,2013Q4,2013   Q4,$104.8 B,9,DTV,DIRECTV Group Inc.,0.0241,Communication Services
BRK,2013Q4,2013   Q4,$104.8 B,10,DVA,DaVita HealthCare Partners,0.022000000000000002,Healthcare
BRK,2013Q4,2013   Q4,$104.8 B,11,GS,Goldman Sachs Group,0.021400000000000002,Financials
BRK,2013Q4,2013   Q4,$104.8 B,12,PSX,Phillips 66,0.02,Energy
BRK,2013Q4,2013   Q4,$104.8 B,13,MCO,Moody's Corp.,0.018500000000000003,Financials
BRK,2013Q4,2013   Q4,$104.8 B,14,GM,General Motors,0.015600000000000001,Consumer Discretionary
BRK,2013Q4,2013   Q4,$104.8 B,15,GHC,Graham Holdings Co.,0.0109,Industrials
BRK,2013Q4,2013   Q4,$104.8 B,16,USG,USG Corp.,0.009399999999999999,Materials
BRK,2013Q4,2013   Q4,$104.8 B,17,BNY,Bank of New York Mellon Corp.,0.008199999999999999,Financials
BRK,2013Q4,2013   Q4,$104.8 B,18,CBI,Chicago Bridge & Iron Company,0.0076,Industrials
BRK,2013Q4,2013   Q4,$104.8 B,19,COP,ConocoPhillips,0.0075,Energy
BRK,2013Q4,2013   Q4,$104.8 B,20,FWONA,Liberty Media Corp Formula One Series A,0.0074,Communication Services
BRK,2013Q3,2013   Q3,$92 B,1,WFC,Wells Fargo,0.2079,Financials
BRK,2013Q3,2013   Q3,$92 B,2,KO,Coca Cola Co.,0.1646,Consumer Staples
BRK,2013Q3,2013   Q3,$92 B,3,IBM,International Business Machines,0.1371,Technology
BRK,2013Q3,2013   Q3,$92 B,4,AXP,American Express,0.1244,Financials
BRK,2013Q3,2013   Q3,$92 B,5,PG,Procter & Gamble,0.0434,Consumer Staples
BRK,2013Q3,2013   Q3,$92 B,6,WMT,Walmart Inc.,0.039599999999999996,Consumer Staples
BRK,2013Q3,2013   Q3,$92 B,7,XOM,ExxonMobil Holdings Corp.,0.0375,Energy
BRK,2013Q3,2013   Q3,$92 B,8,USB,U.S. Bancorp,0.031400000000000004,Financials
BRK,2013Q3,2013   Q3,$92 B,9,DTV,DIRECTV Group Inc.,0.023700000000000002,Communication Services
BRK,2013Q3,2013   Q3,$92 B,10,DVA,DaVita HealthCare Partners,0.0194,Healthcare
BRK,2013Q3,2013   Q3,$92 B,11,MCO,Moody's Corp.,0.019,Financials
BRK,2013Q3,2013   Q3,$92 B,12,PSX,Phillips 66,0.0171,Energy
BRK,2013Q3,2013   Q3,$92 B,13,GM,General Motors,0.015600000000000001,Consumer Discretionary
BRK,2013Q3,2013   Q3,$92 B,14,GHC,Graham Holdings Co.,0.0115,Industrials
BRK,2013Q3,2013   Q3,$92 B,15,COP,ConocoPhillips,0.0102,Energy
BRK,2013Q3,2013   Q3,$92 B,16,FWONA,Liberty Media Corp Formula One Series A,0.009000000000000001,Communication Services
BRK,2013Q3,2013   Q3,$92 B,17,BNY,Bank of New York Mellon Corp.,0.008100000000000001,Financials
BRK,2013Q3,2013   Q3,$92 B,18,NOV,Nov Inc.,0.0075,Energy
BRK,2013Q3,2013   Q3,$92 B,19,SU,Suncor Energy Inc.,0.006999999999999999,Energy
BRK,2013Q3,2013   Q3,$92 B,20,CBI,Chicago Bridge & Iron Company,0.006999999999999999,Industrials
BRK,2013Q2,2013   Q2,$91.9 B,1,WFC,Wells Fargo,0.20809999999999998,Financials
BRK,2013Q2,2013   Q2,$91.9 B,2,KO,Coca Cola Co.,0.1747,Consumer Staples
BRK,2013Q2,2013   Q2,$91.9 B,3,IBM,International Business Machines,0.1417,Technology
BRK,2013Q2,2013   Q2,$91.9 B,4,AXP,American Express,0.1234,Financials
BRK,2013Q2,2013   Q2,$91.9 B,5,PG,Procter & Gamble,0.044199999999999996,Consumer Staples
BRK,2013Q2,2013   Q2,$91.9 B,6,WMT,Walmart Inc.,0.039900000000000005,Consumer Staples
BRK,2013Q2,2013   Q2,$91.9 B,7,USB,U.S. Bancorp,0.0308,Financials
BRK,2013Q2,2013   Q2,$91.9 B,8,XOM,ExxonMobil Holdings Corp.,0.030699999999999998,Energy
BRK,2013Q2,2013   Q2,$91.9 B,9,DTV,DIRECTV Group Inc.,0.025,Communication Services
BRK,2013Q2,2013   Q2,$91.9 B,10,DVA,DaVita HealthCare Partners,0.0197,Healthcare
BRK,2013Q2,2013   Q2,$91.9 B,11,PSX,Phillips 66,0.0174,Energy
BRK,2013Q2,2013   Q2,$91.9 B,12,MCO,Moody's Corp.,0.0165,Financials
BRK,2013Q2,2013   Q2,$91.9 B,13,COP,ConocoPhillips,0.0159,Energy
BRK,2013Q2,2013   Q2,$91.9 B,14,GM,General Motors,0.014499999999999999,Consumer Discretionary
BRK,2013Q2,2013   Q2,$91.9 B,15,GHC,Graham Holdings Co.,0.0091,Industrials
BRK,2013Q2,2013   Q2,$91.9 B,16,FWONA,Liberty Media Corp Formula One Series A,0.0078000000000000005,Communication Services
BRK,2013Q2,2013   Q2,$91.9 B,17,BNY,Bank of New York Mellon Corp.,0.0075,Financials
BRK,2013Q2,2013   Q2,$91.9 B,18,NOV,Nov Inc.,0.0067,Energy
BRK,2013Q2,2013   Q2,$91.9 B,19,MTB,M&T Bank Corp.,0.006500000000000001,Financials
BRK,2013Q2,2013   Q2,$91.9 B,20,CBI,Chicago Bridge & Iron Company,0.0062,Industrials
BRK,2013Q1,2013   Q1,$85 B,1,WFC,Wells Fargo,0.19940000000000002,Financials
BRK,2013Q1,2013   Q1,$85 B,2,KO,Coca Cola Co.,0.19030000000000002,Consumer Staples
BRK,2013Q1,2013   Q1,$85 B,3,IBM,International Business Machines,0.1709,Technology
BRK,2013Q1,2013   Q1,$85 B,4,AXP,American Express,0.12029999999999999,Financials
BRK,2013Q1,2013   Q1,$85 B,5,PG,Procter & Gamble,0.0479,Consumer Staples
BRK,2013Q1,2013   Q1,$85 B,6,WMT,Walmart Inc.,0.0434,Consumer Staples
BRK,2013Q1,2013   Q1,$85 B,7,DTV,DIRECTV Group Inc.,0.0248,Communication Services
BRK,2013Q1,2013   Q1,$85 B,8,USB,U.S. Bancorp,0.0245,Financials
BRK,2013Q1,2013   Q1,$85 B,9,PSX,Phillips 66,0.022400000000000003,Energy
BRK,2013Q1,2013   Q1,$85 B,10,DVA,DaVita HealthCare Partners,0.0209,Healthcare
BRK,2013Q1,2013   Q1,$85 B,11,MCO,Moody's Corp.,0.0178,Financials
BRK,2013Q1,2013   Q1,$85 B,12,COP,ConocoPhillips,0.0171,Energy
BRK,2013Q1,2013   Q1,$85 B,13,GHC,Graham Holdings Co.,0.0091,Industrials
BRK,2013Q1,2013   Q1,$85 B,14,GM,General Motors,0.008199999999999999,Consumer Discretionary
BRK,2013Q1,2013   Q1,$85 B,15,FWONA,Liberty Media Corp Formula One Series A,0.0074,Communication Services
BRK,2013Q1,2013   Q1,$85 B,16,MTB,M&T Bank Corp.,0.006500000000000001,Financials
BRK,2013Q1,2013   Q1,$85 B,17,BNY,Bank of New York Mellon Corp.,0.0062,Financials
BRK,2013Q1,2013   Q1,$85 B,18,NOV,Nov Inc.,0.0062,Energy
BRK,2013Q1,2013   Q1,$85 B,19,VIAB,Viacom Inc.,0.0055000000000000005,Unknown
BRK,2013Q1,2013   Q1,$85 B,20,COST,Costco Co.,0.0054,Consumer Staples
BRK,2012Q4,2012   Q4,$75.3 B,1,WFC,Wells Fargo,0.1996,Financials
BRK,2012Q4,2012   Q4,$75.3 B,2,KO,Coca Cola Co.,0.1925,Consumer Staples
BRK,2012Q4,2012   Q4,$75.3 B,3,IBM,International Business Machines,0.1732,Technology
BRK,2012Q4,2012   Q4,$75.3 B,4,AXP,American Express,0.1157,Financials
BRK,2012Q4,2012   Q4,$75.3 B,5,PG,Procter & Gamble,0.047599999999999996,Consumer Staples
BRK,2012Q4,2012   Q4,$75.3 B,6,WMT,Walmart Inc.,0.043,Consumer Staples
BRK,2012Q4,2012   Q4,$75.3 B,7,USB,U.S. Bancorp,0.026000000000000002,Financials
BRK,2012Q4,2012   Q4,$75.3 B,8,DTV,DIRECTV Group Inc.,0.0227,Communication Services
BRK,2012Q4,2012   Q4,$75.3 B,9,DVA,DaVita HealthCare Partners,0.02,Healthcare
BRK,2012Q4,2012   Q4,$75.3 B,10,PSX,Phillips 66,0.0192,Energy
BRK,2012Q4,2012   Q4,$75.3 B,11,MCO,Moody's Corp.,0.019,Financials
BRK,2012Q4,2012   Q4,$75.3 B,12,COP,ConocoPhillips,0.018600000000000002,Energy
BRK,2012Q4,2012   Q4,$75.3 B,13,GM,General Motors,0.0096,Consumer Discretionary
BRK,2012Q4,2012   Q4,$75.3 B,14,FWONA,Liberty Media Corp Formula One Series A,0.0087,Communication Services
BRK,2012Q4,2012   Q4,$75.3 B,15,GHC,Graham Holdings Co.,0.0084,Industrials
BRK,2012Q4,2012   Q4,$75.3 B,16,MTB,M&T Bank Corp.,0.006999999999999999,Financials
BRK,2012Q4,2012   Q4,$75.3 B,17,BNY,Bank of New York Mellon Corp.,0.0067,Financials
BRK,2012Q4,2012   Q4,$75.3 B,18,USG,USG Corp.,0.0064,Materials
BRK,2012Q4,2012   Q4,$75.3 B,19,COST,Costco Co.,0.005699999999999999,Consumer Staples
BRK,2012Q4,2012   Q4,$75.3 B,20,VIAB,Viacom Inc.,0.0053,Unknown
BRK,2012Q3,2012   Q3,$75.3 B,1,KO,Coca Cola Co.,0.2014,Consumer Staples
BRK,2012Q3,2012   Q3,$75.3 B,2,WFC,Wells Fargo,0.1937,Financials
BRK,2012Q3,2012   Q3,$75.3 B,3,IBM,International Business Machines,0.1859,Technology
BRK,2012Q3,2012   Q3,$75.3 B,4,AXP,American Express,0.1144,Financials
BRK,2012Q3,2012   Q3,$75.3 B,5,PG,Procter & Gamble,0.048600000000000004,Consumer Staples
BRK,2012Q3,2012   Q3,$75.3 B,6,WMT,Walmart Inc.,0.0458,Consumer Staples
BRK,2012Q3,2012   Q3,$75.3 B,7,USB,U.S. Bancorp,0.0279,Financials
BRK,2012Q3,2012   Q3,$75.3 B,8,DTV,DIRECTV Group Inc.,0.0206,Communication Services
BRK,2012Q3,2012   Q3,$75.3 B,9,COP,ConocoPhillips,0.0183,Energy
BRK,2012Q3,2012   Q3,$75.3 B,10,PSX,Phillips 66,0.0167,Energy
BRK,2012Q3,2012   Q3,$75.3 B,11,MDLZ,Mondelez International,0.0167,Consumer Staples
BRK,2012Q3,2012   Q3,$75.3 B,12,MCO,Moody's Corp.,0.0167,Financials
BRK,2012Q3,2012   Q3,$75.3 B,13,DVA,DaVita HealthCare Partners,0.013999999999999999,Healthcare
BRK,2012Q3,2012   Q3,$75.3 B,14,GHC,Graham Holdings Co.,0.0083,Industrials
BRK,2012Q3,2012   Q3,$75.3 B,15,FWONA,Liberty Media Corp Formula One Series A,0.0076,Communication Services
BRK,2012Q3,2012   Q3,$75.3 B,16,MTB,M&T Bank Corp.,0.0068000000000000005,Financials
BRK,2012Q3,2012   Q3,$75.3 B,17,BNY,Bank of New York Mellon Corp.,0.0059,Financials
BRK,2012Q3,2012   Q3,$75.3 B,18,COST,Costco Co.,0.0058,Consumer Staples
BRK,2012Q3,2012   Q3,$75.3 B,19,VIAB,Viacom Inc.,0.0054,Unknown
BRK,2012Q3,2012   Q3,$75.3 B,20,USG,USG Corp.,0.005,Materials
BRK,2012Q2,2012   Q2,$74.3 B,1,KO,Coca Cola Co.,0.2104,Consumer Staples
BRK,2012Q2,2012   Q2,$74.3 B,2,WFC,Wells Fargo,0.18489999999999998,Financials
BRK,2012Q2,2012   Q2,$74.3 B,3,IBM,International Business Machines,0.1754,Technology
BRK,2012Q2,2012   Q2,$74.3 B,4,AXP,American Express,0.11869999999999999,Financials
BRK,2012Q2,2012   Q2,$74.3 B,5,PG,Procter & Gamble,0.049100000000000005,Consumer Staples
BRK,2012Q2,2012   Q2,$74.3 B,6,WMT,Walmart Inc.,0.0438,Consumer Staples
BRK,2012Q2,2012   Q2,$74.3 B,7,MDLZ,Mondelez International,0.030600000000000002,Consumer Staples
BRK,2012Q2,2012   Q2,$74.3 B,8,USB,U.S. Bancorp,0.0286,Financials
BRK,2012Q2,2012   Q2,$74.3 B,9,COP,ConocoPhillips,0.0217,Energy
BRK,2012Q2,2012   Q2,$74.3 B,10,DTV,DIRECTV Group Inc.,0.0187,Communication Services
BRK,2012Q2,2012   Q2,$74.3 B,11,MCO,Moody's Corp.,0.013999999999999999,Financials
BRK,2012Q2,2012   Q2,$74.3 B,12,DVA,DaVita HealthCare Partners,0.0123,Healthcare
BRK,2012Q2,2012   Q2,$74.3 B,13,PSX,Phillips 66,0.0121,Energy
BRK,2012Q2,2012   Q2,$74.3 B,14,JNJ,Johnson & Johnson,0.009399999999999999,Healthcare
BRK,2012Q2,2012   Q2,$74.3 B,15,GHC,Graham Holdings Co.,0.0087,Industrials
BRK,2012Q2,2012   Q2,$74.3 B,16,FWONA,Liberty Media Corp Formula One Series A,0.006500000000000001,Communication Services
BRK,2012Q2,2012   Q2,$74.3 B,17,MTB,M&T Bank Corp.,0.006,Financials
BRK,2012Q2,2012   Q2,$74.3 B,18,BNY,Bank of New York Mellon Corp.,0.0055000000000000005,Financials
BRK,2012Q2,2012   Q2,$74.3 B,19,COST,Costco Co.,0.0055000000000000005,Consumer Staples
BRK,2012Q2,2012   Q2,$74.3 B,20,USG,USG Corp.,0.0044,Materials
BRK,2012Q1,2012   Q1,$75.3 B,1,KO,Coca Cola Co.,0.1966,Consumer Staples
BRK,2012Q1,2012   Q1,$75.3 B,2,WFC,Wells Fargo,0.1788,Financials
BRK,2012Q1,2012   Q1,$75.3 B,3,IBM,International Business Machines,0.1784,Technology
BRK,2012Q1,2012   Q1,$75.3 B,4,AXP,American Express,0.1165,Financials
BRK,2012Q1,2012   Q1,$75.3 B,5,PG,Procter & Gamble,0.0654,Consumer Staples
BRK,2012Q1,2012   Q1,$75.3 B,6,MDLZ,Mondelez International,0.0394,Consumer Staples
BRK,2012Q1,2012   Q1,$75.3 B,7,WMT,Walmart Inc.,0.038,Consumer Staples
BRK,2012Q1,2012   Q1,$75.3 B,8,COP,ConocoPhillips,0.0294,Energy
BRK,2012Q1,2012   Q1,$75.3 B,9,USB,U.S. Bancorp,0.028999999999999998,Financials
BRK,2012Q1,2012   Q1,$75.3 B,10,JNJ,Johnson & Johnson,0.0254,Healthcare
BRK,2012Q1,2012   Q1,$75.3 B,11,MCO,Moody's Corp.,0.0159,Financials
BRK,2012Q1,2012   Q1,$75.3 B,12,DTV,DIRECTV Group Inc.,0.0151,Communication Services
BRK,2012Q1,2012   Q1,$75.3 B,13,GHC,Graham Holdings Co.,0.0086,Industrials
BRK,2012Q1,2012   Q1,$75.3 B,14,DVA,DaVita HealthCare Partners,0.0072,Healthcare
BRK,2012Q1,2012   Q1,$75.3 B,15,MTB,M&T Bank Corp.,0.0062,Financials
BRK,2012Q1,2012   Q1,$75.3 B,16,COST,Costco Co.,0.0052,Consumer Staples
BRK,2012Q1,2012   Q1,$75.3 B,17,V,Visa Inc.,0.0045000000000000005,Financials
BRK,2012Q1,2012   Q1,$75.3 B,18,CVS,CVS Health Corp.,0.0042,Healthcare
BRK,2012Q1,2012   Q1,$75.3 B,19,USG,USG Corp.,0.0039000000000000003,Materials
BRK,2012Q1,2012   Q1,$75.3 B,20,GD,General Dynamics,0.0038,Industrials
BRK,2011Q4,2011   Q4,$66.2 B,1,KO,Coca Cola Co.,0.2115,Consumer Staples
BRK,2011Q4,2011   Q4,$66.2 B,2,IBM,International Business Machines,0.1776,Technology
BRK,2011Q4,2011   Q4,$66.2 B,3,WFC,Wells Fargo,0.15990000000000001,Financials
BRK,2011Q4,2011   Q4,$66.2 B,4,AXP,American Express,0.1081,Financials
BRK,2011Q4,2011   Q4,$66.2 B,5,PG,Procter & Gamble,0.0774,Consumer Staples
BRK,2011Q4,2011   Q4,$66.2 B,6,MDLZ,Mondelez International,0.0492,Consumer Staples
BRK,2011Q4,2011   Q4,$66.2 B,7,WMT,Walmart Inc.,0.0353,Consumer Staples
BRK,2011Q4,2011   Q4,$66.2 B,8,COP,ConocoPhillips,0.0321,Energy
BRK,2011Q4,2011   Q4,$66.2 B,9,JNJ,Johnson & Johnson,0.0288,Healthcare
BRK,2011Q4,2011   Q4,$66.2 B,10,USB,U.S. Bancorp,0.0282,Financials
BRK,2011Q4,2011   Q4,$66.2 B,11,MCO,Moody's Corp.,0.014499999999999999,Financials
BRK,2011Q4,2011   Q4,$66.2 B,12,DTV,DIRECTV Group Inc.,0.0132,Communication Services
BRK,2011Q4,2011   Q4,$66.2 B,13,GHC,Graham Holdings Co.,0.0098,Industrials
BRK,2011Q4,2011   Q4,$66.2 B,14,MTB,M&T Bank Corp.,0.0062,Financials
BRK,2011Q4,2011   Q4,$66.2 B,15,COST,Costco Co.,0.0055000000000000005,Consumer Staples
BRK,2011Q4,2011   Q4,$66.2 B,16,CVS,CVS Health Corp.,0.0044,Healthcare
BRK,2011Q4,2011   Q4,$66.2 B,17,V,Visa Inc.,0.0044,Financials
BRK,2011Q4,2011   Q4,$66.2 B,18,INTC,Intel Corp.,0.0042,Technology
BRK,2011Q4,2011   Q4,$66.2 B,19,GD,General Dynamics,0.0039000000000000003,Industrials
BRK,2011Q4,2011   Q4,$66.2 B,20,DVA,DaVita HealthCare Partners,0.0031,Healthcare
BRK,2011Q3,2011   Q3,$59.1 B,1,KO,Coca Cola Co.,0.2288,Consumer Staples
BRK,2011Q3,2011   Q3,$59.1 B,2,IBM,International Business Machines,0.1698,Technology
BRK,2011Q3,2011   Q3,$59.1 B,3,WFC,Wells Fargo,0.1476,Financials
BRK,2011Q3,2011   Q3,$59.1 B,4,AXP,American Express,0.1153,Financials
BRK,2011Q3,2011   Q3,$59.1 B,5,PG,Procter & Gamble,0.0821,Consumer Staples
BRK,2011Q3,2011   Q3,$59.1 B,6,MDLZ,Mondelez International,0.051,Consumer Staples
BRK,2011Q3,2011   Q3,$59.1 B,7,JNJ,Johnson & Johnson,0.0404,Healthcare
BRK,2011Q3,2011   Q3,$59.1 B,8,WMT,Walmart Inc.,0.034300000000000004,Consumer Staples
BRK,2011Q3,2011   Q3,$59.1 B,9,COP,ConocoPhillips,0.031200000000000002,Energy
BRK,2011Q3,2011   Q3,$59.1 B,10,USB,U.S. Bancorp,0.0275,Financials
BRK,2011Q3,2011   Q3,$59.1 B,11,MCO,Moody's Corp.,0.0147,Financials
BRK,2011Q3,2011   Q3,$59.1 B,12,GHC,Graham Holdings Co.,0.0096,Industrials
BRK,2011Q3,2011   Q3,$59.1 B,13,MTB,M&T Bank Corp.,0.0064,Financials
BRK,2011Q3,2011   Q3,$59.1 B,14,COST,Costco Co.,0.006,Consumer Staples
BRK,2011Q3,2011   Q3,$59.1 B,15,INTC,Intel Corp.,0.0034000000000000002,Technology
BRK,2011Q3,2011   Q3,$59.1 B,16,V,Visa Inc.,0.0033,Financials
BRK,2011Q3,2011   Q3,$59.1 B,17,CVS,CVS Health Corp.,0.0032,Healthcare
BRK,2011Q3,2011   Q3,$59.1 B,18,GD,General Dynamics,0.003,Industrials
BRK,2011Q3,2011   Q3,$59.1 B,19,DTV,DIRECTV Group Inc.,0.003,Communication Services
BRK,2011Q3,2011   Q3,$59.1 B,20,DG,Dollar General,0.0029,Consumer Staples
BRK,2011Q2,2011   Q2,$56.6 B,1,KO,Coca Cola Co.,0.2377,Consumer Staples
BRK,2011Q2,2011   Q2,$56.6 B,2,WFC,Wells Fargo,0.1746,Financials
BRK,2011Q2,2011   Q2,$56.6 B,3,AXP,American Express,0.1384,Financials
BRK,2011Q2,2011   Q2,$56.6 B,4,PG,Procter & Gamble,0.0862,Consumer Staples
BRK,2011Q2,2011   Q2,$56.6 B,5,IBM,International Business Machines,0.0753,Technology
BRK,2011Q2,2011   Q2,$56.6 B,6,MDLZ,Mondelez International,0.061900000000000004,Consumer Staples
BRK,2011Q2,2011   Q2,$56.6 B,7,JNJ,Johnson & Johnson,0.0501,Healthcare
BRK,2011Q2,2011   Q2,$56.6 B,8,COP,ConocoPhillips,0.038599999999999995,Energy
BRK,2011Q2,2011   Q2,$56.6 B,9,WMT,Walmart Inc.,0.0366,Consumer Staples
BRK,2011Q2,2011   Q2,$56.6 B,10,USB,U.S. Bancorp,0.0311,Financials
BRK,2011Q2,2011   Q2,$56.6 B,11,MCO,Moody's Corp.,0.0192,Financials
BRK,2011Q2,2011   Q2,$56.6 B,12,GHC,Graham Holdings Co.,0.0128,Industrials
BRK,2011Q2,2011   Q2,$56.6 B,13,MTB,M&T Bank Corp.,0.0083,Financials
BRK,2011Q2,2011   Q2,$56.6 B,14,COST,Costco Co.,0.0062,Consumer Staples
BRK,2011Q2,2011   Q2,$56.6 B,15,USG,USG Corp.,0.0043,Materials
BRK,2011Q2,2011   Q2,$56.6 B,16,GL,Globe Life Inc.,0.0032,Financials
BRK,2011Q2,2011   Q2,$56.6 B,17,SNY,Sanofi Aventis,0.0029,Healthcare
BRK,2011Q2,2011   Q2,$56.6 B,18,GE,GE Aerospace,0.0026,Industrials
BRK,2011Q2,2011   Q2,$56.6 B,19,MA,Mastercard Inc.,0.0022,Financials
BRK,2011Q2,2011   Q2,$56.6 B,20,UPS,United Parcel Service,0.0018,Industrials
BRK,2011Q1,2011   Q1,$54.3 B,1,KO,Coca Cola Co.,0.24420000000000003,Consumer Staples
BRK,2011Q1,2011   Q1,$54.3 B,2,WFC,Wells Fargo,0.1999,Financials
BRK,2011Q1,2011   Q1,$54.3 B,3,AXP,American Express,0.1261,Financials
BRK,2011Q1,2011   Q1,$54.3 B,4,PG,Procter & Gamble,0.087,Consumer Staples
BRK,2011Q1,2011   Q1,$54.3 B,5,MDLZ,Mondelez International,0.060700000000000004,Consumer Staples
BRK,2011Q1,2011   Q1,$54.3 B,6,JNJ,Johnson & Johnson,0.04650000000000001,Healthcare
BRK,2011Q1,2011   Q1,$54.3 B,7,COP,ConocoPhillips,0.042800000000000005,Energy
BRK,2011Q1,2011   Q1,$54.3 B,8,WSC-OLD,Wesco Financial Corp.,0.0408,Industrials
BRK,2011Q1,2011   Q1,$54.3 B,9,WMT,Walmart Inc.,0.0374,Consumer Staples
BRK,2011Q1,2011   Q1,$54.3 B,10,USB,U.S. Bancorp,0.0336,Financials
BRK,2011Q1,2011   Q1,$54.3 B,11,MCO,Moody's Corp.,0.0177,Financials
BRK,2011Q1,2011   Q1,$54.3 B,12,GHC,Graham Holdings Co.,0.0139,Industrials
BRK,2011Q1,2011   Q1,$54.3 B,13,IBM,International Business Machines,0.013600000000000001,Technology
BRK,2011Q1,2011   Q1,$54.3 B,14,MTB,M&T Bank Corp.,0.0087,Financials
BRK,2011Q1,2011   Q1,$54.3 B,15,COST,Costco Co.,0.0058,Consumer Staples
BRK,2011Q1,2011   Q1,$54.3 B,16,USG,USG Corp.,0.0052,Materials
BRK,2011Q1,2011   Q1,$54.3 B,17,GL,Globe Life Inc.,0.0034999999999999996,Financials
BRK,2011Q1,2011   Q1,$54.3 B,18,GE,GE Aerospace,0.0029,Industrials
BRK,2011Q1,2011   Q1,$54.3 B,19,SNY,Sanofi Aventis,0.0026,Healthcare
BRK,2011Q1,2011   Q1,$54.3 B,20,UPS,United Parcel Service,0.002,Industrials
BRK,2010Q4,2010   Q4,$52.6 B,1,KO,Coca Cola Co.,0.2503,Consumer Staples
BRK,2010Q4,2010   Q4,$52.6 B,2,WFC,Wells Fargo,0.20199999999999999,Financials
BRK,2010Q4,2010   Q4,$52.6 B,3,AXP,American Express,0.12380000000000001,Financials
BRK,2010Q4,2010   Q4,$52.6 B,4,PG,Procter & Gamble,0.094,Consumer Staples
BRK,2010Q4,2010   Q4,$52.6 B,5,MDLZ,Mondelez International,0.06309999999999999,Consumer Staples
BRK,2010Q4,2010   Q4,$52.6 B,6,JNJ,Johnson & Johnson,0.050199999999999995,Healthcare
BRK,2010Q4,2010   Q4,$52.6 B,7,WMT,Walmart Inc.,0.0401,Consumer Staples
BRK,2010Q4,2010   Q4,$52.6 B,8,WSC-OLD,Wesco Financial Corp.,0.04,Industrials
BRK,2010Q4,2010   Q4,$52.6 B,9,COP,ConocoPhillips,0.0377,Energy
BRK,2010Q4,2010   Q4,$52.6 B,10,USB,U.S. Bancorp,0.0354,Financials
BRK,2010Q4,2010   Q4,$52.6 B,11,GHC,Graham Holdings Co.,0.0144,Industrials
BRK,2010Q4,2010   Q4,$52.6 B,12,MCO,Moody's Corp.,0.0143,Financials
BRK,2010Q4,2010   Q4,$52.6 B,13,MTB,M&T Bank Corp.,0.0089,Financials
BRK,2010Q4,2010   Q4,$52.6 B,14,COST,Costco Co.,0.006,Consumer Staples
BRK,2010Q4,2010   Q4,$52.6 B,15,USG,USG Corp.,0.0055000000000000005,Materials
BRK,2010Q4,2010   Q4,$52.6 B,16,GL,Globe Life Inc.,0.0032,Financials
BRK,2010Q4,2010   Q4,$52.6 B,17,GE,GE Aerospace,0.0027,Industrials
BRK,2010Q4,2010   Q4,$52.6 B,18,SNY,Sanofi Aventis,0.0025,Healthcare
BRK,2010Q4,2010   Q4,$52.6 B,19,UPS,United Parcel Service,0.002,Industrials
BRK,2010Q4,2010   Q4,$52.6 B,20,GSK,GSK plc,0.0011,Healthcare
BRK,2010Q3,2010   Q3,$48.6 B,1,KO,Coca Cola Co.,0.24100000000000002,Consumer Staples
BRK,2010Q3,2010   Q3,$48.6 B,2,WFC,Wells Fargo,0.174,Financials
BRK,2010Q3,2010   Q3,$48.6 B,3,AXP,American Express,0.13119999999999998,Financials
BRK,2010Q3,2010   Q3,$48.6 B,4,PG,Procter & Gamble,0.09480000000000001,Consumer Staples
BRK,2010Q3,2010   Q3,$48.6 B,5,MDLZ,Mondelez International,0.0669,Consumer Staples
BRK,2010Q3,2010   Q3,$48.6 B,6,JNJ,Johnson & Johnson,0.054400000000000004,Healthcare
BRK,2010Q3,2010   Q3,$48.6 B,7,WMT,Walmart Inc.,0.043,Consumer Staples
BRK,2010Q3,2010   Q3,$48.6 B,8,WSC-OLD,Wesco Financial Corp.,0.0421,Industrials
BRK,2010Q3,2010   Q3,$48.6 B,9,COP,ConocoPhillips,0.0344,Energy
BRK,2010Q3,2010   Q3,$48.6 B,10,USB,U.S. Bancorp,0.030699999999999998,Financials
BRK,2010Q3,2010   Q3,$48.6 B,11,MCO,Moody's Corp.,0.0149,Financials
BRK,2010Q3,2010   Q3,$48.6 B,12,GHC,Graham Holdings Co.,0.014199999999999999,Industrials
BRK,2010Q3,2010   Q3,$48.6 B,13,MTB,M&T Bank Corp.,0.009000000000000001,Financials
BRK,2010Q3,2010   Q3,$48.6 B,14,NKE,NIKE Inc.,0.006,Consumer Discretionary
BRK,2010Q3,2010   Q3,$48.6 B,15,COST,Costco Co.,0.0058,Consumer Staples
BRK,2010Q3,2010   Q3,$48.6 B,16,USG,USG Corp.,0.0046,Materials
BRK,2010Q3,2010   Q3,$48.6 B,17,FISV,Fiserv Inc.,0.0043,Technology
BRK,2010Q3,2010   Q3,$48.6 B,18,NSRGY,Nestle,0.0038,Consumer Staples
BRK,2010Q3,2010   Q3,$48.6 B,19,NLC,Nalco Holding Co.,0.0032,Unknown
BRK,2010Q3,2010   Q3,$48.6 B,20,GL,Globe Life Inc.,0.0031,Financials
BRK,2010Q2,2010   Q2,$46.4 B,1,KO,Coca Cola Co.,0.2158,Consumer Staples
BRK,2010Q2,2010   Q2,$46.4 B,2,WFC,Wells Fargo,0.1764,Financials
BRK,2010Q2,2010   Q2,$46.4 B,3,AXP,American Express,0.12960000000000002,Financials
BRK,2010Q2,2010   Q2,$46.4 B,4,PG,Procter & Gamble,0.1008,Consumer Staples
BRK,2010Q2,2010   Q2,$46.4 B,5,MDLZ,Mondelez International,0.0634,Consumer Staples
BRK,2010Q2,2010   Q2,$46.4 B,6,JNJ,Johnson & Johnson,0.0525,Healthcare
BRK,2010Q2,2010   Q2,$46.4 B,7,WMT,Walmart Inc.,0.0404,Consumer Staples
BRK,2010Q2,2010   Q2,$46.4 B,8,WSC-OLD,Wesco Financial Corp.,0.0397,Industrials
BRK,2010Q2,2010   Q2,$46.4 B,9,USB,U.S. Bancorp,0.0332,Financials
BRK,2010Q2,2010   Q2,$46.4 B,10,COP,ConocoPhillips,0.0308,Energy
BRK,2010Q2,2010   Q2,$46.4 B,11,GHC,Graham Holdings Co.,0.015300000000000001,Industrials
BRK,2010Q2,2010   Q2,$46.4 B,12,MCO,Moody's Corp.,0.0132,Financials
BRK,2010Q2,2010   Q2,$46.4 B,13,NKE,NIKE Inc.,0.0111,Consumer Discretionary
BRK,2010Q2,2010   Q2,$46.4 B,14,MTB,M&T Bank Corp.,0.0098,Financials
BRK,2010Q2,2010   Q2,$46.4 B,15,RSG,Republic Services,0.0069,Industrials
BRK,2010Q2,2010   Q2,$46.4 B,16,COST,Costco Co.,0.0051,Consumer Staples
BRK,2010Q2,2010   Q2,$46.4 B,17,USG,USG Corp.,0.0044,Materials
BRK,2010Q2,2010   Q2,$46.4 B,18,FISV,Fiserv Inc.,0.0043,Technology
BRK,2010Q2,2010   Q2,$46.4 B,19,CMCSK-OLD,Comcast Corp. CL A Spl,0.0042,Unknown
BRK,2010Q2,2010   Q2,$46.4 B,20,IR,Ingersoll Rand Inc.,0.0042,Industrials
BRK,2010Q1,2010   Q1,$50.9 B,1,KO,Coca Cola Co.,0.21600000000000003,Consumer Staples
BRK,2010Q1,2010   Q1,$50.9 B,2,WFC,Wells Fargo,0.1956,Financials
BRK,2010Q1,2010   Q1,$50.9 B,3,AXP,American Express,0.12279999999999999,Financials
BRK,2010Q1,2010   Q1,$50.9 B,4,PG,Procter & Gamble,0.0983,Consumer Staples
BRK,2010Q1,2010   Q1,$50.9 B,5,MDLZ,Mondelez International,0.0634,Consumer Staples
BRK,2010Q1,2010   Q1,$50.9 B,6,WSC-OLD,Wesco Financial Corp.,0.0432,Industrials
BRK,2010Q1,2010   Q1,$50.9 B,7,WMT,Walmart Inc.,0.0426,Consumer Staples
BRK,2010Q1,2010   Q1,$50.9 B,8,USB,U.S. Bancorp,0.0351,Financials
BRK,2010Q1,2010   Q1,$50.9 B,9,COP,ConocoPhillips,0.034300000000000004,Energy
BRK,2010Q1,2010   Q1,$50.9 B,10,JNJ,Johnson & Johnson,0.030600000000000002,Healthcare
BRK,2010Q1,2010   Q1,$50.9 B,11,MCO,Moody's Corp.,0.018000000000000002,Financials
BRK,2010Q1,2010   Q1,$50.9 B,12,GHC,Graham Holdings Co.,0.0151,Industrials
BRK,2010Q1,2010   Q1,$50.9 B,13,NKE,NIKE Inc.,0.011000000000000001,Consumer Discretionary
BRK,2010Q1,2010   Q1,$50.9 B,14,MTB,M&T Bank Corp.,0.0087,Financials
BRK,2010Q1,2010   Q1,$50.9 B,15,RSG,Republic Services,0.0062,Industrials
BRK,2010Q1,2010   Q1,$50.9 B,16,USG,USG Corp.,0.0058,Materials
BRK,2010Q1,2010   Q1,$50.9 B,17,COST,Costco Co.,0.0051,Consumer Staples
BRK,2010Q1,2010   Q1,$50.9 B,18,NLC,Nalco Holding Co.,0.0043,Unknown
BRK,2010Q1,2010   Q1,$50.9 B,19,CMCSK-OLD,Comcast Corp. CL A Spl,0.0042,Unknown
BRK,2010Q1,2010   Q1,$50.9 B,20,IRM,Iron Mountain Inc.,0.0042,Real Estate
BRK,2009Q4,2009   Q4,$57.9 B,1,KO,Coca Cola Co.,0.1968,Consumer Staples
BRK,2009Q4,2009   Q4,$57.9 B,2,WFC,Wells Fargo,0.1491,Financials
BRK,2009Q4,2009   Q4,$57.9 B,3,BNI,Burlington Northern Santa Fe,0.1307,Industrials
BRK,2009Q4,2009   Q4,$57.9 B,4,AXP,American Express,0.106,Financials
BRK,2009Q4,2009   Q4,$57.9 B,5,PG,Procter & Gamble,0.0916,Consumer Staples
BRK,2009Q4,2009   Q4,$57.9 B,6,MDLZ,Mondelez International,0.0649,Consumer Staples
BRK,2009Q4,2009   Q4,$57.9 B,7,WMT,Walmart Inc.,0.036000000000000004,Consumer Staples
BRK,2009Q4,2009   Q4,$57.9 B,8,WSC-OLD,Wesco Financial Corp.,0.0338,Industrials
BRK,2009Q4,2009   Q4,$57.9 B,9,COP,ConocoPhillips,0.0332,Energy
BRK,2009Q4,2009   Q4,$57.9 B,10,JNJ,Johnson & Johnson,0.0302,Healthcare
BRK,2009Q4,2009   Q4,$57.9 B,11,USB,U.S. Bancorp,0.0268,Financials
BRK,2009Q4,2009   Q4,$57.9 B,12,MCO,Moody's Corp.,0.0147,Financials
BRK,2009Q4,2009   Q4,$57.9 B,13,GHC,Graham Holdings Co.,0.0131,Industrials
BRK,2009Q4,2009   Q4,$57.9 B,14,NKE,NIKE Inc.,0.0087,Consumer Discretionary
BRK,2009Q4,2009   Q4,$57.9 B,15,MTB,M&T Bank Corp.,0.0078000000000000005,Financials
BRK,2009Q4,2009   Q4,$57.9 B,16,COST,Costco Co.,0.0054,Consumer Staples
BRK,2009Q4,2009   Q4,$57.9 B,17,RSG,Republic Services,0.0040999999999999995,Industrials
BRK,2009Q4,2009   Q4,$57.9 B,18,USG,USG Corp.,0.0040999999999999995,Materials
BRK,2009Q4,2009   Q4,$57.9 B,19,NLC,Nalco Holding Co.,0.004,Unknown
BRK,2009Q4,2009   Q4,$57.9 B,20,IR,Ingersoll Rand Inc.,0.0034999999999999996,Industrials
BRK,2009Q3,2009   Q3,$56.5 B,1,KO,Coca Cola Co.,0.18989999999999999,Consumer Staples
BRK,2009Q3,2009   Q3,$56.5 B,2,WFC,Wells Fargo,0.1562,Financials
BRK,2009Q3,2009   Q3,$56.5 B,3,BNI,Burlington Northern Santa Fe,0.1084,Industrials
BRK,2009Q3,2009   Q3,$56.5 B,4,PG,Procter & Gamble,0.0987,Consumer Staples
BRK,2009Q3,2009   Q3,$56.5 B,5,AXP,American Express,0.0909,Financials
BRK,2009Q3,2009   Q3,$56.5 B,6,MDLZ,Mondelez International,0.0642,Consumer Staples
BRK,2009Q3,2009   Q3,$56.5 B,7,COP,ConocoPhillips,0.045899999999999996,Energy
BRK,2009Q3,2009   Q3,$56.5 B,8,JNJ,Johnson & Johnson,0.0398,Healthcare
BRK,2009Q3,2009   Q3,$56.5 B,9,WSC-OLD,Wesco Financial Corp.,0.032799999999999996,Industrials
BRK,2009Q3,2009   Q3,$56.5 B,10,WMT,Walmart Inc.,0.032799999999999996,Consumer Staples
BRK,2009Q3,2009   Q3,$56.5 B,11,USB,U.S. Bancorp,0.026699999999999998,Financials
BRK,2009Q3,2009   Q3,$56.5 B,12,GHC,Graham Holdings Co.,0.0143,Industrials
BRK,2009Q3,2009   Q3,$56.5 B,13,MCO,Moody's Corp.,0.014199999999999999,Financials
BRK,2009Q3,2009   Q3,$56.5 B,14,UNP,Union Pacific,0.009899999999999999,Industrials
BRK,2009Q3,2009   Q3,$56.5 B,15,NKE,NIKE Inc.,0.0087,Consumer Discretionary
BRK,2009Q3,2009   Q3,$56.5 B,16,MTB,M&T Bank Corp.,0.0074,Financials
BRK,2009Q3,2009   Q3,$56.5 B,17,COST,Costco Co.,0.0052,Consumer Staples
BRK,2009Q3,2009   Q3,$56.5 B,18,USG,USG Corp.,0.0052,Materials
BRK,2009Q3,2009   Q3,$56.5 B,19,IR,Ingersoll Rand Inc.,0.0042,Industrials
BRK,2009Q3,2009   Q3,$56.5 B,20,CMCSK-OLD,Comcast Corp. CL A Spl,0.0034000000000000002,Unknown
BRK,2009Q2,2009   Q2,$49 B,1,KO,Coca Cola Co.,0.19579999999999997,Consumer Staples
BRK,2009Q2,2009   Q2,$49 B,2,WFC,Wells Fargo,0.14980000000000002,Financials
BRK,2009Q2,2009   Q2,$49 B,3,BNI,Burlington Northern Santa Fe,0.1152,Industrials
BRK,2009Q2,2009   Q2,$49 B,4,PG,Procter & Gamble,0.10039999999999999,Consumer Staples
BRK,2009Q2,2009   Q2,$49 B,5,AXP,American Express,0.0719,Financials
BRK,2009Q2,2009   Q2,$49 B,6,MDLZ,Mondelez International,0.07150000000000001,Consumer Staples
BRK,2009Q2,2009   Q2,$49 B,7,COP,ConocoPhillips,0.0553,Energy
BRK,2009Q2,2009   Q2,$49 B,8,JNJ,Johnson & Johnson,0.042800000000000005,Healthcare
BRK,2009Q2,2009   Q2,$49 B,9,WSC-OLD,Wesco Financial Corp.,0.0339,Industrials
BRK,2009Q2,2009   Q2,$49 B,10,MCO,Moody's Corp.,0.0258,Financials
BRK,2009Q2,2009   Q2,$49 B,11,USB,U.S. Bancorp,0.0252,Financials
BRK,2009Q2,2009   Q2,$49 B,12,WMT,Walmart Inc.,0.0197,Consumer Staples
BRK,2009Q2,2009   Q2,$49 B,13,GHC,Graham Holdings Co.,0.0124,Industrials
BRK,2009Q2,2009   Q2,$49 B,14,UNP,Union Pacific,0.0102,Industrials
BRK,2009Q2,2009   Q2,$49 B,15,NKE,NIKE Inc.,0.008100000000000001,Consumer Discretionary
BRK,2009Q2,2009   Q2,$49 B,16,MTB,M&T Bank Corp.,0.006999999999999999,Financials
BRK,2009Q2,2009   Q2,$49 B,17,COST,Costco Co.,0.0049,Consumer Staples
BRK,2009Q2,2009   Q2,$49 B,18,NRG,NRG Energy Inc.,0.0038,Utilities
BRK,2009Q2,2009   Q2,$49 B,19,ELV,Elevance Health Inc.,0.0036,Healthcare
BRK,2009Q2,2009   Q2,$49 B,20,CMCSK-OLD,Comcast Corp. CL A Spl,0.0034999999999999996,Unknown
BRK,2009Q1,2009   Q1,$40.9 B,1,KO,Coca Cola Co.,0.2151,Consumer Staples
BRK,2009Q1,2009   Q1,$40.9 B,2,BNI,Burlington Northern Santa Fe,0.113,Industrials
BRK,2009Q1,2009   Q1,$40.9 B,3,PG,Procter & Gamble,0.111,Consumer Staples
BRK,2009Q1,2009   Q1,$40.9 B,4,WFC,Wells Fargo,0.1054,Financials
BRK,2009Q1,2009   Q1,$40.9 B,5,MDLZ,Mondelez International,0.0754,Consumer Staples
BRK,2009Q1,2009   Q1,$40.9 B,6,COP,ConocoPhillips,0.0682,Energy
BRK,2009Q1,2009   Q1,$40.9 B,7,AXP,American Express,0.0506,Financials
BRK,2009Q1,2009   Q1,$40.9 B,8,JNJ,Johnson & Johnson,0.0418,Healthcare
BRK,2009Q1,2009   Q1,$40.9 B,9,WSC-OLD,Wesco Financial Corp.,0.0385,Industrials
BRK,2009Q1,2009   Q1,$40.9 B,10,MCO,Moody's Corp.,0.0269,Financials
BRK,2009Q1,2009   Q1,$40.9 B,11,WMT,Walmart Inc.,0.0254,Consumer Staples
BRK,2009Q1,2009   Q1,$40.9 B,12,USB,U.S. Bancorp,0.024700000000000003,Financials
BRK,2009Q1,2009   Q1,$40.9 B,13,GHC,Graham Holdings Co.,0.0151,Industrials
BRK,2009Q1,2009   Q1,$40.9 B,14,UNP,Union Pacific,0.0096,Industrials
BRK,2009Q1,2009   Q1,$40.9 B,15,NKE,NIKE Inc.,0.0088,Consumer Discretionary
BRK,2009Q1,2009   Q1,$40.9 B,16,CEG,Constellation Energy Corp.,0.0075,Utilities
BRK,2009Q1,2009   Q1,$40.9 B,17,MTB,M&T Bank Corp.,0.0074,Financials
BRK,2009Q1,2009   Q1,$40.9 B,18,COST,Costco Co.,0.006,Consumer Staples
BRK,2009Q1,2009   Q1,$40.9 B,19,ELV,Elevance Health Inc.,0.0044,Healthcare
BRK,2009Q1,2009   Q1,$40.9 B,20,CMCSK-OLD,Comcast Corp. CL A Spl,0.0038,Unknown
BRK,2008Q4,2008   Q4,$51.9 B,1,KO,Coca Cola Co.,0.1746,Consumer Staples
BRK,2008Q4,2008   Q4,$51.9 B,2,WFC,Wells Fargo,0.1649,Financials
BRK,2008Q4,2008   Q4,$51.9 B,3,PG,Procter & Gamble,0.1148,Consumer Staples
BRK,2008Q4,2008   Q4,$51.9 B,4,BNI,Burlington Northern Santa Fe,0.1023,Industrials
BRK,2008Q4,2008   Q4,$51.9 B,5,COP,ConocoPhillips,0.07980000000000001,Energy
BRK,2008Q4,2008   Q4,$51.9 B,6,MDLZ,Mondelez International,0.0716,Consumer Staples
BRK,2008Q4,2008   Q4,$51.9 B,7,AXP,American Express,0.0542,Financials
BRK,2008Q4,2008   Q4,$51.9 B,8,JNJ,Johnson & Johnson,0.033,Healthcare
BRK,2008Q4,2008   Q4,$51.9 B,9,USB,U.S. Bancorp,0.0326,Financials
BRK,2008Q4,2008   Q4,$51.9 B,10,WSC-OLD,Wesco Financial Corp.,0.0317,Industrials
BRK,2008Q4,2008   Q4,$51.9 B,11,WMT,Walmart Inc.,0.0216,Consumer Staples
BRK,2008Q4,2008   Q4,$51.9 B,12,MCO,Moody's Corp.,0.018600000000000002,Financials
BRK,2008Q4,2008   Q4,$51.9 B,13,GHC,Graham Holdings Co.,0.013000000000000001,Industrials
BRK,2008Q4,2008   Q4,$51.9 B,14,CEG,Constellation Energy Corp.,0.0096,Utilities
BRK,2008Q4,2008   Q4,$51.9 B,15,UNP,Union Pacific,0.008199999999999999,Industrials
BRK,2008Q4,2008   Q4,$51.9 B,16,NKE,NIKE Inc.,0.0075,Consumer Discretionary
BRK,2008Q4,2008   Q4,$51.9 B,17,MTB,M&T Bank Corp.,0.0074,Financials
BRK,2008Q4,2008   Q4,$51.9 B,18,COST,Costco Co.,0.0053,Consumer Staples
BRK,2008Q4,2008   Q4,$51.9 B,19,ELV,Elevance Health Inc.,0.0039000000000000003,Healthcare
BRK,2008Q4,2008   Q4,$51.9 B,20,CMCSK-OLD,Comcast Corp.,0.0037,Unknown
BRK,2008Q3,2008   Q3,$69.9 B,1,WFC,Wells Fargo,0.1559,Financials
BRK,2008Q3,2008   Q3,$69.9 B,2,KO,Coca Cola Co.,0.15130000000000002,Consumer Staples
BRK,2008Q3,2008   Q3,$69.9 B,3,PG,Procter & Gamble,0.10550000000000001,Consumer Staples
BRK,2008Q3,2008   Q3,$69.9 B,4,COP,ConocoPhillips,0.08800000000000001,Energy
BRK,2008Q3,2008   Q3,$69.9 B,5,BNI,Burlington Northern Santa Fe,0.08439999999999999,Industrials
BRK,2008Q3,2008   Q3,$69.9 B,6,AXP,American Express,0.07690000000000001,Financials
BRK,2008Q3,2008   Q3,$69.9 B,7,MDLZ,Mondelez International,0.06480000000000001,Consumer Staples
BRK,2008Q3,2008   Q3,$69.9 B,8,JNJ,Johnson & Johnson,0.061200000000000004,Healthcare
BRK,2008Q3,2008   Q3,$69.9 B,9,USB,U.S. Bancorp,0.037599999999999995,Financials
BRK,2008Q3,2008   Q3,$69.9 B,10,WSC-OLD,Wesco Financial Corp.,0.0291,Industrials
BRK,2008Q3,2008   Q3,$69.9 B,11,MCO,Moody's Corp.,0.023399999999999997,Financials
BRK,2008Q3,2008   Q3,$69.9 B,12,WMT,Walmart Inc.,0.0171,Consumer Staples
BRK,2008Q3,2008   Q3,$69.9 B,13,GHC,Graham Holdings Co.,0.0138,Industrials
BRK,2008Q3,2008   Q3,$69.9 B,14,BUD,Anheuser-Busch InBev,0.0129,Consumer Staples
BRK,2008Q3,2008   Q3,$69.9 B,15,UNP,Union Pacific,0.0091,Industrials
BRK,2008Q3,2008   Q3,$69.9 B,16,MTB,M&T Bank Corp.,0.0086,Financials
BRK,2008Q3,2008   Q3,$69.9 B,17,NKE,NIKE Inc.,0.0073,Consumer Discretionary
BRK,2008Q3,2008   Q3,$69.9 B,18,USG,USG Corp.,0.0063,Materials
BRK,2008Q3,2008   Q3,$69.9 B,19,COST,Costco Co.,0.0049,Consumer Staples
BRK,2008Q3,2008   Q3,$69.9 B,20,KMX,CarMax Inc.,0.0037,Consumer Discretionary
BRK,2008Q2,2008   Q2,$63.5 B,1,KO,Coca Cola Co.,0.1637,Consumer Staples
BRK,2008Q2,2008   Q2,$63.5 B,2,WFC,Wells Fargo,0.10869999999999999,Financials
BRK,2008Q2,2008   Q2,$63.5 B,3,PG,Procter & Gamble,0.1013,Consumer Staples
BRK,2008Q2,2008   Q2,$63.5 B,4,BNI,Burlington Northern Santa Fe,0.1003,Industrials
BRK,2008Q2,2008   Q2,$63.5 B,5,AXP,American Express,0.08990000000000001,Financials
BRK,2008Q2,2008   Q2,$63.5 B,6,COP,ConocoPhillips,0.08869999999999999,Energy
BRK,2008Q2,2008   Q2,$63.5 B,7,JNJ,Johnson & Johnson,0.0626,Healthcare
BRK,2008Q2,2008   Q2,$63.5 B,8,MDLZ,Mondelez International,0.061900000000000004,Consumer Staples
BRK,2008Q2,2008   Q2,$63.5 B,9,WSC-OLD,Wesco Financial Corp.,0.034300000000000004,Industrials
BRK,2008Q2,2008   Q2,$63.5 B,10,USB,U.S. Bancorp,0.0301,Financials
BRK,2008Q2,2008   Q2,$63.5 B,11,MCO,Moody's Corp.,0.026000000000000002,Financials
BRK,2008Q2,2008   Q2,$63.5 B,12,WMT,Walmart Inc.,0.0176,Consumer Staples
BRK,2008Q2,2008   Q2,$63.5 B,13,GHC,Graham Holdings Co.,0.016,Industrials
BRK,2008Q2,2008   Q2,$63.5 B,14,BUD,Anheuser-Busch InBev,0.013500000000000002,Consumer Staples
BRK,2008Q2,2008   Q2,$63.5 B,15,UNP,Union Pacific,0.0106,Industrials
BRK,2008Q2,2008   Q2,$63.5 B,16,USG,USG Corp.,0.0079,Materials
BRK,2008Q2,2008   Q2,$63.5 B,17,MTB,M&T Bank Corp.,0.0075,Financials
BRK,2008Q2,2008   Q2,$63.5 B,18,NKE,NIKE Inc.,0.0072,Consumer Discretionary
BRK,2008Q2,2008   Q2,$63.5 B,19,COST,Costco Co.,0.0058,Consumer Staples
BRK,2008Q2,2008   Q2,$63.5 B,20,KMX,CarMax Inc.,0.0048,Consumer Discretionary
BRK,2008Q1,2008   Q1,$66.5 B,1,KO,Coca Cola Co.,0.1832,Consumer Staples
BRK,2008Q1,2008   Q1,$66.5 B,2,WFC,Wells Fargo,0.1273,Financials
BRK,2008Q1,2008   Q1,$66.5 B,3,PG,Procter & Gamble,0.1116,Consumer Staples
BRK,2008Q1,2008   Q1,$66.5 B,4,AXP,American Express,0.09970000000000001,Financials
BRK,2008Q1,2008   Q1,$66.5 B,5,BNI,Burlington Northern Santa Fe,0.0885,Industrials
BRK,2008Q1,2008   Q1,$66.5 B,6,MDLZ,Mondelez International,0.0645,Consumer Staples
BRK,2008Q1,2008   Q1,$66.5 B,7,JNJ,Johnson & Johnson,0.0603,Healthcare
BRK,2008Q1,2008   Q1,$66.5 B,8,WSC-OLD,Wesco Financial Corp.,0.0347,Industrials
BRK,2008Q1,2008   Q1,$66.5 B,9,USB,U.S. Bancorp,0.0334,Financials
BRK,2008Q1,2008   Q1,$66.5 B,10,BUD,Anheuser-Busch InBev,0.0254,Consumer Staples
BRK,2008Q1,2008   Q1,$66.5 B,11,MCO,Moody's Corp.,0.0252,Financials
BRK,2008Q1,2008   Q1,$66.5 B,12,COP,ConocoPhillips,0.020099999999999996,Energy
BRK,2008Q1,2008   Q1,$66.5 B,13,GHC,Graham Holdings Co.,0.0172,Industrials
BRK,2008Q1,2008   Q1,$66.5 B,14,WMT,Walmart Inc.,0.0158,Consumer Staples
BRK,2008Q1,2008   Q1,$66.5 B,15,USG,USG Corp.,0.0095,Materials
BRK,2008Q1,2008   Q1,$66.5 B,16,UNP,Union Pacific,0.0084,Industrials
BRK,2008Q1,2008   Q1,$66.5 B,17,MTB,M&T Bank Corp.,0.008100000000000001,Financials
BRK,2008Q1,2008   Q1,$66.5 B,18,NKE,NIKE Inc.,0.0078000000000000005,Consumer Discretionary
BRK,2008Q1,2008   Q1,$66.5 B,19,TT,Trane Technologies plc,0.0075,Industrials
BRK,2008Q1,2008   Q1,$66.5 B,20,KMX,CarMax Inc.,0.0062,Consumer Discretionary
BRK,2007Q4,2007   Q4,$68.8 B,1,KO,Coca Cola Co.,0.17850000000000002,Consumer Staples
BRK,2007Q4,2007   Q4,$68.8 B,2,WFC,Wells Fargo,0.127,Financials
BRK,2007Q4,2007   Q4,$68.8 B,3,AXP,American Express,0.11470000000000001,Financials
BRK,2007Q4,2007   Q4,$68.8 B,4,PG,Procter & Gamble,0.113,Consumer Staples
BRK,2007Q4,2007   Q4,$68.8 B,5,BNI,Burlington Northern Santa Fe,0.0736,Industrials
BRK,2007Q4,2007   Q4,$68.8 B,6,MDLZ,Mondelez International,0.06280000000000001,Consumer Staples
BRK,2007Q4,2007   Q4,$68.8 B,7,JNJ,Johnson & Johnson,0.0599,Healthcare
BRK,2007Q4,2007   Q4,$68.8 B,8,WSC-OLD,Wesco Financial Corp.,0.0332,Industrials
BRK,2007Q4,2007   Q4,$68.8 B,9,USB,U.S. Bancorp,0.031200000000000002,Financials
BRK,2007Q4,2007   Q4,$68.8 B,10,BUD,Anheuser-Busch InBev,0.027200000000000002,Consumer Staples
BRK,2007Q4,2007   Q4,$68.8 B,11,MCO,Moody's Corp.,0.024900000000000002,Financials
BRK,2007Q4,2007   Q4,$68.8 B,12,COP,ConocoPhillips,0.0225,Energy
BRK,2007Q4,2007   Q4,$68.8 B,13,GHC,Graham Holdings Co.,0.0199,Industrials
BRK,2007Q4,2007   Q4,$68.8 B,14,WMT,Walmart Inc.,0.0138,Consumer Staples
BRK,2007Q4,2007   Q4,$68.8 B,15,USG,USG Corp.,0.0089,Materials
BRK,2007Q4,2007   Q4,$68.8 B,16,UNP,Union Pacific,0.008100000000000001,Industrials
BRK,2007Q4,2007   Q4,$68.8 B,17,MTB,M&T Bank Corp.,0.008,Financials
BRK,2007Q4,2007   Q4,$68.8 B,18,TT,Trane Technologies plc,0.0074,Industrials
BRK,2007Q4,2007   Q4,$68.8 B,19,NKE,NIKE Inc.,0.0070999999999999995,Consumer Discretionary
BRK,2007Q4,2007   Q4,$68.8 B,20,KMX,CarMax Inc.,0.006,Consumer Discretionary
BRK,2007Q3,2007   Q3,$65.8 B,1,KO,Coca Cola Co.,0.1747,Consumer Staples
BRK,2007Q3,2007   Q3,$65.8 B,2,WFC,Wells Fargo,0.1514,Financials
BRK,2007Q3,2007   Q3,$65.8 B,3,AXP,American Express,0.1368,Financials
BRK,2007Q3,2007   Q3,$65.8 B,4,PG,Procter & Gamble,0.1131,Consumer Staples
BRK,2007Q3,2007   Q3,$65.8 B,5,BNI,Burlington Northern Santa Fe,0.0654,Industrials
BRK,2007Q3,2007   Q3,$65.8 B,6,JNJ,Johnson & Johnson,0.061500000000000006,Healthcare
BRK,2007Q3,2007   Q3,$65.8 B,7,MCO,Moody's Corp.,0.0368,Financials
BRK,2007Q3,2007   Q3,$65.8 B,8,WSC-OLD,Wesco Financial Corp.,0.0345,Industrials
BRK,2007Q3,2007   Q3,$65.8 B,9,USB,U.S. Bancorp,0.032400000000000005,Financials
BRK,2007Q3,2007   Q3,$65.8 B,10,BUD,Anheuser-Busch InBev,0.027000000000000003,Consumer Staples
BRK,2007Q3,2007   Q3,$65.8 B,11,COP,ConocoPhillips,0.023399999999999997,Energy
BRK,2007Q3,2007   Q3,$65.8 B,12,GHC,Graham Holdings Co.,0.021099999999999997,Industrials
BRK,2007Q3,2007   Q3,$65.8 B,13,WMT,Walmart Inc.,0.0132,Consumer Staples
BRK,2007Q3,2007   Q3,$65.8 B,14,MTB,M&T Bank Corp.,0.0105,Financials
BRK,2007Q3,2007   Q3,$65.8 B,15,USG,USG Corp.,0.0097,Materials
BRK,2007Q3,2007   Q3,$65.8 B,16,UNP,Union Pacific,0.0077,Industrials
BRK,2007Q3,2007   Q3,$65.8 B,17,BAC,Bank of America Corp.,0.006999999999999999,Financials
BRK,2007Q3,2007   Q3,$65.8 B,18,NKE,NIKE Inc.,0.0068000000000000005,Consumer Discretionary
BRK,2007Q3,2007   Q3,$65.8 B,19,TT,Trane Technologies plc,0.0059,Industrials
BRK,2007Q3,2007   Q3,$65.8 B,20,DJ-OLD,Dow Jones & Co.,0.0058,Unknown
BRK,2007Q2,2007   Q2,$62.1 B,1,KO,Coca Cola Co.,0.1684,Consumer Staples
BRK,2007Q2,2007   Q2,$62.1 B,2,AXP,American Express,0.1493,Financials
BRK,2007Q2,2007   Q2,$62.1 B,3,WFC,Wells Fargo,0.1459,Financials
BRK,2007Q2,2007   Q2,$62.1 B,4,PG,Procter & Gamble,0.10369999999999999,Consumer Staples
BRK,2007Q2,2007   Q2,$62.1 B,5,BNI,Burlington Northern Santa Fe,0.0535,Industrials
BRK,2007Q2,2007   Q2,$62.1 B,6,JNJ,Johnson & Johnson,0.0527,Healthcare
BRK,2007Q2,2007   Q2,$62.1 B,7,MCO,Moody's Corp.,0.0481,Financials
BRK,2007Q2,2007   Q2,$62.1 B,8,WSC-OLD,Wesco Financial Corp.,0.0353,Industrials
BRK,2007Q2,2007   Q2,$62.1 B,9,BUD,Anheuser-Busch InBev,0.029900000000000003,Consumer Staples
BRK,2007Q2,2007   Q2,$62.1 B,10,COP,ConocoPhillips,0.0227,Energy
BRK,2007Q2,2007   Q2,$62.1 B,11,GHC,Graham Holdings Co.,0.0216,Industrials
BRK,2007Q2,2007   Q2,$62.1 B,12,USB,U.S. Bancorp,0.0197,Financials
BRK,2007Q2,2007   Q2,$62.1 B,13,WMT,Walmart Inc.,0.0154,Consumer Staples
BRK,2007Q2,2007   Q2,$62.1 B,14,UNP,Union Pacific,0.0137,Industrials
BRK,2007Q2,2007   Q2,$62.1 B,15,USG,USG Corp.,0.013500000000000002,Materials
BRK,2007Q2,2007   Q2,$62.1 B,16,MTB,M&T Bank Corp.,0.0115,Financials
BRK,2007Q2,2007   Q2,$62.1 B,17,TT,Trane Technologies plc,0.0105,Industrials
BRK,2007Q2,2007   Q2,$62.1 B,18,NKE,NIKE Inc.,0.0075,Consumer Discretionary
BRK,2007Q2,2007   Q2,$62.1 B,19,BAC,Bank of America Corp.,0.0068000000000000005,Financials
BRK,2007Q2,2007   Q2,$62.1 B,20,ELV,Elevance Health Inc.,0.0054,Healthcare
BRK,2007Q1,2007   Q1,$57.5 B,1,KO,Coca Cola Co.,0.16690000000000002,Consumer Staples
BRK,2007Q1,2007   Q1,$57.5 B,2,AXP,American Express,0.1487,Financials
BRK,2007Q1,2007   Q1,$57.5 B,3,WFC,Wells Fargo,0.1391,Financials
BRK,2007Q1,2007   Q1,$57.5 B,4,PG,Procter & Gamble,0.10980000000000001,Consumer Staples
BRK,2007Q1,2007   Q1,$57.5 B,5,MCO,Moody's Corp,0.0518,Financials
BRK,2007Q1,2007   Q1,$57.5 B,6,JNJ,Johnson & Johnson,0.051,Healthcare
BRK,2007Q1,2007   Q1,$57.5 B,7,BNI,Burlington Northern Santa Fe,0.048499999999999995,Industrials
BRK,2007Q1,2007   Q1,$57.5 B,8,WSC-OLD,Wesco Financial Corp.,0.045599999999999995,Industrials
BRK,2007Q1,2007   Q1,$57.5 B,9,BUD,Anheuser-Busch InBev,0.031200000000000002,Consumer Staples
BRK,2007Q1,2007   Q1,$57.5 B,10,GHC,Graham Holdings Co.,0.0229,Industrials
BRK,2007Q1,2007   Q1,$57.5 B,11,COP,ConocoPhillips,0.0213,Energy
BRK,2007Q1,2007   Q1,$57.5 B,12,UNP,Union Pacific,0.018600000000000002,Industrials
BRK,2007Q1,2007   Q1,$57.5 B,13,WMT,Walmart Inc.,0.0163,Consumer Staples
BRK,2007Q1,2007   Q1,$57.5 B,14,USB,U.S. Bancorp,0.014199999999999999,Financials
BRK,2007Q1,2007   Q1,$57.5 B,15,USG,USG Corp.,0.0139,Materials
BRK,2007Q1,2007   Q1,$57.5 B,16,MTB,M&T Bank Corp.,0.013500000000000002,Financials
BRK,2007Q1,2007   Q1,$57.5 B,17,TT,Trane Technologies plc,0.0102,Industrials
BRK,2007Q1,2007   Q1,$57.5 B,18,NKE,NIKE Inc.,0.0074,Consumer Discretionary
BRK,2007Q1,2007   Q1,$57.5 B,19,NSC,Norfolk Southern Corp.,0.005600000000000001,Industrials
BRK,2007Q1,2007   Q1,$57.5 B,20,TYC,Tyco International,0.0055000000000000005,Unknown
BRK,2006Q4,2006   Q4,$52.8 B,1,KO,Coca Cola Co.,0.18280000000000002,Consumer Staples
BRK,2006Q4,2006   Q4,$52.8 B,2,AXP,American Express,0.1743,Financials
BRK,2006Q4,2006   Q4,$52.8 B,3,WFC,Wells Fargo,0.1375,Financials
BRK,2006Q4,2006   Q4,$52.8 B,4,PG,Procter & Gamble,0.12179999999999999,Consumer Staples
BRK,2006Q4,2006   Q4,$52.8 B,5,MCO,Moody's Corp,0.06280000000000001,Financials
BRK,2006Q4,2006   Q4,$52.8 B,6,WSC-OLD,Wesco Financial Corp.,0.049699999999999994,Industrials
BRK,2006Q4,2006   Q4,$52.8 B,7,BUD,Anheuser-Busch InBev,0.0339,Consumer Staples
BRK,2006Q4,2006   Q4,$52.8 B,8,JNJ,Johnson & Johnson,0.0308,Healthcare
BRK,2006Q4,2006   Q4,$52.8 B,9,COP,ConocoPhillips,0.0245,Energy
BRK,2006Q4,2006   Q4,$52.8 B,10,GHC,Graham Holdings Co.,0.024399999999999998,Industrials
BRK,2006Q4,2006   Q4,$52.8 B,11,USG,USG Corp.,0.0177,Materials
BRK,2006Q4,2006   Q4,$52.8 B,12,WMT,Walmart Inc.,0.0174,Consumer Staples
BRK,2006Q4,2006   Q4,$52.8 B,13,USB,U.S. Bancorp,0.016,Financials
BRK,2006Q4,2006   Q4,$52.8 B,14,MTB,M&T Bank Corp.,0.0155,Financials
BRK,2006Q4,2006   Q4,$52.8 B,15,TT,Trane Technologies plc,0.0096,Industrials
BRK,2006Q4,2006   Q4,$52.8 B,16,AMP,Ameriprise Financial Inc.,0.0085,Financials
BRK,2006Q4,2006   Q4,$52.8 B,17,NKE,NIKE Inc.,0.0075,Consumer Discretionary
BRK,2006Q4,2006   Q4,$52.8 B,18,CMCSK-OLD,Comcast Corp.,0.0063,Unknown
BRK,2006Q4,2006   Q4,$52.8 B,19,TYC,Tyco International,0.0058,Unknown
BRK,2006Q4,2006   Q4,$52.8 B,20,GE,GE Aerospace,0.0055000000000000005,Industrials
HC,2026Q2,2026   Q2,$3.7 B,1,GOOGL,Alphabet Inc.,0.2455,Communication Services
HC,2026Q2,2026   Q2,$3.7 B,2,GOOG,Alphabet Inc. CL C,0.2339,Communication Services
HC,2026Q2,2026   Q2,$3.7 B,3,PDD,Pinduoduo Inc.,0.2217,Consumer Discretionary
HC,2026Q2,2026   Q2,$3.7 B,4,BRK.B,Berkshire Hathaway CL B,0.14980000000000002,Financials
HC,2026Q2,2026   Q2,$3.7 B,5,EWBC,East West Bancorp,0.0968,Financials
HC,2026Q2,2026   Q2,$3.7 B,6,CROX,Crocs Inc.,0.028900000000000002,Consumer Discretionary
HC,2026Q2,2026   Q2,$3.7 B,7,TME,Tencent Music Entertainment Grp,0.0149,Communication Services
HC,2026Q2,2026   Q2,$3.7 B,8,AAPL,Apple Inc.,0.0086,Technology
HC,2026Q1,2026   Q1,$3.2 B,1,GOOGL,Alphabet Inc.,0.2285,Communication Services
HC,2026Q1,2026   Q1,$3.2 B,2,GOOG,Alphabet Inc. CL C,0.21969999999999998,Communication Services
HC,2026Q1,2026   Q1,$3.2 B,3,PDD,Pinduoduo Inc.,0.1471,Consumer Discretionary
HC,2026Q1,2026   Q1,$3.2 B,4,BRK.B,Berkshire Hathaway CL B,0.1344,Financials
HC,2026Q1,2026   Q1,$3.2 B,5,EWBC,East West Bancorp,0.0926,Financials
HC,2026Q1,2026   Q1,$3.2 B,6,BAC,Bank of America Corp.,0.045700000000000005,Financials
HC,2026Q1,2026   Q1,$3.2 B,7,OXY,Occidental Petroleum,0.0298,Energy
HC,2026Q1,2026   Q1,$3.2 B,8,CROX,Crocs Inc.,0.023,Consumer Discretionary
HC,2026Q1,2026   Q1,$3.2 B,9,TME,Tencent Music Entertainment Grp,0.0191,Communication Services
HC,2026Q1,2026   Q1,$3.2 B,10,MCO,Moody's Corp.,0.0161,Financials
HC,2026Q1,2026   Q1,$3.2 B,11,HRB,H&R Block Inc.,0.0161,Consumer Discretionary
HC,2026Q1,2026   Q1,$3.2 B,12,SPGI,S&P Global Inc.,0.0161,Financials
HC,2026Q1,2026   Q1,$3.2 B,13,AAPL,Apple Inc.,0.0088,Technology
HC,2026Q1,2026   Q1,$3.2 B,14,MSCI,MSCI Inc.,0.0032,Financials
HC,2025Q4,2025   Q4,$3.57 B,1,GOOGL,Alphabet Inc.,0.2231,Communication Services
HC,2025Q4,2025   Q4,$3.57 B,2,GOOG,Alphabet Inc. CL C,0.2155,Communication Services
HC,2025Q4,2025   Q4,$3.57 B,3,BAC,Bank of America Corp.,0.16079999999999997,Financials
HC,2025Q4,2025   Q4,$3.57 B,4,PDD,Pinduoduo Inc.,0.1464,Consumer Discretionary
HC,2025Q4,2025   Q4,$3.57 B,5,BRK.B,Berkshire Hathaway CL B,0.1264,Financials
HC,2025Q4,2025   Q4,$3.57 B,6,EWBC,East West Bancorp,0.0874,Financials
HC,2025Q4,2025   Q4,$3.57 B,7,OXY,Occidental Petroleum,0.0169,Energy
HC,2025Q4,2025   Q4,$3.57 B,8,CROX,Crocs Inc.,0.0151,Consumer Discretionary
HC,2025Q4,2025   Q4,$3.57 B,9,AAPL,Apple Inc.,0.0084,Technology
HC,2025Q3,2025   Q3,$3.23 B,1,GOOGL,Alphabet Inc.,0.19140000000000001,Communication Services
HC,2025Q3,2025   Q3,$3.23 B,2,PDD,Pinduoduo Inc.,0.1885,Consumer Discretionary
HC,2025Q3,2025   Q3,$3.23 B,3,GOOG,Alphabet Inc. CL C,0.1848,Communication Services
HC,2025Q3,2025   Q3,$3.23 B,4,BAC,Bank of America Corp.,0.1666,Financials
HC,2025Q3,2025   Q3,$3.23 B,5,BRK.B,Berkshire Hathaway CL B,0.13970000000000002,Financials
HC,2025Q3,2025   Q3,$3.23 B,6,EWBC,East West Bancorp,0.0915,Financials
HC,2025Q3,2025   Q3,$3.23 B,7,OXY,Occidental Petroleum,0.0215,Energy
HC,2025Q3,2025   Q3,$3.23 B,8,AAPL,Apple Inc.,0.0087,Technology
HC,2025Q3,2025   Q3,$3.23 B,9,SOC,Sable Offshore Corp,0.0073,Energy
HC,2025Q2,2025   Q2,$2.69 B,1,BAC,Bank of America Corp.,0.18359999999999999,Financials
HC,2025Q2,2025   Q2,$2.69 B,2,PDD,Pinduoduo Inc.,0.1793,Consumer Discretionary
HC,2025Q2,2025   Q2,$2.69 B,3,GOOGL,Alphabet Inc.,0.16670000000000001,Communication Services
HC,2025Q2,2025   Q2,$2.69 B,4,BRK.B,Berkshire Hathaway CL B,0.16219999999999998,Financials
HC,2025Q2,2025   Q2,$2.69 B,5,GOOG,Alphabet Inc. CL C,0.1617,Communication Services
HC,2025Q2,2025   Q2,$2.69 B,6,EWBC,East West Bancorp,0.1043,Financials
HC,2025Q2,2025   Q2,$2.69 B,7,OXY,Occidental Petroleum,0.0229,Energy
HC,2025Q2,2025   Q2,$2.69 B,8,SOC,Sable Offshore Corp,0.011000000000000001,Energy
HC,2025Q2,2025   Q2,$2.69 B,9,AAPL,Apple Inc.,0.0084,Technology
HC,2025Q1,2025   Q1,$2.21 B,1,BAC,Bank of America Corp.,0.2612,Financials
HC,2025Q1,2025   Q1,$2.21 B,2,BRK.B,Berkshire Hathaway CL B,0.2161,Financials
HC,2025Q1,2025   Q1,$2.21 B,3,GOOGL,Alphabet Inc.,0.1778,Communication Services
HC,2025Q1,2025   Q1,$2.21 B,4,GOOG,Alphabet Inc. CL C,0.17309999999999998,Communication Services
HC,2025Q1,2025   Q1,$2.21 B,5,EWBC,East West Bancorp,0.11259999999999999,Financials
HC,2025Q1,2025   Q1,$2.21 B,6,OXY,Occidental Petroleum,0.0327,Energy
HC,2025Q1,2025   Q1,$2.21 B,7,SOC,Sable Offshore Corp,0.0154,Energy
HC,2025Q1,2025   Q1,$2.21 B,8,AAPL,Apple Inc.,0.0111,Technology
HC,2024Q4,2024   Q4,$2.71 B,1,BAC,Bank of America Corp.,0.29309999999999997,Financials
HC,2024Q4,2024   Q4,$2.71 B,2,GOOG,Alphabet Inc. CL C,0.2138,Communication Services
HC,2024Q4,2024   Q4,$2.71 B,3,GOOGL,Alphabet Inc.,0.1776,Communication Services
HC,2024Q4,2024   Q4,$2.71 B,4,BRK.B,Berkshire Hathaway CL B,0.1501,Financials
HC,2024Q4,2024   Q4,$2.71 B,5,EWBC,East West Bancorp,0.0981,Financials
HC,2024Q4,2024   Q4,$2.71 B,6,AAPL,Apple Inc.,0.029300000000000003,Technology
HC,2024Q4,2024   Q4,$2.71 B,7,OXY,Occidental Petroleum,0.026699999999999998,Energy
HC,2024Q4,2024   Q4,$2.71 B,8,SOC,Sable Offshore Corp,0.0113,Energy
HC,2024Q3,2024   Q3,$2.47 B,1,BAC,Bank of America Corp.,0.2902,Financials
HC,2024Q3,2024   Q3,$2.47 B,2,GOOG,Alphabet Inc. CL C,0.20579999999999998,Communication Services
HC,2024Q3,2024   Q3,$2.47 B,3,GOOGL,Alphabet Inc.,0.17059999999999997,Communication Services
HC,2024Q3,2024   Q3,$2.47 B,4,BRK.B,Berkshire Hathaway CL B,0.1671,Financials
HC,2024Q3,2024   Q3,$2.47 B,5,EWBC,East West Bancorp,0.0929,Financials
HC,2024Q3,2024   Q3,$2.47 B,6,OXY,Occidental Petroleum,0.030600000000000002,Energy
HC,2024Q3,2024   Q3,$2.47 B,7,AAPL,Apple Inc.,0.029900000000000003,Technology
HC,2024Q3,2024   Q3,$2.47 B,8,SOC,Sable Offshore Corp,0.0128,Energy
HC,2024Q2,2024   Q2,$2.56 B,1,BAC,Bank of America Corp.,0.2807,Financials
HC,2024Q2,2024   Q2,$2.56 B,2,GOOG,Alphabet Inc. CL C,0.218,Communication Services
HC,2024Q2,2024   Q2,$2.56 B,3,GOOGL,Alphabet Inc.,0.1808,Communication Services
HC,2024Q2,2024   Q2,$2.56 B,4,BRK.B,Berkshire Hathaway CL B,0.1426,Financials
HC,2024Q2,2024   Q2,$2.56 B,5,EWBC,East West Bancorp,0.0794,Financials
HC,2024Q2,2024   Q2,$2.56 B,6,AAPL,Apple Inc.,0.0625,Technology
HC,2024Q2,2024   Q2,$2.56 B,7,OXY,Occidental Petroleum,0.0361,Energy
HC,2024Q1,2024   Q1,$2.26 B,1,BAC,Bank of America Corp.,0.30329999999999996,Financials
HC,2024Q1,2024   Q1,$2.26 B,2,GOOG,Alphabet Inc. CL C,0.205,Communication Services
HC,2024Q1,2024   Q1,$2.26 B,3,GOOGL,Alphabet Inc.,0.1698,Communication Services
HC,2024Q1,2024   Q1,$2.26 B,4,BRK.B,Berkshire Hathaway CL B,0.16699999999999998,Financials
HC,2024Q1,2024   Q1,$2.26 B,5,EWBC,East West Bancorp,0.09720000000000001,Financials
HC,2024Q1,2024   Q1,$2.26 B,6,AAPL,Apple Inc.,0.0576,Technology
HC,2023Q4,2023   Q4,$2.06 B,1,BAC,Bank of America Corp.,0.2956,Financials
HC,2023Q4,2023   Q4,$2.06 B,2,GOOG,Alphabet Inc. CL C,0.20829999999999999,Communication Services
HC,2023Q4,2023   Q4,$2.06 B,3,GOOGL,Alphabet Inc.,0.1725,Communication Services
HC,2023Q4,2023   Q4,$2.06 B,4,BRK.B,Berkshire Hathaway CL B,0.1555,Financials
HC,2023Q4,2023   Q4,$2.06 B,5,EWBC,East West Bancorp,0.09699999999999999,Financials
HC,2023Q4,2023   Q4,$2.06 B,6,AAPL,Apple Inc.,0.071,Technology
HC,2023Q3,2023   Q3,$1.82 B,1,BAC,Bank of America Corp.,0.272,Financials
HC,2023Q3,2023   Q3,$1.82 B,2,GOOG,Alphabet Inc. CL C,0.2205,Communication Services
HC,2023Q3,2023   Q3,$1.82 B,3,GOOGL,Alphabet Inc.,0.18289999999999998,Communication Services
HC,2023Q3,2023   Q3,$1.82 B,4,BRK.B,Berkshire Hathaway CL B,0.1728,Financials
HC,2023Q3,2023   Q3,$1.82 B,5,EWBC,East West Bancorp,0.08039999999999999,Financials
HC,2023Q3,2023   Q3,$1.82 B,6,AAPL,Apple Inc.,0.07150000000000001,Technology
HC,2023Q2,2023   Q2,$1.79 B,1,BAC,Bank of America Corp.,0.2896,Financials
HC,2023Q2,2023   Q2,$1.79 B,2,GOOG,Alphabet Inc. CL C,0.20559999999999998,Communication Services
HC,2023Q2,2023   Q2,$1.79 B,3,BRK.B,Berkshire Hathaway CL B,0.1709,Financials
HC,2023Q2,2023   Q2,$1.79 B,4,GOOGL,Alphabet Inc.,0.1699,Communication Services
HC,2023Q2,2023   Q2,$1.79 B,5,AAPL,Apple Inc.,0.08220000000000001,Technology
HC,2023Q2,2023   Q2,$1.79 B,6,EWBC,East West Bancorp,0.0818,Financials
HC,2023Q1,2023   Q1,$2.04 B,1,BAC,Bank of America Corp.,0.2536,Financials
HC,2023Q1,2023   Q1,$2.04 B,2,MU,Micron Technology Inc.,0.20199999999999999,Technology
HC,2023Q1,2023   Q1,$2.04 B,3,GOOG,Alphabet Inc. CL C,0.1552,Communication Services
HC,2023Q1,2023   Q1,$2.04 B,4,BRK.B,Berkshire Hathaway CL B,0.1359,Financials
HC,2023Q1,2023   Q1,$2.04 B,5,GOOGL,Alphabet Inc.,0.1294,Communication Services
HC,2023Q1,2023   Q1,$2.04 B,6,EWBC,East West Bancorp,0.0625,Financials
HC,2023Q1,2023   Q1,$2.04 B,7,AAPL,Apple Inc.,0.061399999999999996,Technology
HC,2022Q4,2022   Q4,$1.93 B,1,MU,Micron Technology Inc.,0.29760000000000003,Technology
HC,2022Q4,2022   Q4,$1.93 B,2,BAC,Bank of America Corp.,0.2507,Financials
HC,2022Q4,2022   Q4,$1.93 B,3,BRK.B,Berkshire Hathaway CL B,0.1439,Financials
HC,2022Q4,2022   Q4,$1.93 B,4,GOOG,Alphabet Inc. CL C,0.1401,Communication Services
HC,2022Q4,2022   Q4,$1.93 B,5,GOOGL,Alphabet Inc.,0.1164,Communication Services
HC,2022Q4,2022   Q4,$1.93 B,6,AAPL,Apple Inc.,0.0512,Technology
HC,2022Q3,2022   Q3,$1.74 B,1,MU,Micron Technology Inc.,0.3298,Technology
HC,2022Q3,2022   Q3,$1.74 B,2,BAC,Bank of America Corp.,0.2527,Financials
HC,2022Q3,2022   Q3,$1.74 B,3,GOOG,Alphabet Inc. CL C,0.1679,Communication Services
HC,2022Q3,2022   Q3,$1.74 B,4,BRK.B,Berkshire Hathaway CL B,0.1375,Financials
HC,2022Q3,2022   Q3,$1.74 B,5,AAPL,Apple Inc.,0.0602,Technology
HC,2022Q3,2022   Q3,$1.74 B,6,GOOGL,Alphabet Inc.,0.052000000000000005,Communication Services
HC,2022Q2,2022   Q2,$1.87 B,1,MU,Micron Technology Inc.,0.3386,Technology
HC,2022Q2,2022   Q2,$1.87 B,2,BAC,Bank of America Corp.,0.24239999999999998,Financials
HC,2022Q2,2022   Q2,$1.87 B,3,GOOG,Alphabet Inc. CL C,0.1777,Communication Services
HC,2022Q2,2022   Q2,$1.87 B,4,BRK.B,Berkshire Hathaway CL B,0.1308,Financials
HC,2022Q2,2022   Q2,$1.87 B,5,AAPL,Apple Inc.,0.0554,Technology
HC,2022Q2,2022   Q2,$1.87 B,6,GOOGL,Alphabet Inc.,0.055099999999999996,Communication Services
HC,2022Q1,2022   Q1,$2.38 B,1,MU,Micron Technology Inc.,0.3757,Technology
HC,2022Q1,2022   Q1,$2.38 B,2,BAC,Bank of America Corp.,0.2527,Financials
HC,2022Q1,2022   Q1,$2.38 B,3,BRK.B,Berkshire Hathaway CL B,0.1332,Financials
HC,2022Q1,2022   Q1,$2.38 B,4,GOOG,Alphabet Inc. CL C,0.1008,Communication Services
HC,2022Q1,2022   Q1,$2.38 B,5,META,Meta Platforms Inc.,0.0819,Communication Services
HC,2022Q1,2022   Q1,$2.38 B,6,AAPL,Apple Inc.,0.0557,Technology
HC,2021Q4,2021   Q4,$2.67 B,1,MU,Micron Technology Inc.,0.4012,Technology
HC,2021Q4,2021   Q4,$2.67 B,2,BAC,Bank of America Corp.,0.24359999999999998,Financials
HC,2021Q4,2021   Q4,$2.67 B,3,META,Meta Platforms Inc.,0.1106,Communication Services
HC,2021Q4,2021   Q4,$2.67 B,4,BRK.B,Berkshire Hathaway CL B,0.1007,Financials
HC,2021Q4,2021   Q4,$2.67 B,5,GOOG,Alphabet Inc. CL C,0.0933,Communication Services
HC,2021Q4,2021   Q4,$2.67 B,6,AAPL,Apple Inc.,0.0506,Technology
HC,2021Q3,2021   Q3,$2.15 B,1,MU,Micron Technology Inc.,0.37920000000000004,Technology
HC,2021Q3,2021   Q3,$2.15 B,2,BAC,Bank of America Corp.,0.24420000000000003,Financials
HC,2021Q3,2021   Q3,$2.15 B,3,BRK.B,Berkshire Hathaway CL B,0.11410000000000001,Financials
HC,2021Q3,2021   Q3,$2.15 B,4,GOOG,Alphabet Inc. CL C,0.1066,Communication Services
HC,2021Q3,2021   Q3,$2.15 B,5,META,Meta Platforms Inc.,0.09050000000000001,Communication Services
HC,2021Q3,2021   Q3,$2.15 B,6,AAPL,Apple Inc.,0.05,Technology
HC,2021Q3,2021   Q3,$2.15 B,7,PDD,Pinduoduo Inc.,0.015300000000000001,Consumer Discretionary
HC,2021Q2,2021   Q2,$2.05 B,1,MU,Micron Technology Inc.,0.47590000000000005,Technology
HC,2021Q2,2021   Q2,$2.05 B,2,BAC,Bank of America Corp.,0.2486,Financials
HC,2021Q2,2021   Q2,$2.05 B,3,GOOG,Alphabet Inc. CL C,0.1051,Communication Services
HC,2021Q2,2021   Q2,$2.05 B,4,META,Meta Platforms Inc.,0.09720000000000001,Communication Services
HC,2021Q2,2021   Q2,$2.05 B,5,AAPL,Apple Inc.,0.0508,Technology
HC,2021Q2,2021   Q2,$2.05 B,6,PDD,Pinduoduo Inc.,0.0225,Consumer Discretionary
HC,2021Q1,2021   Q1,$1.98 B,1,MU,Micron Technology Inc.,0.5117,Technology
HC,2021Q1,2021   Q1,$1.98 B,2,BAC,Bank of America Corp.,0.24170000000000003,Financials
HC,2021Q1,2021   Q1,$1.98 B,3,GOOG,Alphabet Inc. CL C,0.0898,Communication Services
HC,2021Q1,2021   Q1,$1.98 B,4,META,Meta Platforms Inc.,0.08529999999999999,Communication Services
HC,2021Q1,2021   Q1,$1.98 B,5,AAPL,Apple Inc.,0.046900000000000004,Technology
HC,2021Q1,2021   Q1,$1.98 B,6,PDD,Pinduoduo Inc.,0.0246,Consumer Discretionary
HC,2020Q4,2020   Q4,$1.82 B,1,MU,Micron Technology Inc.,0.4752,Technology
HC,2020Q4,2020   Q4,$1.82 B,2,BAC,Bank of America Corp.,0.20629999999999998,Financials
HC,2020Q4,2020   Q4,$1.82 B,3,META,Meta Platforms Inc.,0.1445,Communication Services
HC,2020Q4,2020   Q4,$1.82 B,4,GOOG,Alphabet Inc. CL C,0.08289999999999999,Communication Services
HC,2020Q4,2020   Q4,$1.82 B,5,AAPL,Apple Inc.,0.0555,Technology
HC,2020Q4,2020   Q4,$1.82 B,6,PDD,Pinduoduo Inc.,0.0355,Consumer Discretionary
HC,2020Q3,2020   Q3,$1.31 B,1,MU,Micron Technology Inc.,0.41090000000000004,Technology
HC,2020Q3,2020   Q3,$1.31 B,2,META,Meta Platforms Inc.,0.2658,Communication Services
HC,2020Q3,2020   Q3,$1.31 B,3,BAC,Bank of America Corp.,0.22699999999999998,Financials
HC,2020Q3,2020   Q3,$1.31 B,4,GOOG,Alphabet Inc. CL C,0.09630000000000001,Communication Services
HC,2020Q2,2020   Q2,$1.06 B,1,MU,Micron Technology Inc.,0.4799,Technology
HC,2020Q2,2020   Q2,$1.06 B,2,BAC,Bank of America Corp.,0.2759,Financials
HC,2020Q2,2020   Q2,$1.06 B,3,META,Meta Platforms Inc.,0.13,Communication Services
HC,2020Q2,2020   Q2,$1.06 B,4,GOOG,Alphabet Inc. CL C,0.1142,Communication Services
HC,2020Q1,2020   Q1,$713 M,1,MU,Micron Technology Inc.,0.5844,Technology
HC,2020Q1,2020   Q1,$713 M,2,BAC,Bank of America Corp.,0.3679,Financials
HC,2020Q1,2020   Q1,$713 M,3,BABA,Alibaba Group Holdings,0.04769999999999999,Consumer Discretionary
HC,2019Q4,2019   Q4,$420 M,1,MU,Micron Technology Inc.,1.0,Technology
tci,2026Q2,2026   Q2,$52.8 B,1,GE,GE Aerospace,0.33590000000000003,Industrials
tci,2026Q2,2026   Q2,$52.8 B,2,V,Visa Inc.,0.19829999999999998,Financials
tci,2026Q2,2026   Q2,$52.8 B,3,MCO,Moody's Corp.,0.12300000000000001,Financials
tci,2026Q2,2026   Q2,$52.8 B,4,SPGI,S&P Global Inc.,0.10869999999999999,Financials
tci,2026Q2,2026   Q2,$52.8 B,5,CP,Canadian Pacific Kansas City,0.07440000000000001,Industrials
tci,2026Q2,2026   Q2,$52.8 B,6,GOOG,Alphabet Inc. CL C,0.0665,Communication Services
tci,2026Q2,2026   Q2,$52.8 B,7,FER,Ferrovial Se,0.027200000000000002,Industrials
tci,2026Q2,2026   Q2,$52.8 B,8,CNI,Canadian Natl Railway Co.,0.0213,Industrials
tci,2026Q2,2026   Q2,$52.8 B,9,GOOGL,Alphabet Inc.,0.0166,Communication Services
tci,2026Q2,2026   Q2,$52.8 B,10,MLM,Martin Marietta,0.0144,Materials
tci,2026Q2,2026   Q2,$52.8 B,11,VMC,Vulcan Materials,0.0137,Materials
tci,2026Q1,2026   Q1,$45.2 B,1,GE,GE Aerospace,0.2985,Industrials
tci,2026Q1,2026   Q1,$45.2 B,2,V,Visa Inc.,0.2039,Financials
tci,2026Q1,2026   Q1,$45.2 B,3,MCO,Moody's Corp.,0.1384,Financials
tci,2026Q1,2026   Q1,$45.2 B,4,SPGI,S&P Global Inc.,0.1322,Financials
tci,2026Q1,2026   Q1,$45.2 B,5,CP,Canadian Pacific Kansas City,0.081,Industrials
tci,2026Q1,2026   Q1,$45.2 B,6,GOOG,Alphabet Inc. CL C,0.0562,Communication Services
tci,2026Q1,2026   Q1,$45.2 B,7,FER,Ferrovial Se,0.0294,Industrials
tci,2026Q1,2026   Q1,$45.2 B,8,CNI,Canadian Natl Railway Co.,0.022400000000000003,Industrials
tci,2026Q1,2026   Q1,$45.2 B,9,MSFT,Microsoft Corp.,0.022400000000000003,Technology
tci,2026Q1,2026   Q1,$45.2 B,10,GOOGL,Alphabet Inc.,0.015600000000000001,Communication Services
tci,2025Q4,2025   Q4,$53.6 B,1,GE,GE Aerospace,0.2728,Industrials
tci,2025Q4,2025   Q4,$53.6 B,2,V,Visa Inc.,0.1812,Financials
tci,2025Q4,2025   Q4,$53.6 B,3,MSFT,Microsoft Corp.,0.15130000000000002,Technology
tci,2025Q4,2025   Q4,$53.6 B,4,MCO,Moody's Corp.,0.1267,Financials
tci,2025Q4,2025   Q4,$53.6 B,5,SPGI,S&P Global Inc.,0.1148,Financials
tci,2025Q4,2025   Q4,$53.6 B,6,CP,Canadian Pacific Kansas City,0.0654,Industrials
tci,2025Q4,2025   Q4,$53.6 B,7,GOOG,Alphabet Inc. CL C,0.0444,Communication Services
tci,2025Q4,2025   Q4,$53.6 B,8,FER,Ferrovial Se,0.025099999999999997,Industrials
tci,2025Q4,2025   Q4,$53.6 B,9,CNI,Canadian Natl Railway Co.,0.0182,Industrials
tci,2025Q3,2025   Q3,$52.7 B,1,GE,GE Aerospace,0.2712,Industrials
tci,2025Q3,2025   Q3,$52.7 B,2,V,Visa Inc.,0.1818,Financials
tci,2025Q3,2025   Q3,$52.7 B,3,MSFT,Microsoft Corp.,0.1631,Technology
tci,2025Q3,2025   Q3,$52.7 B,4,MCO,Moody's Corp.,0.12029999999999999,Financials
tci,2025Q3,2025   Q3,$52.7 B,5,SPGI,S&P Global Inc.,0.1033,Financials
tci,2025Q3,2025   Q3,$52.7 B,6,CP,Canadian Pacific Kansas City,0.0705,Industrials
tci,2025Q3,2025   Q3,$52.7 B,7,GOOG,Alphabet Inc. CL C,0.0351,Communication Services
tci,2025Q3,2025   Q3,$52.7 B,8,CNI,Canadian Natl Railway Co.,0.0336,Industrials
tci,2025Q3,2025   Q3,$52.7 B,9,FER,Ferrovial Se,0.021099999999999997,Industrials
tci,2025Q2,2025   Q2,$50.7 B,1,GE,GE Aerospace,0.2412,Industrials
tci,2025Q2,2025   Q2,$50.7 B,2,MSFT,Microsoft Corp.,0.1723,Technology
tci,2025Q2,2025   Q2,$50.7 B,3,V,Visa Inc.,0.1335,Financials
tci,2025Q2,2025   Q2,$50.7 B,4,MCO,Moody's Corp.,0.131,Financials
tci,2025Q2,2025   Q2,$50.7 B,5,SPGI,S&P Global Inc.,0.1153,Financials
tci,2025Q2,2025   Q2,$50.7 B,6,CP,Canadian Pacific Kansas City,0.08259999999999999,Industrials
tci,2025Q2,2025   Q2,$50.7 B,7,CNI,Canadian Natl Railway Co.,0.0472,Industrials
tci,2025Q2,2025   Q2,$50.7 B,8,GOOG,Alphabet Inc. CL C,0.0454,Communication Services
tci,2025Q2,2025   Q2,$50.7 B,9,FER,Ferrovial Se,0.020499999999999997,Industrials
tci,2025Q2,2025   Q2,$50.7 B,10,GOOGL,Alphabet Inc.,0.011000000000000001,Communication Services
tci,2025Q1,2025   Q1,$43.4 B,1,GE,GE Aerospace,0.2195,Industrials
tci,2025Q1,2025   Q1,$43.4 B,2,MSFT,Microsoft Corp.,0.1497,Technology
tci,2025Q1,2025   Q1,$43.4 B,3,MCO,Moody's Corp.,0.1413,Financials
tci,2025Q1,2025   Q1,$43.4 B,4,V,Visa Inc.,0.1344,Financials
tci,2025Q1,2025   Q1,$43.4 B,5,SPGI,S&P Global Inc.,0.12140000000000001,Financials
tci,2025Q1,2025   Q1,$43.4 B,6,CP,Canadian Pacific Kansas City,0.0889,Industrials
tci,2025Q1,2025   Q1,$43.4 B,7,CNI,Canadian Natl Railway Co.,0.0604,Industrials
tci,2025Q1,2025   Q1,$43.4 B,8,GOOG,Alphabet Inc. CL C,0.0499,Communication Services
tci,2025Q1,2025   Q1,$43.4 B,9,FER,Ferrovial Se,0.0199,Industrials
tci,2025Q1,2025   Q1,$43.4 B,10,GOOGL,Alphabet Inc.,0.0146,Communication Services
tci,2024Q4,2024   Q4,$42.4 B,1,GE,GE Aerospace,0.1809,Industrials
tci,2024Q4,2024   Q4,$42.4 B,2,MCO,Moody's Corp.,0.1478,Financials
tci,2024Q4,2024   Q4,$42.4 B,3,MSFT,Microsoft Corp.,0.1391,Technology
tci,2024Q4,2024   Q4,$42.4 B,4,V,Visa Inc.,0.1252,Financials
tci,2024Q4,2024   Q4,$42.4 B,5,SPGI,S&P Global Inc.,0.12210000000000001,Financials
tci,2024Q4,2024   Q4,$42.4 B,6,CP,Canadian Pacific Kansas City,0.09369999999999999,Industrials
tci,2024Q4,2024   Q4,$42.4 B,7,GOOG,Alphabet Inc. CL C,0.0741,Communication Services
tci,2024Q4,2024   Q4,$42.4 B,8,CNI,Canadian Natl Railway Co.,0.0711,Industrials
tci,2024Q4,2024   Q4,$42.4 B,9,GOOGL,Alphabet Inc.,0.0269,Communication Services
tci,2024Q4,2024   Q4,$42.4 B,10,FER,Ferrovial Se,0.0192,Industrials
tci,2024Q3,2024   Q3,$44 B,1,GE,GE Aerospace,0.2064,Industrials
tci,2024Q3,2024   Q3,$44 B,2,MCO,Moody's Corp.,0.14279999999999998,Financials
tci,2024Q3,2024   Q3,$44 B,3,SPGI,S&P Global Inc.,0.12210000000000001,Financials
tci,2024Q3,2024   Q3,$44 B,4,MSFT,Microsoft Corp.,0.11720000000000001,Technology
tci,2024Q3,2024   Q3,$44 B,5,CP,Canadian Pacific Kansas City,0.1067,Industrials
tci,2024Q3,2024   Q3,$44 B,6,V,Visa Inc.,0.10490000000000001,Financials
tci,2024Q3,2024   Q3,$44 B,7,CNI,Canadian Natl Railway Co.,0.0943,Industrials
tci,2024Q3,2024   Q3,$44 B,8,GOOG,Alphabet Inc. CL C,0.0643,Communication Services
tci,2024Q3,2024   Q3,$44 B,9,GOOGL,Alphabet Inc.,0.0227,Communication Services
tci,2024Q3,2024   Q3,$44 B,10,FER,Ferrovial Se,0.018600000000000002,Industrials
tci,2024Q2,2024   Q2,$40.9 B,1,GE,GE Aerospace,0.18719999999999998,Industrials
tci,2024Q2,2024   Q2,$40.9 B,2,MCO,Moody's Corp.,0.1363,Financials
tci,2024Q2,2024   Q2,$40.9 B,3,MSFT,Microsoft Corp.,0.115,Technology
tci,2024Q2,2024   Q2,$40.9 B,4,CNI,Canadian Natl Railway Co.,0.114,Industrials
tci,2024Q2,2024   Q2,$40.9 B,5,SPGI,S&P Global Inc.,0.1133,Financials
tci,2024Q2,2024   Q2,$40.9 B,6,V,Visa Inc.,0.10769999999999999,Financials
tci,2024Q2,2024   Q2,$40.9 B,7,CP,Canadian Pacific Kansas City,0.1057,Industrials
tci,2024Q2,2024   Q2,$40.9 B,8,GOOG,Alphabet Inc. CL C,0.0759,Communication Services
tci,2024Q2,2024   Q2,$40.9 B,9,GOOGL,Alphabet Inc.,0.0268,Communication Services
tci,2024Q2,2024   Q2,$40.9 B,10,FER,Ferrovial Se,0.0181,Industrials
tci,2024Q1,2024   Q1,$39.7 B,1,GE,GE Aerospace,0.2072,Industrials
tci,2024Q1,2024   Q1,$39.7 B,2,CNI,Canadian Natl Railway Co.,0.13119999999999998,Industrials
tci,2024Q1,2024   Q1,$39.7 B,3,CP,Canadian Pacific Kansas City,0.12210000000000001,Industrials
tci,2024Q1,2024   Q1,$39.7 B,4,MCO,Moody's Corp.,0.1209,Financials
tci,2024Q1,2024   Q1,$39.7 B,5,V,Visa Inc.,0.1182,Financials
tci,2024Q1,2024   Q1,$39.7 B,6,MSFT,Microsoft Corp.,0.1117,Technology
tci,2024Q1,2024   Q1,$39.7 B,7,SPGI,S&P Global Inc.,0.0969,Financials
tci,2024Q1,2024   Q1,$39.7 B,8,GOOG,Alphabet Inc. CL C,0.065,Communication Services
tci,2024Q1,2024   Q1,$39.7 B,9,TMO,Thermo Fisher Scientific,0.0222,Healthcare
tci,2024Q1,2024   Q1,$39.7 B,10,GOOGL,Alphabet Inc.,0.0046,Communication Services
tci,2023Q4,2023   Q4,$36 B,1,GE,GE Aerospace,0.1478,Industrials
tci,2023Q4,2023   Q4,$36 B,2,CNI,Canadian Natl Railway Co.,0.1401,Industrials
tci,2023Q4,2023   Q4,$36 B,3,MCO,Moody's Corp.,0.1308,Financials
tci,2023Q4,2023   Q4,$36 B,4,CP,Canadian Pacific Kansas City,0.12210000000000001,Industrials
tci,2023Q4,2023   Q4,$36 B,5,V,Visa Inc.,0.1216,Financials
tci,2023Q4,2023   Q4,$36 B,6,MSFT,Microsoft Corp.,0.1112,Technology
tci,2023Q4,2023   Q4,$36 B,7,SPGI,S&P Global Inc.,0.1106,Financials
tci,2023Q4,2023   Q4,$36 B,8,GOOG,Alphabet Inc. CL C,0.0663,Communication Services
tci,2023Q4,2023   Q4,$36 B,9,TMO,Thermo Fisher Scientific,0.0464,Healthcare
tci,2023Q4,2023   Q4,$36 B,10,FERG,Ferguson Enterprises Inc.,0.0023,Industrials
tci,2023Q4,2023   Q4,$36 B,11,GOOGL,Alphabet Inc.,0.0006,Communication Services
tci,2023Q3,2023   Q3,$27.6 B,1,GE,GE Aerospace,0.16699999999999998,Industrials
tci,2023Q3,2023   Q3,$27.6 B,2,CNI,Canadian Natl Railway Co.,0.1606,Industrials
tci,2023Q3,2023   Q3,$27.6 B,3,CP,Canadian Pacific Kansas City,0.1506,Industrials
tci,2023Q3,2023   Q3,$27.6 B,4,V,Visa Inc.,0.1402,Financials
tci,2023Q3,2023   Q3,$27.6 B,5,SPGI,S&P Global Inc.,0.1201,Financials
tci,2023Q3,2023   Q3,$27.6 B,6,MCO,Moody's Corp.,0.11900000000000001,Financials
tci,2023Q3,2023   Q3,$27.6 B,7,GOOG,Alphabet Inc. CL C,0.081,Communication Services
tci,2023Q3,2023   Q3,$27.6 B,8,TMO,Thermo Fisher Scientific,0.058600000000000006,Healthcare
tci,2023Q3,2023   Q3,$27.6 B,9,FERG,Ferguson Enterprises Inc.,0.0029,Industrials
tci,2023Q2,2023   Q2,$33.7 B,1,CNI,Canadian Natl Railway Co.,0.1471,Industrials
tci,2023Q2,2023   Q2,$33.7 B,2,GE,GE Aerospace,0.1359,Industrials
tci,2023Q2,2023   Q2,$33.7 B,3,CP,Canadian Pacific Kansas City,0.1341,Industrials
tci,2023Q2,2023   Q2,$33.7 B,4,V,Visa Inc.,0.1255,Financials
tci,2023Q2,2023   Q2,$33.7 B,5,MSFT,Microsoft Corp.,0.1198,Technology
tci,2023Q2,2023   Q2,$33.7 B,6,SPGI,S&P Global Inc.,0.11109999999999999,Financials
tci,2023Q2,2023   Q2,$33.7 B,7,MCO,Moody's Corp.,0.10869999999999999,Financials
tci,2023Q2,2023   Q2,$33.7 B,8,GOOG,Alphabet Inc. CL C,0.0665,Communication Services
tci,2023Q2,2023   Q2,$33.7 B,9,TMO,Thermo Fisher Scientific,0.0492,Healthcare
tci,2023Q2,2023   Q2,$33.7 B,10,FERG,Ferguson Enterprises Inc.,0.0023,Industrials
tci,2023Q1,2023   Q1,$29.2 B,1,MSFT,Microsoft Corp.,0.151,Technology
tci,2023Q1,2023   Q1,$29.2 B,2,V,Visa Inc.,0.1489,Financials
tci,2023Q1,2023   Q1,$29.2 B,3,CNI,Canadian Natl Railway Co.,0.1483,Industrials
tci,2023Q1,2023   Q1,$29.2 B,4,CP,Canadian Pacific Kansas City,0.1472,Industrials
tci,2023Q1,2023   Q1,$29.2 B,5,SPGI,S&P Global Inc.,0.1101,Financials
tci,2023Q1,2023   Q1,$29.2 B,6,MCO,Moody's Corp.,0.10869999999999999,Financials
tci,2023Q1,2023   Q1,$29.2 B,7,GE,GE Aerospace,0.0855,Industrials
tci,2023Q1,2023   Q1,$29.2 B,8,GOOG,Alphabet Inc. CL C,0.08380000000000001,Communication Services
tci,2023Q1,2023   Q1,$29.2 B,9,TMO,Thermo Fisher Scientific,0.0165,Healthcare
tci,2022Q4,2022   Q4,$29.9 B,1,MSFT,Microsoft Corp.,0.1784,Technology
tci,2022Q4,2022   Q4,$29.9 B,2,GOOG,Alphabet Inc. CL C,0.1617,Communication Services
tci,2022Q4,2022   Q4,$29.9 B,3,CNI,Canadian Natl Railway Co.,0.1456,Industrials
tci,2022Q4,2022   Q4,$29.9 B,4,CP,Canadian Pacific Kansas City,0.1391,Industrials
tci,2022Q4,2022   Q4,$29.9 B,5,V,Visa Inc.,0.1384,Financials
tci,2022Q4,2022   Q4,$29.9 B,6,SPGI,S&P Global Inc.,0.10279999999999999,Financials
tci,2022Q4,2022   Q4,$29.9 B,7,MCO,Moody's Corp.,0.0858,Financials
tci,2022Q4,2022   Q4,$29.9 B,8,GOOGL,Alphabet Inc.,0.0471,Communication Services
tci,2022Q4,2022   Q4,$29.9 B,9,TMO,Thermo Fisher Scientific,0.0012,Healthcare
tci,2022Q4,2022   Q4,$29.9 B,10,UNP,Union Pacific,0.0,Industrials
tci,2022Q3,2022   Q3,$28.6 B,1,GOOG,Alphabet Inc. CL C,0.1764,Communication Services
tci,2022Q3,2022   Q3,$28.6 B,2,MSFT,Microsoft Corp.,0.162,Technology
tci,2022Q3,2022   Q3,$28.6 B,3,CNI,Canadian Natl Railway Co.,0.1386,Industrials
tci,2022Q3,2022   Q3,$28.6 B,4,CP,Canadian Pacific Kansas City,0.1304,Industrials
tci,2022Q3,2022   Q3,$28.6 B,5,V,Visa Inc.,0.12390000000000001,Financials
tci,2022Q3,2022   Q3,$28.6 B,6,SPGI,S&P Global Inc.,0.09369999999999999,Financials
tci,2022Q3,2022   Q3,$28.6 B,7,MCO,Moody's Corp.,0.0702,Financials
tci,2022Q3,2022   Q3,$28.6 B,8,GOOGL,Alphabet Inc.,0.053399999999999996,Communication Services
tci,2022Q3,2022   Q3,$28.6 B,9,UNP,Union Pacific,0.0377,Industrials
tci,2022Q3,2022   Q3,$28.6 B,10,BXP,BXP Inc.,0.0137,Real Estate
tci,2022Q2,2022   Q2,$31.6 B,1,GOOG,Alphabet Inc. CL C,0.1714,Communication Services
tci,2022Q2,2022   Q2,$31.6 B,2,MSFT,Microsoft Corp.,0.1595,Technology
tci,2022Q2,2022   Q2,$31.6 B,3,CNI,Canadian Natl Railway Co.,0.1306,Industrials
tci,2022Q2,2022   Q2,$31.6 B,4,V,Visa Inc.,0.1241,Financials
tci,2022Q2,2022   Q2,$31.6 B,5,CP,Canadian Pacific Kansas City,0.1235,Industrials
tci,2022Q2,2022   Q2,$31.6 B,6,SPGI,S&P Global Inc.,0.0935,Financials
tci,2022Q2,2022   Q2,$31.6 B,7,MCO,Moody's Corp.,0.071,Financials
tci,2022Q2,2022   Q2,$31.6 B,8,GOOGL,Alphabet Inc.,0.053,Communication Services
tci,2022Q2,2022   Q2,$31.6 B,9,UNP,Union Pacific,0.0354,Industrials
tci,2022Q2,2022   Q2,$31.6 B,10,BXP,BXP Inc.,0.0297,Real Estate
tci,2022Q2,2022   Q2,$31.6 B,11,AMAT,Applied Materials,0.0055000000000000005,Technology
tci,2022Q2,2022   Q2,$31.6 B,12,KLAC,KLA Corp.,0.0016,Technology
tci,2022Q2,2022   Q2,$31.6 B,13,LRCX,Lam Research,0.0012,Technology
tci,2022Q1,2022   Q1,$36.8 B,1,GOOG,Alphabet Inc. CL C,0.1797,Communication Services
tci,2022Q1,2022   Q1,$36.8 B,2,MSFT,Microsoft Corp.,0.1445,Technology
tci,2022Q1,2022   Q1,$36.8 B,3,CNI,Canadian Natl Railway Co.,0.1336,Industrials
tci,2022Q1,2022   Q1,$36.8 B,4,CP,Canadian Pacific Kansas City,0.1251,Industrials
tci,2022Q1,2022   Q1,$36.8 B,5,V,Visa Inc.,0.1199,Financials
tci,2022Q1,2022   Q1,$36.8 B,6,SPGI,S&P Global Inc.,0.076,Financials
tci,2022Q1,2022   Q1,$36.8 B,7,MCO,Moody's Corp.,0.0667,Financials
tci,2022Q1,2022   Q1,$36.8 B,8,GOOGL,Alphabet Inc.,0.0433,Communication Services
tci,2022Q1,2022   Q1,$36.8 B,9,BXP,BXP Inc.,0.0409,Real Estate
tci,2022Q1,2022   Q1,$36.8 B,10,UNP,Union Pacific,0.039,Industrials
tci,2022Q1,2022   Q1,$36.8 B,11,CHTR,Charter Communications,0.0313,Communication Services
tci,2021Q4,2021   Q4,$44.4 B,1,GOOG,Alphabet Inc. CL C,0.19219999999999998,Communication Services
tci,2021Q4,2021   Q4,$44.4 B,2,CHTR,Charter Communications,0.1438,Communication Services
tci,2021Q4,2021   Q4,$44.4 B,3,MSFT,Microsoft Corp.,0.1263,Technology
tci,2021Q4,2021   Q4,$44.4 B,4,V,Visa Inc.,0.11259999999999999,Financials
tci,2021Q4,2021   Q4,$44.4 B,5,CNI,Canadian Natl Railway Co.,0.1015,Industrials
tci,2021Q4,2021   Q4,$44.4 B,6,CP,Canadian Pacific Kansas City,0.09050000000000001,Industrials
tci,2021Q4,2021   Q4,$44.4 B,7,MCO,Moody's Corp.,0.057699999999999994,Financials
tci,2021Q4,2021   Q4,$44.4 B,8,GOOGL,Alphabet Inc.,0.0403,Communication Services
tci,2021Q4,2021   Q4,$44.4 B,9,SPGI,S&P Global Inc.,0.0398,Financials
tci,2021Q4,2021   Q4,$44.4 B,10,UNP,Union Pacific,0.0348,Industrials
tci,2021Q4,2021   Q4,$44.4 B,11,BXP,BXP Inc.,0.0323,Real Estate
tci,2021Q4,2021   Q4,$44.4 B,12,INFO-OLD,IHS Markit Ltd.,0.0229,Unknown
tci,2021Q4,2021   Q4,$44.4 B,13,ARE,Alexandria RE Equities Inc.,0.0052,Real Estate
tci,2021Q3,2021   Q3,$41.6 B,1,GOOG,Alphabet Inc. CL C,0.18899999999999997,Communication Services
tci,2021Q3,2021   Q3,$41.6 B,2,CHTR,Charter Communications,0.18100000000000002,Communication Services
tci,2021Q3,2021   Q3,$41.6 B,3,MSFT,Microsoft Corp.,0.11289999999999999,Technology
tci,2021Q3,2021   Q3,$41.6 B,4,V,Visa Inc.,0.1067,Financials
tci,2021Q3,2021   Q3,$41.6 B,5,CNI,Canadian Natl Railway Co.,0.102,Industrials
tci,2021Q3,2021   Q3,$41.6 B,6,CP,Canadian Pacific Kansas City,0.0874,Industrials
tci,2021Q3,2021   Q3,$41.6 B,7,MCO,Moody's Corp.,0.055999999999999994,Financials
tci,2021Q3,2021   Q3,$41.6 B,8,SPGI,S&P Global Inc.,0.049100000000000005,Financials
tci,2021Q3,2021   Q3,$41.6 B,9,GOOGL,Alphabet Inc.,0.0397,Communication Services
tci,2021Q3,2021   Q3,$41.6 B,10,BXP,BXP Inc.,0.0338,Real Estate
tci,2021Q3,2021   Q3,$41.6 B,11,UNP,Union Pacific,0.0269,Industrials
tci,2021Q3,2021   Q3,$41.6 B,12,INFO-OLD,IHS Markit Ltd.,0.0108,Unknown
tci,2021Q3,2021   Q3,$41.6 B,13,ARE,Alexandria RE Equities Inc.,0.0048,Real Estate
tci,2021Q2,2021   Q2,$40.1 B,1,CHTR,Charter Communications,0.1869,Communication Services
tci,2021Q2,2021   Q2,$40.1 B,2,GOOG,Alphabet Inc. CL C,0.1845,Communication Services
tci,2021Q2,2021   Q2,$40.1 B,3,MSFT,Microsoft Corp.,0.1384,Technology
tci,2021Q2,2021   Q2,$40.1 B,4,CP,Canadian Pacific Kansas City,0.10710000000000001,Industrials
tci,2021Q2,2021   Q2,$40.1 B,5,V,Visa Inc.,0.08199999999999999,Financials
tci,2021Q2,2021   Q2,$40.1 B,6,CNI,Canadian Natl Railway Co.,0.07919999999999999,Industrials
tci,2021Q2,2021   Q2,$40.1 B,7,SPGI,S&P Global Inc.,0.0599,Financials
tci,2021Q2,2021   Q2,$40.1 B,8,MCO,Moody's Corp.,0.0593,Financials
tci,2021Q2,2021   Q2,$40.1 B,9,GOOGL,Alphabet Inc.,0.037599999999999995,Communication Services
tci,2021Q2,2021   Q2,$40.1 B,10,BXP,BXP Inc.,0.0327,Real Estate
tci,2021Q2,2021   Q2,$40.1 B,11,UNP,Union Pacific,0.031400000000000004,Industrials
tci,2021Q2,2021   Q2,$40.1 B,12,ARE,Alexandria RE Equities Inc.,0.0007000000000000001,Real Estate
tci,2021Q2,2021   Q2,$40.1 B,13,KRC,Kilroy Realty Corp.,0.0002,Real Estate
tci,2021Q1,2021   Q1,$34.4 B,1,CHTR,Charter Communications,0.1837,Communication Services
tci,2021Q1,2021   Q1,$34.4 B,2,GOOG,Alphabet Inc. CL C,0.1773,Communication Services
tci,2021Q1,2021   Q1,$34.4 B,3,MSFT,Microsoft Corp.,0.1402,Technology
tci,2021Q1,2021   Q1,$34.4 B,4,CP,Canadian Pacific Kansas City,0.12369999999999999,Industrials
tci,2021Q1,2021   Q1,$34.4 B,5,V,Visa Inc.,0.0864,Financials
tci,2021Q1,2021   Q1,$34.4 B,6,CNI,Canadian Natl Railway Co.,0.07,Industrials
tci,2021Q1,2021   Q1,$34.4 B,7,SPGI,S&P Global Inc.,0.06,Financials
tci,2021Q1,2021   Q1,$34.4 B,8,MCO,Moody's Corp.,0.056900000000000006,Financials
tci,2021Q1,2021   Q1,$34.4 B,9,UNP,Union Pacific,0.0385,Industrials
tci,2021Q1,2021   Q1,$34.4 B,10,GOOGL,Alphabet Inc.,0.037000000000000005,Communication Services
tci,2021Q1,2021   Q1,$34.4 B,11,BXP,BXP Inc.,0.025699999999999997,Real Estate
tci,2021Q1,2021   Q1,$34.4 B,12,LRCX,Lam Research,0.0003,Technology
tci,2021Q1,2021   Q1,$34.4 B,13,KLAC,KLA Corp.,0.0003,Technology
tci,2020Q4,2020   Q4,$30.5 B,1,CHTR,Charter Communications,0.226,Communication Services
tci,2020Q4,2020   Q4,$30.5 B,2,GOOG,Alphabet Inc. CL C,0.1697,Communication Services
tci,2020Q4,2020   Q4,$30.5 B,3,CP,Canadian Pacific Kansas City,0.12710000000000002,Industrials
tci,2020Q4,2020   Q4,$30.5 B,4,MSFT,Microsoft Corp.,0.1045,Technology
tci,2020Q4,2020   Q4,$30.5 B,5,V,Visa Inc.,0.1009,Financials
tci,2020Q4,2020   Q4,$30.5 B,6,CNI,Canadian Natl Railway Co.,0.07490000000000001,Industrials
tci,2020Q4,2020   Q4,$30.5 B,7,MCO,Moody's Corp.,0.062400000000000004,Financials
tci,2020Q4,2020   Q4,$30.5 B,8,UNP,Union Pacific,0.041100000000000005,Industrials
tci,2020Q4,2020   Q4,$30.5 B,9,GOOGL,Alphabet Inc.,0.0355,Communication Services
tci,2020Q4,2020   Q4,$30.5 B,10,BXP,BXP Inc.,0.0259,Real Estate
tci,2020Q4,2020   Q4,$30.5 B,11,SPGI,S&P Global Inc.,0.0255,Financials
tci,2020Q4,2020   Q4,$30.5 B,12,VNO,Vornado Realty Trust,0.006,Real Estate
tci,2020Q4,2020   Q4,$30.5 B,13,AMZN,Amazon.com Inc.,0.0003,Consumer Discretionary
tci,2020Q3,2020   Q3,$27.9 B,1,CHTR,Charter Communications,0.2332,Communication Services
tci,2020Q3,2020   Q3,$27.9 B,2,GOOG,Alphabet Inc. CL C,0.1557,Communication Services
tci,2020Q3,2020   Q3,$27.9 B,3,CP,Canadian Pacific Kansas City,0.1219,Industrials
tci,2020Q3,2020   Q3,$27.9 B,4,MSFT,Microsoft Corp.,0.10800000000000001,Technology
tci,2020Q3,2020   Q3,$27.9 B,5,V,Visa Inc.,0.1008,Financials
tci,2020Q3,2020   Q3,$27.9 B,6,CNI,Canadian Natl Railway Co.,0.0794,Industrials
tci,2020Q3,2020   Q3,$27.9 B,7,MCO,Moody's Corp.,0.0681,Financials
tci,2020Q3,2020   Q3,$27.9 B,8,UNP,Union Pacific,0.0425,Industrials
tci,2020Q3,2020   Q3,$27.9 B,9,GOOGL,Alphabet Inc.,0.0325,Communication Services
tci,2020Q3,2020   Q3,$27.9 B,10,SPGI,S&P Global Inc.,0.030600000000000002,Financials
tci,2020Q3,2020   Q3,$27.9 B,11,BXP,BXP Inc.,0.0149,Real Estate
tci,2020Q3,2020   Q3,$27.9 B,12,VNO,Vornado Realty Trust,0.012,Real Estate
tci,2020Q3,2020   Q3,$27.9 B,13,AMZN,Amazon.com Inc.,0.0003,Consumer Discretionary
tci,2020Q2,2020   Q2,$25.2 B,1,CHTR,Charter Communications,0.2113,Communication Services
tci,2020Q2,2020   Q2,$25.2 B,2,GOOG,Alphabet Inc. CL C,0.1674,Communication Services
tci,2020Q2,2020   Q2,$25.2 B,3,MSFT,Microsoft Corp.,0.1167,Technology
tci,2020Q2,2020   Q2,$25.2 B,4,CP,Canadian Pacific Kansas City,0.11359999999999999,Industrials
tci,2020Q2,2020   Q2,$25.2 B,5,V,Visa Inc.,0.086,Financials
tci,2020Q2,2020   Q2,$25.2 B,6,MCO,Moody's Corp.,0.07400000000000001,Financials
tci,2020Q2,2020   Q2,$25.2 B,7,CNI,Canadian Natl Railway Co.,0.0738,Industrials
tci,2020Q2,2020   Q2,$25.2 B,8,UNP,Union Pacific,0.0404,Industrials
tci,2020Q2,2020   Q2,$25.2 B,9,GOOGL,Alphabet Inc.,0.0348,Communication Services
tci,2020Q2,2020   Q2,$25.2 B,10,SPGI,S&P Global Inc.,0.0317,Financials
tci,2020Q2,2020   Q2,$25.2 B,11,RTX,RTX Corp.,0.0282,Industrials
tci,2020Q2,2020   Q2,$25.2 B,12,UNVR-OLD,Univar Solutions Inc.,0.0084,Unknown
tci,2020Q2,2020   Q2,$25.2 B,13,VNO,Vornado Realty Trust,0.0064,Real Estate
tci,2020Q2,2020   Q2,$25.2 B,14,BXP,BXP Inc.,0.0055000000000000005,Real Estate
tci,2020Q2,2020   Q2,$25.2 B,15,MA,Mastercard Inc.,0.0011,Financials
tci,2020Q2,2020   Q2,$25.2 B,16,AMZN,Amazon.com Inc.,0.0006,Consumer Discretionary
tci,2020Q2,2020   Q2,$25.2 B,17,ADBE,Adobe Inc.,0.0001,Technology
tci,2020Q2,2020   Q2,$25.2 B,18,ADSK,Autodesk Inc.,0.0,Technology
tci,2020Q1,2020   Q1,$21.1 B,1,CHTR,Charter Communications,0.2164,Communication Services
tci,2020Q1,2020   Q1,$21.1 B,2,GOOG,Alphabet Inc. CL C,0.1711,Communication Services
tci,2020Q1,2020   Q1,$21.1 B,3,CP,Canadian Pacific Kansas City,0.1175,Industrials
tci,2020Q1,2020   Q1,$21.1 B,4,MSFT,Microsoft Corp.,0.1048,Technology
tci,2020Q1,2020   Q1,$21.1 B,5,CNI,Canadian Natl Railway Co.,0.0774,Industrials
tci,2020Q1,2020   Q1,$21.1 B,6,MCO,Moody's Corp.,0.0684,Financials
tci,2020Q1,2020   Q1,$21.1 B,7,RTN-OLD,Raytheon Co.,0.0649,Unknown
tci,2020Q1,2020   Q1,$21.1 B,8,V,Visa Inc.,0.056299999999999996,Financials
tci,2020Q1,2020   Q1,$21.1 B,9,UNP,Union Pacific,0.04019999999999999,Industrials
tci,2020Q1,2020   Q1,$21.1 B,10,GOOGL,Alphabet Inc.,0.0341,Communication Services
tci,2020Q1,2020   Q1,$21.1 B,11,SPGI,S&P Global Inc.,0.0282,Financials
tci,2020Q1,2020   Q1,$21.1 B,12,ELV,Elevance Health Inc.,0.009300000000000001,Healthcare
tci,2020Q1,2020   Q1,$21.1 B,13,UNVR-OLD,Univar Solutions Inc.,0.008100000000000001,Unknown
tci,2020Q1,2020   Q1,$21.1 B,14,LIN,Linde plc,0.0014000000000000002,Materials
tci,2020Q1,2020   Q1,$21.1 B,15,MA,Mastercard Inc.,0.0011,Financials
tci,2020Q1,2020   Q1,$21.1 B,16,AMZN,Amazon.com Inc.,0.0005,Consumer Discretionary
tci,2020Q1,2020   Q1,$21.1 B,17,ADBE,Adobe Inc.,0.0001,Technology
tci,2020Q1,2020   Q1,$21.1 B,18,ADSK,Autodesk Inc.,0.0,Technology
tci,2019Q4,2019   Q4,$22.6 B,1,CHTR,Charter Communications,0.2184,Communication Services
tci,2019Q4,2019   Q4,$22.6 B,2,GOOG,Alphabet Inc. CL C,0.1845,Communication Services
tci,2019Q4,2019   Q4,$22.6 B,3,CP,Canadian Pacific Kansas City,0.12380000000000001,Industrials
tci,2019Q4,2019   Q4,$22.6 B,4,CNI,Canadian Natl Railway Co.,0.0819,Industrials
tci,2019Q4,2019   Q4,$22.6 B,5,MSFT,Microsoft Corp.,0.0745,Technology
tci,2019Q4,2019   Q4,$22.6 B,6,RTN-OLD,Raytheon Co.,0.066,Unknown
tci,2019Q4,2019   Q4,$22.6 B,7,MCO,Moody's Corp.,0.0633,Financials
tci,2019Q4,2019   Q4,$22.6 B,8,ELV,Elevance Health Inc.,0.0535,Healthcare
tci,2019Q4,2019   Q4,$22.6 B,9,UNP,Union Pacific,0.0401,Industrials
tci,2019Q4,2019   Q4,$22.6 B,10,GOOGL,Alphabet Inc.,0.0366,Communication Services
tci,2019Q4,2019   Q4,$22.6 B,11,SPGI,S&P Global Inc.,0.0239,Financials
tci,2019Q4,2019   Q4,$22.6 B,12,UNVR-OLD,Univar Solutions Inc.,0.0179,Unknown
tci,2019Q4,2019   Q4,$22.6 B,13,V,Visa Inc.,0.0098,Financials
tci,2019Q4,2019   Q4,$22.6 B,14,NOC,Northrop Grumman Corp.,0.0026,Industrials
tci,2019Q4,2019   Q4,$22.6 B,15,TDG,TransDigm Group Inc.,0.0021,Industrials
tci,2019Q4,2019   Q4,$22.6 B,16,ADSK,Autodesk Inc.,0.0009,Technology
tci,2019Q4,2019   Q4,$22.6 B,17,ADBE,Adobe Inc.,0.0001,Technology
tci,2019Q3,2019   Q3,$19.3 B,1,GOOG,Alphabet Inc. CL C,0.2243,Communication Services
tci,2019Q3,2019   Q3,$19.3 B,2,CHTR,Charter Communications,0.21760000000000002,Communication Services
tci,2019Q3,2019   Q3,$19.3 B,3,CP,Canadian Pacific Kansas City,0.1247,Industrials
tci,2019Q3,2019   Q3,$19.3 B,4,CNI,Canadian Natl Railway Co.,0.0891,Industrials
tci,2019Q3,2019   Q3,$19.3 B,5,MSFT,Microsoft Corp.,0.077,Technology
tci,2019Q3,2019   Q3,$19.3 B,6,MCO,Moody's Corp.,0.064,Financials
tci,2019Q3,2019   Q3,$19.3 B,7,ELV,Elevance Health Inc.,0.0508,Healthcare
tci,2019Q3,2019   Q3,$19.3 B,8,UNP,Union Pacific,0.040999999999999995,Industrials
tci,2019Q3,2019   Q3,$19.3 B,9,GOOGL,Alphabet Inc.,0.0392,Communication Services
tci,2019Q3,2019   Q3,$19.3 B,10,SPGI,S&P Global Inc.,0.0252,Financials
tci,2019Q3,2019   Q3,$19.3 B,11,UNVR-OLD,Univar Solutions Inc.,0.018000000000000002,Unknown
tci,2019Q3,2019   Q3,$19.3 B,12,RTN-OLD,Raytheon Co.,0.011899999999999999,Unknown
tci,2019Q3,2019   Q3,$19.3 B,13,V,Visa Inc.,0.0106,Financials
tci,2019Q3,2019   Q3,$19.3 B,14,EFX,Equifax Inc.,0.005699999999999999,Industrials
tci,2019Q3,2019   Q3,$19.3 B,15,ADSK,Autodesk Inc.,0.0009,Technology
tci,2019Q2,2019   Q2,$18.5 B,1,CHTR,Charter Communications,0.2071,Communication Services
tci,2019Q2,2019   Q2,$18.5 B,2,GOOG,Alphabet Inc. CL C,0.2027,Communication Services
tci,2019Q2,2019   Q2,$18.5 B,3,CP,Canadian Pacific Kansas City,0.129,Industrials
tci,2019Q2,2019   Q2,$18.5 B,4,MSFT,Microsoft Corp.,0.11869999999999999,Technology
tci,2019Q2,2019   Q2,$18.5 B,5,CNI,Canadian Natl Railway Co.,0.09480000000000001,Industrials
tci,2019Q2,2019   Q2,$18.5 B,6,MCO,Moody's Corp.,0.0635,Financials
tci,2019Q2,2019   Q2,$18.5 B,7,ELV,Elevance Health Inc.,0.045899999999999996,Healthcare
tci,2019Q2,2019   Q2,$18.5 B,8,UNP,Union Pacific,0.0431,Industrials
tci,2019Q2,2019   Q2,$18.5 B,9,GOOGL,Alphabet Inc.,0.0321,Communication Services
tci,2019Q2,2019   Q2,$18.5 B,10,SPGI,S&P Global Inc.,0.024399999999999998,Financials
tci,2019Q2,2019   Q2,$18.5 B,11,UNVR-OLD,Univar Solutions Inc.,0.0187,Unknown
tci,2019Q2,2019   Q2,$18.5 B,12,EFX,Equifax Inc.,0.011899999999999999,Industrials
tci,2019Q2,2019   Q2,$18.5 B,13,V,Visa Inc.,0.008100000000000001,Financials
tci,2019Q1,2019   Q1,$15.3 B,1,CHTR,Charter Communications,0.22399999999999998,Communication Services
tci,2019Q1,2019   Q1,$15.3 B,2,GOOG,Alphabet Inc. CL C,0.1834,Communication Services
tci,2019Q1,2019   Q1,$15.3 B,3,MSFT,Microsoft Corp.,0.1348,Technology
tci,2019Q1,2019   Q1,$15.3 B,4,CP,Canadian Pacific Kansas City,0.1323,Industrials
tci,2019Q1,2019   Q1,$15.3 B,5,UNP,Union Pacific,0.084,Industrials
tci,2019Q1,2019   Q1,$15.3 B,6,CNI,Canadian Natl Railway Co.,0.0753,Industrials
tci,2019Q1,2019   Q1,$15.3 B,7,MCO,Moody's Corp.,0.0713,Financials
tci,2019Q1,2019   Q1,$15.3 B,8,SPGI,S&P Global Inc.,0.0273,Financials
tci,2019Q1,2019   Q1,$15.3 B,9,FOXA,Fox Corporation,0.0265,Communication Services
tci,2019Q1,2019   Q1,$15.3 B,10,GOOGL,Alphabet Inc.,0.0151,Communication Services
tci,2019Q1,2019   Q1,$15.3 B,11,EFX,Equifax Inc.,0.0127,Industrials
tci,2019Q1,2019   Q1,$15.3 B,12,FOX,Fox Corporation CL B,0.008199999999999999,Communication Services
tci,2019Q1,2019   Q1,$15.3 B,13,UNVR-OLD,Univar Solutions Inc.,0.0052,Unknown
tci,2018Q4,2018   Q4,$20 B,1,FOXA,Fox Corporation,0.2757,Communication Services
tci,2018Q4,2018   Q4,$20 B,2,CHTR,Charter Communications,0.1678,Communication Services
tci,2018Q4,2018   Q4,$20 B,3,GOOG,Alphabet Inc. CL C,0.1445,Communication Services
tci,2018Q4,2018   Q4,$20 B,4,MSFT,Microsoft Corp.,0.1109,Technology
tci,2018Q4,2018   Q4,$20 B,5,CP,Canadian Pacific Kansas City,0.0696,Industrials
tci,2018Q4,2018   Q4,$20 B,6,UNP,Union Pacific,0.053200000000000004,Industrials
tci,2018Q4,2018   Q4,$20 B,7,FOX,Fox Corporation CL B,0.053,Communication Services
tci,2018Q4,2018   Q4,$20 B,8,MCO,Moody's Corp.,0.04190000000000001,Financials
tci,2018Q4,2018   Q4,$20 B,9,CNI,Canadian Natl Railway Co.,0.0398,Industrials
tci,2018Q4,2018   Q4,$20 B,10,GOOGL,Alphabet Inc.,0.0225,Communication Services
tci,2018Q4,2018   Q4,$20 B,11,SPGI,S&P Global Inc.,0.0174,Financials
tci,2018Q4,2018   Q4,$20 B,12,FWONK,Liberty Media Corp Formula One Series C,0.0037,Communication Services
tci,2018Q3,2018   Q3,$19.1 B,1,FOXA,Fox Corporation,0.2778,Communication Services
tci,2018Q3,2018   Q3,$19.1 B,2,CHTR,Charter Communications,0.2316,Communication Services
tci,2018Q3,2018   Q3,$19.1 B,3,GOOG,Alphabet Inc. CL C,0.1663,Communication Services
tci,2018Q3,2018   Q3,$19.1 B,4,MSFT,Microsoft Corp.,0.0791,Technology
tci,2018Q3,2018   Q3,$19.1 B,5,CP,Canadian Pacific Kansas City,0.0545,Industrials
tci,2018Q3,2018   Q3,$19.1 B,6,FOX,Fox Corporation CL B,0.053200000000000004,Communication Services
tci,2018Q3,2018   Q3,$19.1 B,7,UNP,Union Pacific,0.0434,Industrials
tci,2018Q3,2018   Q3,$19.1 B,8,NSC,Norfolk Southern Corp.,0.0355,Industrials
tci,2018Q3,2018   Q3,$19.1 B,9,GOOGL,Alphabet Inc.,0.0241,Communication Services
tci,2018Q3,2018   Q3,$19.1 B,10,MCO,Moody's Corp.,0.0178,Financials
tci,2018Q3,2018   Q3,$19.1 B,11,CNI,Canadian Natl Railway Co.,0.0083,Industrials
tci,2018Q3,2018   Q3,$19.1 B,12,SPGI,S&P Global Inc.,0.0045000000000000005,Financials
tci,2018Q3,2018   Q3,$19.1 B,13,PCG,PG&E Corp.,0.0034000000000000002,Utilities
tci,2018Q3,2018   Q3,$19.1 B,14,FWONK,Liberty Media Corp Formula One Series C,0.0005,Communication Services
tci,2018Q2,2018   Q2,$21.3 B,1,FOXA,Fox Corporation,0.2675,Communication Services
tci,2018Q2,2018   Q2,$21.3 B,2,AABA,Altaba Inc.,0.19640000000000002,Communication Services
tci,2018Q2,2018   Q2,$21.3 B,3,CHTR,Charter Communications,0.18760000000000002,Communication Services
tci,2018Q2,2018   Q2,$21.3 B,4,GOOG,Alphabet Inc. CL C,0.14550000000000002,Communication Services
tci,2018Q2,2018   Q2,$21.3 B,5,MSFT,Microsoft Corp.,0.064,Technology
tci,2018Q2,2018   Q2,$21.3 B,6,FOX,Fox Corporation CL B,0.051399999999999994,Communication Services
tci,2018Q2,2018   Q2,$21.3 B,7,GOOGL,Alphabet Inc.,0.0202,Communication Services
tci,2018Q2,2018   Q2,$21.3 B,8,CP,Canadian Pacific Kansas City,0.0199,Industrials
tci,2018Q2,2018   Q2,$21.3 B,9,NSC,Norfolk Southern Corp.,0.0179,Industrials
tci,2018Q2,2018   Q2,$21.3 B,10,MCO,Moody's Corp.,0.013600000000000001,Financials
tci,2018Q2,2018   Q2,$21.3 B,11,UNP,Union Pacific,0.0116,Industrials
tci,2018Q2,2018   Q2,$21.3 B,12,SPGI,S&P Global Inc.,0.0043,Financials
tci,2018Q1,2018   Q1,$18 B,1,AABA,Altaba Inc.,0.3285,Communication Services
tci,2018Q1,2018   Q1,$18 B,2,CHTR,Charter Communications,0.1838,Communication Services
tci,2018Q1,2018   Q1,$18 B,3,FOXA,Fox Corporation,0.1459,Communication Services
tci,2018Q1,2018   Q1,$18 B,4,GOOG,Alphabet Inc. CL C,0.1354,Communication Services
tci,2018Q1,2018   Q1,$18 B,5,MSFT,Microsoft Corp.,0.0701,Technology
tci,2018Q1,2018   Q1,$18 B,6,TWX,Time Warner Inc.,0.0394,Unknown
tci,2018Q1,2018   Q1,$18 B,7,FOX,Fox Corporation CL B,0.023399999999999997,Communication Services
tci,2018Q1,2018   Q1,$18 B,8,CMCSA,Comcast Corp.,0.0226,Communication Services
tci,2018Q1,2018   Q1,$18 B,9,GOOGL,Alphabet Inc.,0.022000000000000002,Communication Services
tci,2018Q1,2018   Q1,$18 B,10,MCO,Moody's Corp.,0.0152,Financials
tci,2018Q1,2018   Q1,$18 B,11,SPGI,S&P Global Inc.,0.004699999999999999,Financials
tci,2018Q1,2018   Q1,$18 B,12,NSC,Norfolk Southern Corp.,0.0045000000000000005,Industrials
tci,2018Q1,2018   Q1,$18 B,13,MON-OLD,Monsanto Co.,0.0031,Unknown
tci,2018Q1,2018   Q1,$18 B,14,CP,Canadian Pacific Kansas City,0.0009,Industrials
tci,2018Q1,2018   Q1,$18 B,15,UNP,Union Pacific,0.0005,Industrials
tci,2017Q4,2017   Q4,$16.1 B,1,AABA,Altaba Inc.,0.3721,Communication Services
tci,2017Q4,2017   Q4,$16.1 B,2,CHTR,Charter Communications,0.20679999999999998,Communication Services
tci,2017Q4,2017   Q4,$16.1 B,3,CMCSA,Comcast Corp.,0.17600000000000002,Communication Services
tci,2017Q4,2017   Q4,$16.1 B,4,GOOG,Alphabet Inc. CL C,0.1245,Communication Services
tci,2017Q4,2017   Q4,$16.1 B,5,MSFT,Microsoft Corp.,0.042800000000000005,Technology
tci,2017Q4,2017   Q4,$16.1 B,6,GOOGL,Alphabet Inc.,0.0252,Communication Services
tci,2017Q4,2017   Q4,$16.1 B,7,FOXA,Fox Corporation,0.0159,Communication Services
tci,2017Q4,2017   Q4,$16.1 B,8,MCO,Moody's Corp.,0.0152,Financials
tci,2017Q4,2017   Q4,$16.1 B,9,UNP,Union Pacific,0.0053,Industrials
tci,2017Q4,2017   Q4,$16.1 B,10,NSC,Norfolk Southern Corp.,0.0053,Industrials
tci,2017Q4,2017   Q4,$16.1 B,11,SPGI,S&P Global Inc.,0.0044,Financials
tci,2017Q4,2017   Q4,$16.1 B,12,FOX,Fox Corporation CL B,0.0025,Communication Services
tci,2017Q4,2017   Q4,$16.1 B,13,OSG,Octave Specialty Group Inc.,0.002,Financials
tci,2017Q4,2017   Q4,$16.1 B,14,TWX,Time Warner Inc.,0.0018,Unknown
tci,2017Q4,2017   Q4,$16.1 B,15,EFX,Equifax Inc.,0.0004,Industrials
tci,2017Q3,2017   Q3,$14.5 B,1,AABA,Altaba Inc.,0.3937,Communication Services
tci,2017Q3,2017   Q3,$14.5 B,2,CHTR,Charter Communications,0.2952,Communication Services
tci,2017Q3,2017   Q3,$14.5 B,3,CMCSA,Comcast Corp.,0.24480000000000002,Communication Services
tci,2017Q3,2017   Q3,$14.5 B,4,GOOG,Alphabet Inc. CL C,0.0323,Communication Services
tci,2017Q3,2017   Q3,$14.5 B,5,MCO,Moody's Corp.,0.016,Financials
tci,2017Q3,2017   Q3,$14.5 B,6,NSC,Norfolk Southern Corp.,0.004699999999999999,Industrials
tci,2017Q3,2017   Q3,$14.5 B,7,UNP,Union Pacific,0.0046,Industrials
tci,2017Q3,2017   Q3,$14.5 B,8,SPGI,S&P Global Inc.,0.0045000000000000005,Financials
tci,2017Q3,2017   Q3,$14.5 B,9,OSG,Octave Specialty Group Inc.,0.0024,Financials
tci,2017Q3,2017   Q3,$14.5 B,10,TWX,Time Warner Inc.,0.0014000000000000002,Unknown
tci,2017Q3,2017   Q3,$14.5 B,11,EFX,Equifax Inc.,0.0004,Industrials
tci,2017Q2,2017   Q2,$13.3 B,1,AABA,Altaba Inc.,0.35259999999999997,Communication Services
tci,2017Q2,2017   Q2,$13.3 B,2,CHTR,Charter Communications,0.3514,Communication Services
tci,2017Q2,2017   Q2,$13.3 B,3,CMCSA,Comcast Corp.,0.26839999999999997,Communication Services
tci,2017Q2,2017   Q2,$13.3 B,4,MCO,Moody's Corp.,0.0138,Financials
tci,2017Q2,2017   Q2,$13.3 B,5,SPGI,S&P Global Inc.,0.0054,Financials
tci,2017Q2,2017   Q2,$13.3 B,6,OSG,Octave Specialty Group Inc.,0.0026,Financials
tci,2017Q2,2017   Q2,$13.3 B,7,NSC,Norfolk Southern Corp.,0.0026,Industrials
tci,2017Q2,2017   Q2,$13.3 B,8,UNP,Union Pacific,0.0016,Industrials
tci,2017Q2,2017   Q2,$13.3 B,9,TWX,Time Warner Inc.,0.0015,Unknown
tci,2017Q1,2017   Q1,$11.7 B,1,CHTR,Charter Communications,0.35450000000000004,Communication Services
tci,2017Q1,2017   Q1,$11.7 B,2,YHOO,Yahoo Inc.,0.3418,Unknown
tci,2017Q1,2017   Q1,$11.7 B,3,CMCSA,Comcast Corp.,0.2917,Communication Services
tci,2017Q1,2017   Q1,$11.7 B,4,MCO,Moody's Corp.,0.0064,Financials
tci,2017Q1,2017   Q1,$11.7 B,5,OSG,Octave Specialty Group Inc.,0.0032,Financials
tci,2017Q1,2017   Q1,$11.7 B,6,SPGI,S&P Global Inc.,0.002,Financials
tci,2017Q1,2017   Q1,$11.7 B,7,TWX,Time Warner Inc.,0.0004,Unknown
tci,2016Q4,2016   Q4,$9.5 B,1,CHTR,Charter Communications,0.38420000000000004,Communication Services
tci,2016Q4,2016   Q4,$9.5 B,2,YHOO,Yahoo Inc.,0.35090000000000005,Unknown
tci,2016Q4,2016   Q4,$9.5 B,3,CMCSA,Comcast Corp.,0.26,Communication Services
tci,2016Q4,2016   Q4,$9.5 B,4,OSG,Octave Specialty Group Inc.,0.004699999999999999,Financials
tci,2016Q4,2016   Q4,$9.5 B,5,MCO,Moody's Corp.,0.0001,Financials
tci,2016Q3,2016   Q3,$8.96 B,1,YHOO,Yahoo Inc.,0.4147,Unknown
tci,2016Q3,2016   Q3,$8.96 B,2,CHTR,Charter Communications,0.3607,Communication Services
tci,2016Q3,2016   Q3,$8.96 B,3,CMCSA,Comcast Corp.,0.21539999999999998,Communication Services
tci,2016Q3,2016   Q3,$8.96 B,4,OSG,Octave Specialty Group Inc.,0.0040999999999999995,Financials
tci,2016Q3,2016   Q3,$8.96 B,5,AY-OLD,Atlantica Yield plc,0.0039000000000000003,Utilities
tci,2016Q3,2016   Q3,$8.96 B,6,MCO,Moody's Corp.,0.0012,Financials
tci,2016Q2,2016   Q2,$7.35 B,1,YHOO,Yahoo Inc.,0.3641,Unknown
tci,2016Q2,2016   Q2,$7.35 B,2,CHTR,Charter Communications,0.3608,Communication Services
tci,2016Q2,2016   Q2,$7.35 B,3,CMCSA,Comcast Corp.,0.2582,Communication Services
tci,2016Q2,2016   Q2,$7.35 B,4,AY-OLD,Atlantica Yield plc,0.011200000000000002,Utilities
tci,2016Q2,2016   Q2,$7.35 B,5,OSG,Octave Specialty Group Inc.,0.0044,Financials
tci,2016Q2,2016   Q2,$7.35 B,6,MCO,Moody's Corp.,0.0013,Financials
tci,2016Q1,2016   Q1,$5.4 B,1,TWC,Time Warner Cable Inc.,0.6112,Unknown
tci,2016Q1,2016   Q1,$5.4 B,2,CMCSA,Comcast Corp.,0.2262,Communication Services
tci,2016Q1,2016   Q1,$5.4 B,3,YHOO,Yahoo Inc.,0.09820000000000001,Unknown
tci,2016Q1,2016   Q1,$5.4 B,4,BIDU,Baidu Inc.,0.042199999999999994,Communication Services
tci,2016Q1,2016   Q1,$5.4 B,5,AY-OLD,Atlantica Yield plc,0.0146,Utilities
tci,2016Q1,2016   Q1,$5.4 B,6,OSG,Octave Specialty Group Inc.,0.0058,Financials
tci,2016Q1,2016   Q1,$5.4 B,7,MCO,Moody's Corp.,0.0018,Financials
tci,2015Q4,2015   Q4,$4.98 B,1,TWC,Time Warner Cable Inc.,0.6051,Unknown
tci,2015Q4,2015   Q4,$4.98 B,2,CMCSA,Comcast Corp.,0.2281,Communication Services
tci,2015Q4,2015   Q4,$4.98 B,3,MCO,Moody's Corp.,0.061799999999999994,Financials
tci,2015Q4,2015   Q4,$4.98 B,4,BIDU,Baidu Inc.,0.0441,Communication Services
tci,2015Q4,2015   Q4,$4.98 B,5,AXP,American Express,0.0381,Financials
tci,2015Q4,2015   Q4,$4.98 B,6,AY-OLD,Atlantica Yield plc,0.0171,Utilities
tci,2015Q4,2015   Q4,$4.98 B,7,OSG,Octave Specialty Group Inc.,0.005600000000000001,Financials
DA,2026Q2,2026   Q2,$1.56 B,1,ASML,ASML Holding NV,0.1661,Technology
DA,2026Q2,2026   Q2,$1.56 B,2,APP,Applovin Corp.,0.145,Communication Services
DA,2026Q2,2026   Q2,$1.56 B,3,RPRX,Royalty Pharma plc,0.0882,Healthcare
DA,2026Q2,2026   Q2,$1.56 B,4,BKNG,Booking Holdings Inc.,0.08460000000000001,Consumer Discretionary
DA,2026Q2,2026   Q2,$1.56 B,5,SPGI,S&P Global Inc.,0.0825,Financials
DA,2026Q2,2026   Q2,$1.56 B,6,UBER,Uber Technologies Inc.,0.0814,Consumer Discretionary
DA,2026Q2,2026   Q2,$1.56 B,7,LYV,Live Nation Inc.,0.07690000000000001,Communication Services
DA,2026Q2,2026   Q2,$1.56 B,8,DHR,Danaher Corp.,0.0764,Healthcare
DA,2026Q2,2026   Q2,$1.56 B,9,META,Meta Platforms Inc.,0.0721,Communication Services
DA,2026Q2,2026   Q2,$1.56 B,10,AER,AerCap Holdings N.V.,0.0716,Industrials
DA,2026Q2,2026   Q2,$1.56 B,11,SUNB,Sunbelt Rentals Holdings Inc,0.055099999999999996,Industrials
DA,2026Q1,2026   Q1,$1.26 B,1,ASML,ASML Holding NV,0.1476,Technology
DA,2026Q1,2026   Q1,$1.26 B,2,AER,AerCap Holdings N.V.,0.12269999999999999,Industrials
DA,2026Q1,2026   Q1,$1.26 B,3,SUNB,Sunbelt Rentals Holdings Inc,0.1143,Industrials
DA,2026Q1,2026   Q1,$1.26 B,4,APP,Applovin Corp.,0.10039999999999999,Communication Services
DA,2026Q1,2026   Q1,$1.26 B,5,DHR,Danaher Corp.,0.0876,Healthcare
DA,2026Q1,2026   Q1,$1.26 B,6,RPRX,Royalty Pharma plc,0.087,Healthcare
DA,2026Q1,2026   Q1,$1.26 B,7,SPGI,S&P Global Inc.,0.0754,Financials
DA,2026Q1,2026   Q1,$1.26 B,8,LYV,Live Nation Inc.,0.0738,Communication Services
DA,2026Q1,2026   Q1,$1.26 B,9,META,Meta Platforms Inc.,0.0737,Communication Services
DA,2026Q1,2026   Q1,$1.26 B,10,UBER,Uber Technologies Inc.,0.062400000000000004,Consumer Discretionary
DA,2026Q1,2026   Q1,$1.26 B,11,BKNG,Booking Holdings Inc.,0.055099999999999996,Consumer Discretionary
DA,2025Q4,2025   Q4,$1.15 B,1,ASML,ASML Holding NV,0.1789,Technology
DA,2025Q4,2025   Q4,$1.15 B,2,DHR,Danaher Corp.,0.16469999999999999,Healthcare
DA,2025Q4,2025   Q4,$1.15 B,3,AER,AerCap Holdings N.V.,0.1518,Industrials
DA,2025Q4,2025   Q4,$1.15 B,4,META,Meta Platforms Inc.,0.09210000000000002,Communication Services
DA,2025Q4,2025   Q4,$1.15 B,5,BKNG,Booking Holdings Inc.,0.076,Consumer Discretionary
DA,2025Q4,2025   Q4,$1.15 B,6,RPRX,Royalty Pharma plc,0.0759,Healthcare
DA,2025Q4,2025   Q4,$1.15 B,7,LYV,Live Nation Inc.,0.0747,Communication Services
DA,2025Q4,2025   Q4,$1.15 B,8,AZO,AutoZone Inc.,0.0741,Consumer Discretionary
DA,2025Q4,2025   Q4,$1.15 B,9,GOOG,Alphabet Inc. CL C,0.0592,Communication Services
DA,2025Q4,2025   Q4,$1.15 B,10,ENOV,Enovis Corp.,0.0528,Healthcare
DA,2025Q3,2025   Q3,$1.11 B,1,DHR,Danaher Corp.,0.1534,Healthcare
DA,2025Q3,2025   Q3,$1.11 B,2,ASML,ASML Holding NV,0.1507,Technology
DA,2025Q3,2025   Q3,$1.11 B,3,AER,AerCap Holdings N.V.,0.1375,Industrials
DA,2025Q3,2025   Q3,$1.11 B,4,META,Meta Platforms Inc.,0.12689999999999999,Communication Services
DA,2025Q3,2025   Q3,$1.11 B,5,AZO,AutoZone Inc.,0.1152,Consumer Discretionary
DA,2025Q3,2025   Q3,$1.11 B,6,GOOG,Alphabet Inc. CL C,0.094,Communication Services
DA,2025Q3,2025   Q3,$1.11 B,7,BKNG,Booking Holdings Inc.,0.0824,Consumer Discretionary
DA,2025Q3,2025   Q3,$1.11 B,8,RPRX,Royalty Pharma plc,0.0745,Healthcare
DA,2025Q3,2025   Q3,$1.11 B,9,ENOV,Enovis Corp.,0.0654,Healthcare
DA,2025Q2,2025   Q2,$1.12 B,1,DHR,Danaher Corp.,0.1642,Healthcare
DA,2025Q2,2025   Q2,$1.12 B,2,META,Meta Platforms Inc.,0.16219999999999998,Communication Services
DA,2025Q2,2025   Q2,$1.12 B,3,AER,AerCap Holdings N.V.,0.14279999999999998,Industrials
DA,2025Q2,2025   Q2,$1.12 B,4,AZO,AutoZone Inc.,0.11869999999999999,Consumer Discretionary
DA,2025Q2,2025   Q2,$1.12 B,5,GOOG,Alphabet Inc. CL C,0.10529999999999999,Communication Services
DA,2025Q2,2025   Q2,$1.12 B,6,ASML,ASML Holding NV,0.10060000000000001,Technology
DA,2025Q2,2025   Q2,$1.12 B,7,BKNG,Booking Holdings Inc.,0.0949,Consumer Discretionary
DA,2025Q2,2025   Q2,$1.12 B,8,ENOV,Enovis Corp.,0.0718,Healthcare
DA,2025Q2,2025   Q2,$1.12 B,9,WIX,Wix.com Ltd.,0.0209,Technology
DA,2025Q2,2025   Q2,$1.12 B,10,SEMR-OLD,SEMrush Holdings Inc.,0.018500000000000003,Technology
DA,2025Q1,2025   Q1,$944 M,1,AZO,AutoZone Inc.,0.1517,Consumer Discretionary
DA,2025Q1,2025   Q1,$944 M,2,META,Meta Platforms Inc.,0.1509,Communication Services
DA,2025Q1,2025   Q1,$944 M,3,DHR,Danaher Corp.,0.1502,Healthcare
DA,2025Q1,2025   Q1,$944 M,4,AER,AerCap Holdings N.V.,0.1233,Industrials
DA,2025Q1,2025   Q1,$944 M,5,GOOG,Alphabet Inc. CL C,0.1058,Communication Services
DA,2025Q1,2025   Q1,$944 M,6,BKNG,Booking Holdings Inc.,0.078,Consumer Discretionary
DA,2025Q1,2025   Q1,$944 M,7,PYPL,PayPal Holdings Inc.,0.0593,Financials
DA,2025Q1,2025   Q1,$944 M,8,WIX,Wix.com Ltd.,0.0553,Technology
DA,2025Q1,2025   Q1,$944 M,9,SPT,Sprout Social Inc. CL A,0.0537,Technology
DA,2025Q1,2025   Q1,$944 M,10,ASML,ASML Holding NV,0.0496,Technology
DA,2025Q1,2025   Q1,$944 M,11,SEMR-OLD,SEMrush Holdings Inc.,0.0223,Technology
DA,2024Q4,2024   Q4,$970 M,1,WIX,Wix.com Ltd.,0.128,Technology
DA,2024Q4,2024   Q4,$970 M,2,META,Meta Platforms Inc.,0.1257,Communication Services
DA,2024Q4,2024   Q4,$970 M,3,GOOG,Alphabet Inc. CL C,0.1255,Communication Services
DA,2024Q4,2024   Q4,$970 M,4,AZO,AutoZone Inc.,0.124,Consumer Discretionary
DA,2024Q4,2024   Q4,$970 M,5,PYPL,PayPal Holdings Inc.,0.11449999999999999,Financials
DA,2024Q4,2024   Q4,$970 M,6,DHR,Danaher Corp.,0.0934,Healthcare
DA,2024Q4,2024   Q4,$970 M,7,SMAR-OLD,Smartsheet Inc.,0.0836,Technology
DA,2024Q4,2024   Q4,$970 M,8,SPT,Sprout Social Inc. CL A,0.073,Technology
DA,2024Q4,2024   Q4,$970 M,9,HRI,HERC Holdings Inc.,0.0533,Industrials
DA,2024Q4,2024   Q4,$970 M,10,UPWK,Upwork Inc.,0.0513,Communication Services
DA,2024Q4,2024   Q4,$970 M,11,SEMR-OLD,SEMrush Holdings Inc.,0.0277,Technology
DA,2024Q3,2024   Q3,$928 M,1,META,Meta Platforms Inc.,0.1436,Communication Services
DA,2024Q3,2024   Q3,$928 M,2,AZO,AutoZone Inc.,0.1,Consumer Discretionary
DA,2024Q3,2024   Q3,$928 M,3,WIX,Wix.com Ltd.,0.0998,Technology
DA,2024Q3,2024   Q3,$928 M,4,APP,Applovin Corp.,0.0983,Communication Services
DA,2024Q3,2024   Q3,$928 M,5,PYPL,PayPal Holdings Inc.,0.0978,Financials
DA,2024Q3,2024   Q3,$928 M,6,DHR,Danaher Corp.,0.0892,Healthcare
DA,2024Q3,2024   Q3,$928 M,7,SMAR-OLD,Smartsheet Inc.,0.0891,Technology
DA,2024Q3,2024   Q3,$928 M,8,GOOG,Alphabet Inc. CL C,0.0814,Communication Services
DA,2024Q3,2024   Q3,$928 M,9,HRI,HERC Holdings Inc.,0.0732,Industrials
DA,2024Q3,2024   Q3,$928 M,10,SPT,Sprout Social Inc. CL A,0.061900000000000004,Technology
DA,2024Q3,2024   Q3,$928 M,11,SEMR-OLD,SEMrush Holdings Inc.,0.0358,Technology
DA,2024Q3,2024   Q3,$928 M,12,UPWK,Upwork Inc.,0.0298,Communication Services
DA,2024Q2,2024   Q2,$839 M,1,META,Meta Platforms Inc.,0.14400000000000002,Communication Services
DA,2024Q2,2024   Q2,$839 M,2,SMAR-OLD,Smartsheet Inc.,0.1303,Technology
DA,2024Q2,2024   Q2,$839 M,3,WIX,Wix.com Ltd.,0.1082,Technology
DA,2024Q2,2024   Q2,$839 M,4,AZO,AutoZone Inc.,0.1072,Consumer Discretionary
DA,2024Q2,2024   Q2,$839 M,5,GOOG,Alphabet Inc. CL C,0.1017,Communication Services
DA,2024Q2,2024   Q2,$839 M,6,DHR,Danaher Corp.,0.09119999999999999,Healthcare
DA,2024Q2,2024   Q2,$839 M,7,PYPL,PayPal Holdings Inc.,0.0828,Financials
DA,2024Q2,2024   Q2,$839 M,8,SPT,Sprout Social Inc. CL A,0.07339999999999999,Technology
DA,2024Q2,2024   Q2,$839 M,9,HRI,HERC Holdings Inc.,0.0697,Industrials
DA,2024Q2,2024   Q2,$839 M,10,SEMR-OLD,SEMrush Holdings Inc.,0.056799999999999996,Technology
DA,2024Q2,2024   Q2,$839 M,11,UPWK,Upwork Inc.,0.0349,Communication Services
DA,2024Q1,2024   Q1,$860 M,1,META,Meta Platforms Inc.,0.16210000000000002,Communication Services
DA,2024Q1,2024   Q1,$860 M,2,GOOG,Alphabet Inc. CL C,0.14980000000000002,Communication Services
DA,2024Q1,2024   Q1,$860 M,3,WIX,Wix.com Ltd.,0.1207,Technology
DA,2024Q1,2024   Q1,$860 M,4,SMAR-OLD,Smartsheet Inc.,0.1124,Technology
DA,2024Q1,2024   Q1,$860 M,5,PYPL,PayPal Holdings Inc.,0.0944,Financials
DA,2024Q1,2024   Q1,$860 M,6,DHR,Danaher Corp.,0.0901,Healthcare
DA,2024Q1,2024   Q1,$860 M,7,HRI,HERC Holdings Inc.,0.087,Industrials
DA,2024Q1,2024   Q1,$860 M,8,AZO,AutoZone Inc.,0.08529999999999999,Consumer Discretionary
DA,2024Q1,2024   Q1,$860 M,9,SEMR-OLD,SEMrush Holdings Inc.,0.0587,Technology
DA,2024Q1,2024   Q1,$860 M,10,UPWK,Upwork Inc.,0.0393,Communication Services
DA,2023Q4,2023   Q4,$778 M,1,META,Meta Platforms Inc.,0.1757,Communication Services
DA,2023Q4,2023   Q4,$778 M,2,SMAR-OLD,Smartsheet Inc.,0.1565,Technology
DA,2023Q4,2023   Q4,$778 M,3,GOOG,Alphabet Inc. CL C,0.15539999999999998,Communication Services
DA,2023Q4,2023   Q4,$778 M,4,WIX,Wix.com Ltd.,0.1211,Technology
DA,2023Q4,2023   Q4,$778 M,5,HRI,HERC Holdings Inc.,0.0989,Industrials
DA,2023Q4,2023   Q4,$778 M,6,PYPL,PayPal Holdings Inc.,0.09699999999999999,Financials
DA,2023Q4,2023   Q4,$778 M,7,DHR,Danaher Corp.,0.0935,Healthcare
DA,2023Q4,2023   Q4,$778 M,8,UPWK,Upwork Inc.,0.0535,Communication Services
DA,2023Q4,2023   Q4,$778 M,9,SEMR-OLD,SEMrush Holdings Inc.,0.048499999999999995,Technology
DA,2023Q3,2023   Q3,$766 M,1,META,Meta Platforms Inc.,0.1839,Communication Services
DA,2023Q3,2023   Q3,$766 M,2,GOOG,Alphabet Inc. CL C,0.1563,Communication Services
DA,2023Q3,2023   Q3,$766 M,3,WIX,Wix.com Ltd.,0.1474,Technology
DA,2023Q3,2023   Q3,$766 M,4,SMAR-OLD,Smartsheet Inc.,0.1423,Technology
DA,2023Q3,2023   Q3,$766 M,5,PYPL,PayPal Holdings Inc.,0.0993,Financials
DA,2023Q3,2023   Q3,$766 M,6,HRI,HERC Holdings Inc.,0.0673,Industrials
DA,2023Q3,2023   Q3,$766 M,7,DIS,Walt Disney Co.,0.0664,Communication Services
DA,2023Q3,2023   Q3,$766 M,8,UPWK,Upwork Inc.,0.0664,Communication Services
DA,2023Q3,2023   Q3,$766 M,9,DG,Dollar General,0.0377,Consumer Staples
DA,2023Q3,2023   Q3,$766 M,10,SEMR-OLD,SEMrush Holdings Inc.,0.0331,Technology
DA,2023Q2,2023   Q2,$755 M,1,META,Meta Platforms Inc.,0.23800000000000002,Communication Services
DA,2023Q2,2023   Q2,$755 M,2,SMAR-OLD,Smartsheet Inc.,0.16620000000000001,Technology
DA,2023Q2,2023   Q2,$755 M,3,WIX,Wix.com Ltd.,0.1444,Technology
DA,2023Q2,2023   Q2,$755 M,4,GOOG,Alphabet Inc. CL C,0.1182,Communication Services
DA,2023Q2,2023   Q2,$755 M,5,DIS,Walt Disney Co.,0.0767,Communication Services
DA,2023Q2,2023   Q2,$755 M,6,ROKU,Roku Inc.,0.0662,Communication Services
DA,2023Q2,2023   Q2,$755 M,7,UPWK,Upwork Inc.,0.057999999999999996,Communication Services
DA,2023Q2,2023   Q2,$755 M,8,PYPL,PayPal Holdings Inc.,0.057300000000000004,Financials
DA,2023Q2,2023   Q2,$755 M,9,SEMR-OLD,SEMrush Holdings Inc.,0.0383,Technology
DA,2023Q2,2023   Q2,$755 M,10,HRI,HERC Holdings Inc.,0.036699999999999997,Industrials
DA,2023Q1,2023   Q1,$882 M,1,META,Meta Platforms Inc.,0.2298,Communication Services
DA,2023Q1,2023   Q1,$882 M,2,SMAR-OLD,Smartsheet Inc.,0.1971,Technology
DA,2023Q1,2023   Q1,$882 M,3,WIX,Wix.com Ltd.,0.17489999999999997,Technology
DA,2023Q1,2023   Q1,$882 M,4,GOOG,Alphabet Inc. CL C,0.0965,Communication Services
DA,2023Q1,2023   Q1,$882 M,5,ROKU,Roku Inc.,0.0868,Communication Services
DA,2023Q1,2023   Q1,$882 M,6,DIS,Walt Disney Co.,0.0817,Communication Services
DA,2023Q1,2023   Q1,$882 M,7,PYPL,PayPal Holdings Inc.,0.061900000000000004,Financials
DA,2023Q1,2023   Q1,$882 M,8,SEMR-OLD,SEMrush Holdings Inc.,0.0382,Technology
DA,2023Q1,2023   Q1,$882 M,9,UPWK,Upwork Inc.,0.0333,Communication Services
DA,2022Q4,2022   Q4,$688 M,1,SMAR-OLD,Smartsheet Inc.,0.22010000000000002,Technology
DA,2022Q4,2022   Q4,$688 M,2,WIX,Wix.com Ltd.,0.1791,Technology
DA,2022Q4,2022   Q4,$688 M,3,META,Meta Platforms Inc.,0.1736,Communication Services
DA,2022Q4,2022   Q4,$688 M,4,ROKU,Roku Inc.,0.0993,Communication Services
DA,2022Q4,2022   Q4,$688 M,5,DIS,Walt Disney Co.,0.0943,Communication Services
DA,2022Q4,2022   Q4,$688 M,6,PYPL,PayPal Holdings Inc.,0.07719999999999999,Financials
DA,2022Q4,2022   Q4,$688 M,7,GOOG,Alphabet Inc. CL C,0.0736,Communication Services
DA,2022Q4,2022   Q4,$688 M,8,SEMR-OLD,SEMrush Holdings Inc.,0.042,Technology
DA,2022Q4,2022   Q4,$688 M,9,UPWK,Upwork Inc.,0.0408,Communication Services
DA,2022Q3,2022   Q3,$786 M,1,WIX,Wix.com Ltd.,0.18710000000000002,Technology
DA,2022Q3,2022   Q3,$786 M,2,SMAR-OLD,Smartsheet Inc.,0.1505,Technology
DA,2022Q3,2022   Q3,$786 M,3,META,Meta Platforms Inc.,0.1308,Communication Services
DA,2022Q3,2022   Q3,$786 M,4,ROKU,Roku Inc.,0.10210000000000001,Communication Services
DA,2022Q3,2022   Q3,$786 M,5,POSH-OLD,Poshmark Inc Class A,0.0946,Unknown
DA,2022Q3,2022   Q3,$786 M,6,DIS,Walt Disney Co.,0.0889,Communication Services
DA,2022Q3,2022   Q3,$786 M,7,PYPL,PayPal Holdings Inc.,0.08109999999999999,Financials
DA,2022Q3,2022   Q3,$786 M,8,GOOG,Alphabet Inc. CL C,0.0694,Communication Services
DA,2022Q3,2022   Q3,$786 M,9,SEMR-OLD,SEMrush Holdings Inc.,0.0492,Technology
DA,2022Q3,2022   Q3,$786 M,10,UPWK,Upwork Inc.,0.0463,Communication Services
DA,2022Q2,2022   Q2,$801 M,1,WIX,Wix.com Ltd.,0.1537,Technology
DA,2022Q2,2022   Q2,$801 M,2,META,Meta Platforms Inc.,0.1523,Communication Services
DA,2022Q2,2022   Q2,$801 M,3,ROKU,Roku Inc.,0.1458,Communication Services
DA,2022Q2,2022   Q2,$801 M,4,SMAR-OLD,Smartsheet Inc.,0.1349,Technology
DA,2022Q2,2022   Q2,$801 M,5,DIS,Walt Disney Co.,0.0872,Communication Services
DA,2022Q2,2022   Q2,$801 M,6,GOOG,Alphabet Inc. CL C,0.07730000000000001,Communication Services
DA,2022Q2,2022   Q2,$801 M,7,UPWK,Upwork Inc.,0.0689,Communication Services
DA,2022Q2,2022   Q2,$801 M,8,PYPL,PayPal Holdings Inc.,0.0645,Financials
DA,2022Q2,2022   Q2,$801 M,9,POSH-OLD,Poshmark Inc Class A,0.059800000000000006,Unknown
DA,2022Q2,2022   Q2,$801 M,10,SEMR-OLD,SEMrush Holdings Inc.,0.0557,Technology
DA,2022Q1,2022   Q1,$1.04 B,1,META,Meta Platforms Inc.,0.16190000000000002,Communication Services
DA,2022Q1,2022   Q1,$1.04 B,2,SMAR-OLD,Smartsheet Inc.,0.15869999999999998,Technology
DA,2022Q1,2022   Q1,$1.04 B,3,WIX,Wix.com Ltd.,0.1575,Technology
DA,2022Q1,2022   Q1,$1.04 B,4,DIS,Walt Disney Co.,0.0977,Communication Services
DA,2022Q1,2022   Q1,$1.04 B,5,PYPL,PayPal Holdings Inc.,0.0823,Financials
DA,2022Q1,2022   Q1,$1.04 B,6,ROKU,Roku Inc.,0.0817,Communication Services
DA,2022Q1,2022   Q1,$1.04 B,7,EBAY,eBay Inc.,0.0713,Consumer Discretionary
DA,2022Q1,2022   Q1,$1.04 B,8,GOOG,Alphabet Inc. CL C,0.0634,Communication Services
DA,2022Q1,2022   Q1,$1.04 B,9,POSH-OLD,Poshmark Inc Class A,0.051100000000000007,Unknown
DA,2022Q1,2022   Q1,$1.04 B,10,SEMR-OLD,SEMrush Holdings Inc.,0.039599999999999996,Technology
DA,2022Q1,2022   Q1,$1.04 B,11,UPWK,Upwork Inc.,0.0349,Communication Services
DA,2021Q4,2021   Q4,$1.17 B,1,WIX,Wix.com Ltd.,0.1999,Technology
DA,2021Q4,2021   Q4,$1.17 B,2,SMAR-OLD,Smartsheet Inc.,0.18539999999999998,Technology
DA,2021Q4,2021   Q4,$1.17 B,3,META,Meta Platforms Inc.,0.1659,Communication Services
DA,2021Q4,2021   Q4,$1.17 B,4,PYPL,PayPal Holdings Inc.,0.0919,Financials
DA,2021Q4,2021   Q4,$1.17 B,5,DIS,Walt Disney Co.,0.0906,Communication Services
DA,2021Q4,2021   Q4,$1.17 B,6,EBAY,eBay Inc.,0.0679,Consumer Discretionary
DA,2021Q4,2021   Q4,$1.17 B,7,GOOG,Alphabet Inc. CL C,0.061799999999999994,Communication Services
DA,2021Q4,2021   Q4,$1.17 B,8,POSH-OLD,Poshmark Inc Class A,0.048,Unknown
DA,2021Q4,2021   Q4,$1.17 B,9,SEMR-OLD,SEMrush Holdings Inc.,0.04650000000000001,Technology
DA,2021Q4,2021   Q4,$1.17 B,10,UPWK,Upwork Inc.,0.0421,Communication Services
DA,2021Q3,2021   Q3,$1.15 B,1,META,Meta Platforms Inc.,0.1705,Communication Services
DA,2021Q3,2021   Q3,$1.15 B,2,SMAR-OLD,Smartsheet Inc.,0.1666,Technology
DA,2021Q3,2021   Q3,$1.15 B,3,WIX,Wix.com Ltd.,0.145,Technology
DA,2021Q3,2021   Q3,$1.15 B,4,PYPL,PayPal Holdings Inc.,0.1292,Financials
DA,2021Q3,2021   Q3,$1.15 B,5,DIS,Walt Disney Co.,0.1148,Communication Services
DA,2021Q3,2021   Q3,$1.15 B,6,EBAY,eBay Inc.,0.1009,Consumer Discretionary
DA,2021Q3,2021   Q3,$1.15 B,7,UPWK,Upwork Inc.,0.0637,Communication Services
DA,2021Q3,2021   Q3,$1.15 B,8,GOOG,Alphabet Inc. CL C,0.057999999999999996,Communication Services
DA,2021Q3,2021   Q3,$1.15 B,9,SEMR-OLD,SEMrush Holdings Inc.,0.0513,Technology
DA,2021Q2,2021   Q2,$1.33 B,1,META,Meta Platforms Inc.,0.17739999999999997,Communication Services
DA,2021Q2,2021   Q2,$1.33 B,2,SMAR-OLD,Smartsheet Inc.,0.1746,Technology
DA,2021Q2,2021   Q2,$1.33 B,3,WIX,Wix.com Ltd.,0.1381,Technology
DA,2021Q2,2021   Q2,$1.33 B,4,EBAY,eBay Inc.,0.1209,Consumer Discretionary
DA,2021Q2,2021   Q2,$1.33 B,5,PYPL,PayPal Holdings Inc.,0.1206,Financials
DA,2021Q2,2021   Q2,$1.33 B,6,UPWK,Upwork Inc.,0.0946,Communication Services
DA,2021Q2,2021   Q2,$1.33 B,7,DIS,Walt Disney Co.,0.094,Communication Services
DA,2021Q2,2021   Q2,$1.33 B,8,GOOG,Alphabet Inc. CL C,0.0467,Communication Services
DA,2021Q2,2021   Q2,$1.33 B,9,DESP-OLD,Despegar.com Corp.,0.0331,Consumer Discretionary
DA,2021Q1,2021   Q1,$956 M,1,META,Meta Platforms Inc.,0.2299,Communication Services
DA,2021Q1,2021   Q1,$956 M,2,SMAR-OLD,Smartsheet Inc.,0.1819,Technology
DA,2021Q1,2021   Q1,$956 M,3,WIX,Wix.com Ltd.,0.1244,Technology
DA,2021Q1,2021   Q1,$956 M,4,EBAY,eBay Inc.,0.124,Consumer Discretionary
DA,2021Q1,2021   Q1,$956 M,5,PYPL,PayPal Holdings Inc.,0.1182,Financials
DA,2021Q1,2021   Q1,$956 M,6,UPWK,Upwork Inc.,0.0857,Communication Services
DA,2021Q1,2021   Q1,$956 M,7,GOOG,Alphabet Inc. CL C,0.0698,Communication Services
DA,2021Q1,2021   Q1,$956 M,8,DESP-OLD,Despegar.com Corp.,0.0661,Consumer Discretionary
DA,2020Q4,2020   Q4,$764 M,1,META,Meta Platforms Inc.,0.2184,Communication Services
DA,2020Q4,2020   Q4,$764 M,2,WIX,Wix.com Ltd.,0.1637,Technology
DA,2020Q4,2020   Q4,$764 M,3,SMAR-OLD,Smartsheet Inc.,0.1167,Technology
DA,2020Q4,2020   Q4,$764 M,4,GOOG,Alphabet Inc. CL C,0.1084,Communication Services
DA,2020Q4,2020   Q4,$764 M,5,EBAY,eBay Inc.,0.102,Consumer Discretionary
DA,2020Q4,2020   Q4,$764 M,6,UPWK,Upwork Inc.,0.0852,Communication Services
DA,2020Q4,2020   Q4,$764 M,7,PYPL,PayPal Holdings Inc.,0.0785,Financials
DA,2020Q4,2020   Q4,$764 M,8,DESP-OLD,Despegar.com Corp.,0.0713,Consumer Discretionary
DA,2020Q4,2020   Q4,$764 M,9,ROKU,Roku Inc.,0.0559,Communication Services
DA,2020Q3,2020   Q3,$673 M,1,META,Meta Platforms Inc.,0.2361,Communication Services
DA,2020Q3,2020   Q3,$673 M,2,WIX,Wix.com Ltd.,0.15539999999999998,Technology
DA,2020Q3,2020   Q3,$673 M,3,GOOG,Alphabet Inc. CL C,0.1025,Communication Services
DA,2020Q3,2020   Q3,$673 M,4,UPWK,Upwork Inc.,0.1024,Communication Services
DA,2020Q3,2020   Q3,$673 M,5,ROKU,Roku Inc.,0.0851,Communication Services
DA,2020Q3,2020   Q3,$673 M,6,PYPL,PayPal Holdings Inc.,0.0745,Financials
DA,2020Q3,2020   Q3,$673 M,7,EBAY,eBay Inc.,0.0674,Consumer Discretionary
DA,2020Q3,2020   Q3,$673 M,8,SMAR-OLD,Smartsheet Inc.,0.0654,Technology
DA,2020Q3,2020   Q3,$673 M,9,AVLR-OLD,Avalara Inc.,0.0555,Unknown
DA,2020Q3,2020   Q3,$673 M,10,DESP-OLD,Despegar.com Corp.,0.039900000000000005,Consumer Discretionary
DA,2020Q3,2020   Q3,$673 M,11,AYX-OLD,Alteryx Inc.,0.0159,Unknown
DA,2020Q2,2020   Q2,$619 M,1,META,Meta Platforms Inc.,0.2351,Communication Services
DA,2020Q2,2020   Q2,$619 M,2,SMAR-OLD,Smartsheet Inc.,0.13449999999999998,Technology
DA,2020Q2,2020   Q2,$619 M,3,WIX,Wix.com Ltd.,0.131,Technology
DA,2020Q2,2020   Q2,$619 M,4,GOOG,Alphabet Inc. CL C,0.105,Communication Services
DA,2020Q2,2020   Q2,$619 M,5,UPWK,Upwork Inc.,0.0883,Communication Services
DA,2020Q2,2020   Q2,$619 M,6,PYPL,PayPal Holdings Inc.,0.0701,Financials
DA,2020Q2,2020   Q2,$619 M,7,ROKU,Roku Inc.,0.0645,Communication Services
DA,2020Q2,2020   Q2,$619 M,8,AVLR-OLD,Avalara Inc.,0.0617,Unknown
DA,2020Q2,2020   Q2,$619 M,9,AYX-OLD,Alteryx Inc.,0.0565,Unknown
DA,2020Q2,2020   Q2,$619 M,10,DESP-OLD,Despegar.com Corp.,0.0533,Consumer Discretionary
DA,2020Q1,2020   Q1,$396 M,1,META,Meta Platforms Inc.,0.25489999999999996,Communication Services
DA,2020Q1,2020   Q1,$396 M,2,WIX,Wix.com Ltd.,0.1413,Technology
DA,2020Q1,2020   Q1,$396 M,3,GOOG,Alphabet Inc. CL C,0.1374,Communication Services
DA,2020Q1,2020   Q1,$396 M,4,AVLR-OLD,Avalara Inc.,0.13019999999999998,Unknown
DA,2020Q1,2020   Q1,$396 M,5,ROKU,Roku Inc.,0.10880000000000001,Communication Services
DA,2020Q1,2020   Q1,$396 M,6,DESP-OLD,Despegar.com Corp.,0.0843,Consumer Discretionary
DA,2020Q1,2020   Q1,$396 M,7,AYX-OLD,Alteryx Inc.,0.0819,Unknown
DA,2020Q1,2020   Q1,$396 M,8,PYPL,PayPal Holdings Inc.,0.0613,Financials
DA,2019Q4,2019   Q4,$508 M,1,META,Meta Platforms Inc.,0.18100000000000002,Communication Services
DA,2019Q4,2019   Q4,$508 M,2,AVLR-OLD,Avalara Inc.,0.1775,Unknown
DA,2019Q4,2019   Q4,$508 M,3,WIX,Wix.com Ltd.,0.1328,Technology
DA,2019Q4,2019   Q4,$508 M,4,DESP-OLD,Despegar.com Corp.,0.1326,Consumer Discretionary
DA,2019Q4,2019   Q4,$508 M,5,ROKU,Roku Inc.,0.0958,Communication Services
DA,2019Q4,2019   Q4,$508 M,6,AYX-OLD,Alteryx Inc.,0.0941,Unknown
DA,2019Q4,2019   Q4,$508 M,7,PYPL,PayPal Holdings Inc.,0.0926,Financials
DA,2019Q4,2019   Q4,$508 M,8,EBAY,eBay Inc.,0.0664,Consumer Discretionary
DA,2019Q4,2019   Q4,$508 M,9,GOOG,Alphabet Inc. CL C,0.027200000000000002,Communication Services
DA,2019Q3,2019   Q3,$426 M,1,META,Meta Platforms Inc.,0.20600000000000002,Communication Services
DA,2019Q3,2019   Q3,$426 M,2,AVLR-OLD,Avalara Inc.,0.14980000000000002,Unknown
DA,2019Q3,2019   Q3,$426 M,3,WIX,Wix.com Ltd.,0.1399,Technology
DA,2019Q3,2019   Q3,$426 M,4,DESP-OLD,Despegar.com Corp.,0.1099,Consumer Discretionary
DA,2019Q3,2019   Q3,$426 M,5,GOOG,Alphabet Inc. CL C,0.10460000000000001,Communication Services
DA,2019Q3,2019   Q3,$426 M,6,PYPL,PayPal Holdings Inc.,0.098,Financials
DA,2019Q3,2019   Q3,$426 M,7,EBAY,eBay Inc.,0.0791,Consumer Discretionary
DA,2019Q3,2019   Q3,$426 M,8,CMPR,Cimpress plc,0.058600000000000006,Industrials
DA,2019Q3,2019   Q3,$426 M,9,AYX-OLD,Alteryx Inc.,0.0541,Unknown
DA,2019Q2,2019   Q2,$447 M,1,META,Meta Platforms Inc.,0.212,Communication Services
DA,2019Q2,2019   Q2,$447 M,2,AVLR-OLD,Avalara Inc.,0.1764,Unknown
DA,2019Q2,2019   Q2,$447 M,3,WIX,Wix.com Ltd.,0.1336,Technology
DA,2019Q2,2019   Q2,$447 M,4,DESP-OLD,Despegar.com Corp.,0.0965,Consumer Discretionary
DA,2019Q2,2019   Q2,$447 M,5,GOOG,Alphabet Inc. CL C,0.08810000000000001,Communication Services
DA,2019Q2,2019   Q2,$447 M,6,PYPL,PayPal Holdings Inc.,0.08039999999999999,Financials
DA,2019Q2,2019   Q2,$447 M,7,EBAY,eBay Inc.,0.0761,Consumer Discretionary
DA,2019Q2,2019   Q2,$447 M,8,CMPR,Cimpress plc,0.057300000000000004,Industrials
DA,2019Q2,2019   Q2,$447 M,9,ANSS-OLD,ANSYS Inc.,0.0415,Technology
DA,2019Q2,2019   Q2,$447 M,10,TTD,Trade Desk Inc.,0.0382,Communication Services
DA,2019Q1,2019   Q1,$398 M,1,META,Meta Platforms Inc.,0.2043,Communication Services
DA,2019Q1,2019   Q1,$398 M,2,WIX,Wix.com Ltd.,0.1909,Technology
DA,2019Q1,2019   Q1,$398 M,3,PYPL,PayPal Holdings Inc.,0.13140000000000002,Financials
DA,2019Q1,2019   Q1,$398 M,4,GOOG,Alphabet Inc. CL C,0.1067,Communication Services
DA,2019Q1,2019   Q1,$398 M,5,DESP-OLD,Despegar.com Corp.,0.087,Consumer Discretionary
DA,2019Q1,2019   Q1,$398 M,6,CMPR,Cimpress plc,0.08130000000000001,Industrials
DA,2019Q1,2019   Q1,$398 M,7,EBAY,eBay Inc.,0.0799,Consumer Discretionary
DA,2019Q1,2019   Q1,$398 M,8,TTD,Trade Desk Inc.,0.07730000000000001,Communication Services
DA,2019Q1,2019   Q1,$398 M,9,ANSS-OLD,ANSYS Inc.,0.041299999999999996,Technology
DA,2018Q4,2018   Q4,$360 M,1,META,Meta Platforms Inc.,0.23379999999999998,Communication Services
DA,2018Q4,2018   Q4,$360 M,2,WIX,Wix.com Ltd.,0.15,Technology
DA,2018Q4,2018   Q4,$360 M,3,PYPL,PayPal Holdings Inc.,0.1117,Financials
DA,2018Q4,2018   Q4,$360 M,4,TTD,Trade Desk Inc.,0.10890000000000001,Communication Services
DA,2018Q4,2018   Q4,$360 M,5,GOOG,Alphabet Inc. CL C,0.0989,Communication Services
DA,2018Q4,2018   Q4,$360 M,6,DG,Dollar General,0.0728,Consumer Staples
DA,2018Q4,2018   Q4,$360 M,7,CMPR,Cimpress plc,0.0625,Industrials
DA,2018Q4,2018   Q4,$360 M,8,ANSS-OLD,ANSYS Inc.,0.0616,Technology
DA,2018Q4,2018   Q4,$360 M,9,ROP,Roper Technologies Inc.,0.043899999999999995,Technology
DA,2018Q4,2018   Q4,$360 M,10,EBAY,eBay Inc.,0.0323,Consumer Discretionary
DA,2018Q4,2018   Q4,$360 M,11,WK,Workiva Inc.,0.023700000000000002,Technology
DA,2018Q3,2018   Q3,$427 M,1,META,Meta Platforms Inc.,0.1858,Communication Services
DA,2018Q3,2018   Q3,$427 M,2,DG,Dollar General,0.1013,Consumer Staples
DA,2018Q3,2018   Q3,$427 M,3,PYPL,PayPal Holdings Inc.,0.09359999999999999,Financials
DA,2018Q3,2018   Q3,$427 M,4,GOOG,Alphabet Inc. CL C,0.09,Communication Services
DA,2018Q3,2018   Q3,$427 M,5,TTD,Trade Desk Inc.,0.0877,Communication Services
DA,2018Q3,2018   Q3,$427 M,6,WIX,Wix.com Ltd.,0.0824,Technology
DA,2018Q3,2018   Q3,$427 M,7,ROP,Roper Technologies Inc.,0.0698,Technology
DA,2018Q3,2018   Q3,$427 M,8,WK,Workiva Inc.,0.0695,Technology
DA,2018Q3,2018   Q3,$427 M,9,SITE,SiteOne Landscape Supply Inc.,0.0684,Industrials
DA,2018Q3,2018   Q3,$427 M,10,CMPR,Cimpress plc,0.0622,Industrials
DA,2018Q3,2018   Q3,$427 M,11,ANSS-OLD,ANSYS Inc.,0.060599999999999994,Technology
DA,2018Q3,2018   Q3,$427 M,12,EBAY,eBay Inc.,0.0286,Consumer Discretionary
DA,2018Q2,2018   Q2,$379 M,1,META,Meta Platforms Inc.,0.2168,Communication Services
DA,2018Q2,2018   Q2,$379 M,2,DG,Dollar General,0.12119999999999999,Consumer Staples
DA,2018Q2,2018   Q2,$379 M,3,GOOG,Alphabet Inc. CL C,0.11019999999999999,Communication Services
DA,2018Q2,2018   Q2,$379 M,4,PYPL,PayPal Holdings Inc.,0.095,Financials
DA,2018Q2,2018   Q2,$379 M,5,SITE,SiteOne Landscape Supply Inc.,0.09210000000000002,Industrials
DA,2018Q2,2018   Q2,$379 M,6,ROP,Roper Technologies Inc.,0.07490000000000001,Technology
DA,2018Q2,2018   Q2,$379 M,7,TTD,Trade Desk Inc.,0.071,Communication Services
DA,2018Q2,2018   Q2,$379 M,8,CMPR,Cimpress plc,0.0708,Industrials
DA,2018Q2,2018   Q2,$379 M,9,ANSS-OLD,ANSYS Inc.,0.0693,Technology
DA,2018Q2,2018   Q2,$379 M,10,WK,Workiva Inc.,0.045,Technology
DA,2018Q2,2018   Q2,$379 M,11,EBAY,eBay Inc.,0.0337,Consumer Discretionary
DA,2018Q1,2018   Q1,$296 M,1,META,Meta Platforms Inc.,0.239,Communication Services
DA,2018Q1,2018   Q1,$296 M,2,EBAY,eBay Inc.,0.1233,Consumer Discretionary
DA,2018Q1,2018   Q1,$296 M,3,SITE,SiteOne Landscape Supply Inc.,0.1082,Industrials
DA,2018Q1,2018   Q1,$296 M,4,GOOG,Alphabet Inc. CL C,0.10310000000000001,Communication Services
DA,2018Q1,2018   Q1,$296 M,5,DG,Dollar General,0.09880000000000001,Consumer Staples
DA,2018Q1,2018   Q1,$296 M,6,CMPR,Cimpress plc,0.0968,Industrials
DA,2018Q1,2018   Q1,$296 M,7,WK,Workiva Inc.,0.0805,Technology
DA,2018Q1,2018   Q1,$296 M,8,ANSS-OLD,ANSYS Inc.,0.0799,Technology
DA,2018Q1,2018   Q1,$296 M,9,ROP,Roper Technologies Inc.,0.0705,Technology
DA,2017Q4,2017   Q4,$277 M,1,META,Meta Platforms Inc.,0.23550000000000001,Communication Services
DA,2017Q4,2017   Q4,$277 M,2,CMPR,Cimpress plc,0.1166,Industrials
DA,2017Q4,2017   Q4,$277 M,3,CHGG,CHEGG Inc.,0.106,Consumer Staples
DA,2017Q4,2017   Q4,$277 M,4,DG,Dollar General,0.09789999999999999,Consumer Staples
DA,2017Q4,2017   Q4,$277 M,5,WK,Workiva Inc.,0.09210000000000002,Technology
DA,2017Q4,2017   Q4,$277 M,6,GOOG,Alphabet Inc. CL C,0.09119999999999999,Communication Services
DA,2017Q4,2017   Q4,$277 M,7,ROP,Roper Technologies Inc.,0.0767,Technology
DA,2017Q4,2017   Q4,$277 M,8,ANSS-OLD,ANSYS Inc.,0.075,Technology
DA,2017Q4,2017   Q4,$277 M,9,YELP,Yelp Inc.,0.0661,Communication Services
DA,2017Q4,2017   Q4,$277 M,10,SITE,SiteOne Landscape Supply Inc.,0.0429,Industrials
DA,2017Q3,2017   Q3,$231 M,1,META,Meta Platforms Inc.,0.1957,Communication Services
DA,2017Q3,2017   Q3,$231 M,2,CMPR,Cimpress plc,0.109,Industrials
DA,2017Q3,2017   Q3,$231 M,3,WK,Workiva Inc.,0.10300000000000001,Technology
DA,2017Q3,2017   Q3,$231 M,4,DG,Dollar General,0.0978,Consumer Staples
DA,2017Q3,2017   Q3,$231 M,5,GOOG,Alphabet Inc. CL C,0.0959,Communication Services
DA,2017Q3,2017   Q3,$231 M,6,ANSS-OLD,ANSYS Inc.,0.0828,Technology
DA,2017Q3,2017   Q3,$231 M,7,ROP,Roper Technologies Inc.,0.08259999999999999,Technology
DA,2017Q3,2017   Q3,$231 M,8,YELP,Yelp Inc.,0.0783,Communication Services
DA,2017Q3,2017   Q3,$231 M,9,DSGX,Descartes Systems Group,0.07769999999999999,Technology
DA,2017Q3,2017   Q3,$231 M,10,CHGG,CHEGG Inc.,0.07730000000000001,Consumer Staples
DA,2017Q2,2017   Q2,$213 M,1,META,Meta Platforms Inc.,0.18719999999999998,Communication Services
DA,2017Q2,2017   Q2,$213 M,2,CMPR,Cimpress plc,0.11410000000000001,Industrials
DA,2017Q2,2017   Q2,$213 M,3,YELP,Yelp Inc.,0.10369999999999999,Communication Services
DA,2017Q2,2017   Q2,$213 M,4,GOOG,Alphabet Inc. CL C,0.0983,Communication Services
DA,2017Q2,2017   Q2,$213 M,5,BN,Brookfield Corp.,0.0958,Financials
DA,2017Q2,2017   Q2,$213 M,6,DG,Dollar General,0.0942,Consumer Staples
DA,2017Q2,2017   Q2,$213 M,7,ANSS-OLD,ANSYS Inc.,0.0889,Technology
DA,2017Q2,2017   Q2,$213 M,8,ROP,Roper Technologies Inc.,0.0851,Technology
DA,2017Q2,2017   Q2,$213 M,9,DSGX,Descartes Systems Group,0.075,Technology
DA,2017Q2,2017   Q2,$213 M,10,WK,Workiva Inc.,0.057699999999999994,Technology
DA,2017Q1,2017   Q1,$177 M,1,META,Meta Platforms Inc.,0.18359999999999999,Communication Services
DA,2017Q1,2017   Q1,$177 M,2,CMPR,Cimpress plc,0.12539999999999998,Industrials
DA,2017Q1,2017   Q1,$177 M,3,DG,Dollar General,0.10980000000000001,Consumer Staples
DA,2017Q1,2017   Q1,$177 M,4,DSGX,Descartes Systems Group,0.10890000000000001,Technology
DA,2017Q1,2017   Q1,$177 M,5,GOOG,Alphabet Inc. CL C,0.1082,Communication Services
DA,2017Q1,2017   Q1,$177 M,6,BN,Brookfield Corp.,0.1073,Financials
DA,2017Q1,2017   Q1,$177 M,7,ROP,Roper Technologies Inc.,0.1054,Technology
DA,2017Q1,2017   Q1,$177 M,8,ANSS-OLD,ANSYS Inc.,0.0941,Technology
DA,2017Q1,2017   Q1,$177 M,9,WK,Workiva Inc.,0.0572,Technology
DA,2016Q4,2016   Q4,$107 M,1,META,Meta Platforms Inc.,0.20120000000000002,Communication Services
DA,2016Q4,2016   Q4,$107 M,2,CMPR,Cimpress plc,0.1953,Industrials
DA,2016Q4,2016   Q4,$107 M,3,BN,Brookfield Corp.,0.162,Financials
DA,2016Q4,2016   Q4,$107 M,4,ROP,Roper Technologies Inc.,0.15789999999999998,Technology
DA,2016Q4,2016   Q4,$107 M,5,DSGX,Descartes Systems Group,0.1501,Technology
DA,2016Q4,2016   Q4,$107 M,6,ANSS-OLD,ANSYS Inc.,0.1335,Technology
